Newspaper,Year,Month,DominantDistinctArea1,DominantDistinctArea2,DominantDistinctArea3,DominantDistinctArea4,DominantDistinctArea5,DominantDistinctArea6,DominantDistinctArea7,DominantDistinctArea8,DominantDistinctArea9,DominantDistinctArea10,DominantDistinctArea11,DominantDistinctArea12,DominantDistinctArea13,DominantDistinctArea14
Boston Globe,1985.0,1.0,6,3,4,2,6,4,7,6,2,2,0,1,1,0
Boston Globe,1985.0,2.0,4,3,4,1,3,2,16,10,0,0,1,1,5,0
Boston Globe,1985.0,3.0,7,2,4,3,10,2,24,7,0,1,2,1,1,0
Boston Globe,1985.0,4.0,6,5,7,2,6,5,8,5,0,0,4,0,4,0
Boston Globe,1985.0,5.0,9,3,4,1,13,4,14,0,1,2,2,0,6,0
Boston Globe,1985.0,6.0,5,3,4,2,9,3,13,4,0,0,1,0,1,0
Boston Globe,1985.0,7.0,10,3,6,1,8,4,4,3,1,1,2,1,3,1
Boston Globe,1985.0,8.0,7,4,0,2,7,5,5,3,0,0,1,1,5,0
Boston Globe,1985.0,9.0,4,2,6,0,6,2,15,2,1,1,0,0,3,0
Boston Globe,1985.0,10.0,6,5,7,0,7,3,11,1,1,1,1,1,5,0
Boston Globe,1985.0,11.0,4,1,8,2,6,4,7,1,0,0,1,1,3,0
Boston Globe,1985.0,12.0,4,2,5,4,7,4,19,5,0,1,0,0,4,1
Boston Globe,1986.0,1.0,6,1,7,3,7,3,10,4,0,3,1,4,6,0
Boston Globe,1986.0,2.0,5,0,4,1,7,6,3,3,1,0,0,0,5,0
Boston Globe,1986.0,3.0,2,2,4,1,11,2,6,0,1,0,1,1,4,0
Boston Globe,1986.0,4.0,6,3,5,0,5,7,9,1,1,2,3,0,3,0
Boston Globe,1986.0,5.0,6,4,6,1,9,15,7,5,0,0,1,2,6,0
Boston Globe,1986.0,6.0,7,3,8,0,9,8,8,4,0,0,4,0,4,0
Boston Globe,1986.0,7.0,4,3,8,6,10,10,8,2,0,0,6,2,8,0
Boston Globe,1986.0,8.0,3,3,7,4,10,5,8,4,0,0,1,2,5,0
Boston Globe,1986.0,9.0,7,5,5,4,3,5,5,5,0,0,0,2,3,1
Boston Globe,1986.0,10.0,7,4,7,2,4,6,16,3,0,0,4,2,3,0
Boston Globe,1986.0,11.0,10,4,11,2,10,7,9,5,0,2,2,4,7,0
Boston Globe,1986.0,12.0,9,2,4,4,4,14,6,2,1,0,1,3,6,0
Boston Globe,1987.0,1.0,5,3,3,3,4,10,3,1,0,0,2,1,3,0
Boston Globe,1987.0,2.0,7,3,6,3,7,15,7,1,1,0,1,4,4,0
Boston Globe,1987.0,3.0,6,3,4,1,10,11,5,6,0,0,1,0,7,0
Boston Globe,1987.0,4.0,11,2,3,2,12,7,11,2,0,0,0,0,4,0
Boston Globe,1987.0,5.0,8,3,3,4,6,5,4,4,0,1,1,0,8,0
Boston Globe,1987.0,6.0,6,0,2,1,7,10,7,3,1,0,1,1,9,0
Boston Globe,1987.0,7.0,11,4,4,8,6,10,7,4,1,0,0,2,3,0
Boston Globe,1987.0,8.0,8,5,7,1,10,9,4,2,0,0,1,1,6,1
Boston Globe,1987.0,9.0,12,2,0,4,4,7,4,0,0,0,0,0,7,0
Boston Globe,1987.0,10.0,10,3,1,1,9,3,10,1,0,0,0,3,8,0
Boston Globe,1987.0,11.0,4,1,2,2,13,4,10,3,1,1,3,1,6,0
Boston Globe,1987.0,12.0,4,3,5,1,2,2,8,2,0,0,2,0,3,2
Boston Globe,1988.0,1.0,5,4,6,3,6,3,5,4,1,0,0,1,6,0
Boston Globe,1988.0,2.0,8,7,4,0,1,5,5,2,0,0,2,0,8,0
Boston Globe,1988.0,3.0,5,2,5,1,15,3,7,2,0,0,2,0,8,1
Boston Globe,1988.0,4.0,5,2,9,3,5,2,5,2,1,1,1,0,10,0
Boston Globe,1988.0,5.0,3,5,5,1,10,7,7,2,0,1,1,3,5,0
Boston Globe,1988.0,6.0,5,3,2,2,9,7,9,0,0,2,0,0,5,0
Boston Globe,1988.0,7.0,15,3,3,4,10,2,10,2,1,0,0,1,2,1
Boston Globe,1988.0,8.0,7,6,4,1,15,2,10,4,1,0,0,0,6,0
Boston Globe,1988.0,9.0,14,1,5,3,7,5,3,4,0,0,1,1,2,0
Boston Globe,1988.0,10.0,8,5,5,2,8,6,5,2,0,1,0,4,1,0
Boston Globe,1988.0,11.0,7,1,6,2,8,5,11,0,2,0,3,0,5,0
Boston Globe,1988.0,12.0,1,1,5,2,8,10,5,2,0,0,5,1,2,0
Boston Globe,1989.0,1.0,17,0,3,5,12,6,16,2,0,0,1,1,9,0
Boston Globe,1989.0,2.0,5,1,1,3,7,0,15,2,0,2,0,1,5,1
Boston Globe,1989.0,3.0,5,3,4,1,10,4,9,6,0,1,0,1,6,0
Boston Globe,1989.0,4.0,9,2,5,2,9,3,14,2,0,1,3,0,0,0
Boston Globe,1989.0,5.0,4,1,6,1,7,6,8,8,0,0,7,1,4,1
Boston Globe,1989.0,6.0,5,4,5,0,14,4,11,5,0,2,4,1,6,0
Boston Globe,1989.0,7.0,6,1,3,1,13,3,6,3,0,1,0,2,6,0
Boston Globe,1989.0,8.0,5,2,10,1,10,1,7,2,1,0,5,1,1,0
Boston Globe,1989.0,9.0,7,6,2,2,13,4,10,3,0,0,5,1,9,1
Boston Globe,1989.0,10.0,6,2,6,0,11,3,8,3,0,2,5,0,9,0
Boston Globe,1989.0,11.0,4,1,2,1,5,2,7,7,0,3,1,2,4,0
Boston Globe,1989.0,12.0,5,2,1,0,4,3,15,5,0,0,1,0,5,0
Boston Globe,1990.0,1.0,5,4,3,1,11,1,12,5,0,0,0,1,4,1
Boston Globe,1990.0,2.0,11,3,5,1,16,2,9,5,0,1,2,0,5,0
Boston Globe,1990.0,3.0,11,2,3,1,17,12,14,0,0,2,3,0,3,1
Boston Globe,1990.0,4.0,13,4,3,2,15,2,13,2,0,0,4,0,1,1
Boston Globe,1990.0,5.0,12,3,4,2,8,1,17,4,0,1,0,1,9,0
Boston Globe,1990.0,6.0,1,3,4,3,8,6,13,2,0,0,1,1,6,1
Boston Globe,1990.0,7.0,7,4,1,2,16,5,18,2,1,0,1,0,3,1
Boston Globe,1990.0,8.0,8,2,3,1,5,5,11,3,0,0,1,0,2,0
Boston Globe,1990.0,9.0,7,3,5,0,12,7,12,2,0,1,0,0,4,1
Boston Globe,1990.0,10.0,6,1,4,1,13,8,14,5,0,2,1,1,7,2
Boston Globe,1990.0,11.0,7,0,1,3,9,5,10,1,0,1,1,0,3,0
Boston Globe,1990.0,12.0,14,3,5,2,8,5,18,3,0,1,0,0,9,1
Boston Globe,1991.0,1.0,11,3,2,3,6,4,29,5,0,2,1,1,11,2
Boston Globe,1991.0,2.0,1,3,3,1,6,2,20,4,1,0,0,0,5,0
Boston Globe,1991.0,3.0,6,1,1,1,6,3,15,4,0,0,0,0,5,0
Boston Globe,1991.0,4.0,8,4,2,0,7,4,13,5,0,0,1,0,5,1
Boston Globe,1991.0,5.0,12,7,3,0,9,6,29,5,0,2,2,1,12,0
Boston Globe,1991.0,6.0,7,2,4,2,13,9,39,5,2,2,0,1,17,1
Boston Globe,1991.0,7.0,15,4,1,0,3,10,24,5,1,0,2,3,9,0
Boston Globe,1991.0,8.0,9,2,4,3,7,5,12,4,0,0,1,1,5,2
Boston Globe,1991.0,9.0,10,3,9,1,6,6,18,3,0,0,0,0,3,0
Boston Globe,1991.0,10.0,9,4,6,2,10,8,22,1,1,3,2,1,9,0
Boston Globe,1991.0,11.0,11,1,1,0,6,2,10,2,0,1,0,0,6,0
Boston Globe,1991.0,12.0,4,0,2,2,8,3,16,0,1,0,1,1,11,0
Boston Globe,1992.0,1.0,8,2,2,0,9,2,11,5,1,2,0,0,6,1
Boston Globe,1992.0,2.0,6,2,1,4,11,2,11,3,0,1,2,3,2,0
Boston Globe,1992.0,3.0,13,1,7,3,20,2,13,2,1,0,0,1,8,2
Boston Globe,1992.0,4.0,10,4,2,2,6,3,9,7,0,1,0,0,4,0
Boston Globe,1992.0,5.0,5,4,2,1,7,4,8,1,0,0,0,0,7,0
Boston Globe,1992.0,6.0,5,1,3,2,10,2,6,2,2,0,0,0,5,0
Boston Globe,1992.0,7.0,13,3,3,2,9,3,8,5,1,1,2,0,8,0
Boston Globe,1992.0,8.0,3,2,5,1,2,4,3,0,0,3,0,2,1,0
Boston Globe,1992.0,9.0,7,1,1,2,5,1,6,3,0,0,1,0,4,1
Boston Globe,1992.0,10.0,9,2,4,3,7,1,10,4,0,0,1,0,10,0
Boston Globe,1992.0,11.0,6,0,2,2,16,0,11,3,0,0,0,0,4,0
Boston Globe,1992.0,12.0,9,4,4,3,5,0,11,4,0,0,0,2,6,0
Boston Globe,1993.0,1.0,5,2,2,0,9,7,17,4,0,0,1,1,5,0
Boston Globe,1993.0,2.0,8,3,3,0,10,2,3,2,0,1,1,1,5,1
Boston Globe,1993.0,3.0,10,0,3,0,5,3,11,4,2,0,1,1,3,1
Boston Globe,1993.0,4.0,8,1,8,1,4,2,4,1,0,0,2,0,2,2
Boston Globe,1993.0,5.0,9,2,5,1,7,4,8,3,0,0,0,0,9,0
Boston Globe,1993.0,6.0,9,3,3,4,4,0,4,3,0,0,0,0,3,0
Boston Globe,1993.0,7.0,7,1,3,1,9,3,6,9,0,0,1,0,8,0
Boston Globe,1993.0,8.0,4,1,3,0,9,3,5,2,1,0,0,1,2,2
Boston Globe,1993.0,9.0,8,2,4,0,12,0,1,5,1,0,3,0,9,0
Boston Globe,1993.0,10.0,8,3,2,1,10,1,2,3,0,1,2,0,4,1
Boston Globe,1993.0,11.0,4,1,3,1,7,0,6,2,0,1,2,1,5,0
Boston Globe,1993.0,12.0,7,1,3,2,5,3,3,2,0,0,2,0,4,1
Boston Globe,1994.0,1.0,4,2,3,2,5,2,5,3,2,1,1,0,3,0
Boston Globe,1994.0,2.0,3,2,2,0,6,2,9,1,0,1,0,0,4,0
Boston Globe,1994.0,3.0,11,0,5,0,6,3,8,1,0,0,2,2,5,1
Boston Globe,1994.0,4.0,9,4,3,1,8,1,10,5,0,0,1,1,4,3
Boston Globe,1994.0,5.0,8,5,4,0,9,2,6,5,0,0,0,0,4,0
Boston Globe,1994.0,6.0,0,1,1,0,7,1,1,4,0,0,2,1,2,1
Boston Globe,1994.0,7.0,8,3,5,4,7,3,11,6,1,1,1,0,9,0
Boston Globe,1994.0,8.0,4,3,2,0,6,3,7,3,0,0,2,2,5,1
Boston Globe,1994.0,9.0,4,1,3,0,5,3,10,3,0,1,0,0,3,1
Boston Globe,1994.0,10.0,6,1,4,3,7,2,10,3,0,1,1,0,11,1
Boston Globe,1994.0,11.0,8,3,9,0,10,3,9,3,0,0,1,1,8,0
Boston Globe,1994.0,12.0,6,3,2,1,6,1,5,1,0,0,1,1,13,1
Boston Globe,1995.0,1.0,3,5,1,1,5,1,6,0,0,0,3,2,2,0
Boston Globe,1995.0,2.0,9,3,1,1,11,3,6,3,1,1,3,1,2,0
Boston Globe,1995.0,3.0,8,5,5,3,12,3,10,10,0,0,2,1,5,0
Boston Globe,1995.0,4.0,6,1,1,1,16,1,16,2,0,0,1,1,4,0
Boston Globe,1995.0,5.0,7,0,4,2,13,2,4,0,0,2,2,0,5,1
Boston Globe,1995.0,6.0,9,1,7,0,11,3,4,1,2,1,3,1,4,1
Boston Globe,1995.0,7.0,7,4,4,0,12,3,4,5,1,2,1,0,5,0
Boston Globe,1995.0,8.0,11,2,1,2,9,1,9,3,0,1,3,3,6,1
Boston Globe,1995.0,9.0,12,0,3,2,4,0,11,1,1,0,0,0,4,1
Boston Globe,1995.0,10.0,6,3,2,0,10,2,9,1,0,0,2,0,5,1
Boston Globe,1995.0,11.0,6,1,2,2,8,3,7,3,0,0,0,1,4,0
Boston Globe,1995.0,12.0,6,2,6,1,8,2,8,2,0,0,1,0,3,1
Boston Globe,1996.0,1.0,9,2,5,3,12,0,9,1,0,0,1,0,1,0
Boston Globe,1996.0,2.0,11,1,2,0,5,3,5,3,0,0,5,2,4,0
Boston Globe,1996.0,3.0,12,1,5,2,11,2,9,2,0,0,2,1,5,0
Boston Globe,1996.0,4.0,12,1,10,1,3,8,9,3,0,0,2,1,7,0
Boston Globe,1996.0,5.0,8,7,7,0,11,9,6,3,0,1,0,0,4,0
Boston Globe,1996.0,6.0,6,1,3,1,5,2,6,4,0,0,2,0,3,1
Boston Globe,1996.0,7.0,17,0,2,2,8,0,10,2,1,0,2,0,2,1
Boston Globe,1996.0,8.0,9,1,4,4,4,0,4,4,1,0,1,1,3,0
Boston Globe,1996.0,9.0,4,1,2,0,4,7,9,0,0,0,5,0,5,0
Boston Globe,1996.0,10.0,8,1,7,3,9,6,3,1,1,0,3,1,2,0
Boston Globe,1996.0,11.0,7,3,9,1,7,2,3,1,0,0,2,1,3,0
Boston Globe,1996.0,12.0,10,3,8,1,6,4,3,5,0,0,2,0,6,0
Boston Globe,1997.0,1.0,12,1,1,2,10,7,11,12,1,1,1,1,3,1
Boston Globe,1997.0,2.0,5,0,2,0,1,4,7,0,0,1,1,0,3,0
Boston Globe,1997.0,3.0,16,0,4,1,10,4,7,2,0,0,2,0,4,0
Boston Globe,1997.0,4.0,6,1,1,1,4,2,8,4,0,0,0,0,3,0
Boston Globe,1997.0,5.0,13,3,5,0,2,0,5,3,0,0,1,0,3,0
Boston Globe,1997.0,6.0,13,3,8,0,7,2,6,6,1,0,6,2,4,1
Boston Globe,1997.0,7.0,14,1,3,1,5,3,4,1,0,1,2,1,2,0
Boston Globe,1997.0,8.0,10,0,3,1,9,6,6,2,0,0,2,0,2,0
Boston Globe,1997.0,9.0,11,2,5,2,7,2,7,0,0,1,4,0,3,0
Boston Globe,1997.0,10.0,7,3,6,1,9,7,4,5,0,0,3,0,5,1
Boston Globe,1997.0,11.0,16,2,5,1,14,7,6,1,3,0,4,0,7,1
Boston Globe,1997.0,12.0,8,2,5,0,11,2,3,1,0,0,4,0,2,0
Boston Globe,1998.0,1.0,14,2,0,2,4,8,3,1,0,0,5,0,10,0
Boston Globe,1998.0,2.0,8,1,5,2,9,1,8,5,0,0,5,1,6,0
Boston Globe,1998.0,3.0,17,8,9,4,10,5,6,5,1,0,6,0,4,0
Boston Globe,1998.0,4.0,10,1,0,1,13,0,18,1,1,0,0,0,5,1
Boston Globe,1998.0,5.0,10,1,1,1,6,3,10,3,1,1,4,1,3,0
Boston Globe,1998.0,6.0,6,2,2,1,5,1,6,5,1,0,2,0,5,0
Boston Globe,1998.0,7.0,16,1,2,1,15,2,10,0,0,1,3,1,6,0
Boston Globe,1998.0,8.0,13,3,5,1,8,0,7,2,0,1,3,0,1,0
Boston Globe,1998.0,9.0,16,2,3,1,9,2,8,5,1,1,1,1,3,0
Boston Globe,1998.0,10.0,14,2,5,4,7,1,5,5,0,0,2,1,3,1
Boston Globe,1998.0,11.0,18,1,2,0,10,0,4,1,1,0,0,0,6,0
Boston Globe,1998.0,12.0,10,3,1,2,7,2,2,2,2,0,1,1,3,0
Boston Globe,1999.0,1.0,11,4,3,2,14,1,7,0,0,0,3,2,6,0
Boston Globe,1999.0,2.0,12,1,5,1,10,1,6,1,1,0,5,0,3,0
Boston Globe,1999.0,3.0,13,3,3,3,10,1,10,2,2,3,2,3,1,1
Boston Globe,1999.0,4.0,9,3,2,0,7,1,6,5,2,0,1,0,2,0
Boston Globe,1999.0,5.0,7,4,8,4,5,1,7,2,0,0,3,0,4,0
Boston Globe,1999.0,6.0,4,8,2,2,14,3,2,3,1,1,4,1,7,0
Boston Globe,1999.0,7.0,13,0,3,0,7,0,13,4,0,0,2,2,5,0
Boston Globe,1999.0,8.0,7,2,5,1,11,2,4,6,0,1,3,1,9,1
Boston Globe,1999.0,9.0,6,3,7,1,11,2,5,5,0,1,2,2,4,0
Boston Globe,1999.0,10.0,8,2,9,0,13,1,14,4,0,0,2,0,4,0
Boston Globe,1999.0,11.0,8,3,2,2,9,0,7,8,1,0,1,0,4,1
Boston Globe,1999.0,12.0,7,0,2,2,14,0,7,6,0,0,2,0,5,1
Boston Globe,2000.0,1.0,7,1,2,1,9,2,8,3,0,0,1,0,7,0
Boston Globe,2000.0,2.0,6,3,5,0,7,2,2,5,0,1,0,0,1,0
Boston Globe,2000.0,3.0,10,2,3,1,5,1,5,4,0,3,2,1,3,0
Boston Globe,2000.0,4.0,7,0,4,2,3,3,6,4,0,1,1,0,8,0
Boston Globe,2000.0,5.0,15,0,5,2,26,4,3,5,4,4,0,0,3,0
Boston Globe,2000.0,6.0,7,2,3,1,5,3,1,1,0,0,1,1,1,0
Boston Globe,2000.0,7.0,1,5,1,2,11,0,3,0,0,1,2,1,5,0
Boston Globe,2000.0,8.0,4,2,3,0,7,1,4,3,0,0,1,0,2,0
Boston Globe,2000.0,9.0,5,1,6,0,6,0,4,3,0,2,1,0,0,0
Boston Globe,2000.0,10.0,8,2,6,0,7,0,4,3,0,1,2,0,4,0
Boston Globe,2000.0,11.0,13,0,5,1,8,2,9,6,1,3,2,0,4,1
Boston Globe,2000.0,12.0,10,1,2,1,4,0,8,3,0,0,0,0,5,1
Boston Globe,2001.0,1.0,13,2,7,1,9,5,16,2,1,1,1,0,8,1
Boston Globe,2001.0,2.0,9,0,5,2,4,1,8,3,0,1,1,1,4,1
Boston Globe,2001.0,3.0,19,0,3,1,20,3,5,2,0,1,2,1,3,0
Boston Globe,2001.0,4.0,12,2,5,2,24,2,2,1,0,2,0,0,7,0
Boston Globe,2001.0,5.0,8,2,14,0,14,5,14,6,1,1,1,0,4,0
Boston Globe,2001.0,6.0,8,2,4,1,7,2,7,5,5,0,0,1,7,1
Boston Globe,2001.0,7.0,10,6,6,1,14,4,9,1,3,0,4,1,9,1
Boston Globe,2001.0,8.0,5,2,10,2,9,3,6,2,0,0,2,0,2,1
Boston Globe,2001.0,9.0,3,2,8,0,4,2,8,3,0,2,0,3,2,0
Boston Globe,2001.0,10.0,3,3,3,0,0,0,6,5,0,2,2,2,4,2
Boston Globe,2001.0,11.0,8,1,1,1,3,3,8,4,0,1,1,2,8,0
Boston Globe,2001.0,12.0,7,1,6,1,8,2,4,4,1,0,0,0,4,0
Boston Globe,2002.0,1.0,6,1,5,1,7,4,3,2,1,0,0,1,5,0
Boston Globe,2002.0,2.0,3,2,6,1,7,1,9,3,0,0,0,0,1,0
Boston Globe,2002.0,3.0,11,3,4,0,13,2,10,5,1,0,1,1,5,1
Boston Globe,2002.0,4.0,7,4,2,0,6,4,8,6,0,0,1,0,3,0
Boston Globe,2002.0,5.0,7,3,8,3,21,11,6,2,1,0,2,1,8,3
Boston Globe,2002.0,6.0,10,3,5,1,22,9,7,6,0,1,4,0,7,0
Boston Globe,2002.0,7.0,17,3,9,1,21,5,14,13,2,1,2,3,10,0
Boston Globe,2002.0,8.0,18,2,8,2,17,4,20,7,1,0,6,2,17,0
Boston Globe,2002.0,9.0,15,1,6,0,16,0,11,6,1,1,2,1,11,1
Boston Globe,2002.0,10.0,16,7,9,2,22,0,17,7,2,0,5,3,10,1
Boston Globe,2002.0,11.0,13,3,4,0,8,3,11,7,1,0,1,1,9,1
Boston Globe,2002.0,12.0,14,1,4,4,13,8,10,9,2,1,0,1,10,1
Boston Globe,2003.0,1.0,11,3,9,1,14,8,10,10,2,1,3,0,14,1
Boston Globe,2003.0,2.0,10,3,6,2,27,3,8,7,0,3,2,4,12,0
Boston Globe,2003.0,3.0,10,5,4,5,14,6,14,12,1,1,2,1,14,2
Boston Globe,2003.0,4.0,10,1,2,1,12,4,17,9,0,1,1,1,7,2
Boston Globe,2003.0,5.0,16,7,4,1,18,3,15,6,1,1,0,2,9,2
Boston Globe,2003.0,6.0,8,3,4,2,14,0,12,4,1,1,4,1,9,2
Boston Globe,2003.0,7.0,7,4,4,3,11,5,12,5,0,0,4,1,5,3
Boston Globe,2003.0,8.0,8,11,4,7,19,4,12,8,3,2,5,2,11,0
Boston Globe,2003.0,9.0,9,2,3,6,14,5,16,11,1,0,2,2,14,0
Boston Globe,2003.0,10.0,5,3,5,1,26,5,16,16,0,0,1,2,13,0
Boston Globe,2003.0,11.0,8,4,4,2,13,2,10,14,2,2,3,1,7,2
Boston Globe,2003.0,12.0,12,8,2,1,18,2,14,11,0,0,0,5,4,1
Boston Globe,2004.0,1.0,5,1,1,2,8,1,12,11,0,2,2,2,8,1
Boston Globe,2004.0,2.0,13,2,2,3,10,2,10,9,1,0,2,2,16,1
Boston Globe,2004.0,3.0,7,2,1,0,7,3,15,9,1,1,2,2,6,0
Boston Globe,2004.0,4.0,14,3,9,3,16,0,6,6,1,0,1,0,6,0
Boston Globe,2004.0,5.0,6,4,4,2,19,2,7,10,1,2,0,3,6,2
Boston Globe,2004.0,6.0,8,1,3,3,17,0,14,2,1,0,1,2,5,2
Boston Globe,2004.0,7.0,7,3,3,1,10,3,3,4,1,1,2,4,9,1
Boston Globe,2004.0,8.0,9,1,6,0,13,0,8,7,0,0,1,1,2,0
Boston Globe,2004.0,9.0,12,2,8,1,5,0,7,8,1,2,0,2,2,1
Boston Globe,2004.0,10.0,12,3,10,1,6,2,7,9,1,1,2,0,4,0
Boston Globe,2004.0,11.0,7,2,3,0,12,0,11,2,1,0,2,3,10,0
Boston Globe,2004.0,12.0,14,3,6,3,14,0,15,1,1,2,4,1,7,3
Boston Globe,2005.0,1.0,3,3,5,0,14,3,9,4,0,1,4,0,5,0
Boston Globe,2005.0,2.0,5,1,3,2,8,3,14,7,1,1,2,0,4,0
Boston Globe,2005.0,3.0,12,3,1,2,7,0,7,5,0,2,3,1,7,3
Boston Globe,2005.0,4.0,8,3,7,2,13,2,9,4,0,0,0,2,4,2
Boston Globe,2005.0,5.0,9,2,7,3,10,1,4,2,1,1,1,0,9,0
Boston Globe,2005.0,6.0,4,4,4,0,8,0,6,4,2,1,3,5,6,0
Boston Globe,2005.0,7.0,12,2,5,0,9,5,4,1,3,1,6,0,3,0
Boston Globe,2005.0,8.0,8,6,3,5,9,0,11,2,0,2,2,2,6,1
Boston Globe,2005.0,9.0,4,0,4,0,12,1,9,4,0,1,2,2,1,1
Boston Globe,2005.0,10.0,13,4,3,5,14,1,9,2,0,0,1,0,9,1
Boston Globe,2005.0,11.0,8,1,5,2,6,1,2,2,0,0,1,2,4,1
Boston Globe,2005.0,12.0,5,1,4,1,10,4,4,3,0,0,0,0,2,1
Boston Globe,2006.0,1.0,6,2,7,0,9,3,3,5,1,1,1,1,5,1
Boston Globe,2006.0,2.0,8,4,4,2,15,6,6,6,0,0,1,0,8,0
Boston Globe,2006.0,3.0,5,1,1,0,10,2,4,5,0,0,3,2,4,0
Boston Globe,2006.0,4.0,13,2,4,1,10,3,4,3,1,0,1,1,6,0
Boston Globe,2006.0,5.0,10,2,3,0,7,5,11,5,0,0,2,0,2,0
Boston Globe,2006.0,6.0,7,2,2,0,11,4,9,2,2,0,1,0,6,1
Boston Globe,2006.0,7.0,10,1,1,0,3,4,7,3,3,0,2,1,1,1
Boston Globe,2006.0,8.0,16,3,4,0,21,6,4,3,1,0,2,2,10,0
Boston Globe,2006.0,9.0,9,1,8,0,8,9,8,1,0,1,0,0,4,0
Boston Globe,2006.0,10.0,4,1,1,1,4,5,9,5,0,0,0,2,4,0
Boston Globe,2006.0,11.0,7,2,5,4,14,4,11,5,0,0,0,0,2,0
Boston Globe,2006.0,12.0,9,3,1,1,11,3,7,4,0,0,1,2,2,1
Boston Globe,2007.0,1.0,4,1,5,1,14,6,9,3,0,2,0,2,2,3
Boston Globe,2007.0,2.0,1,3,5,1,17,4,6,4,0,1,2,0,3,5
Boston Globe,2007.0,3.0,11,5,5,2,8,5,11,4,0,1,1,1,9,0
Boston Globe,2007.0,4.0,8,1,1,0,14,6,5,6,1,0,0,0,7,1
Boston Globe,2007.0,5.0,8,4,12,2,10,4,8,4,3,2,2,4,5,0
Boston Globe,2007.0,6.0,4,3,3,3,12,5,11,3,1,0,0,3,6,2
Boston Globe,2007.0,7.0,9,5,2,1,9,0,6,5,0,0,1,2,3,1
Boston Globe,2007.0,8.0,5,4,3,2,5,2,4,1,0,0,1,1,9,0
Boston Globe,2007.0,9.0,13,0,0,0,21,6,4,1,0,2,0,2,6,1
Boston Globe,2007.0,10.0,9,2,4,1,4,3,8,0,0,0,0,0,3,0
Boston Globe,2007.0,11.0,9,0,5,0,10,0,7,1,1,1,2,1,9,0
Boston Globe,2007.0,12.0,6,0,3,4,9,4,6,0,0,1,0,2,2,0
Boston Globe,2008.0,1.0,9,3,2,0,20,0,5,2,4,0,2,0,5,0
Boston Globe,2008.0,2.0,8,0,5,1,15,1,1,0,0,0,0,3,3,2
Boston Globe,2008.0,3.0,8,0,6,1,23,1,8,2,0,1,1,1,3,0
Boston Globe,2008.0,4.0,12,0,0,1,7,1,7,3,0,0,0,1,2,1
Boston Globe,2008.0,5.0,3,2,1,1,12,2,5,4,0,0,1,1,1,0
Boston Globe,2008.0,6.0,12,1,1,1,11,2,6,2,1,0,0,2,6,2
Boston Globe,2008.0,7.0,11,4,5,2,8,0,11,4,1,0,1,1,5,1
Boston Globe,2008.0,8.0,12,2,3,2,8,3,14,3,0,1,1,0,5,0
Boston Globe,2008.0,9.0,10,5,10,2,10,4,25,10,0,1,0,4,6,1
Boston Globe,2008.0,10.0,9,0,7,0,9,0,9,4,0,0,0,1,3,0
Boston Globe,2008.0,11.0,8,1,1,3,10,1,17,3,0,0,0,1,4,0
Boston Globe,2008.0,12.0,10,1,2,0,12,2,5,1,0,0,1,1,6,1
Boston Globe,2009.0,1.0,4,2,3,1,13,2,10,1,0,0,1,0,1,0
Boston Globe,2009.0,2.0,6,1,1,0,9,1,6,3,0,1,0,2,6,0
Boston Globe,2009.0,3.0,7,2,3,1,10,1,9,3,0,0,0,0,6,0
Boston Globe,2009.0,4.0,9,3,6,1,10,1,13,6,0,1,1,2,7,0
Boston Globe,2009.0,5.0,11,2,2,2,13,1,15,10,0,1,0,0,4,1
Boston Globe,2009.0,6.0,15,4,0,6,13,4,18,8,0,0,0,0,7,0
Boston Globe,2009.0,7.0,12,2,2,0,8,1,12,5,1,1,1,2,5,2
Boston Globe,2009.0,8.0,12,1,5,3,10,0,12,4,0,1,1,2,2,1
Boston Globe,2009.0,9.0,8,5,2,2,5,0,22,3,1,0,3,0,2,0
Boston Globe,2009.0,10.0,12,4,2,1,5,2,17,7,1,1,0,3,10,0
Boston Globe,2009.0,11.0,11,2,2,2,5,1,18,5,2,1,0,3,5,1
Boston Globe,2009.0,12.0,12,0,2,2,16,2,22,7,0,0,2,0,13,0
Boston Globe,2010.0,1.0,14,4,1,3,11,3,15,1,0,1,1,1,6,0
Boston Globe,2010.0,2.0,11,2,3,1,14,2,12,9,2,0,0,1,4,0
Boston Globe,2010.0,3.0,13,3,7,1,7,2,13,1,0,0,1,0,7,0
Boston Globe,2010.0,4.0,13,3,9,2,6,1,14,7,2,1,0,1,12,2
Boston Globe,2010.0,5.0,9,5,9,2,14,2,21,7,1,0,6,3,2,0
Boston Globe,2010.0,6.0,11,5,3,3,16,2,23,5,1,0,3,0,5,0
Boston Globe,2010.0,7.0,11,0,4,3,6,4,9,1,0,1,0,0,4,1
Boston Globe,2010.0,8.0,7,1,3,0,7,1,3,2,1,0,0,2,3,2
Boston Globe,2010.0,9.0,8,2,1,0,6,0,4,3,0,0,1,0,0,0
Boston Globe,2010.0,10.0,5,1,2,1,7,3,9,5,0,0,3,2,2,0
Boston Globe,2010.0,11.0,11,0,2,0,7,0,8,2,0,0,0,0,7,0
Boston Globe,2010.0,12.0,5,0,2,0,7,3,10,2,1,0,1,2,3,2
Boston Globe,2011.0,1.0,5,2,4,2,15,4,6,4,0,0,0,1,4,0
Boston Globe,2011.0,2.0,9,3,2,1,4,0,7,1,0,1,0,2,2,0
Boston Globe,2011.0,3.0,9,0,2,2,12,9,5,4,0,0,2,0,2,0
Boston Globe,2011.0,4.0,7,2,2,0,6,3,6,4,0,0,0,1,3,1
Boston Globe,2011.0,5.0,5,2,0,0,5,6,4,2,1,0,2,1,1,0
Boston Globe,2011.0,6.0,6,3,2,0,10,3,6,5,0,1,0,0,2,0
Boston Globe,2011.0,7.0,8,1,4,1,5,0,6,7,1,0,1,0,4,0
Boston Globe,2011.0,8.0,11,4,6,0,8,1,7,0,2,0,0,2,4,0
Boston Globe,2011.0,9.0,8,5,4,0,9,4,10,6,0,1,0,0,2,1
Boston Globe,2011.0,10.0,11,3,1,0,11,9,13,4,0,0,0,0,6,0
Boston Globe,2011.0,11.0,8,1,3,1,10,4,9,1,0,2,0,0,6,0
Boston Globe,2011.0,12.0,9,2,2,1,9,2,9,3,0,0,1,1,3,0
Boston Globe,2012.0,1.0,10,1,2,1,7,2,8,3,0,1,2,1,7,1
Boston Globe,2012.0,2.0,13,2,7,2,6,3,3,4,0,0,0,2,2,0
Boston Globe,2012.0,3.0,6,4,4,3,8,2,6,4,0,0,1,0,3,1
Boston Globe,2012.0,4.0,9,4,2,2,10,13,9,3,0,0,1,2,1,1
Boston Globe,2012.0,5.0,16,3,2,3,7,3,9,8,0,0,1,3,1,0
Boston Globe,2012.0,6.0,9,2,1,2,9,5,3,4,0,0,0,0,1,0
Boston Globe,2012.0,7.0,8,0,3,3,7,2,4,4,0,0,0,0,4,2
Boston Globe,2012.0,8.0,7,2,3,5,4,3,8,4,0,0,3,3,2,0
Boston Globe,2012.0,9.0,9,0,0,1,6,1,7,1,0,1,0,2,2,1
Boston Globe,2012.0,10.0,10,2,1,1,10,2,4,4,0,1,0,1,3,1
Boston Globe,2012.0,11.0,12,2,6,0,6,1,7,4,0,0,0,2,2,1
Boston Globe,2012.0,12.0,10,2,2,0,6,1,2,3,0,0,0,2,2,0
Boston Globe,2013.0,1.0,9,0,0,1,3,1,4,3,1,0,0,4,0,0
Boston Globe,2013.0,2.0,11,1,1,1,6,4,4,1,0,0,0,2,1,0
Boston Globe,2013.0,3.0,11,0,4,0,13,0,9,2,2,1,0,3,2,0
Boston Globe,2013.0,4.0,8,4,1,1,9,0,4,1,0,1,0,0,4,0
Boston Globe,2013.0,5.0,8,1,3,1,3,1,1,1,1,0,0,3,1,0
Boston Globe,2013.0,6.0,8,1,2,2,10,0,4,6,0,1,0,0,2,0
Boston Globe,2013.0,7.0,7,4,2,0,7,3,3,4,1,1,3,0,5,0
Boston Globe,2013.0,8.0,10,0,2,4,8,2,7,3,0,1,0,1,2,0
Boston Globe,2013.0,9.0,9,1,2,2,3,2,4,1,0,0,0,1,4,0
Boston Globe,2013.0,10.0,8,0,1,2,3,1,6,3,0,0,1,0,5,0
Boston Globe,2013.0,11.0,10,2,4,1,6,0,4,3,0,0,0,1,3,0
Boston Globe,2013.0,12.0,8,4,0,2,4,1,2,1,0,0,0,2,2,1
Boston Globe,2014.0,1.0,6,0,4,0,8,0,3,6,0,0,0,1,2,0
Boston Globe,2014.0,2.0,6,2,1,0,5,1,5,4,0,0,1,1,1,0
Boston Globe,2014.0,3.0,9,4,2,0,2,1,6,7,1,0,0,3,3,0
Boston Globe,2014.0,4.0,16,2,0,0,4,2,5,4,0,2,4,0,4,0
Boston Globe,2014.0,5.0,9,0,6,0,4,0,6,2,0,0,1,3,3,0
Boston Globe,2014.0,6.0,11,3,4,1,7,1,6,8,1,1,2,2,7,0
Boston Globe,2014.0,7.0,11,2,1,1,5,0,5,4,0,1,0,3,0,0
Boston Globe,2014.0,8.0,10,1,3,1,2,0,2,1,0,0,0,0,3,0
Boston Globe,2014.0,9.0,7,1,1,0,4,0,3,2,1,0,0,1,2,0
Boston Globe,2014.0,10.0,4,0,0,1,3,0,8,3,0,1,2,0,2,2
Boston Globe,2014.0,11.0,8,1,4,2,6,1,6,6,0,0,2,0,2,1
Boston Globe,2014.0,12.0,6,4,9,0,3,2,7,0,0,1,1,3,1,1
Boston Globe,2015.0,1.0,8,1,4,1,12,2,12,4,0,0,1,0,1,1
Boston Globe,2015.0,2.0,4,1,2,1,3,1,3,2,0,1,3,0,1,0
Boston Globe,2015.0,3.0,4,2,5,5,11,1,1,2,0,0,1,1,3,0
Boston Globe,2015.0,4.0,7,5,2,0,6,2,6,2,1,1,3,0,4,0
Boston Globe,2015.0,5.0,7,4,1,1,4,0,3,7,1,2,1,0,2,0
Boston Globe,2015.0,6.0,4,5,1,1,10,0,6,4,0,0,1,0,3,1
Boston Globe,2015.0,7.0,7,3,1,1,6,1,3,3,0,0,0,1,4,0
Boston Globe,2015.0,8.0,2,8,7,2,9,3,8,3,0,0,1,1,6,0
Boston Globe,2015.0,9.0,13,0,5,5,13,1,12,5,0,1,1,1,7,1
Boston Globe,2015.0,10.0,20,2,5,1,3,3,6,9,0,1,0,3,3,0
Boston Globe,2015.0,11.0,16,5,4,0,5,2,10,5,0,0,1,4,5,0
Boston Globe,2015.0,12.0,24,5,6,0,12,0,12,9,0,1,4,0,3,0
Boston Globe,2016.0,1.0,21,9,15,2,23,0,18,10,0,0,3,8,6,1
Boston Globe,2016.0,2.0,31,12,6,1,10,0,17,12,9,6,3,2,5,0
Boston Globe,2016.0,3.0,34,6,11,3,25,1,37,12,3,0,2,4,1,0
Boston Globe,2016.0,4.0,42,15,8,9,11,0,18,10,1,2,1,6,12,7
Boston Globe,2016.0,5.0,22,5,14,1,24,5,5,8,0,1,2,6,1,1
Boston Globe,2016.0,6.0,37,3,7,4,14,0,6,5,0,2,0,5,9,1
Boston Globe,2016.0,7.0,26,2,14,2,9,2,34,9,0,0,2,3,1,11
Boston Globe,2016.0,8.0,34,8,8,0,15,2,14,2,1,2,0,6,11,8
Boston Globe,2016.0,9.0,23,3,6,0,17,1,4,10,0,0,4,3,3,0
Boston Globe,2016.0,10.0,16,5,3,7,11,2,17,8,0,2,2,5,4,0
Boston Globe,2016.0,11.0,33,4,8,0,14,3,10,6,0,0,0,4,5,0
Boston Globe,2016.0,12.0,35,5,8,3,20,2,18,5,0,2,2,4,11,0
Boston Globe,2017.0,1.0,26,6,7,4,10,4,17,4,0,0,1,7,9,0
Boston Globe,2017.0,2.0,17,8,7,5,10,0,13,5,0,1,1,2,5,0
Boston Globe,2017.0,3.0,21,13,2,0,18,2,8,16,0,2,3,4,9,0
Boston Globe,2017.0,4.0,17,6,7,11,26,2,21,16,0,0,4,2,13,0
Boston Globe,2017.0,5.0,13,7,18,5,6,0,18,8,0,1,4,10,4,0
Boston Globe,2017.0,6.0,21,2,10,3,7,2,8,6,0,0,0,8,5,0
Boston Globe,2017.0,7.0,18,11,3,5,14,6,9,2,0,4,0,0,7,2
Boston Globe,2017.0,8.0,28,9,11,2,16,4,20,7,0,0,0,3,16,5
Boston Globe,2017.0,9.0,10,6,5,2,10,0,14,6,0,1,0,2,5,0
Boston Globe,2017.0,10.0,35,2,4,0,12,6,8,7,0,2,6,0,3,0
Boston Globe,2017.0,11.0,16,3,2,1,20,5,8,1,0,0,5,0,5,0
Boston Globe,2017.0,12.0,22,0,4,1,18,0,6,4,0,3,2,4,9,0
Boston Globe,2018.0,1.0,21,2,2,1,16,2,29,6,0,0,5,5,1,2
Boston Globe,2018.0,2.0,20,3,2,2,9,2,10,6,0,0,4,2,5,0
Boston Globe,2018.0,3.0,21,3,9,3,21,2,14,3,0,0,8,0,10,0
Boston Globe,2018.0,4.0,8,3,8,1,12,2,7,8,0,2,6,0,3,0
Boston Globe,2018.0,5.0,7,2,4,1,7,1,5,4,0,0,0,0,4,0
Boston Globe,2018.0,6.0,11,2,4,2,13,1,10,10,0,0,0,1,0,0
Boston Globe,2018.0,7.0,19,3,5,4,9,1,11,5,4,0,4,0,7,0
Boston Globe,2018.0,8.0,12,8,5,1,20,0,5,5,0,2,1,1,5,0
Boston Globe,2018.0,9.0,17,2,11,2,9,2,2,3,0,1,2,2,5,0
Boston Globe,2018.0,10.0,23,0,19,2,12,2,10,8,0,0,6,3,5,0
Boston Globe,2018.0,11.0,19,0,0,3,7,0,8,2,0,0,2,6,3,0
Boston Globe,2018.0,12.0,17,1,8,0,12,0,9,2,0,2,6,0,1,0
Boston Globe,2019.0,1.0,25,2,1,4,12,1,12,1,0,0,1,9,7,1
Boston Globe,2019.0,2.0,19,0,3,2,5,5,18,10,0,4,0,6,0,0
Boston Globe,2019.0,3.0,22,7,7,2,6,3,4,4,0,0,2,3,6,4
Boston Globe,2019.0,4.0,13,4,3,3,12,4,9,4,0,0,4,2,3,0
Boston Globe,2019.0,5.0,20,6,6,5,16,1,13,6,0,0,0,9,4,0
Boston Globe,2019.0,6.0,23,0,9,2,14,0,11,7,0,4,1,2,6,1
Boston Globe,2019.0,7.0,21,7,12,3,9,1,10,3,1,0,1,6,8,1
Boston Globe,2019.0,8.0,26,2,4,4,6,7,2,3,0,0,8,4,5,0
Boston Globe,2019.0,9.0,23,2,7,2,12,2,13,3,0,0,1,8,3,0
Boston Globe,2019.0,10.0,31,5,11,0,4,4,9,4,0,0,1,0,9,1
Boston Globe,2019.0,11.0,24,0,3,0,9,1,7,5,0,0,1,2,1,2
Boston Globe,2019.0,12.0,19,4,3,0,13,2,5,4,0,0,3,4,4,2
Boston Globe,2020.0,1.0,7,6,4,0,9,2,9,8,0,5,1,0,5,0
Boston Globe,2020.0,2.0,12,7,3,4,5,0,11,2,1,2,0,11,10,2
Boston Globe,2020.0,3.0,24,1,3,0,6,0,6,1,0,6,0,0,2,0
Boston Globe,2020.0,4.0,18,3,2,1,2,3,1,1,0,0,0,0,8,0
Boston Globe,2020.0,5.0,27,0,1,4,2,0,3,3,0,0,0,2,5,0
Boston Globe,2020.0,6.0,19,5,4,0,8,2,6,3,0,0,4,0,1,0
Boston Globe,2020.0,7.0,17,4,3,0,2,2,4,3,0,0,3,2,5,2
Boston Globe,2020.0,8.0,33,2,3,2,10,1,8,5,0,0,2,0,3,0
Boston Globe,2020.0,9.0,5,4,6,4,2,0,2,0,0,0,0,0,9,2
Boston Globe,2020.0,10.0,11,4,4,0,6,0,10,2,0,0,0,1,6,0
Boston Globe,2020.0,11.0,21,2,3,0,12,1,7,0,0,0,4,2,4,0
Boston Globe,2020.0,12.0,16,4,8,2,9,0,6,2,0,0,0,5,3,0
Boston Globe,2021.0,1.0,14,3,3,2,10,0,13,6,0,0,2,4,3,0
Boston Globe,2021.0,2.0,15,3,2,2,8,3,13,7,0,0,10,2,4,3
Boston Globe,2021.0,3.0,36,0,6,0,11,1,4,5,2,1,2,3,2,1
Boston Globe,2021.0,4.0,17,5,1,5,13,0,12,8,0,0,0,0,1,0
Boston Globe,2021.0,5.0,11,2,7,2,8,2,4,5,0,0,3,0,4,0
Boston Globe,2021.0,6.0,19,4,4,2,8,0,4,6,0,0,0,2,0,0
Boston Globe,2021.0,7.0,21,5,7,2,9,0,6,5,0,0,0,1,3,1
Boston Globe,2021.0,8.0,25,1,10,4,11,0,4,2,0,3,5,1,6,0
Boston Globe,2021.0,9.0,17,3,3,4,6,0,2,3,2,0,2,6,7,0
Boston Globe,2021.0,10.0,17,1,2,7,6,0,10,4,0,2,2,0,3,0
Boston Globe,2021.0,11.0,10,3,4,1,11,7,4,2,2,0,2,2,2,0
Boston Globe,2021.0,12.0,11,9,5,5,15,3,7,7,0,1,2,2,4,0
Chicago Tribune,1985.0,1.0,8,2,4,0,5,3,22,5,0,0,2,0,6,1
Chicago Tribune,1985.0,2.0,4,0,9,4,11,2,12,7,2,0,3,3,2,1
Chicago Tribune,1985.0,3.0,2,7,3,1,11,6,21,4,1,1,2,1,8,0
Chicago Tribune,1985.0,4.0,12,1,10,6,16,7,42,11,2,1,1,0,10,1
Chicago Tribune,1985.0,5.0,16,4,11,5,9,9,21,6,1,1,4,2,10,0
Chicago Tribune,1985.0,6.0,20,3,12,2,11,11,30,8,1,1,0,0,7,3
Chicago Tribune,1985.0,7.0,3,1,10,4,6,0,11,7,0,0,4,1,6,0
Chicago Tribune,1985.0,8.0,6,5,12,5,9,4,17,3,1,0,3,0,7,0
Chicago Tribune,1985.0,9.0,6,6,12,3,6,1,30,5,4,0,1,0,2,0
Chicago Tribune,1985.0,10.0,7,4,11,1,12,4,18,10,2,0,3,0,4,1
Chicago Tribune,1985.0,11.0,6,7,9,3,8,7,20,6,0,0,2,0,4,0
Chicago Tribune,1985.0,12.0,10,3,11,2,9,3,21,7,3,2,1,0,5,0
Chicago Tribune,1986.0,1.0,18,6,10,0,13,6,17,6,2,2,5,0,5,0
Chicago Tribune,1986.0,2.0,11,4,5,5,7,6,20,7,2,0,1,0,5,1
Chicago Tribune,1986.0,3.0,15,2,12,2,16,6,26,6,8,0,1,2,6,2
Chicago Tribune,1986.0,4.0,13,2,8,0,10,4,21,7,0,0,0,1,5,0
Chicago Tribune,1986.0,5.0,15,4,10,5,9,6,9,5,0,0,3,1,5,0
Chicago Tribune,1986.0,6.0,14,4,13,1,4,7,17,4,0,0,3,1,4,2
Chicago Tribune,1986.0,7.0,14,4,6,1,7,0,13,5,1,1,1,1,6,0
Chicago Tribune,1986.0,8.0,15,3,4,2,5,6,23,6,0,0,1,0,4,2
Chicago Tribune,1986.0,9.0,9,5,14,5,7,10,18,4,1,1,1,0,3,0
Chicago Tribune,1986.0,10.0,10,1,8,3,5,5,27,5,1,0,2,0,4,0
Chicago Tribune,1986.0,11.0,9,2,5,2,11,1,14,6,0,1,1,0,7,1
Chicago Tribune,1986.0,12.0,6,5,7,3,12,6,24,9,1,0,0,0,6,1
Chicago Tribune,1987.0,1.0,5,6,13,6,7,5,19,9,0,1,0,1,4,3
Chicago Tribune,1987.0,2.0,10,4,8,4,15,7,18,8,0,0,0,0,10,0
Chicago Tribune,1987.0,3.0,7,3,7,5,13,2,16,9,1,0,3,2,7,1
Chicago Tribune,1987.0,4.0,15,7,12,2,12,4,24,13,3,1,3,0,6,1
Chicago Tribune,1987.0,5.0,6,4,19,2,6,4,18,7,1,2,3,2,8,0
Chicago Tribune,1987.0,6.0,9,7,6,1,13,6,21,12,2,0,1,0,4,1
Chicago Tribune,1987.0,7.0,11,7,6,3,8,2,16,13,0,1,4,1,5,1
Chicago Tribune,1987.0,8.0,10,6,9,1,6,6,22,6,0,0,3,1,9,1
Chicago Tribune,1987.0,9.0,10,7,14,1,9,5,12,5,0,0,0,0,3,1
Chicago Tribune,1987.0,10.0,9,2,12,6,9,8,28,11,1,0,0,0,9,2
Chicago Tribune,1987.0,11.0,7,1,11,4,11,5,20,6,0,0,1,1,5,2
Chicago Tribune,1987.0,12.0,8,7,6,2,9,3,16,6,2,0,2,1,5,0
Chicago Tribune,1988.0,1.0,11,3,5,6,13,1,24,5,1,0,2,1,6,1
Chicago Tribune,1988.0,2.0,17,5,12,2,5,5,22,5,0,1,4,3,5,0
Chicago Tribune,1988.0,3.0,10,10,9,6,16,7,16,11,0,0,5,0,2,0
Chicago Tribune,1988.0,4.0,15,6,13,7,7,5,20,7,0,0,1,1,3,0
Chicago Tribune,1988.0,5.0,15,9,13,2,12,4,25,11,5,2,7,1,6,0
Chicago Tribune,1988.0,6.0,11,3,15,7,16,7,19,6,1,0,2,1,4,1
Chicago Tribune,1988.0,7.0,16,5,6,1,12,4,9,3,1,0,2,0,8,0
Chicago Tribune,1988.0,8.0,11,7,6,1,7,3,14,3,2,0,5,2,7,2
Chicago Tribune,1988.0,9.0,18,4,9,3,8,2,14,5,1,0,1,0,5,2
Chicago Tribune,1988.0,10.0,7,5,9,6,16,3,21,10,0,0,0,1,6,1
Chicago Tribune,1988.0,11.0,17,7,5,4,21,7,23,5,1,1,2,0,10,0
Chicago Tribune,1988.0,12.0,12,3,15,5,23,8,31,7,3,0,1,0,5,0
Chicago Tribune,1989.0,1.0,9,3,10,5,8,3,17,11,2,0,1,0,9,1
Chicago Tribune,1989.0,2.0,11,3,11,1,13,7,28,10,0,0,1,0,3,2
Chicago Tribune,1989.0,3.0,11,6,18,4,21,8,19,9,0,0,2,2,7,0
Chicago Tribune,1989.0,4.0,13,2,8,1,19,5,22,9,1,1,4,0,9,0
Chicago Tribune,1989.0,5.0,19,6,8,2,13,2,14,5,1,0,2,0,13,1
Chicago Tribune,1989.0,6.0,13,2,5,1,16,5,18,7,2,1,1,2,11,1
Chicago Tribune,1989.0,7.0,11,4,7,2,20,7,22,5,0,0,3,0,8,0
Chicago Tribune,1989.0,8.0,9,6,13,2,19,4,20,14,1,0,1,0,8,0
Chicago Tribune,1989.0,9.0,15,2,13,0,16,6,25,7,4,1,2,1,8,1
Chicago Tribune,1989.0,10.0,11,4,8,3,13,8,21,5,0,0,2,0,10,0
Chicago Tribune,1989.0,11.0,15,3,10,4,15,10,19,14,0,0,3,2,11,3
Chicago Tribune,1989.0,12.0,7,6,5,3,16,4,13,5,1,1,4,0,10,0
Chicago Tribune,1990.0,1.0,15,6,13,9,20,4,30,10,1,2,5,1,6,0
Chicago Tribune,1990.0,2.0,13,4,13,2,14,8,18,7,2,0,2,0,10,1
Chicago Tribune,1990.0,3.0,22,3,9,4,22,12,21,12,2,0,5,1,7,1
Chicago Tribune,1990.0,4.0,19,2,5,2,32,5,23,7,1,0,4,3,6,1
Chicago Tribune,1990.0,5.0,11,6,10,2,17,5,29,4,0,0,0,1,13,0
Chicago Tribune,1990.0,6.0,12,4,5,1,12,7,28,4,1,1,5,0,11,1
Chicago Tribune,1990.0,7.0,11,6,13,1,17,8,27,8,0,0,4,0,7,1
Chicago Tribune,1990.0,8.0,10,5,7,2,7,3,31,8,2,2,2,0,10,1
Chicago Tribune,1990.0,9.0,14,3,10,1,12,3,21,2,0,0,3,0,5,0
Chicago Tribune,1990.0,10.0,16,3,11,3,17,10,26,8,1,1,5,3,6,1
Chicago Tribune,1990.0,11.0,10,6,6,1,11,7,18,9,1,0,1,2,12,0
Chicago Tribune,1990.0,12.0,16,1,15,4,15,6,29,11,2,1,0,0,9,1
Chicago Tribune,1991.0,1.0,10,5,7,2,14,5,27,7,1,1,3,0,7,0
Chicago Tribune,1991.0,2.0,8,7,7,3,10,6,25,6,0,1,1,1,12,1
Chicago Tribune,1991.0,3.0,23,3,13,1,11,8,24,11,1,0,1,1,7,0
Chicago Tribune,1991.0,4.0,19,2,9,2,18,3,23,8,1,0,2,2,14,1
Chicago Tribune,1991.0,5.0,17,8,9,2,27,7,17,6,0,0,6,3,11,0
Chicago Tribune,1991.0,6.0,16,8,8,2,13,2,27,18,2,3,2,0,11,0
Chicago Tribune,1991.0,7.0,15,4,10,2,18,3,22,7,3,0,1,1,6,0
Chicago Tribune,1991.0,8.0,18,3,4,5,17,1,24,10,0,0,3,2,12,0
Chicago Tribune,1991.0,9.0,7,3,16,1,23,3,22,5,1,1,3,0,11,3
Chicago Tribune,1991.0,10.0,13,5,7,1,17,1,23,11,2,1,1,0,12,1
Chicago Tribune,1991.0,11.0,14,6,4,4,20,4,20,8,2,0,5,2,9,1
Chicago Tribune,1991.0,12.0,11,2,10,3,23,3,22,7,0,0,6,0,9,3
Chicago Tribune,1992.0,1.0,26,2,6,4,14,11,21,3,0,0,1,2,8,0
Chicago Tribune,1992.0,2.0,14,0,11,5,15,7,13,6,0,0,2,0,6,0
Chicago Tribune,1992.0,3.0,17,5,9,3,22,5,19,6,1,0,2,1,10,0
Chicago Tribune,1992.0,4.0,22,9,9,3,26,3,17,2,1,0,1,1,10,0
Chicago Tribune,1992.0,5.0,14,3,8,2,28,4,20,3,3,1,7,2,10,0
Chicago Tribune,1992.0,6.0,17,3,9,4,23,7,11,3,0,1,3,0,9,2
Chicago Tribune,1992.0,7.0,10,3,13,1,20,4,16,4,0,0,1,0,11,2
Chicago Tribune,1992.0,8.0,24,7,6,2,21,12,16,6,3,1,2,0,8,0
Chicago Tribune,1992.0,9.0,14,4,5,1,14,1,15,6,1,0,0,3,12,0
Chicago Tribune,1992.0,10.0,12,5,8,1,108,5,19,14,5,0,5,0,10,3
Chicago Tribune,1992.0,11.0,12,6,5,5,17,3,20,6,1,0,5,1,10,1
Chicago Tribune,1992.0,12.0,17,5,9,2,15,6,25,5,1,0,0,1,4,1
Chicago Tribune,1993.0,1.0,15,6,7,4,18,4,11,3,0,0,1,1,5,0
Chicago Tribune,1993.0,2.0,14,5,10,2,7,1,16,5,1,2,9,0,7,0
Chicago Tribune,1993.0,3.0,16,6,4,3,19,5,18,6,0,0,3,1,9,0
Chicago Tribune,1993.0,4.0,10,2,7,0,18,6,16,6,1,1,3,0,4,0
Chicago Tribune,1993.0,5.0,12,5,11,7,17,7,15,8,3,2,2,0,8,1
Chicago Tribune,1993.0,6.0,21,5,7,5,17,3,19,8,1,1,4,1,7,0
Chicago Tribune,1993.0,7.0,7,3,6,2,15,2,18,6,3,1,2,0,4,0
Chicago Tribune,1993.0,8.0,11,5,12,2,11,8,16,7,1,1,5,2,6,1
Chicago Tribune,1993.0,9.0,10,1,10,2,12,3,14,4,0,0,3,1,7,0
Chicago Tribune,1993.0,10.0,10,3,9,3,15,1,13,5,0,0,12,1,4,0
Chicago Tribune,1993.0,11.0,12,4,3,1,11,3,24,6,3,1,6,2,9,3
Chicago Tribune,1993.0,12.0,13,2,10,2,12,2,10,4,1,2,3,3,7,1
Chicago Tribune,1994.0,1.0,11,1,5,0,22,3,13,4,3,0,2,2,8,0
Chicago Tribune,1994.0,2.0,11,0,11,2,9,2,13,4,0,1,4,0,8,0
Chicago Tribune,1994.0,3.0,14,4,6,4,9,3,19,8,1,1,5,0,4,0
Chicago Tribune,1994.0,4.0,23,11,4,5,15,6,16,8,0,2,2,2,7,0
Chicago Tribune,1994.0,5.0,15,3,9,4,18,4,21,10,2,0,6,1,8,0
Chicago Tribune,1994.0,6.0,20,6,9,2,12,2,20,12,1,0,3,0,5,0
Chicago Tribune,1994.0,7.0,18,2,4,2,18,1,17,9,0,0,4,3,3,0
Chicago Tribune,1994.0,8.0,10,8,14,5,14,5,13,5,0,0,4,2,5,0
Chicago Tribune,1994.0,9.0,21,3,12,2,17,1,14,4,2,0,5,0,12,2
Chicago Tribune,1994.0,10.0,6,6,4,3,19,5,13,6,2,0,2,0,12,2
Chicago Tribune,1994.0,11.0,17,3,15,7,10,0,18,12,2,1,4,0,8,1
Chicago Tribune,1994.0,12.0,16,10,10,4,10,1,20,2,2,1,3,1,4,0
Chicago Tribune,1995.0,1.0,12,9,8,2,10,3,10,7,1,3,3,1,2,1
Chicago Tribune,1995.0,2.0,21,2,10,3,13,5,14,13,1,1,2,0,13,1
Chicago Tribune,1995.0,3.0,14,4,10,2,17,1,22,3,2,0,3,1,2,0
Chicago Tribune,1995.0,4.0,17,7,10,2,22,2,14,3,1,0,3,0,5,0
Chicago Tribune,1995.0,5.0,17,5,14,5,17,7,14,5,1,0,2,1,6,0
Chicago Tribune,1995.0,6.0,17,10,12,1,18,2,13,7,2,0,2,1,9,2
Chicago Tribune,1995.0,7.0,15,2,7,5,10,1,14,4,1,0,3,0,7,2
Chicago Tribune,1995.0,8.0,14,0,8,3,14,0,14,10,2,1,0,0,8,0
Chicago Tribune,1995.0,9.0,18,6,3,0,11,2,14,5,1,1,2,2,6,1
Chicago Tribune,1995.0,10.0,17,4,9,0,11,4,6,0,0,2,0,0,11,0
Chicago Tribune,1995.0,11.0,10,3,4,3,15,1,16,6,0,0,2,0,6,0
Chicago Tribune,1995.0,12.0,15,1,10,4,7,8,8,4,3,0,3,0,8,0
Chicago Tribune,1996.0,1.0,8,1,8,0,12,1,15,2,0,0,2,0,5,0
Chicago Tribune,1996.0,2.0,6,3,12,3,8,5,11,5,1,0,7,1,11,1
Chicago Tribune,1996.0,3.0,8,6,6,2,18,3,12,6,2,0,3,0,5,0
Chicago Tribune,1996.0,4.0,12,2,9,1,13,3,5,2,1,0,5,1,4,0
Chicago Tribune,1996.0,5.0,16,3,13,1,9,2,13,9,0,0,2,0,9,0
Chicago Tribune,1996.0,6.0,9,3,15,4,3,7,20,5,2,1,4,0,9,1
Chicago Tribune,1996.0,7.0,15,1,9,6,9,2,10,5,1,0,2,2,5,0
Chicago Tribune,1996.0,8.0,19,4,8,0,13,4,18,7,0,0,3,2,9,0
Chicago Tribune,1996.0,9.0,7,2,7,3,13,2,17,12,2,0,7,0,8,0
Chicago Tribune,1996.0,10.0,12,3,8,3,11,2,17,7,1,0,0,3,6,0
Chicago Tribune,1996.0,11.0,7,2,14,1,11,4,15,6,0,1,2,0,13,0
Chicago Tribune,1996.0,12.0,15,3,19,2,7,3,12,6,0,1,1,0,3,0
Chicago Tribune,1997.0,1.0,8,2,6,3,12,3,9,5,1,1,2,1,16,0
Chicago Tribune,1997.0,2.0,6,3,10,1,13,7,6,5,1,0,4,0,8,0
Chicago Tribune,1997.0,3.0,5,7,11,0,7,5,11,3,1,0,4,0,5,0
Chicago Tribune,1997.0,4.0,18,4,8,2,8,6,8,5,1,0,4,1,8,0
Chicago Tribune,1997.0,5.0,13,2,15,5,5,5,17,4,2,0,6,0,4,1
Chicago Tribune,1997.0,6.0,16,3,8,1,6,4,20,8,1,0,6,1,6,3
Chicago Tribune,1997.0,7.0,17,3,9,3,12,4,17,3,2,0,5,0,7,0
Chicago Tribune,1997.0,8.0,16,3,11,1,10,5,13,4,1,1,3,1,5,1
Chicago Tribune,1997.0,9.0,17,3,8,3,7,2,4,8,0,0,2,1,5,1
Chicago Tribune,1997.0,10.0,13,2,7,0,8,6,19,9,1,1,5,1,11,0
Chicago Tribune,1997.0,11.0,16,4,11,1,7,5,27,12,1,0,7,0,4,0
Chicago Tribune,1997.0,12.0,19,4,6,2,12,4,10,6,0,0,1,2,13,0
Chicago Tribune,1998.0,1.0,18,1,7,0,13,4,16,8,1,1,5,3,7,0
Chicago Tribune,1998.0,2.0,13,1,5,2,4,0,8,7,1,0,2,0,5,0
Chicago Tribune,1998.0,3.0,12,2,7,1,16,3,9,15,1,0,2,0,5,0
Chicago Tribune,1998.0,4.0,16,6,14,0,13,5,17,2,0,0,2,0,6,0
Chicago Tribune,1998.0,5.0,6,1,9,1,11,2,13,3,0,1,1,2,3,0
Chicago Tribune,1998.0,6.0,14,3,6,0,12,5,19,3,0,2,6,0,4,0
Chicago Tribune,1998.0,7.0,10,3,7,1,7,1,15,9,0,0,0,1,8,1
Chicago Tribune,1998.0,8.0,14,2,4,3,7,7,13,4,0,0,3,2,5,0
Chicago Tribune,1998.0,9.0,10,0,5,0,5,3,14,7,2,0,3,0,8,0
Chicago Tribune,1998.0,10.0,12,3,3,4,9,1,18,5,1,0,3,0,10,0
Chicago Tribune,1998.0,11.0,11,2,6,0,10,2,15,5,1,0,3,0,5,0
Chicago Tribune,1998.0,12.0,11,0,10,0,9,4,8,5,2,0,3,0,6,0
Chicago Tribune,1999.0,1.0,5,4,5,3,5,0,9,4,1,0,3,1,3,0
Chicago Tribune,1999.0,2.0,18,1,7,1,14,2,14,4,1,1,2,0,6,0
Chicago Tribune,1999.0,3.0,7,1,10,3,15,5,12,6,1,0,2,0,7,0
Chicago Tribune,1999.0,4.0,23,3,14,4,12,2,11,3,4,0,2,1,6,0
Chicago Tribune,1999.0,5.0,12,3,7,2,6,5,19,4,0,2,2,2,9,0
Chicago Tribune,1999.0,6.0,9,3,9,4,10,2,7,3,0,1,0,0,6,0
Chicago Tribune,1999.0,7.0,19,3,6,3,10,2,18,8,1,0,2,1,7,0
Chicago Tribune,1999.0,8.0,10,4,9,1,5,1,8,5,3,0,7,0,6,1
Chicago Tribune,1999.0,9.0,10,6,7,0,9,2,16,8,1,0,5,0,8,0
Chicago Tribune,1999.0,10.0,17,3,7,0,11,5,15,6,0,0,2,1,4,0
Chicago Tribune,1999.0,11.0,13,2,13,4,7,0,19,3,3,0,3,0,9,0
Chicago Tribune,1999.0,12.0,18,3,7,4,15,3,11,4,0,0,1,1,9,0
Chicago Tribune,2000.0,1.0,6,2,7,3,7,0,14,4,1,0,1,2,6,0
Chicago Tribune,2000.0,2.0,13,4,7,1,9,0,16,3,1,0,5,0,7,0
Chicago Tribune,2000.0,3.0,11,5,12,2,14,4,10,8,2,0,4,1,6,0
Chicago Tribune,2000.0,4.0,8,0,9,1,17,1,8,10,0,0,2,0,10,0
Chicago Tribune,2000.0,5.0,21,4,13,1,15,1,14,6,0,1,0,0,6,0
Chicago Tribune,2000.0,6.0,9,1,13,1,24,3,14,10,0,0,4,1,10,1
Chicago Tribune,2000.0,7.0,7,5,6,2,17,3,11,10,2,0,6,0,2,0
Chicago Tribune,2000.0,8.0,16,1,13,2,18,1,9,6,2,0,4,2,14,0
Chicago Tribune,2000.0,9.0,19,3,9,3,16,1,16,11,1,0,3,0,6,1
Chicago Tribune,2000.0,10.0,5,6,14,2,9,3,11,8,0,0,5,0,7,1
Chicago Tribune,2000.0,11.0,10,1,8,3,12,0,10,6,0,0,2,0,7,0
Chicago Tribune,2000.0,12.0,15,1,14,3,15,3,11,5,1,1,3,0,10,1
Chicago Tribune,2001.0,1.0,19,0,8,5,16,4,11,5,1,0,2,0,1,0
Chicago Tribune,2001.0,2.0,5,1,13,5,10,3,9,4,0,0,2,0,6,0
Chicago Tribune,2001.0,3.0,10,0,9,5,15,4,17,7,0,0,3,2,10,2
Chicago Tribune,2001.0,4.0,22,0,7,6,20,4,12,7,1,3,2,1,13,2
Chicago Tribune,2001.0,5.0,10,6,5,0,13,4,18,11,1,0,2,0,5,0
Chicago Tribune,2001.0,6.0,11,0,4,2,14,6,7,3,0,0,1,0,5,0
Chicago Tribune,2001.0,7.0,10,3,6,1,14,2,18,5,0,0,1,0,6,1
Chicago Tribune,2001.0,8.0,13,3,10,4,15,5,13,4,0,0,2,0,5,0
Chicago Tribune,2001.0,9.0,5,0,11,1,4,1,6,3,0,0,0,0,4,0
Chicago Tribune,2001.0,10.0,3,2,8,0,4,3,18,1,2,1,1,1,3,0
Chicago Tribune,2001.0,11.0,7,4,5,0,6,4,10,8,0,0,0,4,5,2
Chicago Tribune,2001.0,12.0,8,3,7,4,8,3,4,10,0,1,4,1,6,0
Chicago Tribune,2002.0,1.0,5,6,2,4,5,7,14,10,1,0,2,1,8,0
Chicago Tribune,2002.0,2.0,12,0,9,3,12,8,20,17,0,0,4,0,9,0
Chicago Tribune,2002.0,3.0,10,2,8,1,15,2,13,12,1,0,1,3,4,0
Chicago Tribune,2002.0,4.0,10,3,9,1,10,3,12,10,0,2,0,1,3,1
Chicago Tribune,2002.0,5.0,8,1,5,0,10,2,19,15,0,0,2,1,6,1
Chicago Tribune,2002.0,6.0,9,2,11,2,9,4,11,16,0,1,1,0,6,1
Chicago Tribune,2002.0,7.0,15,2,7,0,9,3,12,16,2,0,5,0,4,0
Chicago Tribune,2002.0,8.0,11,5,8,2,10,5,10,11,0,0,1,1,2,1
Chicago Tribune,2002.0,9.0,12,2,6,2,12,3,10,8,0,0,0,1,2,1
Chicago Tribune,2002.0,10.0,17,4,5,2,10,1,14,9,2,0,1,4,5,0
Chicago Tribune,2002.0,11.0,8,1,7,1,11,1,19,10,0,0,2,2,8,3
Chicago Tribune,2002.0,12.0,8,6,10,2,11,1,14,8,0,0,1,0,7,1
Chicago Tribune,2003.0,1.0,9,6,8,0,11,6,10,16,0,0,1,2,9,0
Chicago Tribune,2003.0,2.0,11,0,5,1,12,3,10,8,0,0,2,0,4,0
Chicago Tribune,2003.0,3.0,11,4,4,1,10,2,15,16,2,0,4,0,2,0
Chicago Tribune,2003.0,4.0,14,1,8,1,12,1,17,7,2,0,0,2,8,0
Chicago Tribune,2003.0,5.0,16,2,7,1,11,0,19,10,1,1,4,1,3,0
Chicago Tribune,2003.0,6.0,9,6,13,4,9,1,10,13,0,0,5,1,4,0
Chicago Tribune,2003.0,7.0,14,4,13,2,7,2,10,9,1,0,1,0,9,0
Chicago Tribune,2003.0,8.0,12,3,9,2,17,6,16,7,1,0,0,0,3,0
Chicago Tribune,2003.0,9.0,16,0,6,2,6,3,11,15,1,0,2,0,5,0
Chicago Tribune,2003.0,10.0,15,2,12,4,9,0,8,14,0,1,0,1,4,1
Chicago Tribune,2003.0,11.0,11,6,7,2,11,4,13,25,0,0,4,0,7,0
Chicago Tribune,2003.0,12.0,13,5,4,1,9,0,18,14,0,0,2,1,6,0
Chicago Tribune,2004.0,1.0,9,3,5,0,12,0,15,10,0,0,2,0,10,0
Chicago Tribune,2004.0,2.0,12,4,12,1,9,0,12,9,0,0,0,2,8,0
Chicago Tribune,2004.0,3.0,10,1,4,1,7,2,8,6,1,1,3,2,4,0
Chicago Tribune,2004.0,4.0,3,6,3,3,7,3,5,12,0,0,1,1,7,0
Chicago Tribune,2004.0,5.0,4,1,4,0,12,4,13,5,0,0,1,0,6,0
Chicago Tribune,2004.0,6.0,10,4,4,1,5,4,13,6,0,1,6,0,9,1
Chicago Tribune,2004.0,7.0,10,2,2,1,10,1,8,1,1,0,1,2,5,0
Chicago Tribune,2004.0,8.0,5,3,8,1,7,1,10,17,0,0,0,0,4,0
Chicago Tribune,2004.0,9.0,14,7,5,3,13,3,6,8,1,0,0,1,7,0
Chicago Tribune,2004.0,10.0,7,4,3,1,8,2,14,11,0,1,0,2,9,1
Chicago Tribune,2004.0,11.0,8,4,3,5,7,0,11,11,1,0,5,0,4,0
Chicago Tribune,2004.0,12.0,5,1,9,4,10,0,10,9,3,0,2,0,2,1
Chicago Tribune,2005.0,1.0,12,2,3,3,12,3,8,8,0,0,3,0,5,0
Chicago Tribune,2005.0,2.0,9,1,6,2,11,2,13,7,1,0,1,1,6,1
Chicago Tribune,2005.0,3.0,4,3,8,3,8,0,11,8,0,1,1,1,9,0
Chicago Tribune,2005.0,4.0,10,1,8,0,8,6,9,5,1,0,2,0,8,0
Chicago Tribune,2005.0,5.0,11,1,9,2,1,1,8,11,0,0,5,2,9,1
Chicago Tribune,2005.0,6.0,10,1,16,2,10,1,12,13,0,1,1,0,7,0
Chicago Tribune,2005.0,7.0,11,1,8,2,10,5,9,4,0,0,2,0,12,1
Chicago Tribune,2005.0,8.0,6,0,4,3,7,0,5,5,2,0,2,0,2,0
Chicago Tribune,2005.0,9.0,6,1,1,1,4,2,7,3,0,0,1,0,4,1
Chicago Tribune,2005.0,10.0,7,1,6,2,7,1,14,6,2,0,2,1,6,0
Chicago Tribune,2005.0,11.0,7,3,4,1,7,0,14,4,0,1,2,1,5,0
Chicago Tribune,2005.0,12.0,16,3,5,0,9,0,14,6,1,3,1,0,9,0
Chicago Tribune,2006.0,1.0,6,4,4,2,6,5,11,4,0,0,3,1,3,1
Chicago Tribune,2006.0,2.0,4,0,3,2,10,6,3,8,1,1,0,1,4,0
Chicago Tribune,2006.0,3.0,10,3,2,1,10,3,17,10,1,0,2,0,8,0
Chicago Tribune,2006.0,4.0,15,3,6,1,9,8,11,3,1,0,0,1,7,1
Chicago Tribune,2006.0,5.0,10,6,3,0,7,3,14,4,0,1,1,1,5,0
Chicago Tribune,2006.0,6.0,4,6,2,1,11,9,9,8,0,0,2,2,8,0
Chicago Tribune,2006.0,7.0,11,0,8,1,5,0,8,3,2,0,0,0,5,0
Chicago Tribune,2006.0,8.0,12,6,5,1,7,3,13,5,0,1,0,3,6,1
Chicago Tribune,2006.0,9.0,12,3,6,1,6,3,8,9,1,0,2,0,3,0
Chicago Tribune,2006.0,10.0,12,2,3,0,8,2,11,4,0,0,0,0,9,1
Chicago Tribune,2006.0,11.0,13,2,0,5,5,0,18,5,1,1,0,1,5,0
Chicago Tribune,2006.0,12.0,8,3,3,2,4,3,13,12,0,0,1,0,5,0
Chicago Tribune,2007.0,1.0,8,3,7,2,8,2,3,3,0,1,2,0,7,0
Chicago Tribune,2007.0,2.0,5,1,7,1,10,3,7,4,0,0,1,0,4,0
Chicago Tribune,2007.0,3.0,11,8,7,3,4,5,17,12,2,0,1,1,9,3
Chicago Tribune,2007.0,4.0,10,3,4,1,9,2,7,4,1,1,1,1,6,0
Chicago Tribune,2007.0,5.0,13,1,2,0,5,1,6,4,0,0,0,1,4,1
Chicago Tribune,2007.0,6.0,14,1,1,0,9,3,6,6,1,0,0,0,3,1
Chicago Tribune,2007.0,7.0,15,3,7,3,9,4,10,11,0,0,1,0,6,1
Chicago Tribune,2007.0,8.0,14,4,7,1,14,0,13,6,0,0,2,0,2,2
Chicago Tribune,2007.0,9.0,13,3,9,0,10,1,16,7,1,0,0,0,5,0
Chicago Tribune,2007.0,10.0,14,4,5,1,9,3,5,3,1,0,0,0,3,0
Chicago Tribune,2007.0,11.0,15,1,6,3,9,4,9,6,0,0,2,1,1,1
Chicago Tribune,2007.0,12.0,9,4,5,0,17,3,7,5,0,0,2,0,6,0
Chicago Tribune,2008.0,1.0,5,0,3,0,11,2,12,4,0,0,1,2,3,0
Chicago Tribune,2008.0,2.0,11,1,4,1,6,1,3,4,0,1,1,1,2,0
Chicago Tribune,2008.0,3.0,13,5,5,0,9,4,20,6,0,0,4,4,10,0
Chicago Tribune,2008.0,4.0,17,3,11,4,13,1,8,4,0,0,2,0,4,0
Chicago Tribune,2008.0,5.0,10,1,3,0,6,2,4,4,0,1,4,1,5,0
Chicago Tribune,2008.0,6.0,5,3,5,1,10,3,12,5,1,0,0,0,2,0
Chicago Tribune,2008.0,7.0,5,3,5,1,8,4,10,5,0,0,1,0,4,0
Chicago Tribune,2008.0,8.0,14,7,7,2,5,2,12,1,2,0,1,0,3,0
Chicago Tribune,2008.0,9.0,10,1,2,0,5,1,20,4,0,0,0,0,2,0
Chicago Tribune,2008.0,10.0,5,1,7,0,8,3,8,1,0,0,0,0,1,0
Chicago Tribune,2008.0,11.0,5,0,3,2,6,1,6,3,1,0,0,1,2,0
Chicago Tribune,2008.0,12.0,5,4,4,1,6,1,8,2,1,1,0,0,3,0
Chicago Tribune,2009.0,1.0,2,1,2,0,12,1,11,3,0,0,0,0,1,0
Chicago Tribune,2009.0,2.0,9,2,1,2,9,1,6,4,0,0,0,0,5,0
Chicago Tribune,2009.0,3.0,10,2,2,1,3,4,10,7,0,0,0,0,0,0
Chicago Tribune,2009.0,4.0,8,2,7,0,7,0,8,2,3,0,1,0,1,0
Chicago Tribune,2009.0,5.0,7,0,4,0,6,0,11,3,0,0,1,1,4,1
Chicago Tribune,2009.0,6.0,15,0,4,1,4,2,6,1,0,0,0,0,7,0
Chicago Tribune,2009.0,7.0,14,1,4,0,4,1,9,2,0,0,0,0,4,0
Chicago Tribune,2009.0,8.0,8,0,2,0,4,0,7,1,0,0,0,0,1,0
Chicago Tribune,2009.0,9.0,5,1,3,0,5,1,8,0,0,0,0,1,4,0
Chicago Tribune,2009.0,10.0,10,1,0,0,8,0,9,5,2,0,0,1,3,0
Chicago Tribune,2009.0,11.0,5,3,2,1,3,0,11,2,0,0,0,0,5,0
Chicago Tribune,2009.0,12.0,12,3,2,2,5,1,9,1,1,0,0,0,3,0
Chicago Tribune,2010.0,1.0,12,5,3,1,7,0,12,1,0,0,0,2,3,0
Chicago Tribune,2010.0,2.0,7,3,5,1,7,0,7,1,1,0,1,0,2,0
Chicago Tribune,2010.0,3.0,6,0,6,0,7,2,9,2,2,0,0,0,2,0
Chicago Tribune,2010.0,4.0,6,3,6,0,7,1,8,2,0,1,1,1,2,1
Chicago Tribune,2010.0,5.0,9,2,7,0,7,1,8,1,0,0,1,0,4,0
Chicago Tribune,2010.0,6.0,6,3,7,1,7,0,5,2,2,0,0,2,11,0
Chicago Tribune,2010.0,7.0,14,9,3,2,11,1,6,2,0,0,0,0,5,0
Chicago Tribune,2010.0,8.0,4,4,6,0,9,1,4,5,0,1,1,1,4,0
Chicago Tribune,2010.0,9.0,11,6,3,1,8,2,9,2,0,0,2,0,1,1
Chicago Tribune,2010.0,10.0,12,6,8,0,4,0,4,5,0,0,2,0,3,0
Chicago Tribune,2010.0,11.0,10,3,2,1,5,1,13,2,0,0,1,0,3,0
Chicago Tribune,2010.0,12.0,20,4,4,0,6,1,6,6,1,0,2,0,0,0
Chicago Tribune,2011.0,1.0,6,3,0,2,13,0,4,3,0,0,0,1,4,2
Chicago Tribune,2011.0,2.0,2,3,5,0,9,0,3,2,0,0,0,0,0,0
Chicago Tribune,2011.0,3.0,9,0,5,1,6,12,1,1,0,0,2,0,4,0
Chicago Tribune,2011.0,4.0,9,0,2,1,7,4,5,3,0,0,3,0,2,0
Chicago Tribune,2011.0,5.0,7,2,1,0,6,4,4,3,1,0,0,0,2,0
Chicago Tribune,2011.0,6.0,6,0,5,1,10,6,7,3,0,0,0,0,5,2
Chicago Tribune,2011.0,7.0,14,1,5,0,8,3,8,7,0,0,1,0,3,0
Chicago Tribune,2011.0,8.0,11,2,4,3,8,3,10,3,1,0,1,1,3,0
Chicago Tribune,2011.0,9.0,10,3,5,2,7,2,9,5,0,0,0,1,6,1
Chicago Tribune,2011.0,10.0,10,0,2,1,9,4,11,4,1,0,1,0,6,0
Chicago Tribune,2011.0,11.0,9,0,5,0,6,1,12,4,0,0,1,0,2,0
Chicago Tribune,2011.0,12.0,11,2,7,1,10,1,10,4,0,0,1,0,2,0
Chicago Tribune,2012.0,1.0,4,2,5,3,6,5,8,2,0,0,3,2,4,0
Chicago Tribune,2012.0,2.0,7,0,3,5,2,0,6,5,0,0,4,1,2,0
Chicago Tribune,2012.0,3.0,5,0,6,5,4,2,11,4,0,0,1,2,2,0
Chicago Tribune,2012.0,4.0,8,0,5,0,9,2,8,5,0,0,1,0,2,0
Chicago Tribune,2012.0,5.0,9,2,0,1,7,2,8,6,0,0,3,0,0,0
Chicago Tribune,2012.0,6.0,7,2,5,1,10,0,10,2,0,1,1,1,4,0
Chicago Tribune,2012.0,7.0,9,3,2,2,4,2,18,6,0,0,1,0,3,1
Chicago Tribune,2012.0,8.0,11,4,6,0,4,2,9,6,1,1,2,2,6,0
Chicago Tribune,2012.0,9.0,6,2,2,2,7,1,6,3,0,0,1,1,1,0
Chicago Tribune,2012.0,10.0,6,0,3,0,8,3,9,2,0,0,0,0,3,0
Chicago Tribune,2012.0,11.0,8,1,3,2,4,0,13,1,0,0,3,0,1,0
Chicago Tribune,2012.0,12.0,14,1,2,1,9,1,6,3,1,1,0,0,2,0
Chicago Tribune,2013.0,1.0,6,1,3,1,9,0,7,2,0,0,1,0,6,0
Chicago Tribune,2013.0,2.0,6,4,4,3,9,3,9,1,1,0,2,2,5,0
Chicago Tribune,2013.0,3.0,1,1,3,0,8,1,7,4,0,0,0,1,6,0
Chicago Tribune,2013.0,4.0,9,6,3,0,6,1,3,6,0,1,1,0,5,0
Chicago Tribune,2013.0,5.0,11,4,3,0,11,2,7,1,0,0,0,1,1,0
Chicago Tribune,2013.0,6.0,8,2,9,2,10,2,5,7,0,2,2,1,2,1
Chicago Tribune,2013.0,7.0,6,4,5,5,13,3,8,4,1,0,2,5,8,0
Chicago Tribune,2013.0,8.0,8,1,4,4,8,2,11,5,0,1,1,1,7,2
Chicago Tribune,2013.0,9.0,3,0,5,1,10,1,4,6,1,1,1,0,2,0
Chicago Tribune,2013.0,10.0,5,3,5,1,9,1,12,7,0,0,1,2,6,0
Chicago Tribune,2013.0,11.0,11,3,7,0,13,3,6,6,2,0,4,0,2,0
Chicago Tribune,2013.0,12.0,7,4,9,2,10,0,14,5,0,0,2,0,3,1
Chicago Tribune,2014.0,1.0,10,1,6,5,13,1,8,2,1,1,0,2,11,2
Chicago Tribune,2014.0,2.0,12,2,7,2,9,1,3,0,1,0,2,1,4,1
Chicago Tribune,2014.0,3.0,10,7,6,1,7,1,12,4,0,0,0,2,6,0
Chicago Tribune,2014.0,4.0,12,4,9,2,8,2,6,3,1,2,4,2,3,0
Chicago Tribune,2014.0,5.0,10,1,6,1,7,3,4,5,1,0,3,0,5,1
Chicago Tribune,2014.0,6.0,3,1,3,1,13,2,8,6,0,1,1,1,2,0
Chicago Tribune,2014.0,7.0,6,3,11,3,7,0,7,2,0,0,0,1,3,1
Chicago Tribune,2014.0,8.0,12,2,3,1,13,1,6,3,0,1,0,0,3,0
Chicago Tribune,2014.0,9.0,8,2,6,3,4,0,3,4,1,0,2,0,6,0
Chicago Tribune,2014.0,10.0,5,3,11,4,4,3,5,2,0,0,1,1,1,2
Chicago Tribune,2014.0,11.0,6,5,9,4,3,3,4,5,0,0,2,0,6,0
Chicago Tribune,2014.0,12.0,10,6,2,0,13,1,9,4,0,0,0,0,5,0
Chicago Tribune,2015.0,1.0,10,2,6,1,8,2,4,4,0,0,2,7,2,0
Chicago Tribune,2015.0,2.0,3,2,6,2,1,0,4,4,0,0,2,1,3,1
Chicago Tribune,2015.0,3.0,7,2,3,0,8,1,4,3,0,0,3,3,7,1
Chicago Tribune,2015.0,4.0,7,2,12,2,3,1,5,5,0,1,1,2,2,0
Chicago Tribune,2015.0,5.0,6,1,12,3,4,0,4,3,1,0,1,2,4,2
Chicago Tribune,2015.0,6.0,10,2,12,1,9,0,3,4,0,1,1,0,3,0
Chicago Tribune,2015.0,7.0,6,2,5,0,7,1,10,3,1,1,2,1,5,0
Chicago Tribune,2015.0,8.0,6,4,2,3,7,0,6,1,1,0,0,0,4,0
Chicago Tribune,2015.0,9.0,9,1,4,2,9,1,4,4,1,2,2,2,3,0
Chicago Tribune,2015.0,10.0,7,1,4,3,6,1,3,2,0,0,0,2,2,0
Chicago Tribune,2015.0,11.0,5,3,4,2,3,3,7,1,0,1,3,1,3,1
Chicago Tribune,2015.0,12.0,6,0,10,0,4,4,6,3,1,0,0,1,2,0
Chicago Tribune,2016.0,1.0,8,3,6,1,6,1,7,4,1,2,1,2,2,0
Chicago Tribune,2016.0,2.0,9,3,2,0,7,1,4,2,3,0,0,0,2,1
Chicago Tribune,2016.0,3.0,7,2,5,1,8,2,4,1,0,0,1,2,4,1
Chicago Tribune,2016.0,4.0,5,2,8,1,9,0,8,2,0,0,1,1,3,0
Chicago Tribune,2016.0,5.0,13,5,4,2,7,0,3,6,2,0,1,1,5,0
Chicago Tribune,2016.0,6.0,11,2,3,5,8,1,11,2,1,0,1,0,9,0
Chicago Tribune,2016.0,7.0,8,2,1,6,2,0,6,5,1,2,0,1,2,0
Chicago Tribune,2016.0,8.0,2,0,2,2,6,1,4,2,1,1,0,0,4,0
Chicago Tribune,2016.0,9.0,1,3,3,3,4,2,6,4,1,0,0,0,6,0
Chicago Tribune,2016.0,10.0,7,2,6,3,5,1,12,6,1,0,0,2,2,0
Chicago Tribune,2016.0,11.0,10,0,4,1,3,2,3,2,0,1,0,2,5,0
Chicago Tribune,2016.0,12.0,9,2,4,4,7,3,7,3,0,0,0,0,6,1
Chicago Tribune,2017.0,1.0,3,7,5,2,7,2,16,3,4,0,0,2,3,0
Chicago Tribune,2017.0,2.0,12,4,2,4,8,1,4,8,0,0,0,2,2,0
Chicago Tribune,2017.0,3.0,23,2,7,8,13,0,16,9,1,2,7,2,12,1
Chicago Tribune,2017.0,4.0,21,3,10,7,12,0,16,6,0,3,3,3,3,1
Chicago Tribune,2017.0,5.0,17,6,12,5,9,0,13,7,0,0,2,4,11,1
Chicago Tribune,2017.0,6.0,19,3,8,4,13,0,15,8,1,1,2,1,6,0
Chicago Tribune,2017.0,7.0,25,9,8,4,9,0,21,5,0,3,3,2,8,0
Chicago Tribune,2017.0,8.0,24,3,2,2,12,0,17,8,0,1,4,0,4,2
Chicago Tribune,2017.0,9.0,20,11,7,2,11,0,10,4,2,2,2,3,5,1
Chicago Tribune,2017.0,10.0,25,8,6,8,9,2,13,9,0,2,7,4,6,0
Chicago Tribune,2017.0,11.0,13,9,3,3,4,0,21,11,4,0,3,0,7,2
Chicago Tribune,2017.0,12.0,14,4,6,6,20,0,39,5,0,1,3,3,4,2
Chicago Tribune,2018.0,1.0,9,2,4,1,13,1,28,4,3,0,3,0,8,2
Chicago Tribune,2018.0,2.0,16,2,4,3,12,0,18,5,1,1,2,0,13,0
Chicago Tribune,2018.0,3.0,22,5,5,1,13,1,8,11,0,1,2,7,12,0
Chicago Tribune,2018.0,4.0,15,6,5,4,15,1,21,8,3,2,7,4,8,1
Chicago Tribune,2018.0,5.0,22,3,8,2,17,0,14,9,0,10,2,3,5,0
Chicago Tribune,2018.0,6.0,14,3,8,1,22,7,8,7,2,2,1,4,15,0
Chicago Tribune,2018.0,7.0,11,3,5,3,11,1,13,9,0,3,3,1,11,1
Chicago Tribune,2018.0,8.0,14,2,10,4,14,0,11,6,4,1,2,1,4,0
Chicago Tribune,2018.0,9.0,9,2,2,4,9,1,9,7,0,1,2,0,3,0
Chicago Tribune,2018.0,10.0,10,8,2,0,16,2,9,7,0,1,0,0,6,0
Chicago Tribune,2018.0,11.0,17,8,4,2,16,1,9,10,0,1,0,0,12,0
Chicago Tribune,2018.0,12.0,14,6,3,0,14,0,14,6,1,0,1,1,11,2
Chicago Tribune,2019.0,1.0,6,0,4,0,8,1,6,12,1,0,2,2,5,0
Chicago Tribune,2019.0,2.0,17,2,1,2,14,0,9,15,0,1,4,2,9,1
Chicago Tribune,2019.0,3.0,14,7,2,3,17,1,7,2,0,2,4,0,14,2
Chicago Tribune,2019.0,4.0,21,4,5,0,8,0,9,3,2,1,4,1,8,3
Chicago Tribune,2019.0,5.0,31,7,10,2,22,0,7,6,0,0,1,0,5,0
Chicago Tribune,2019.0,6.0,16,2,3,0,4,0,9,3,0,0,3,3,6,0
Chicago Tribune,2019.0,7.0,20,3,2,3,13,0,12,1,2,0,0,3,2,2
Chicago Tribune,2019.0,8.0,9,3,4,1,14,2,10,3,0,0,2,0,3,0
Chicago Tribune,2019.0,9.0,22,3,6,3,10,0,5,0,1,0,0,3,5,1
Chicago Tribune,2019.0,10.0,29,7,5,2,11,1,9,5,4,0,3,2,6,3
Chicago Tribune,2019.0,11.0,12,3,1,7,12,0,12,2,2,2,2,0,4,0
Chicago Tribune,2019.0,12.0,12,3,4,3,14,1,0,4,0,1,1,0,3,0
Chicago Tribune,2020.0,1.0,8,2,1,0,5,5,1,5,0,0,0,2,3,0
Chicago Tribune,2020.0,2.0,10,1,1,1,2,1,2,5,2,0,2,0,2,0
Chicago Tribune,2020.0,3.0,12,4,1,2,7,3,0,2,0,0,1,3,1,0
Chicago Tribune,2020.0,4.0,9,3,0,3,8,0,1,1,2,0,1,2,1,0
Chicago Tribune,2020.0,5.0,19,0,3,2,9,0,4,1,0,2,1,0,3,1
Chicago Tribune,2020.0,6.0,8,1,2,2,2,0,6,1,0,0,0,0,4,1
Chicago Tribune,2020.0,7.0,8,3,3,1,12,2,5,3,0,1,1,3,5,0
Chicago Tribune,2020.0,8.0,18,3,7,3,12,1,8,4,0,0,2,0,1,0
Chicago Tribune,2020.0,9.0,23,5,12,0,14,0,9,3,0,1,4,1,5,0
Chicago Tribune,2020.0,10.0,16,0,4,3,18,1,9,3,0,0,4,3,4,0
Chicago Tribune,2020.0,11.0,21,4,3,0,11,1,15,3,0,5,3,2,8,3
Chicago Tribune,2020.0,12.0,20,3,6,3,19,1,7,4,0,3,2,1,8,0
Chicago Tribune,2021.0,1.0,12,1,7,0,10,0,12,7,1,1,1,3,5,5
Chicago Tribune,2021.0,2.0,19,2,7,0,9,2,6,5,0,3,1,0,3,0
Chicago Tribune,2021.0,3.0,36,12,9,0,15,0,4,5,0,0,1,1,5,1
Chicago Tribune,2021.0,4.0,13,3,5,4,25,3,10,8,4,2,2,2,4,0
Chicago Tribune,2021.0,5.0,19,1,9,1,16,3,8,3,0,0,2,1,1,0
Chicago Tribune,2021.0,6.0,17,1,2,3,13,2,11,7,0,2,7,0,4,0
Chicago Tribune,2021.0,7.0,15,2,10,9,11,4,6,5,1,0,2,2,8,0
Chicago Tribune,2021.0,8.0,11,3,8,1,12,3,6,5,0,0,3,0,9,0
Chicago Tribune,2021.0,9.0,8,0,3,1,6,1,4,0,0,1,1,0,4,0
Chicago Tribune,2021.0,10.0,14,3,3,1,6,0,10,6,0,0,4,2,2,1
Chicago Tribune,2021.0,11.0,10,3,3,3,14,1,3,3,1,0,0,0,4,0
Chicago Tribune,2021.0,12.0,9,0,0,4,5,0,6,1,0,0,4,1,5,1
Los Angeles Times,1985.0,1.0,16,7,11,3,29,3,26,5,2,1,2,2,5,1
Los Angeles Times,1985.0,2.0,11,9,13,6,19,3,15,11,5,1,2,0,10,0
Los Angeles Times,1985.0,3.0,18,8,11,4,18,6,31,13,4,1,3,0,9,1
Los Angeles Times,1985.0,4.0,14,6,9,4,22,1,25,9,1,0,5,0,11,0
Los Angeles Times,1985.0,5.0,12,4,6,5,21,3,26,9,2,1,4,2,7,0
Los Angeles Times,1985.0,6.0,16,6,10,2,24,9,35,13,2,1,7,1,11,1
Los Angeles Times,1985.0,7.0,13,7,15,4,30,5,23,8,1,1,5,2,6,1
Los Angeles Times,1985.0,8.0,9,3,7,2,32,5,24,4,1,1,6,0,16,3
Los Angeles Times,1985.0,9.0,14,5,16,4,31,6,25,5,3,0,7,1,17,0
Los Angeles Times,1985.0,10.0,19,8,14,8,17,4,26,8,6,1,1,2,12,1
Los Angeles Times,1985.0,11.0,16,3,12,4,18,3,22,7,5,3,3,1,10,0
Los Angeles Times,1985.0,12.0,15,8,16,5,22,2,21,12,3,2,5,1,7,0
Los Angeles Times,1986.0,1.0,15,7,18,9,32,11,36,13,1,1,7,2,5,0
Los Angeles Times,1986.0,2.0,10,9,15,5,27,9,30,3,0,0,5,1,10,0
Los Angeles Times,1986.0,3.0,18,10,14,8,25,7,16,4,4,2,1,2,15,0
Los Angeles Times,1986.0,4.0,14,5,10,3,28,4,31,8,4,0,3,0,9,0
Los Angeles Times,1986.0,5.0,19,9,10,5,18,11,27,7,3,0,4,4,12,0
Los Angeles Times,1986.0,6.0,19,10,16,4,22,9,20,10,0,1,1,3,7,1
Los Angeles Times,1986.0,7.0,17,12,13,8,36,9,20,16,3,0,6,0,5,1
Los Angeles Times,1986.0,8.0,16,5,23,4,29,11,26,12,0,1,3,1,13,0
Los Angeles Times,1986.0,9.0,16,7,21,5,17,7,20,10,1,0,1,1,17,0
Los Angeles Times,1986.0,10.0,18,12,22,4,22,6,23,13,0,0,2,2,9,1
Los Angeles Times,1986.0,11.0,16,13,15,7,34,8,27,10,2,0,3,1,15,2
Los Angeles Times,1986.0,12.0,12,8,12,4,28,10,23,9,0,1,2,0,7,0
Los Angeles Times,1987.0,1.0,17,14,23,9,27,1,30,16,1,1,3,1,14,0
Los Angeles Times,1987.0,2.0,14,16,8,2,14,2,21,19,3,0,2,2,7,0
Los Angeles Times,1987.0,3.0,15,12,23,4,35,8,28,12,0,0,7,3,7,1
Los Angeles Times,1987.0,4.0,13,11,13,7,30,11,24,9,6,0,3,3,9,3
Los Angeles Times,1987.0,5.0,15,18,26,3,20,2,14,11,0,0,1,0,14,0
Los Angeles Times,1987.0,6.0,9,12,22,2,34,2,18,9,0,1,3,2,10,1
Los Angeles Times,1987.0,7.0,13,9,14,5,39,3,24,12,0,1,9,4,8,1
Los Angeles Times,1987.0,8.0,22,9,11,10,33,10,23,7,2,0,5,2,13,1
Los Angeles Times,1987.0,9.0,17,6,30,3,20,4,30,6,1,1,4,3,8,1
Los Angeles Times,1987.0,10.0,18,18,20,8,23,5,26,12,1,0,2,2,13,0
Los Angeles Times,1987.0,11.0,16,10,21,7,23,6,32,11,1,1,0,3,18,0
Los Angeles Times,1987.0,12.0,16,5,15,8,20,4,27,10,2,1,4,1,8,1
Los Angeles Times,1988.0,1.0,30,12,8,9,41,3,27,11,2,0,3,1,13,0
Los Angeles Times,1988.0,2.0,28,13,15,10,28,8,29,6,1,3,0,0,14,0
Los Angeles Times,1988.0,3.0,20,4,24,6,30,6,31,17,1,2,3,1,11,0
Los Angeles Times,1988.0,4.0,27,4,27,7,22,4,14,9,1,0,3,1,9,0
Los Angeles Times,1988.0,5.0,25,6,14,3,32,3,30,14,2,2,5,3,11,1
Los Angeles Times,1988.0,6.0,18,13,22,8,33,8,22,9,2,1,6,0,15,2
Los Angeles Times,1988.0,7.0,12,9,10,4,26,7,20,3,2,1,5,1,11,0
Los Angeles Times,1988.0,8.0,22,16,14,4,29,3,31,16,2,0,3,2,11,2
Los Angeles Times,1988.0,9.0,24,9,20,10,43,5,33,8,2,1,5,0,10,0
Los Angeles Times,1988.0,10.0,31,5,21,3,28,1,27,11,2,1,2,1,14,0
Los Angeles Times,1988.0,11.0,19,8,14,4,32,5,24,12,0,0,5,3,14,0
Los Angeles Times,1988.0,12.0,20,9,18,10,40,9,48,16,0,1,6,1,17,0
Los Angeles Times,1989.0,1.0,32,8,21,10,31,10,41,20,3,3,5,2,18,0
Los Angeles Times,1989.0,2.0,17,12,13,4,29,3,47,14,1,1,5,1,7,0
Los Angeles Times,1989.0,3.0,21,9,17,7,31,7,43,17,0,0,1,7,15,2
Los Angeles Times,1989.0,4.0,25,9,9,5,41,9,41,15,0,0,7,1,18,1
Los Angeles Times,1989.0,5.0,35,11,18,5,58,11,39,19,3,3,2,2,19,1
Los Angeles Times,1989.0,6.0,22,15,16,6,51,12,37,15,3,0,4,2,13,1
Los Angeles Times,1989.0,7.0,28,8,15,5,50,6,30,12,8,0,5,2,14,1
Los Angeles Times,1989.0,8.0,23,6,10,2,59,7,41,23,2,0,3,3,22,1
Los Angeles Times,1989.0,9.0,24,8,8,5,28,10,42,17,2,1,5,2,11,0
Los Angeles Times,1989.0,10.0,27,16,19,3,40,13,42,15,4,1,6,1,16,3
Los Angeles Times,1989.0,11.0,25,13,16,8,39,6,38,20,1,1,5,1,22,1
Los Angeles Times,1989.0,12.0,19,9,21,7,36,9,44,20,2,3,5,0,11,2
Los Angeles Times,1990.0,1.0,20,13,12,3,50,2,41,15,3,2,4,5,16,0
Los Angeles Times,1990.0,2.0,16,10,17,4,50,7,37,13,2,1,7,3,15,1
Los Angeles Times,1990.0,3.0,26,11,9,7,31,7,33,11,3,0,6,2,14,0
Los Angeles Times,1990.0,4.0,20,9,18,5,53,6,46,17,1,1,6,4,14,1
Los Angeles Times,1990.0,5.0,30,7,13,5,50,5,40,11,1,0,3,3,15,0
Los Angeles Times,1990.0,6.0,22,19,12,3,41,5,39,18,3,0,8,0,19,0
Los Angeles Times,1990.0,7.0,30,14,16,9,69,7,47,18,4,2,5,3,12,1
Los Angeles Times,1990.0,8.0,5,7,9,6,40,5,30,11,1,3,4,1,11,0
Los Angeles Times,1990.0,9.0,17,7,18,7,50,6,34,19,1,0,2,1,14,2
Los Angeles Times,1990.0,10.0,19,3,9,6,49,5,37,16,2,1,4,3,13,1
Los Angeles Times,1990.0,11.0,13,10,8,2,40,3,39,17,2,0,5,1,15,3
Los Angeles Times,1990.0,12.0,17,14,12,8,39,5,45,14,0,0,5,2,6,0
Los Angeles Times,1991.0,1.0,25,7,12,6,34,6,39,10,1,0,9,1,14,0
Los Angeles Times,1991.0,2.0,19,11,21,1,34,4,31,8,3,0,5,1,20,0
Los Angeles Times,1991.0,3.0,18,8,13,2,40,4,36,25,6,1,2,1,16,1
Los Angeles Times,1991.0,4.0,25,5,17,10,44,1,50,14,4,0,5,2,19,1
Los Angeles Times,1991.0,5.0,38,7,10,4,49,7,47,26,3,2,4,0,27,0
Los Angeles Times,1991.0,6.0,22,5,18,7,41,6,35,16,5,1,0,1,12,1
Los Angeles Times,1991.0,7.0,16,10,18,2,49,8,45,8,0,0,3,2,24,1
Los Angeles Times,1991.0,8.0,27,12,15,8,48,2,50,14,0,0,2,1,17,1
Los Angeles Times,1991.0,9.0,21,5,12,4,32,2,47,12,0,1,4,0,11,3
Los Angeles Times,1991.0,10.0,28,4,8,8,28,3,34,14,0,2,2,2,19,0
Los Angeles Times,1991.0,11.0,19,11,9,5,43,7,59,12,1,0,3,3,17,2
Los Angeles Times,1991.0,12.0,23,8,12,2,40,0,29,9,1,1,4,0,18,1
Los Angeles Times,1992.0,1.0,32,11,13,5,47,7,30,6,2,2,4,6,21,1
Los Angeles Times,1992.0,2.0,28,10,15,4,30,7,27,15,1,3,2,3,13,2
Los Angeles Times,1992.0,3.0,16,5,8,9,35,3,35,18,2,1,2,1,13,2
Los Angeles Times,1992.0,4.0,13,14,11,9,32,1,35,20,3,3,4,0,18,2
Los Angeles Times,1992.0,5.0,20,5,15,10,43,2,24,6,0,3,2,2,19,1
Los Angeles Times,1992.0,6.0,21,8,20,2,40,5,26,12,0,0,6,2,18,4
Los Angeles Times,1992.0,7.0,18,10,8,6,41,5,22,11,3,0,3,0,9,1
Los Angeles Times,1992.0,8.0,26,8,8,4,36,3,25,7,1,0,1,0,9,2
Los Angeles Times,1992.0,9.0,16,7,11,5,37,3,22,9,5,0,4,1,15,3
Los Angeles Times,1992.0,10.0,37,8,15,6,37,3,38,16,3,0,6,2,14,2
Los Angeles Times,1992.0,11.0,18,11,13,4,23,3,28,6,2,1,3,3,10,4
Los Angeles Times,1992.0,12.0,16,6,12,4,31,2,33,6,4,0,4,0,10,4
Los Angeles Times,1993.0,1.0,19,11,3,6,42,2,18,8,3,0,1,2,11,1
Los Angeles Times,1993.0,2.0,19,5,15,5,24,1,24,11,2,0,3,0,6,1
Los Angeles Times,1993.0,3.0,17,6,11,4,26,3,18,11,1,0,7,0,9,2
Los Angeles Times,1993.0,4.0,22,4,11,2,25,2,19,14,1,2,9,1,9,1
Los Angeles Times,1993.0,5.0,13,10,12,3,25,0,30,14,2,0,7,1,13,2
Los Angeles Times,1993.0,6.0,23,7,6,0,23,1,23,7,2,1,6,5,13,1
Los Angeles Times,1993.0,7.0,19,8,6,8,30,1,16,10,1,0,6,0,10,1
Los Angeles Times,1993.0,8.0,21,9,11,3,31,2,9,11,1,1,6,1,7,0
Los Angeles Times,1993.0,9.0,23,5,15,10,23,4,19,16,2,1,11,1,9,0
Los Angeles Times,1993.0,10.0,20,9,11,6,34,1,20,8,2,2,7,3,8,2
Los Angeles Times,1993.0,11.0,32,13,11,11,23,2,29,23,2,0,6,1,10,1
Los Angeles Times,1993.0,12.0,16,8,10,4,35,2,30,13,0,2,5,2,11,3
Los Angeles Times,1994.0,1.0,27,6,11,2,18,3,30,13,0,1,5,4,10,1
Los Angeles Times,1994.0,2.0,23,10,13,4,25,7,14,12,2,0,7,3,6,1
Los Angeles Times,1994.0,3.0,23,4,12,5,27,5,25,19,1,3,6,3,11,0
Los Angeles Times,1994.0,4.0,23,8,12,3,24,5,23,7,1,0,8,3,9,2
Los Angeles Times,1994.0,5.0,24,3,20,2,38,2,28,12,1,1,5,4,18,3
Los Angeles Times,1994.0,6.0,13,11,19,8,20,5,21,9,1,0,3,3,13,1
Los Angeles Times,1994.0,7.0,18,7,15,4,27,4,29,7,2,1,8,3,10,0
Los Angeles Times,1994.0,8.0,21,6,15,10,32,5,22,13,0,1,4,2,13,0
Los Angeles Times,1994.0,9.0,19,11,11,2,42,2,30,6,1,0,8,0,4,0
Los Angeles Times,1994.0,10.0,14,2,6,0,27,6,24,13,1,2,9,0,9,6
Los Angeles Times,1994.0,11.0,22,10,14,9,21,4,20,15,3,0,2,1,6,2
Los Angeles Times,1994.0,12.0,19,7,9,5,24,2,35,19,4,1,4,0,8,1
Los Angeles Times,1995.0,1.0,11,5,5,4,11,4,15,3,0,2,2,2,4,2
Los Angeles Times,1995.0,2.0,17,2,8,1,16,1,15,8,1,0,3,2,7,2
Los Angeles Times,1995.0,3.0,9,5,6,7,16,1,18,7,2,1,2,2,3,0
Los Angeles Times,1995.0,4.0,15,7,9,5,16,4,14,6,1,1,5,0,3,0
Los Angeles Times,1995.0,5.0,8,7,6,4,8,0,8,7,0,0,3,2,3,1
Los Angeles Times,1995.0,6.0,8,3,4,7,12,2,8,6,0,0,5,4,9,0
Los Angeles Times,1995.0,7.0,12,6,6,6,12,3,10,4,0,0,4,0,5,0
Los Angeles Times,1995.0,8.0,17,5,1,4,11,0,17,2,0,1,3,1,10,0
Los Angeles Times,1995.0,9.0,15,3,5,1,8,2,21,2,0,0,3,0,10,0
Los Angeles Times,1995.0,10.0,13,1,2,2,8,1,8,6,2,1,2,3,10,2
Los Angeles Times,1995.0,11.0,12,3,8,0,9,4,22,6,0,2,4,1,5,0
Los Angeles Times,1995.0,12.0,7,7,5,0,12,4,15,12,1,1,7,0,4,2
Los Angeles Times,1996.0,1.0,10,3,4,1,20,1,14,3,0,0,0,2,6,1
Los Angeles Times,1996.0,2.0,7,6,1,1,9,0,12,3,0,0,2,0,5,1
Los Angeles Times,1996.0,3.0,25,7,1,2,13,4,21,5,1,2,2,1,4,0
Los Angeles Times,1996.0,4.0,8,3,8,3,11,1,15,9,0,0,7,1,4,0
Los Angeles Times,1996.0,5.0,8,1,10,9,9,3,6,11,2,0,4,0,5,0
Los Angeles Times,1996.0,6.0,7,1,9,3,8,1,16,9,1,1,2,0,3,0
Los Angeles Times,1996.0,7.0,10,4,5,2,13,1,14,5,1,0,3,2,8,0
Los Angeles Times,1996.0,8.0,20,2,12,2,21,2,15,6,1,2,4,3,5,0
Los Angeles Times,1996.0,9.0,14,5,8,3,6,4,15,8,0,2,6,1,5,0
Los Angeles Times,1996.0,10.0,20,4,9,5,20,1,13,12,1,0,4,0,9,0
Los Angeles Times,1996.0,11.0,16,4,9,9,10,1,15,6,8,1,4,0,4,0
Los Angeles Times,1996.0,12.0,13,6,13,1,11,2,9,7,0,0,3,0,7,0
Los Angeles Times,1997.0,1.0,10,3,5,3,14,0,13,9,2,0,3,0,3,0
Los Angeles Times,1997.0,2.0,20,3,2,2,15,0,15,5,0,0,4,0,10,1
Los Angeles Times,1997.0,3.0,13,3,17,7,20,1,14,10,0,1,7,0,10,0
Los Angeles Times,1997.0,4.0,24,9,10,3,14,4,17,1,1,1,8,2,8,0
Los Angeles Times,1997.0,5.0,20,8,14,3,11,1,8,5,0,0,4,2,7,1
Los Angeles Times,1997.0,6.0,27,8,12,8,14,2,20,10,2,0,4,1,14,1
Los Angeles Times,1997.0,7.0,19,7,5,6,11,3,13,7,0,1,6,1,14,0
Los Angeles Times,1997.0,8.0,18,5,2,1,15,2,9,10,2,0,3,3,3,1
Los Angeles Times,1997.0,9.0,12,2,2,1,20,3,8,7,0,0,3,2,2,1
Los Angeles Times,1997.0,10.0,17,4,9,3,14,1,17,7,0,0,2,1,4,1
Los Angeles Times,1997.0,11.0,23,2,4,4,16,3,15,5,0,2,8,0,7,2
Los Angeles Times,1997.0,12.0,15,3,10,1,12,1,17,17,2,0,4,1,5,1
Los Angeles Times,1998.0,1.0,25,6,7,2,14,0,21,3,0,0,5,0,5,1
Los Angeles Times,1998.0,2.0,16,2,11,3,9,1,12,11,0,0,6,2,3,1
Los Angeles Times,1998.0,3.0,21,8,4,0,8,2,14,11,0,1,2,2,6,0
Los Angeles Times,1998.0,4.0,18,2,13,3,12,1,20,11,1,0,10,0,4,1
Los Angeles Times,1998.0,5.0,19,3,12,3,17,2,22,7,0,1,6,1,5,0
Los Angeles Times,1998.0,6.0,24,2,9,1,14,4,22,10,2,1,7,0,7,0
Los Angeles Times,1998.0,7.0,19,3,11,7,17,1,22,7,1,0,5,0,9,1
Los Angeles Times,1998.0,8.0,25,0,5,5,10,4,11,7,2,1,4,1,5,0
Los Angeles Times,1998.0,9.0,18,7,8,8,13,3,16,5,2,0,4,1,3,0
Los Angeles Times,1998.0,10.0,16,4,5,4,17,4,23,7,2,0,6,1,11,0
Los Angeles Times,1998.0,11.0,8,3,7,1,11,9,15,12,0,0,8,2,12,1
Los Angeles Times,1998.0,12.0,12,9,7,4,6,4,19,4,0,0,6,0,6,0
Los Angeles Times,1999.0,1.0,18,3,11,4,15,0,10,5,0,0,3,2,5,0
Los Angeles Times,1999.0,2.0,11,6,7,3,21,6,15,11,1,1,6,0,3,0
Los Angeles Times,1999.0,3.0,18,8,12,1,23,2,17,8,0,1,7,0,8,0
Los Angeles Times,1999.0,4.0,15,2,7,2,19,1,22,7,0,0,5,0,6,0
Los Angeles Times,1999.0,5.0,20,5,9,2,11,2,19,15,0,1,5,2,3,1
Los Angeles Times,1999.0,6.0,18,4,11,11,23,4,10,7,0,3,4,3,4,0
Los Angeles Times,1999.0,7.0,14,6,14,1,23,0,13,13,4,0,2,0,3,1
Los Angeles Times,1999.0,8.0,22,5,10,0,23,7,11,5,1,0,2,0,4,0
Los Angeles Times,1999.0,9.0,18,3,13,1,18,2,16,8,1,1,3,1,7,0
Los Angeles Times,1999.0,10.0,18,1,19,4,23,1,19,9,0,2,3,1,9,0
Los Angeles Times,1999.0,11.0,17,4,4,2,13,4,13,10,1,1,3,0,6,1
Los Angeles Times,1999.0,12.0,18,2,16,4,20,3,15,5,0,0,4,0,7,1
Los Angeles Times,2000.0,1.0,7,5,11,2,26,1,17,14,2,0,2,0,3,0
Los Angeles Times,2000.0,2.0,13,0,7,2,16,3,15,10,0,0,7,0,3,0
Los Angeles Times,2000.0,3.0,13,1,11,5,18,3,18,14,0,0,1,0,5,0
Los Angeles Times,2000.0,4.0,12,2,10,0,21,1,13,7,0,0,4,0,7,1
Los Angeles Times,2000.0,5.0,15,5,12,3,22,3,11,15,1,0,5,2,8,0
Los Angeles Times,2000.0,6.0,13,7,7,2,26,5,13,10,1,0,6,1,3,0
Los Angeles Times,2000.0,7.0,18,1,5,3,20,3,11,3,0,2,4,0,3,2
Los Angeles Times,2000.0,8.0,13,1,3,5,17,12,11,12,1,0,5,3,5,1
Los Angeles Times,2000.0,9.0,23,4,14,1,34,7,22,17,1,0,5,1,4,0
Los Angeles Times,2000.0,10.0,13,7,12,3,18,6,15,8,2,0,7,0,6,2
Los Angeles Times,2000.0,11.0,22,5,13,1,23,5,18,14,2,0,3,1,5,1
Los Angeles Times,2000.0,12.0,14,4,10,6,20,9,13,9,1,0,3,0,8,2
Los Angeles Times,2001.0,1.0,16,3,9,3,34,14,20,11,3,1,5,1,5,1
Los Angeles Times,2001.0,2.0,10,1,14,4,24,12,19,6,1,0,4,0,3,0
Los Angeles Times,2001.0,3.0,21,4,8,7,27,13,15,20,1,0,2,5,12,0
Los Angeles Times,2001.0,4.0,18,2,8,2,29,14,16,6,3,1,4,0,8,1
Los Angeles Times,2001.0,5.0,15,8,10,2,30,19,26,14,1,0,3,1,7,0
Los Angeles Times,2001.0,6.0,10,3,6,5,21,15,19,11,1,1,5,1,3,2
Los Angeles Times,2001.0,7.0,8,3,12,3,21,6,14,8,0,0,6,1,5,0
Los Angeles Times,2001.0,8.0,22,4,7,3,19,5,15,13,1,1,2,0,6,0
Los Angeles Times,2001.0,9.0,8,1,13,2,15,4,19,15,0,0,3,2,1,0
Los Angeles Times,2001.0,10.0,7,4,11,1,19,11,9,13,0,0,3,1,0,0
Los Angeles Times,2001.0,11.0,11,6,8,3,12,6,15,13,1,0,2,0,0,0
Los Angeles Times,2001.0,12.0,20,1,9,4,16,5,10,12,0,2,1,3,4,0
Los Angeles Times,2002.0,1.0,14,6,8,2,13,10,17,13,0,0,1,1,7,0
Los Angeles Times,2002.0,2.0,15,2,9,3,19,7,24,16,0,1,2,3,4,0
Los Angeles Times,2002.0,3.0,12,3,5,1,19,3,21,15,0,0,2,1,6,0
Los Angeles Times,2002.0,4.0,4,4,10,3,24,7,14,9,1,0,2,1,3,0
Los Angeles Times,2002.0,5.0,11,5,10,2,23,9,15,26,3,0,3,1,8,1
Los Angeles Times,2002.0,6.0,14,4,8,2,16,15,18,22,2,0,4,2,4,1
Los Angeles Times,2002.0,7.0,12,8,11,1,14,4,22,20,0,0,10,0,8,1
Los Angeles Times,2002.0,8.0,17,4,3,2,18,10,18,12,0,0,6,4,5,0
Los Angeles Times,2002.0,9.0,19,1,9,2,17,11,17,11,1,0,5,1,9,3
Los Angeles Times,2002.0,10.0,6,4,5,4,16,3,20,13,0,0,6,0,8,0
Los Angeles Times,2002.0,11.0,10,5,13,2,22,7,17,12,2,1,5,2,11,0
Los Angeles Times,2002.0,12.0,12,7,13,2,25,6,29,11,2,0,0,0,7,0
Los Angeles Times,2003.0,1.0,9,5,15,1,16,6,13,18,0,0,8,1,5,1
Los Angeles Times,2003.0,2.0,11,5,15,7,21,4,19,15,0,0,5,2,7,1
Los Angeles Times,2003.0,3.0,20,6,8,0,15,9,16,10,1,0,7,0,8,0
Los Angeles Times,2003.0,4.0,12,1,6,1,21,6,24,16,2,0,2,1,3,0
Los Angeles Times,2003.0,5.0,14,7,14,2,19,1,20,10,3,0,3,1,8,0
Los Angeles Times,2003.0,6.0,9,4,11,3,22,5,18,7,0,1,3,2,7,1
Los Angeles Times,2003.0,7.0,17,4,9,4,20,5,19,13,1,0,4,3,5,1
Los Angeles Times,2003.0,8.0,10,4,7,2,25,10,18,10,0,0,4,1,5,0
Los Angeles Times,2003.0,9.0,7,3,7,1,28,6,23,17,0,0,3,3,13,0
Los Angeles Times,2003.0,10.0,17,6,12,2,26,6,17,21,0,0,3,1,8,2
Los Angeles Times,2003.0,11.0,11,6,5,6,27,6,22,23,0,1,5,2,5,0
Los Angeles Times,2003.0,12.0,21,9,9,3,23,2,25,20,0,0,3,1,7,0
Los Angeles Times,2004.0,1.0,23,6,6,3,10,4,24,6,0,1,0,1,8,0
Los Angeles Times,2004.0,2.0,8,7,6,1,11,3,26,31,0,0,5,0,6,0
Los Angeles Times,2004.0,3.0,20,4,7,3,25,6,14,27,3,1,3,2,5,0
Los Angeles Times,2004.0,4.0,10,9,9,5,17,3,18,20,0,0,4,3,8,0
Los Angeles Times,2004.0,5.0,10,7,4,4,25,3,11,15,2,0,3,1,7,0
Los Angeles Times,2004.0,6.0,8,4,10,6,16,3,13,17,2,0,6,0,6,0
Los Angeles Times,2004.0,7.0,13,5,5,7,19,2,18,12,1,0,2,1,5,0
Los Angeles Times,2004.0,8.0,9,4,4,1,19,2,11,12,0,0,0,0,2,0
Los Angeles Times,2004.0,9.0,12,4,7,6,17,4,22,14,0,0,4,0,7,0
Los Angeles Times,2004.0,10.0,22,2,9,3,20,7,22,10,2,3,5,3,5,0
Los Angeles Times,2004.0,11.0,12,5,8,1,14,3,13,10,1,0,2,1,4,1
Los Angeles Times,2004.0,12.0,17,8,6,6,25,3,18,11,0,2,7,0,8,1
Los Angeles Times,2005.0,1.0,13,5,8,7,15,1,14,12,0,1,6,0,7,1
Los Angeles Times,2005.0,2.0,10,4,3,2,15,3,10,10,0,0,3,2,7,2
Los Angeles Times,2005.0,3.0,11,4,7,5,19,2,27,20,0,0,6,0,5,0
Los Angeles Times,2005.0,4.0,9,5,7,0,18,7,9,8,2,1,5,1,6,0
Los Angeles Times,2005.0,5.0,11,3,10,2,11,2,16,8,0,0,7,1,3,0
Los Angeles Times,2005.0,6.0,11,4,6,1,22,7,16,8,0,0,2,0,8,1
Los Angeles Times,2005.0,7.0,11,4,5,1,8,2,13,12,0,0,2,1,3,0
Los Angeles Times,2005.0,8.0,7,2,3,0,16,1,13,8,1,0,1,1,8,0
Los Angeles Times,2005.0,9.0,14,3,5,1,15,3,14,12,0,0,1,1,7,0
Los Angeles Times,2005.0,10.0,8,3,1,2,18,2,11,7,0,0,2,0,10,1
Los Angeles Times,2005.0,11.0,12,3,7,1,14,4,12,5,4,1,1,0,7,0
Los Angeles Times,2005.0,12.0,12,5,6,4,21,3,21,6,0,0,2,2,2,0
Los Angeles Times,2006.0,1.0,12,4,5,5,13,2,11,13,0,1,1,1,6,0
Los Angeles Times,2006.0,2.0,12,0,4,3,10,1,13,3,1,0,3,0,6,0
Los Angeles Times,2006.0,3.0,12,7,9,1,16,1,12,8,0,1,0,0,6,0
Los Angeles Times,2006.0,4.0,5,4,3,2,14,2,12,7,0,1,3,0,4,0
Los Angeles Times,2006.0,5.0,8,6,5,2,9,4,19,8,1,0,2,0,1,0
Los Angeles Times,2006.0,6.0,9,4,3,0,14,6,13,4,1,0,1,2,12,0
Los Angeles Times,2006.0,7.0,13,4,5,0,10,2,21,3,0,0,5,0,5,3
Los Angeles Times,2006.0,8.0,14,2,7,4,13,5,19,5,2,0,3,0,0,0
Los Angeles Times,2006.0,9.0,10,4,8,1,12,3,16,4,2,0,3,1,3,0
Los Angeles Times,2006.0,10.0,7,1,5,2,9,2,9,8,1,1,1,0,3,2
Los Angeles Times,2006.0,11.0,13,4,4,3,20,3,28,11,0,0,4,0,5,2
Los Angeles Times,2006.0,12.0,10,3,10,5,19,1,18,12,1,0,2,0,9,1
Los Angeles Times,2007.0,1.0,12,0,7,5,16,3,13,8,2,0,4,1,4,0
Los Angeles Times,2007.0,2.0,7,3,1,1,14,1,9,1,1,0,0,0,2,0
Los Angeles Times,2007.0,3.0,9,5,7,1,19,2,24,14,1,0,4,1,6,0
Los Angeles Times,2007.0,4.0,10,5,7,4,24,6,20,5,2,0,1,0,7,0
Los Angeles Times,2007.0,5.0,17,6,3,2,19,5,12,6,0,2,0,0,2,0
Los Angeles Times,2007.0,6.0,11,3,5,2,13,4,18,9,2,0,2,2,8,0
Los Angeles Times,2007.0,7.0,15,4,4,4,15,1,17,8,1,0,1,1,3,0
Los Angeles Times,2007.0,8.0,17,6,6,0,13,1,15,5,0,0,0,2,6,1
Los Angeles Times,2007.0,9.0,15,3,4,4,17,2,20,9,0,0,1,1,5,2
Los Angeles Times,2007.0,10.0,12,5,3,5,15,1,15,6,0,0,2,0,10,0
Los Angeles Times,2007.0,11.0,14,2,5,0,14,3,15,4,0,1,2,0,6,0
Los Angeles Times,2007.0,12.0,7,4,4,3,13,2,15,4,0,0,2,0,5,0
Los Angeles Times,2008.0,1.0,9,3,2,2,18,4,12,4,0,0,2,1,7,2
Los Angeles Times,2008.0,2.0,18,1,2,2,7,5,17,3,1,0,0,1,8,1
Los Angeles Times,2008.0,3.0,13,4,5,4,17,3,20,2,0,0,3,2,9,0
Los Angeles Times,2008.0,4.0,9,1,7,5,16,1,11,8,0,0,6,2,6,0
Los Angeles Times,2008.0,5.0,13,0,3,2,14,2,12,6,0,0,4,0,9,0
Los Angeles Times,2008.0,6.0,8,5,2,4,11,4,18,9,0,1,2,0,6,1
Los Angeles Times,2008.0,7.0,9,4,4,0,15,1,21,5,0,1,2,1,7,0
Los Angeles Times,2008.0,8.0,12,7,4,2,8,0,13,1,1,0,1,2,6,0
Los Angeles Times,2008.0,9.0,12,1,9,0,4,2,25,9,0,0,4,1,7,0
Los Angeles Times,2008.0,10.0,11,4,5,2,10,1,18,9,0,0,0,0,8,3
Los Angeles Times,2008.0,11.0,12,3,3,0,15,0,14,4,0,0,3,0,3,0
Los Angeles Times,2008.0,12.0,12,1,4,3,18,6,11,7,2,0,2,2,2,0
Los Angeles Times,2009.0,1.0,9,1,2,1,13,3,9,3,0,2,1,1,6,0
Los Angeles Times,2009.0,2.0,10,3,8,1,7,1,16,3,0,0,2,1,0,0
Los Angeles Times,2009.0,3.0,11,2,6,1,17,1,18,2,1,0,1,2,3,0
Los Angeles Times,2009.0,4.0,7,3,6,2,10,4,13,1,1,0,1,1,3,1
Los Angeles Times,2009.0,5.0,8,1,4,2,12,0,7,7,0,0,1,0,4,0
Los Angeles Times,2009.0,6.0,7,3,4,4,5,1,15,8,0,0,0,1,5,0
Los Angeles Times,2009.0,7.0,8,0,4,2,4,0,9,3,0,0,0,0,0,0
Los Angeles Times,2009.0,8.0,7,2,4,2,12,0,10,6,0,0,2,0,2,0
Los Angeles Times,2009.0,9.0,9,1,5,1,10,2,19,1,0,0,0,0,3,1
Los Angeles Times,2009.0,10.0,8,1,4,2,14,1,13,4,2,0,0,0,5,0
Los Angeles Times,2009.0,11.0,5,2,4,1,5,1,9,4,0,1,1,1,4,0
Los Angeles Times,2009.0,12.0,9,5,9,3,5,3,15,7,0,0,0,0,6,0
Los Angeles Times,2010.0,1.0,7,3,8,0,6,1,19,4,0,0,1,0,4,0
Los Angeles Times,2010.0,2.0,5,2,7,1,8,1,7,3,1,0,1,0,5,0
Los Angeles Times,2010.0,3.0,15,0,6,0,7,3,10,3,1,0,0,1,8,1
Los Angeles Times,2010.0,4.0,9,7,8,2,15,4,14,3,0,1,4,1,4,0
Los Angeles Times,2010.0,5.0,21,3,16,1,11,3,24,10,0,0,3,0,5,2
Los Angeles Times,2010.0,6.0,10,2,8,4,11,1,12,4,0,0,2,1,7,0
Los Angeles Times,2010.0,7.0,6,7,3,1,16,1,11,5,0,0,1,1,9,1
Los Angeles Times,2010.0,8.0,7,3,8,0,21,1,5,7,1,0,1,0,4,0
Los Angeles Times,2010.0,9.0,12,2,14,3,8,2,15,5,1,1,1,1,3,0
Los Angeles Times,2010.0,10.0,10,9,13,1,16,3,8,3,1,0,2,1,5,0
Los Angeles Times,2010.0,11.0,9,2,1,2,11,2,11,4,1,0,2,0,3,1
Los Angeles Times,2010.0,12.0,16,3,6,1,15,2,8,8,1,3,2,2,4,1
Los Angeles Times,2011.0,1.0,10,1,3,1,15,2,10,4,1,0,2,0,2,0
Los Angeles Times,2011.0,2.0,8,0,4,2,10,0,16,3,1,0,1,2,4,0
Los Angeles Times,2011.0,3.0,4,2,3,1,9,12,4,6,0,0,2,1,3,0
Los Angeles Times,2011.0,4.0,6,2,10,0,11,3,8,4,0,0,0,0,5,1
Los Angeles Times,2011.0,5.0,5,5,9,0,8,4,5,2,0,0,0,1,4,0
Los Angeles Times,2011.0,6.0,11,3,5,0,11,5,8,5,0,0,1,0,4,0
Los Angeles Times,2011.0,7.0,7,2,4,1,8,1,8,10,1,0,0,1,7,1
Los Angeles Times,2011.0,8.0,8,1,6,3,8,4,7,4,0,1,1,0,1,2
Los Angeles Times,2011.0,9.0,9,3,8,2,10,1,14,4,0,0,1,0,3,2
Los Angeles Times,2011.0,10.0,7,2,4,1,13,3,10,4,1,0,1,3,5,0
Los Angeles Times,2011.0,11.0,7,1,3,0,4,0,15,5,0,1,1,1,1,0
Los Angeles Times,2011.0,12.0,6,0,6,2,9,1,13,2,0,0,0,0,4,0
Los Angeles Times,2012.0,1.0,6,2,10,0,6,3,11,4,0,0,0,1,4,1
Los Angeles Times,2012.0,2.0,8,4,4,2,5,1,10,6,0,0,1,3,3,0
Los Angeles Times,2012.0,3.0,7,1,3,1,14,3,9,6,0,0,3,0,2,0
Los Angeles Times,2012.0,4.0,1,1,7,1,10,1,7,3,0,0,7,2,6,0
Los Angeles Times,2012.0,5.0,3,0,3,3,5,2,10,9,0,0,2,1,5,0
Los Angeles Times,2012.0,6.0,9,1,3,2,10,3,10,8,0,0,1,0,2,0
Los Angeles Times,2012.0,7.0,10,2,7,0,3,1,5,1,1,0,0,0,0,0
Los Angeles Times,2012.0,8.0,6,3,9,1,14,2,9,5,0,1,2,1,0,0
Los Angeles Times,2012.0,9.0,5,5,2,1,11,2,7,3,0,0,4,1,3,0
Los Angeles Times,2012.0,10.0,2,0,5,0,7,3,9,1,1,0,1,0,1,0
Los Angeles Times,2012.0,11.0,9,3,4,2,8,3,8,4,2,0,2,0,2,0
Los Angeles Times,2012.0,12.0,11,1,1,1,10,1,9,2,0,1,1,3,6,0
Los Angeles Times,2013.0,1.0,8,1,6,1,10,0,7,4,0,1,2,1,4,0
Los Angeles Times,2013.0,2.0,8,1,6,1,14,1,4,8,0,0,2,1,3,1
Los Angeles Times,2013.0,3.0,8,0,9,1,7,2,4,4,1,0,3,0,2,0
Los Angeles Times,2013.0,4.0,8,1,4,5,9,2,13,4,0,0,0,0,5,0
Los Angeles Times,2013.0,5.0,10,2,7,0,15,0,7,6,1,0,3,1,3,0
Los Angeles Times,2013.0,6.0,9,6,16,1,13,1,3,6,1,0,1,0,3,0
Los Angeles Times,2013.0,7.0,7,3,7,2,13,1,9,5,0,0,2,2,5,0
Los Angeles Times,2013.0,8.0,6,2,2,6,13,6,5,6,0,0,0,3,9,0
Los Angeles Times,2013.0,9.0,6,1,6,2,15,1,4,9,0,0,3,0,4,0
Los Angeles Times,2013.0,10.0,6,5,4,0,8,0,4,10,2,1,1,2,3,0
Los Angeles Times,2013.0,11.0,18,3,12,1,10,0,3,4,1,0,2,1,3,0
Los Angeles Times,2013.0,12.0,12,3,9,0,13,1,10,6,1,0,2,2,3,0
Los Angeles Times,2014.0,1.0,11,0,9,3,9,3,8,5,3,0,1,2,0,0
Los Angeles Times,2014.0,2.0,8,1,4,3,19,4,9,7,0,0,4,4,3,0
Los Angeles Times,2014.0,3.0,12,5,5,2,15,2,11,4,0,1,2,2,3,0
Los Angeles Times,2014.0,4.0,13,4,12,3,13,1,10,6,1,0,5,0,0,0
Los Angeles Times,2014.0,5.0,8,4,8,3,9,3,8,7,0,0,4,0,2,2
Los Angeles Times,2014.0,6.0,2,2,4,1,17,1,6,4,0,0,2,5,4,0
Los Angeles Times,2014.0,7.0,7,3,9,0,10,1,7,4,0,0,0,2,1,2
Los Angeles Times,2014.0,8.0,6,2,4,1,13,1,6,1,0,0,1,0,3,0
Los Angeles Times,2014.0,9.0,4,3,9,2,6,5,9,3,2,0,1,0,2,1
Los Angeles Times,2014.0,10.0,7,1,5,2,8,3,1,3,0,0,0,3,4,0
Los Angeles Times,2014.0,11.0,3,0,11,4,10,2,7,2,3,1,3,1,5,0
Los Angeles Times,2014.0,12.0,8,2,9,4,6,5,12,5,1,0,1,2,6,0
Los Angeles Times,2015.0,1.0,7,2,9,0,11,1,8,8,0,0,7,1,6,0
Los Angeles Times,2015.0,2.0,4,7,12,4,9,1,6,10,1,1,4,3,4,0
Los Angeles Times,2015.0,3.0,16,2,12,1,19,5,14,6,1,0,6,1,1,0
Los Angeles Times,2015.0,4.0,11,3,8,1,10,2,10,7,3,0,3,1,5,0
Los Angeles Times,2015.0,5.0,15,4,11,3,15,2,13,7,1,0,4,0,6,0
Los Angeles Times,2015.0,6.0,10,2,13,5,26,5,9,8,2,0,0,1,4,0
Los Angeles Times,2015.0,7.0,13,8,8,7,13,0,14,4,1,0,1,4,6,0
Los Angeles Times,2015.0,8.0,6,6,5,6,16,5,8,4,2,0,3,1,5,2
Los Angeles Times,2015.0,9.0,8,2,11,3,27,2,9,5,1,1,1,2,1,0
Los Angeles Times,2015.0,10.0,10,1,11,3,30,1,14,4,1,0,1,1,2,1
Los Angeles Times,2015.0,11.0,13,5,7,3,14,6,11,12,0,2,0,2,4,0
Los Angeles Times,2015.0,12.0,6,5,9,2,24,3,13,5,0,0,2,3,4,0
Los Angeles Times,2016.0,1.0,12,4,5,2,22,6,5,2,1,0,2,1,6,1
Los Angeles Times,2016.0,2.0,9,2,5,2,16,2,5,6,2,0,0,2,1,0
Los Angeles Times,2016.0,3.0,16,3,7,6,23,2,4,3,1,1,0,1,3,0
Los Angeles Times,2016.0,4.0,11,2,7,2,15,0,11,7,0,0,3,1,4,0
Los Angeles Times,2016.0,5.0,13,3,10,5,18,2,7,8,0,0,1,3,7,1
Los Angeles Times,2016.0,6.0,10,5,15,2,11,9,11,7,1,1,1,2,6,0
Los Angeles Times,2016.0,7.0,9,1,4,3,10,1,8,4,1,1,0,2,0,0
Los Angeles Times,2016.0,8.0,7,3,9,2,15,2,8,2,1,3,1,2,5,1
Los Angeles Times,2016.0,9.0,6,3,8,3,18,4,10,8,0,0,2,2,2,0
Los Angeles Times,2016.0,10.0,11,5,6,1,17,4,13,9,1,0,1,2,3,1
Los Angeles Times,2016.0,11.0,10,1,9,2,21,4,14,8,0,0,2,4,4,2
Los Angeles Times,2016.0,12.0,9,4,3,3,28,2,12,4,4,3,1,2,3,0
Los Angeles Times,2017.0,1.0,5,1,7,1,18,1,10,4,1,0,1,2,3,0
Los Angeles Times,2017.0,2.0,7,2,2,6,18,4,13,7,0,1,1,1,3,0
Los Angeles Times,2017.0,3.0,22,10,10,4,30,4,21,7,2,1,5,3,9,0
Los Angeles Times,2017.0,4.0,5,13,10,5,34,3,17,18,1,1,6,1,10,2
Los Angeles Times,2017.0,5.0,15,3,15,14,15,4,33,9,1,0,4,4,14,0
Los Angeles Times,2017.0,6.0,20,17,18,5,42,2,27,16,1,3,3,9,20,1
Los Angeles Times,2017.0,7.0,24,13,10,1,26,3,30,7,0,2,6,2,7,1
Los Angeles Times,2017.0,8.0,32,1,6,16,17,5,14,14,16,3,2,8,8,0
Los Angeles Times,2017.0,9.0,17,13,10,2,29,0,20,14,1,1,0,2,20,2
Los Angeles Times,2017.0,10.0,45,6,9,6,28,2,22,10,1,4,5,2,4,0
Los Angeles Times,2017.0,11.0,33,5,3,6,30,0,18,17,1,0,18,0,13,0
Los Angeles Times,2017.0,12.0,30,4,20,6,30,2,44,10,4,2,8,2,10,0
Los Angeles Times,2018.0,1.0,23,2,6,1,32,6,24,10,0,0,1,6,5,0
Los Angeles Times,2018.0,2.0,26,1,1,5,18,1,11,11,1,0,4,0,12,0
Los Angeles Times,2018.0,3.0,19,7,5,4,27,2,35,22,4,2,2,3,11,0
Los Angeles Times,2018.0,4.0,8,2,11,0,39,0,22,9,0,0,2,3,16,0
Los Angeles Times,2018.0,5.0,17,10,11,2,18,0,24,16,0,0,2,0,10,0
Los Angeles Times,2018.0,6.0,21,4,15,4,14,2,18,10,4,0,2,3,13,0
Los Angeles Times,2018.0,7.0,9,2,14,6,20,2,15,4,0,0,3,0,4,0
Los Angeles Times,2018.0,8.0,11,5,9,4,31,2,22,2,2,2,5,3,3,3
Los Angeles Times,2018.0,9.0,9,8,11,2,22,2,23,5,3,1,0,0,17,0
Los Angeles Times,2018.0,10.0,15,5,13,4,15,2,9,11,0,0,4,2,10,2
Los Angeles Times,2018.0,11.0,15,8,9,1,20,0,20,5,2,0,11,0,5,0
Los Angeles Times,2018.0,12.0,14,7,16,2,23,0,20,4,0,0,0,9,11,0
Los Angeles Times,2019.0,1.0,13,5,12,4,16,3,14,12,0,1,4,0,6,2
Los Angeles Times,2019.0,2.0,9,6,6,2,19,2,14,8,0,0,8,5,7,0
Los Angeles Times,2019.0,3.0,7,6,11,4,19,3,19,5,0,2,2,2,10,1
Los Angeles Times,2019.0,4.0,10,8,7,1,19,6,11,10,0,0,12,4,7,1
Los Angeles Times,2019.0,5.0,15,4,10,4,16,3,6,12,0,0,5,2,0,0
Los Angeles Times,2019.0,6.0,19,2,10,1,19,0,8,13,0,0,7,3,7,0
Los Angeles Times,2019.0,7.0,17,6,10,2,18,3,14,7,0,2,8,2,11,4
Los Angeles Times,2019.0,8.0,9,2,6,3,23,5,8,4,0,2,3,1,5,3
Los Angeles Times,2019.0,9.0,22,14,6,3,32,2,7,13,3,0,4,5,10,0
Los Angeles Times,2019.0,10.0,21,4,11,6,21,3,8,12,0,0,8,11,4,1
Los Angeles Times,2019.0,11.0,21,4,11,2,33,3,5,9,1,0,4,3,8,0
Los Angeles Times,2019.0,12.0,16,4,11,1,22,4,13,1,0,0,2,4,1,0
Los Angeles Times,2020.0,1.0,10,2,12,3,13,3,4,9,1,0,1,5,5,0
Los Angeles Times,2020.0,2.0,16,0,12,2,20,4,12,11,3,0,2,0,9,1
Los Angeles Times,2020.0,3.0,37,1,7,8,24,2,8,4,3,0,5,2,4,0
Los Angeles Times,2020.0,4.0,22,4,4,0,13,0,5,6,1,0,1,0,4,0
Los Angeles Times,2020.0,5.0,30,0,5,2,9,2,3,1,0,2,9,0,1,0
Los Angeles Times,2020.0,6.0,7,6,4,1,9,0,2,2,0,0,0,0,2,0
Los Angeles Times,2020.0,7.0,7,7,3,0,8,3,5,1,0,0,1,6,5,0
Los Angeles Times,2020.0,8.0,7,3,0,1,17,0,7,2,0,1,2,4,6,0
Los Angeles Times,2020.0,9.0,11,1,7,2,21,1,2,3,0,0,2,2,0,0
Los Angeles Times,2020.0,10.0,10,3,8,3,12,0,3,3,0,0,0,2,11,0
Los Angeles Times,2020.0,11.0,16,0,4,0,10,2,3,3,0,0,0,3,10,0
Los Angeles Times,2020.0,12.0,29,6,1,2,18,0,6,5,0,0,1,0,8,0
Los Angeles Times,2021.0,1.0,19,3,6,4,9,2,6,3,1,0,6,2,4,0
Los Angeles Times,2021.0,2.0,9,1,7,3,8,4,0,2,0,0,4,0,2,0
Los Angeles Times,2021.0,3.0,6,1,6,4,15,0,2,2,0,2,3,0,2,0
Los Angeles Times,2021.0,4.0,16,0,2,4,15,0,11,5,0,2,1,0,5,0
Los Angeles Times,2021.0,5.0,13,1,1,2,11,0,8,2,0,1,9,2,3,0
Los Angeles Times,2021.0,6.0,10,5,4,3,5,0,4,2,0,8,2,2,1,0
Los Angeles Times,2021.0,7.0,10,4,6,1,19,0,2,2,0,2,2,0,5,0
Los Angeles Times,2021.0,8.0,15,0,8,3,15,1,9,1,0,0,1,2,0,1
Los Angeles Times,2021.0,9.0,3,0,9,4,5,3,1,0,2,0,0,6,4,0
Los Angeles Times,2021.0,10.0,12,3,10,3,32,4,3,4,0,0,2,1,6,0
Los Angeles Times,2021.0,11.0,12,3,2,1,25,1,2,2,0,0,0,0,3,0
Los Angeles Times,2021.0,12.0,7,4,3,5,12,0,2,2,2,0,0,2,3,1
New York Times,1985.0,1.0,11,2,10,4,5,6,28,5,0,2,2,1,10,0
New York Times,1985.0,2.0,14,4,3,3,12,8,21,7,3,0,10,0,10,0
New York Times,1985.0,3.0,11,7,8,4,19,8,36,12,1,0,4,2,10,0
New York Times,1985.0,4.0,11,4,15,6,18,5,35,15,2,1,4,1,12,0
New York Times,1985.0,5.0,11,2,8,4,20,1,33,7,0,0,5,2,20,0
New York Times,1985.0,6.0,9,5,4,10,17,7,39,8,2,1,4,3,13,0
New York Times,1985.0,7.0,10,4,6,6,13,6,17,11,0,0,5,0,10,3
New York Times,1985.0,8.0,8,5,13,4,16,8,24,4,3,1,2,1,8,2
New York Times,1985.0,9.0,7,4,12,1,20,10,27,8,1,0,3,2,6,2
New York Times,1985.0,10.0,14,6,5,0,13,6,24,6,1,1,3,1,5,0
New York Times,1985.0,11.0,12,4,11,6,14,4,26,10,2,1,1,0,12,1
New York Times,1985.0,12.0,13,8,18,5,22,3,19,11,0,3,3,1,13,1
New York Times,1986.0,1.0,21,8,10,3,20,9,35,7,1,0,3,0,5,0
New York Times,1986.0,2.0,14,3,8,2,6,5,14,4,1,1,2,0,12,2
New York Times,1986.0,3.0,16,6,11,4,22,5,27,11,2,1,4,1,17,2
New York Times,1986.0,4.0,21,6,9,2,12,4,28,8,1,2,2,0,13,1
New York Times,1986.0,5.0,16,7,12,6,10,18,19,11,0,0,5,1,11,1
New York Times,1986.0,6.0,18,4,12,3,15,7,30,9,1,1,6,2,12,0
New York Times,1986.0,7.0,18,4,7,5,14,4,28,3,1,0,1,1,12,0
New York Times,1986.0,8.0,14,7,8,6,19,7,26,12,1,0,4,2,13,2
New York Times,1986.0,9.0,11,6,10,9,12,6,36,8,1,2,2,6,6,1
New York Times,1986.0,10.0,12,3,11,3,14,9,26,11,2,2,7,0,5,0
New York Times,1986.0,11.0,21,3,9,4,21,6,26,15,0,3,4,2,8,1
New York Times,1986.0,12.0,12,5,16,6,16,13,31,12,1,2,4,2,8,2
New York Times,1987.0,1.0,11,14,14,5,9,7,25,7,2,2,2,0,10,0
New York Times,1987.0,2.0,9,5,8,9,10,10,19,5,5,1,6,0,7,1
New York Times,1987.0,3.0,14,9,16,4,19,3,33,10,0,0,3,0,11,1
New York Times,1987.0,4.0,21,7,4,8,16,2,16,10,4,0,8,1,13,1
New York Times,1987.0,5.0,16,9,8,5,18,6,22,8,0,0,3,2,16,1
New York Times,1987.0,6.0,16,4,14,5,25,2,30,7,2,2,3,2,15,0
New York Times,1987.0,7.0,9,8,14,8,21,7,33,12,3,1,4,0,8,1
New York Times,1987.0,8.0,17,6,4,3,20,5,25,7,0,0,5,0,3,1
New York Times,1987.0,9.0,14,7,17,8,15,1,17,5,1,1,3,1,4,0
New York Times,1987.0,10.0,11,11,9,4,18,13,22,5,2,1,1,0,11,2
New York Times,1987.0,11.0,16,7,10,5,13,8,36,11,1,0,2,1,8,0
New York Times,1987.0,12.0,8,5,9,6,14,2,25,4,0,2,1,0,6,0
New York Times,1988.0,1.0,20,3,12,3,16,2,19,4,0,1,3,1,9,0
New York Times,1988.0,2.0,20,7,12,5,13,4,26,7,2,0,2,0,11,0
New York Times,1988.0,3.0,9,2,14,8,11,8,29,7,0,1,2,2,15,0
New York Times,1988.0,4.0,14,10,17,8,12,4,32,11,2,1,2,1,5,0
New York Times,1988.0,5.0,16,2,20,5,17,3,27,13,2,1,4,1,6,1
New York Times,1988.0,6.0,15,6,12,5,16,9,22,7,0,1,3,1,13,0
New York Times,1988.0,7.0,14,8,9,1,9,3,25,6,1,0,5,0,9,0
New York Times,1988.0,8.0,14,8,5,1,21,5,30,10,2,0,3,0,6,0
New York Times,1988.0,9.0,19,4,18,4,21,7,20,5,1,0,0,1,4,0
New York Times,1988.0,10.0,13,6,20,3,21,7,19,6,4,1,6,2,6,1
New York Times,1988.0,11.0,16,4,16,7,18,11,18,6,0,0,7,1,8,2
New York Times,1988.0,12.0,10,7,11,6,20,10,21,9,2,0,5,0,16,0
New York Times,1989.0,1.0,16,4,7,5,21,8,29,18,1,1,1,0,8,0
New York Times,1989.0,2.0,15,7,7,1,9,9,35,6,2,0,1,0,16,0
New York Times,1989.0,3.0,17,7,5,3,25,5,27,14,1,1,7,1,8,0
New York Times,1989.0,4.0,17,4,12,3,26,10,34,9,0,0,6,1,14,0
New York Times,1989.0,5.0,15,10,16,6,22,5,30,7,2,2,4,1,12,0
New York Times,1989.0,6.0,7,4,16,1,25,7,27,7,1,0,4,0,6,1
New York Times,1989.0,7.0,22,7,13,1,25,6,35,11,0,3,3,0,14,1
New York Times,1989.0,8.0,10,11,16,4,28,4,27,8,0,0,2,1,11,3
New York Times,1989.0,9.0,9,3,10,1,22,5,27,9,3,2,3,1,5,0
New York Times,1989.0,10.0,23,4,10,2,24,8,21,11,0,0,4,1,6,0
New York Times,1989.0,11.0,14,8,15,6,19,6,25,21,1,0,3,1,12,0
New York Times,1989.0,12.0,13,7,11,10,19,5,28,12,0,0,1,1,15,0
New York Times,1990.0,1.0,5,5,13,5,18,3,32,15,4,0,1,0,8,0
New York Times,1990.0,2.0,20,8,12,5,11,8,16,9,1,2,1,1,9,5
New York Times,1990.0,3.0,18,3,14,7,18,4,35,19,1,0,5,0,5,0
New York Times,1990.0,4.0,17,5,11,1,23,3,26,15,1,0,5,1,7,0
New York Times,1990.0,5.0,22,2,6,2,20,4,20,11,1,1,2,1,12,1
New York Times,1990.0,6.0,18,5,6,4,17,6,41,15,1,0,5,1,10,1
New York Times,1990.0,7.0,13,3,8,4,17,6,43,11,0,0,8,0,11,1
New York Times,1990.0,8.0,12,5,8,4,19,5,28,6,0,1,4,3,6,1
New York Times,1990.0,9.0,12,5,7,2,29,4,34,10,0,2,5,0,9,1
New York Times,1990.0,10.0,23,6,7,1,21,3,37,9,3,0,5,1,11,0
New York Times,1990.0,11.0,15,6,2,4,18,4,42,9,0,0,3,3,10,0
New York Times,1990.0,12.0,19,5,10,7,13,10,42,16,1,1,3,0,14,1
New York Times,1991.0,1.0,15,8,5,2,12,3,42,16,0,1,3,1,11,0
New York Times,1991.0,2.0,13,4,6,1,14,4,27,10,0,1,4,1,7,2
New York Times,1991.0,3.0,11,3,8,3,15,2,27,7,1,1,8,1,9,0
New York Times,1991.0,4.0,17,6,5,5,16,2,37,7,3,1,4,0,18,0
New York Times,1991.0,5.0,19,4,11,5,12,4,26,2,0,1,1,0,9,0
New York Times,1991.0,6.0,21,7,8,3,11,2,35,13,1,1,5,1,10,1
New York Times,1991.0,7.0,17,8,9,6,19,9,43,13,0,2,2,1,7,0
New York Times,1991.0,8.0,12,4,2,1,19,4,26,5,0,1,0,1,6,1
New York Times,1991.0,9.0,10,2,7,6,16,4,27,10,3,0,5,1,6,2
New York Times,1991.0,10.0,14,3,10,1,19,3,19,13,1,0,3,0,3,0
New York Times,1991.0,11.0,15,5,6,3,19,0,35,6,0,0,8,4,9,0
New York Times,1991.0,12.0,10,2,6,8,8,1,24,8,2,0,4,0,10,1
New York Times,1992.0,1.0,13,1,2,1,17,4,16,6,0,1,3,0,7,1
New York Times,1992.0,2.0,17,4,3,3,17,4,18,11,0,0,5,0,9,0
New York Times,1992.0,3.0,14,3,8,8,27,3,22,12,1,0,4,0,11,0
New York Times,1992.0,4.0,12,4,14,0,23,1,21,7,3,0,4,0,3,1
New York Times,1992.0,5.0,5,0,11,2,12,6,15,8,0,2,3,1,4,0
New York Times,1992.0,6.0,20,6,13,3,21,6,15,7,1,0,0,0,4,0
New York Times,1992.0,7.0,16,5,9,1,19,5,23,5,5,2,4,0,6,0
New York Times,1992.0,8.0,11,4,5,4,17,2,15,7,0,1,5,0,7,1
New York Times,1992.0,9.0,8,5,4,1,23,1,19,3,0,0,4,0,4,0
New York Times,1992.0,10.0,12,1,6,3,9,4,20,7,0,0,3,0,4,1
New York Times,1992.0,11.0,10,2,8,3,21,5,14,7,0,0,2,0,5,0
New York Times,1992.0,12.0,17,1,10,3,8,2,22,8,2,0,5,1,6,1
New York Times,1993.0,1.0,11,9,6,2,17,1,17,3,1,0,1,1,4,0
New York Times,1993.0,2.0,10,3,3,3,9,1,20,7,0,1,0,1,6,2
New York Times,1993.0,3.0,15,4,5,2,15,3,20,3,0,0,4,0,5,0
New York Times,1993.0,4.0,14,4,11,5,11,3,15,5,1,0,3,0,9,1
New York Times,1993.0,5.0,9,3,6,4,12,1,14,5,0,1,5,0,8,0
New York Times,1993.0,6.0,11,11,10,2,13,3,20,9,0,0,5,0,11,0
New York Times,1993.0,7.0,11,7,1,4,12,2,16,8,2,0,3,1,11,1
New York Times,1993.0,8.0,13,4,2,2,12,0,8,9,0,0,6,0,7,0
New York Times,1993.0,9.0,18,4,14,2,15,0,15,13,2,1,6,1,4,0
New York Times,1993.0,10.0,18,3,7,4,12,3,18,11,0,1,8,0,2,0
New York Times,1993.0,11.0,10,2,8,2,11,3,21,15,2,0,7,0,9,1
New York Times,1993.0,12.0,19,7,10,1,14,3,22,8,1,0,7,0,10,1
New York Times,1994.0,1.0,14,6,7,3,15,2,26,9,1,1,4,1,13,0
New York Times,1994.0,2.0,14,5,6,3,12,4,20,6,0,0,6,0,3,0
New York Times,1994.0,3.0,10,4,5,3,12,2,28,13,1,0,6,0,6,0
New York Times,1994.0,4.0,13,2,11,3,4,3,21,6,3,1,4,0,6,0
New York Times,1994.0,5.0,7,2,5,0,16,1,24,11,3,0,6,0,6,2
New York Times,1994.0,6.0,18,2,3,2,7,1,25,12,0,2,10,0,6,1
New York Times,1994.0,7.0,7,4,2,4,8,1,17,8,0,0,8,1,5,1
New York Times,1994.0,8.0,10,0,4,2,6,4,13,11,0,0,6,1,14,2
New York Times,1994.0,9.0,11,5,3,1,11,1,19,9,2,0,6,1,8,1
New York Times,1994.0,10.0,13,6,8,3,17,4,20,15,2,1,5,1,9,3
New York Times,1994.0,11.0,8,7,7,4,16,4,23,12,1,0,4,0,6,0
New York Times,1994.0,12.0,6,4,14,5,15,2,25,11,1,0,4,2,9,0
New York Times,1995.0,1.0,17,2,7,1,12,2,19,9,1,1,4,0,7,3
New York Times,1995.0,2.0,15,6,6,1,20,3,20,5,1,0,5,0,9,0
New York Times,1995.0,3.0,17,4,7,4,18,4,25,8,0,0,5,0,7,1
New York Times,1995.0,4.0,7,2,7,2,26,4,20,10,0,1,3,0,9,1
New York Times,1995.0,5.0,10,7,9,6,18,4,11,8,0,2,4,0,10,1
New York Times,1995.0,6.0,19,3,9,3,13,2,20,14,1,1,2,1,11,0
New York Times,1995.0,7.0,13,4,10,1,19,4,23,9,2,0,4,0,15,0
New York Times,1995.0,8.0,18,7,9,4,13,4,25,8,1,0,6,1,10,0
New York Times,1995.0,9.0,11,1,4,3,6,0,26,13,0,0,4,1,7,0
New York Times,1995.0,10.0,24,5,6,2,11,7,27,6,0,0,10,2,4,0
New York Times,1995.0,11.0,13,3,9,1,9,3,29,4,1,0,3,1,7,1
New York Times,1995.0,12.0,11,1,17,0,11,3,15,4,0,0,7,3,12,1
New York Times,1996.0,1.0,36,6,8,0,14,7,31,17,0,0,16,6,12,1
New York Times,1996.0,2.0,19,2,22,11,23,3,17,13,2,2,8,2,11,0
New York Times,1996.0,3.0,30,15,14,1,29,9,16,11,0,1,7,0,6,0
New York Times,1996.0,4.0,37,9,6,9,18,14,27,13,2,6,8,1,25,2
New York Times,1996.0,5.0,38,3,23,4,27,11,41,22,2,0,4,1,18,0
New York Times,1996.0,6.0,25,2,16,7,21,8,40,21,0,5,4,2,23,0
New York Times,1996.0,7.0,34,9,20,7,26,6,46,17,3,0,5,3,22,2
New York Times,1996.0,8.0,26,16,8,9,17,10,47,15,0,0,2,4,18,2
New York Times,1996.0,9.0,19,4,11,9,26,5,34,18,0,0,7,1,8,2
New York Times,1996.0,10.0,26,4,22,10,27,3,39,17,2,0,2,0,8,0
New York Times,1996.0,11.0,43,8,31,9,20,4,28,17,1,4,8,3,8,2
New York Times,1996.0,12.0,39,7,16,7,20,5,33,15,2,2,6,4,15,1
New York Times,1997.0,1.0,26,2,15,7,16,5,29,15,2,2,6,0,14,1
New York Times,1997.0,2.0,29,9,13,10,16,10,45,17,0,2,9,1,20,2
New York Times,1997.0,3.0,22,13,9,9,17,12,43,18,0,1,18,4,23,0
New York Times,1997.0,4.0,34,9,9,2,19,6,41,21,2,0,10,0,40,3
New York Times,1997.0,5.0,44,10,5,7,21,5,50,22,4,0,16,3,49,3
New York Times,1997.0,6.0,72,17,21,1,29,5,66,26,1,1,9,4,54,1
New York Times,1997.0,7.0,38,3,12,4,22,3,25,11,0,4,6,0,7,4
New York Times,1997.0,8.0,32,8,13,14,15,10,35,19,5,0,4,0,11,4
New York Times,1997.0,9.0,41,7,34,2,16,7,31,21,2,2,15,3,17,2
New York Times,1997.0,10.0,34,11,13,3,28,3,37,20,2,2,14,0,21,2
New York Times,1997.0,11.0,38,3,8,2,21,2,37,14,2,5,4,0,12,1
New York Times,1997.0,12.0,31,11,22,4,17,11,52,27,2,3,13,5,18,0
New York Times,1998.0,1.0,50,7,14,4,23,2,44,24,4,0,8,2,6,1
New York Times,1998.0,2.0,31,8,25,14,18,9,27,9,0,0,2,0,14,0
New York Times,1998.0,3.0,49,8,12,10,15,5,54,17,1,2,11,0,12,2
New York Times,1998.0,4.0,22,12,36,8,28,7,71,23,1,0,15,3,19,0
New York Times,1998.0,5.0,39,13,24,3,20,8,47,25,0,0,16,0,20,4
New York Times,1998.0,6.0,29,12,10,7,26,4,57,25,3,0,9,1,14,1
New York Times,1998.0,7.0,28,2,12,1,25,4,43,34,2,5,7,0,11,0
New York Times,1998.0,8.0,25,13,14,5,20,15,27,16,0,0,8,0,13,2
New York Times,1998.0,9.0,26,14,13,5,19,0,45,22,1,0,6,2,15,0
New York Times,1998.0,10.0,34,19,12,7,27,8,60,17,4,1,2,4,13,1
New York Times,1998.0,11.0,25,13,17,3,25,11,46,14,0,5,7,4,13,0
New York Times,1998.0,12.0,50,7,18,7,17,11,48,20,4,1,12,2,6,1
New York Times,1999.0,1.0,32,9,14,11,18,11,44,20,2,1,5,3,11,3
New York Times,1999.0,2.0,37,16,9,8,19,8,34,17,0,0,9,0,15,0
New York Times,1999.0,3.0,37,9,23,8,22,2,25,18,3,0,7,0,13,2
New York Times,1999.0,4.0,25,5,14,6,19,15,47,16,3,1,10,1,9,3
New York Times,1999.0,5.0,34,8,36,6,30,11,65,25,2,0,17,7,8,0
New York Times,1999.0,6.0,41,10,24,6,15,2,48,22,3,2,8,0,6,0
New York Times,1999.0,7.0,50,8,34,8,37,8,66,45,2,0,5,2,12,0
New York Times,1999.0,8.0,26,9,22,5,24,9,67,17,4,0,8,0,16,0
New York Times,1999.0,9.0,20,8,18,7,29,12,51,19,1,0,11,2,13,1
New York Times,1999.0,10.0,38,15,16,8,22,9,46,23,1,0,9,0,6,2
New York Times,1999.0,11.0,30,12,23,7,30,0,48,26,0,0,11,0,9,0
New York Times,1999.0,12.0,37,6,20,6,26,4,30,18,0,4,4,9,7,0
New York Times,2000.0,1.0,26,6,26,7,25,5,54,29,0,1,9,0,14,2
New York Times,2000.0,2.0,29,5,21,14,16,3,44,35,1,0,2,1,20,0
New York Times,2000.0,3.0,38,9,26,5,31,5,56,30,1,1,8,0,12,6
New York Times,2000.0,4.0,21,7,10,6,22,11,36,24,2,3,9,4,21,1
New York Times,2000.0,5.0,42,7,34,9,31,3,35,30,2,2,8,4,7,0
New York Times,2000.0,6.0,43,11,23,6,34,8,54,30,0,0,14,2,13,0
New York Times,2000.0,7.0,27,16,29,3,37,1,42,31,6,1,13,5,20,2
New York Times,2000.0,8.0,30,8,40,7,34,4,48,34,1,0,23,1,8,2
New York Times,2000.0,9.0,42,11,65,7,36,15,45,44,0,2,7,3,12,0
New York Times,2000.0,10.0,41,9,32,5,32,5,59,35,2,2,11,2,14,1
New York Times,2000.0,11.0,32,9,36,5,37,17,62,18,0,8,19,1,10,0
New York Times,2000.0,12.0,28,15,38,10,44,19,59,19,5,0,22,4,12,0
New York Times,2001.0,1.0,59,20,26,15,55,25,49,38,3,0,10,0,15,4
New York Times,2001.0,2.0,32,5,23,9,42,24,46,17,7,0,17,1,16,2
New York Times,2001.0,3.0,43,10,22,18,73,20,69,24,1,1,15,2,16,0
New York Times,2001.0,4.0,25,8,24,6,39,20,50,19,7,4,19,0,10,2
New York Times,2001.0,5.0,56,12,26,7,63,25,59,26,1,1,11,1,17,2
New York Times,2001.0,6.0,49,9,31,9,38,28,35,13,3,1,17,2,8,1
New York Times,2001.0,7.0,32,9,25,14,32,10,54,28,0,3,4,0,14,4
New York Times,2001.0,8.0,48,14,30,11,30,6,44,31,0,1,8,4,13,0
New York Times,2001.0,9.0,19,9,11,6,31,8,34,25,0,0,7,0,17,0
New York Times,2001.0,10.0,22,15,17,10,15,10,34,13,0,0,7,5,9,0
New York Times,2001.0,11.0,23,15,26,8,22,28,29,20,2,0,5,4,16,5
New York Times,2001.0,12.0,23,14,16,5,18,10,34,28,0,1,9,3,15,0
New York Times,2002.0,1.0,42,9,23,9,44,36,72,46,0,0,10,2,14,4
New York Times,2002.0,2.0,24,11,29,10,35,22,78,61,0,1,13,1,6,3
New York Times,2002.0,3.0,20,12,25,6,38,14,41,26,0,2,11,0,15,0
New York Times,2002.0,4.0,28,4,15,14,33,15,43,42,2,1,4,1,9,3
New York Times,2002.0,5.0,26,9,17,13,38,15,58,43,6,0,12,1,18,2
New York Times,2002.0,6.0,28,13,16,5,38,23,54,63,1,4,2,0,8,2
New York Times,2002.0,7.0,30,9,24,3,27,14,67,60,3,1,11,1,19,0
New York Times,2002.0,8.0,31,7,18,5,37,11,50,41,0,1,2,1,11,0
New York Times,2002.0,9.0,45,10,14,9,37,19,40,20,3,1,7,3,18,3
New York Times,2002.0,10.0,44,8,12,4,29,9,71,35,3,2,6,4,6,1
New York Times,2002.0,11.0,39,7,16,2,40,0,53,29,1,6,8,0,13,2
New York Times,2002.0,12.0,22,22,16,2,23,10,62,29,0,8,15,0,13,1
New York Times,2003.0,1.0,41,13,28,10,33,12,54,29,7,2,10,3,13,0
New York Times,2003.0,2.0,45,7,32,8,28,13,53,37,2,0,13,1,8,0
New York Times,2003.0,3.0,44,14,23,3,29,9,52,38,1,0,6,0,12,0
New York Times,2003.0,4.0,27,18,16,10,49,10,47,51,2,1,4,4,8,0
New York Times,2003.0,5.0,32,5,15,10,30,9,68,33,0,1,6,3,27,3
New York Times,2003.0,6.0,47,10,25,5,29,12,53,32,2,3,16,2,28,0
New York Times,2003.0,7.0,34,11,18,6,26,11,55,39,6,0,5,0,22,1
New York Times,2003.0,8.0,33,8,15,15,52,51,52,36,0,0,8,2,9,2
New York Times,2003.0,9.0,40,12,15,4,30,10,86,32,1,2,5,1,12,2
New York Times,2003.0,10.0,28,9,23,6,38,4,55,56,4,0,11,3,8,0
New York Times,2003.0,11.0,29,10,19,9,37,18,75,74,2,2,10,5,19,2
New York Times,2003.0,12.0,46,12,27,10,44,6,57,50,0,0,2,3,13,2
New York Times,2004.0,1.0,25,19,9,10,34,5,48,33,4,1,4,2,23,2
New York Times,2004.0,2.0,29,19,29,6,38,4,49,30,0,8,11,4,9,0
New York Times,2004.0,3.0,24,9,16,7,38,11,52,37,2,4,6,0,10,2
New York Times,2004.0,4.0,32,7,12,7,31,11,44,48,0,7,11,0,5,3
New York Times,2004.0,5.0,35,13,16,3,34,7,42,44,3,1,9,4,18,0
New York Times,2004.0,6.0,29,16,28,5,25,6,68,49,5,0,13,6,9,0
New York Times,2004.0,7.0,39,20,17,9,27,12,57,33,1,0,10,1,14,1
New York Times,2004.0,8.0,16,11,24,5,28,5,40,25,0,1,11,3,6,2
New York Times,2004.0,9.0,30,15,12,6,30,13,51,43,2,1,5,0,12,8
New York Times,2004.0,10.0,30,21,19,8,41,13,69,45,6,3,12,0,14,1
New York Times,2004.0,11.0,29,7,26,1,33,7,55,44,0,1,14,0,15,1
New York Times,2004.0,12.0,31,12,30,3,35,12,72,42,0,1,14,2,15,0
New York Times,2005.0,1.0,33,17,27,16,33,12,56,27,0,2,18,2,9,4
New York Times,2005.0,2.0,32,12,23,6,39,11,65,32,0,3,11,0,19,2
New York Times,2005.0,3.0,20,15,33,8,42,11,60,41,0,3,18,3,11,1
New York Times,2005.0,4.0,36,17,19,9,44,10,59,60,0,0,9,4,27,2
New York Times,2005.0,5.0,20,10,29,9,37,12,48,43,0,5,6,2,23,0
New York Times,2005.0,6.0,43,18,25,3,42,11,46,37,0,0,9,5,8,1
New York Times,2005.0,7.0,39,13,37,13,39,5,62,38,0,0,11,5,12,2
New York Times,2005.0,8.0,27,17,42,3,32,7,56,45,0,3,15,2,17,1
New York Times,2005.0,9.0,25,10,27,13,26,24,65,38,0,3,7,0,11,7
New York Times,2005.0,10.0,18,9,14,4,32,4,38,31,2,0,9,0,27,0
New York Times,2005.0,11.0,40,12,21,9,35,4,57,34,1,5,16,2,14,2
New York Times,2005.0,12.0,22,16,10,13,43,7,56,37,0,1,12,3,20,2
New York Times,2006.0,1.0,52,21,23,15,39,8,44,33,4,0,5,4,12,1
New York Times,2006.0,2.0,43,19,17,6,51,10,38,47,4,1,10,2,14,0
New York Times,2006.0,3.0,45,26,24,11,49,32,69,73,4,0,23,3,14,0
New York Times,2006.0,4.0,35,13,17,2,32,12,62,52,0,2,11,1,19,1
New York Times,2006.0,5.0,38,27,9,17,61,8,98,64,2,4,11,0,11,0
New York Times,2006.0,6.0,32,38,17,2,37,15,105,60,2,0,20,2,30,0
New York Times,2006.0,7.0,29,10,28,14,51,2,91,75,1,0,17,9,24,2
New York Times,2006.0,8.0,58,30,25,8,81,8,117,56,6,3,11,4,24,4
New York Times,2006.0,9.0,67,21,13,22,62,26,88,49,5,3,10,0,23,10
New York Times,2006.0,10.0,70,44,37,9,83,24,163,72,11,3,14,3,33,1
New York Times,2006.0,11.0,34,33,21,16,84,6,95,80,0,3,13,7,23,1
New York Times,2006.0,12.0,50,46,44,9,61,11,124,80,9,3,13,8,16,3
New York Times,2007.0,1.0,43,23,15,14,52,16,97,49,1,2,12,3,26,0
New York Times,2007.0,2.0,27,20,33,16,37,10,94,54,4,1,16,2,12,2
New York Times,2007.0,3.0,27,31,41,10,47,9,95,57,4,1,5,3,46,2
New York Times,2007.0,4.0,45,22,32,6,78,17,67,33,3,3,13,10,24,1
New York Times,2007.0,5.0,79,26,12,7,42,18,73,43,0,2,10,2,21,1
New York Times,2007.0,6.0,70,17,19,10,49,9,91,46,1,4,18,3,20,2
New York Times,2007.0,7.0,101,19,19,10,32,14,48,46,1,2,20,1,16,1
New York Times,2007.0,8.0,61,11,16,10,26,6,85,46,3,5,6,3,23,5
New York Times,2007.0,9.0,33,8,25,5,41,9,79,51,0,1,5,0,17,1
New York Times,2007.0,10.0,56,36,25,9,56,10,92,53,1,2,7,6,24,5
New York Times,2007.0,11.0,46,21,5,2,68,9,79,45,0,1,16,4,15,4
New York Times,2007.0,12.0,45,11,14,7,53,6,48,37,1,1,9,1,12,2
New York Times,2008.0,1.0,34,19,27,5,48,9,72,47,4,3,6,1,23,0
New York Times,2008.0,2.0,43,16,15,9,34,5,69,44,9,0,4,4,17,1
New York Times,2008.0,3.0,41,19,29,10,45,13,143,38,3,2,7,2,49,0
New York Times,2008.0,4.0,48,16,47,8,50,8,125,52,14,0,10,3,39,4
New York Times,2008.0,5.0,41,19,24,13,47,17,113,56,1,5,10,3,30,4
New York Times,2008.0,6.0,27,15,27,5,51,16,131,64,1,0,7,8,15,6
New York Times,2008.0,7.0,19,13,23,7,39,14,135,56,0,1,12,0,32,1
New York Times,2008.0,8.0,25,8,19,16,43,7,118,32,3,3,4,4,22,3
New York Times,2008.0,9.0,50,22,18,6,43,8,201,79,6,2,2,4,37,1
New York Times,2008.0,10.0,60,26,20,8,81,14,210,98,8,2,8,3,45,6
New York Times,2008.0,11.0,42,11,19,7,50,4,137,47,8,4,12,3,22,7
New York Times,2008.0,12.0,33,10,17,10,77,8,102,50,8,0,0,9,30,0
New York Times,2009.0,1.0,47,22,17,12,71,9,132,36,4,4,5,8,34,1
New York Times,2009.0,2.0,70,35,16,13,50,13,149,59,5,2,1,4,32,0
New York Times,2009.0,3.0,36,14,22,8,46,9,140,50,1,5,11,1,31,6
New York Times,2009.0,4.0,43,19,10,11,65,1,92,61,3,0,3,2,22,1
New York Times,2009.0,5.0,45,20,15,5,73,21,132,33,0,2,1,5,21,3
New York Times,2009.0,6.0,45,22,22,25,66,18,188,79,2,0,3,7,34,3
New York Times,2009.0,7.0,32,16,27,6,48,12,131,59,8,4,6,3,22,5
New York Times,2009.0,8.0,43,13,25,12,38,2,117,54,3,0,3,0,54,0
New York Times,2009.0,9.0,47,14,9,9,63,17,152,68,4,2,7,0,36,3
New York Times,2009.0,10.0,78,16,40,14,62,11,186,64,9,0,11,0,58,0
New York Times,2009.0,11.0,33,27,10,9,24,9,106,44,6,0,7,5,20,1
New York Times,2009.0,12.0,47,14,24,7,70,8,95,36,5,1,6,3,21,0
New York Times,2010.0,1.0,32,13,19,7,49,12,142,45,3,2,12,3,19,4
New York Times,2010.0,2.0,37,20,26,6,26,13,109,25,3,1,8,0,13,1
New York Times,2010.0,3.0,48,17,28,2,42,18,157,49,9,1,4,10,24,5
New York Times,2010.0,4.0,55,21,23,16,59,17,161,66,5,1,16,0,21,0
New York Times,2010.0,5.0,60,20,43,5,93,15,166,77,7,0,15,2,21,3
New York Times,2010.0,6.0,57,18,15,9,101,12,138,82,4,3,9,3,19,2
New York Times,2010.0,7.0,55,20,26,3,68,3,151,35,4,0,14,7,37,5
New York Times,2010.0,8.0,18,16,18,5,49,5,69,40,1,1,6,2,18,0
New York Times,2010.0,9.0,38,19,29,1,58,11,118,45,4,3,7,1,14,0
New York Times,2010.0,10.0,47,25,23,10,68,2,88,29,8,2,4,4,24,0
New York Times,2010.0,11.0,42,16,18,7,53,8,103,23,2,4,9,1,8,1
New York Times,2010.0,12.0,39,11,32,15,53,7,83,32,7,0,8,0,10,0
New York Times,2011.0,1.0,28,19,24,7,53,7,101,52,0,2,7,0,15,2
New York Times,2011.0,2.0,50,10,29,4,56,6,72,37,1,3,3,1,25,2
New York Times,2011.0,3.0,43,14,27,3,61,68,91,40,3,0,6,4,18,0
New York Times,2011.0,4.0,29,10,20,8,82,36,68,34,0,3,10,3,25,0
New York Times,2011.0,5.0,22,17,31,5,41,19,80,34,0,3,7,3,19,1
New York Times,2011.0,6.0,40,16,35,6,46,19,124,47,0,6,6,1,28,0
New York Times,2011.0,7.0,23,10,11,4,41,13,76,58,4,2,9,0,20,2
New York Times,2011.0,8.0,34,20,13,3,51,12,61,41,0,0,3,0,7,2
New York Times,2011.0,9.0,25,10,24,14,55,7,113,56,2,3,7,2,10,0
New York Times,2011.0,10.0,25,22,19,14,36,5,102,45,2,3,10,3,15,3
New York Times,2011.0,11.0,30,15,15,7,28,4,113,39,0,0,7,2,18,2
New York Times,2011.0,12.0,24,18,26,15,64,9,121,36,6,3,4,2,34,0
New York Times,2012.0,1.0,31,21,20,4,53,15,117,32,0,2,20,2,19,3
New York Times,2012.0,2.0,33,11,22,13,52,14,76,51,4,2,7,0,11,2
New York Times,2012.0,3.0,41,20,39,8,48,16,80,48,1,0,9,5,20,1
New York Times,2012.0,4.0,42,19,16,9,24,5,95,42,0,3,16,1,19,3
New York Times,2012.0,5.0,35,27,24,0,44,20,85,64,2,1,13,6,13,2
New York Times,2012.0,6.0,44,15,25,11,54,12,149,36,1,0,16,3,20,6
New York Times,2012.0,7.0,38,13,23,6,39,11,115,37,1,3,9,2,24,0
New York Times,2012.0,8.0,38,14,22,12,48,14,120,34,1,2,14,3,7,1
New York Times,2012.0,9.0,31,24,24,14,45,8,86,39,0,6,6,0,8,0
New York Times,2012.0,10.0,47,27,25,6,31,5,84,48,2,0,10,3,20,1
New York Times,2012.0,11.0,31,14,14,5,23,6,85,51,0,3,8,1,5,2
New York Times,2012.0,12.0,39,21,26,2,36,4,101,39,0,2,17,4,20,3
New York Times,2013.0,1.0,31,11,30,7,49,8,84,25,2,0,9,5,25,0
New York Times,2013.0,2.0,44,7,15,5,39,13,58,44,1,0,4,1,12,2
New York Times,2013.0,3.0,48,9,23,11,43,4,74,50,2,2,7,2,21,0
New York Times,2013.0,4.0,32,21,11,12,41,4,75,32,3,2,15,4,20,3
New York Times,2013.0,5.0,36,12,16,16,28,6,87,29,0,0,10,5,11,4
New York Times,2013.0,6.0,46,13,35,2,45,13,82,41,2,2,9,8,10,2
New York Times,2013.0,7.0,31,16,34,14,26,11,98,28,0,5,4,2,6,0
New York Times,2013.0,8.0,24,11,28,9,27,11,77,38,0,0,7,4,16,0
New York Times,2013.0,9.0,24,14,15,2,53,12,62,48,2,0,7,5,18,0
New York Times,2013.0,10.0,22,15,18,9,34,11,69,45,0,0,13,2,16,2
New York Times,2013.0,11.0,33,17,19,13,36,2,70,43,0,2,5,0,15,2
New York Times,2013.0,12.0,35,20,10,6,40,2,105,27,0,2,5,1,20,0
New York Times,2014.0,1.0,22,13,23,7,32,11,101,48,5,0,8,3,10,2
New York Times,2014.0,2.0,32,8,26,6,24,8,108,42,5,1,11,2,10,0
New York Times,2014.0,3.0,35,27,52,10,40,11,90,41,2,2,15,8,11,4
New York Times,2014.0,4.0,35,24,58,13,27,10,74,50,0,2,15,3,14,1
New York Times,2014.0,5.0,34,17,41,8,27,6,89,56,6,1,17,0,17,3
New York Times,2014.0,6.0,41,33,25,11,30,4,76,38,0,4,13,0,15,4
New York Times,2014.0,7.0,42,19,30,7,33,7,69,39,1,0,15,2,30,0
New York Times,2014.0,8.0,26,10,20,4,29,9,88,34,3,5,6,3,12,0
New York Times,2014.0,9.0,40,19,21,3,25,2,60,47,1,1,17,0,22,3
New York Times,2014.0,10.0,39,22,22,8,27,11,87,48,5,0,10,5,20,0
New York Times,2014.0,11.0,40,19,17,9,41,8,68,39,1,1,21,4,13,0
New York Times,2014.0,12.0,27,14,22,2,37,10,66,52,2,4,12,4,13,0
New York Times,2015.0,1.0,5,4,12,3,10,2,30,15,1,1,6,1,6,0
New York Times,2015.0,2.0,12,6,7,3,8,0,23,14,2,1,9,1,5,0
New York Times,2015.0,3.0,17,5,8,4,16,1,16,6,1,2,5,1,4,1
New York Times,2015.0,4.0,12,8,11,3,20,1,26,14,0,0,3,0,8,0
New York Times,2015.0,5.0,11,6,19,4,14,1,26,20,1,1,5,1,9,0
New York Times,2015.0,6.0,19,6,13,9,14,2,32,10,0,0,3,1,5,1
New York Times,2015.0,7.0,13,6,9,2,17,0,26,18,1,2,5,0,4,0
New York Times,2015.0,8.0,18,5,4,3,11,2,14,6,4,1,2,2,4,1
New York Times,2015.0,9.0,10,7,8,8,26,2,22,11,2,4,5,2,6,1
New York Times,2015.0,10.0,19,10,7,7,31,5,33,22,1,0,7,0,10,1
New York Times,2015.0,11.0,18,3,4,1,28,3,17,18,2,2,1,0,2,0
New York Times,2015.0,12.0,6,8,10,1,15,1,16,10,1,0,4,3,5,1
New York Times,2016.0,1.0,17,2,9,3,27,5,16,11,0,0,1,2,4,0
New York Times,2016.0,2.0,18,2,9,3,14,2,19,14,3,1,5,1,4,2
New York Times,2016.0,3.0,14,6,9,5,18,1,21,10,2,0,1,3,4,2
New York Times,2016.0,4.0,11,1,7,4,22,1,26,13,1,1,2,2,8,1
New York Times,2016.0,5.0,20,4,0,5,14,0,20,11,0,1,2,1,4,0
New York Times,2016.0,6.0,14,5,4,3,9,4,25,8,0,1,0,1,5,0
New York Times,2016.0,7.0,11,7,8,7,17,0,27,7,3,2,4,0,3,0
New York Times,2016.0,8.0,15,4,2,2,12,3,14,20,0,0,3,2,8,0
New York Times,2016.0,9.0,18,7,2,5,14,2,34,24,2,1,2,3,8,1
New York Times,2016.0,10.0,19,10,5,2,10,0,42,27,0,2,6,6,10,1
New York Times,2016.0,11.0,21,13,7,16,35,3,61,21,1,0,1,2,3,1
New York Times,2016.0,12.0,27,13,11,11,49,7,59,17,0,0,9,3,8,4
New York Times,2017.0,1.0,49,17,11,3,52,8,50,17,1,2,4,1,11,0
New York Times,2017.0,2.0,26,18,9,14,60,5,63,26,0,8,8,3,15,2
New York Times,2017.0,3.0,64,18,14,13,71,5,85,30,4,0,22,5,20,2
New York Times,2017.0,4.0,39,34,10,5,36,4,63,32,3,6,14,2,6,0
New York Times,2017.0,5.0,56,11,16,14,54,9,42,21,5,4,8,0,15,1
New York Times,2017.0,6.0,40,19,9,22,41,5,57,33,1,3,11,2,21,6
New York Times,2017.0,7.0,50,20,15,17,44,1,56,28,5,1,11,7,24,0
New York Times,2017.0,8.0,42,21,8,7,32,9,63,32,5,2,8,1,9,0
New York Times,2017.0,9.0,39,16,17,17,31,3,50,35,0,0,18,2,18,1
New York Times,2017.0,10.0,61,8,19,6,40,1,53,27,2,1,17,5,19,0
New York Times,2017.0,11.0,45,15,26,6,44,10,74,30,2,0,15,3,13,3
New York Times,2017.0,12.0,38,11,16,13,43,0,69,8,0,4,14,6,9,0
New York Times,2018.0,1.0,31,15,7,15,39,8,55,18,2,3,14,7,5,0
New York Times,2018.0,2.0,40,6,7,5,31,4,60,13,7,0,11,7,10,0
New York Times,2018.0,3.0,34,27,14,10,56,5,52,19,0,2,23,3,22,2
New York Times,2018.0,4.0,29,29,13,6,37,5,57,38,0,0,29,3,19,0
New York Times,2018.0,5.0,29,9,16,2,40,5,70,34,3,2,14,10,20,2
New York Times,2018.0,6.0,32,10,3,5,36,4,54,16,0,0,13,4,8,0
New York Times,2018.0,7.0,27,14,13,2,38,4,31,19,3,2,15,2,16,2
New York Times,2018.0,8.0,39,11,16,6,55,2,35,20,4,0,17,0,5,0
New York Times,2018.0,9.0,27,12,7,7,29,4,35,15,2,0,23,2,7,0
New York Times,2018.0,10.0,24,24,20,6,47,0,42,15,0,0,16,8,9,1
New York Times,2018.0,11.0,46,18,15,2,31,2,37,22,2,5,6,2,11,1
New York Times,2018.0,12.0,20,15,12,5,48,3,29,14,4,2,15,5,7,0
New York Times,2019.0,1.0,22,7,17,2,34,3,24,33,2,2,12,7,6,1
New York Times,2019.0,2.0,30,5,15,3,22,1,52,28,0,1,13,5,11,2
New York Times,2019.0,3.0,45,19,40,8,22,0,59,31,1,2,17,8,18,0
New York Times,2019.0,4.0,31,20,20,11,33,3,37,32,2,2,27,4,10,2
New York Times,2019.0,5.0,26,16,14,7,33,4,48,28,2,3,23,10,16,2
New York Times,2019.0,6.0,39,17,15,6,44,5,46,34,4,0,12,7,28,2
New York Times,2019.0,7.0,33,15,22,4,37,7,38,24,2,0,12,6,10,3
New York Times,2019.0,8.0,43,15,10,5,38,10,29,15,1,7,11,10,12,5
New York Times,2019.0,9.0,67,23,29,7,58,2,37,31,3,5,10,9,26,2
New York Times,2019.0,10.0,28,16,42,2,27,3,29,35,6,0,12,8,14,8
New York Times,2019.0,11.0,39,19,11,5,28,1,34,23,4,4,15,2,13,2
New York Times,2019.0,12.0,14,14,18,2,29,5,14,28,2,3,7,8,8,0
New York Times,2020.0,1.0,50,11,19,7,41,2,29,30,2,0,6,7,16,3
New York Times,2020.0,2.0,30,8,7,2,24,4,38,16,2,0,12,5,16,0
New York Times,2020.0,3.0,74,16,9,7,24,0,38,23,1,5,8,1,22,2
New York Times,2020.0,4.0,67,9,11,6,20,0,35,19,7,2,3,4,17,1
New York Times,2020.0,5.0,50,13,8,0,25,0,33,11,0,2,27,9,15,0
New York Times,2020.0,6.0,33,10,15,18,35,1,23,16,2,6,25,2,14,0
New York Times,2020.0,7.0,50,17,19,4,53,4,60,10,1,1,21,5,8,2
New York Times,2020.0,8.0,39,18,19,11,28,6,21,11,0,3,11,0,18,4
New York Times,2020.0,9.0,57,23,34,12,70,8,34,8,0,2,10,4,24,0
New York Times,2020.0,10.0,45,17,13,13,71,1,73,30,0,4,19,1,9,3
New York Times,2020.0,11.0,38,22,11,9,45,5,45,26,0,4,16,2,21,9
New York Times,2020.0,12.0,107,24,17,2,58,1,48,42,4,2,27,0,23,2
New York Times,2021.0,1.0,33,16,12,4,42,7,72,32,7,2,15,7,15,4
New York Times,2021.0,2.0,60,13,18,9,41,5,45,42,5,0,35,5,11,2
New York Times,2021.0,3.0,50,24,23,13,49,7,30,23,2,2,8,4,22,2
New York Times,2021.0,4.0,58,6,21,5,44,1,46,25,0,4,19,5,10,1
New York Times,2021.0,5.0,38,8,16,8,54,5,43,38,2,7,23,6,18,0
New York Times,2021.0,6.0,38,15,24,4,25,5,48,37,0,1,24,3,9,2
New York Times,2021.0,7.0,45,27,12,6,32,2,53,63,0,0,14,1,15,5
New York Times,2021.0,8.0,41,17,23,3,37,4,39,24,0,1,14,0,8,2
New York Times,2021.0,9.0,61,18,30,5,49,10,56,32,2,3,24,0,12,0
New York Times,2021.0,10.0,73,58,19,16,51,9,53,30,0,0,21,2,9,0
New York Times,2021.0,11.0,60,23,17,14,67,5,46,34,2,1,16,4,10,2
New York Times,2021.0,12.0,43,26,22,16,29,12,21,34,4,0,12,8,20,3
The Washington Post,1987.0,1.0,11,3,13,4,10,4,21,8,2,0,4,0,8,2
The Washington Post,1987.0,2.0,14,7,8,3,14,4,24,8,3,1,6,3,7,0
The Washington Post,1987.0,3.0,10,8,5,2,14,1,35,7,0,0,2,0,11,1
The Washington Post,1987.0,4.0,13,2,18,4,16,8,19,12,2,0,5,1,12,0
The Washington Post,1987.0,5.0,18,13,10,5,10,0,20,9,1,2,1,0,6,1
The Washington Post,1987.0,6.0,19,10,14,7,21,6,30,8,2,1,5,2,10,0
The Washington Post,1987.0,7.0,21,19,9,5,12,6,26,4,0,0,2,0,11,0
The Washington Post,1987.0,8.0,22,4,17,4,15,2,12,5,3,0,2,0,2,1
The Washington Post,1987.0,9.0,13,4,13,3,9,2,12,6,2,0,1,1,8,0
The Washington Post,1987.0,10.0,15,11,14,7,14,6,34,8,0,1,4,0,6,0
The Washington Post,1987.0,11.0,18,6,9,5,14,7,23,10,2,3,5,0,8,3
The Washington Post,1987.0,12.0,14,3,11,5,13,6,26,8,3,0,0,0,10,0
The Washington Post,1988.0,1.0,15,1,10,5,17,3,24,9,1,2,3,1,7,2
The Washington Post,1988.0,2.0,18,5,13,2,8,6,23,7,1,2,2,0,6,2
The Washington Post,1988.0,3.0,25,8,12,7,19,8,20,6,2,1,2,1,9,1
The Washington Post,1988.0,4.0,15,12,14,6,18,2,22,7,2,0,1,1,16,1
The Washington Post,1988.0,5.0,24,9,19,2,18,2,22,10,0,2,3,3,11,3
The Washington Post,1988.0,6.0,22,5,11,7,21,6,24,8,2,0,2,0,10,0
The Washington Post,1988.0,7.0,21,7,8,1,15,1,34,5,2,1,5,1,9,2
The Washington Post,1988.0,8.0,31,4,8,4,17,3,19,8,0,0,1,1,10,1
The Washington Post,1988.0,9.0,22,6,13,6,24,3,20,10,0,1,4,2,8,0
The Washington Post,1988.0,10.0,17,11,15,5,17,5,28,6,0,2,1,1,14,1
The Washington Post,1988.0,11.0,13,4,10,5,17,7,31,10,0,0,5,2,11,0
The Washington Post,1988.0,12.0,20,8,12,3,22,6,24,4,1,1,11,1,8,2
The Washington Post,1989.0,1.0,16,9,10,10,15,5,29,18,6,2,2,1,9,1
The Washington Post,1989.0,2.0,11,4,8,3,18,1,48,13,2,0,5,2,24,1
The Washington Post,1989.0,3.0,24,6,13,5,20,1,37,5,1,0,2,3,8,1
The Washington Post,1989.0,4.0,16,7,7,1,13,5,26,15,0,1,6,1,16,1
The Washington Post,1989.0,5.0,15,9,7,4,29,4,18,10,2,0,2,0,14,3
The Washington Post,1989.0,6.0,15,10,7,5,30,6,28,13,2,1,7,0,7,0
The Washington Post,1989.0,7.0,22,8,8,2,28,7,22,9,0,0,5,0,11,0
The Washington Post,1989.0,8.0,18,4,14,4,16,4,15,11,0,0,2,0,9,0
The Washington Post,1989.0,9.0,20,9,10,2,28,3,18,8,0,0,2,0,9,0
The Washington Post,1989.0,10.0,23,7,7,8,18,9,14,14,2,1,2,0,15,2
The Washington Post,1989.0,11.0,17,5,13,7,23,6,19,9,1,4,3,1,11,0
The Washington Post,1989.0,12.0,19,3,7,5,10,3,18,20,1,1,2,0,7,0
The Washington Post,1990.0,1.0,18,6,14,6,12,2,21,9,0,3,1,1,7,4
The Washington Post,1990.0,2.0,15,11,7,7,9,3,30,9,0,2,4,1,11,1
The Washington Post,1990.0,3.0,33,8,9,5,14,10,30,14,0,1,3,1,8,1
The Washington Post,1990.0,4.0,24,4,13,5,34,6,32,17,0,3,3,4,6,1
The Washington Post,1990.0,5.0,16,4,6,5,16,8,34,8,1,1,2,3,9,2
The Washington Post,1990.0,6.0,14,7,7,3,22,5,34,8,2,2,3,1,10,1
The Washington Post,1990.0,7.0,13,10,11,6,21,2,33,13,1,0,2,3,11,1
The Washington Post,1990.0,8.0,15,4,7,2,18,3,30,8,1,0,3,0,10,0
The Washington Post,1990.0,9.0,18,3,4,5,17,5,31,6,0,3,1,0,12,1
The Washington Post,1990.0,10.0,17,6,5,3,19,5,32,11,1,2,4,1,11,1
The Washington Post,1990.0,11.0,13,4,7,3,19,8,36,9,2,0,3,1,15,2
The Washington Post,1990.0,12.0,18,5,6,2,17,3,43,10,2,2,4,3,4,9
The Washington Post,1991.0,1.0,12,5,12,1,12,2,36,8,0,0,2,0,10,0
The Washington Post,1991.0,2.0,16,6,7,5,13,6,49,7,0,2,3,0,4,0
The Washington Post,1991.0,3.0,16,4,7,2,8,7,22,5,1,1,1,0,5,2
The Washington Post,1991.0,4.0,12,9,1,2,11,7,36,12,0,0,2,1,11,2
The Washington Post,1991.0,5.0,21,5,5,2,20,4,51,17,2,0,6,2,10,0
The Washington Post,1991.0,6.0,22,2,8,3,17,4,32,9,0,2,2,2,11,0
The Washington Post,1991.0,7.0,20,5,8,6,13,4,24,12,0,2,1,1,10,2
The Washington Post,1991.0,8.0,13,5,8,1,23,3,34,9,2,1,2,2,6,0
The Washington Post,1991.0,9.0,17,3,11,3,22,2,34,10,0,1,1,2,10,1
The Washington Post,1991.0,10.0,18,5,8,4,16,6,23,7,2,2,0,1,9,1
The Washington Post,1991.0,11.0,20,7,7,3,15,9,37,11,1,2,0,1,9,1
The Washington Post,1991.0,12.0,8,3,9,3,17,3,17,6,0,1,3,0,6,0
The Washington Post,1992.0,1.0,16,9,5,4,12,3,36,12,0,1,4,1,13,0
The Washington Post,1992.0,2.0,13,5,8,2,23,7,28,8,0,1,3,0,8,3
The Washington Post,1992.0,3.0,14,3,3,4,19,10,24,13,1,0,2,0,9,4
The Washington Post,1992.0,4.0,20,9,6,2,18,6,20,12,1,1,4,2,10,0
The Washington Post,1992.0,5.0,12,5,3,3,15,4,16,10,1,0,2,2,5,0
The Washington Post,1992.0,6.0,14,7,8,1,27,4,22,8,2,0,2,1,9,4
The Washington Post,1992.0,7.0,16,4,10,2,17,5,27,7,2,1,3,1,7,1
The Washington Post,1992.0,8.0,10,5,6,3,12,2,23,16,0,1,1,2,9,1
The Washington Post,1992.0,9.0,14,3,4,6,14,2,13,6,1,0,0,1,8,1
The Washington Post,1992.0,10.0,19,7,9,3,13,2,28,13,2,0,5,0,15,0
The Washington Post,1992.0,11.0,13,5,2,3,12,4,18,6,2,0,3,0,12,0
The Washington Post,1992.0,12.0,15,3,5,1,12,3,18,8,0,0,4,5,6,1
The Washington Post,1993.0,1.0,19,7,4,2,18,2,24,12,2,0,1,2,6,2
The Washington Post,1993.0,2.0,13,7,6,5,16,7,31,13,1,0,2,1,10,2
The Washington Post,1993.0,3.0,26,7,10,2,21,4,19,9,0,0,3,3,10,1
The Washington Post,1993.0,4.0,18,7,5,2,12,2,19,7,0,1,5,0,6,1
The Washington Post,1993.0,5.0,16,4,8,7,11,3,16,15,1,3,3,1,6,1
The Washington Post,1993.0,6.0,16,3,8,4,19,4,20,10,1,2,6,2,10,4
The Washington Post,1993.0,7.0,16,6,7,4,11,1,18,12,0,0,5,0,2,2
The Washington Post,1993.0,8.0,9,4,5,4,18,2,20,9,0,1,2,0,11,3
The Washington Post,1993.0,9.0,13,7,9,2,16,3,24,2,1,1,3,3,7,3
The Washington Post,1993.0,10.0,26,6,6,0,21,2,25,11,2,2,6,1,5,3
The Washington Post,1993.0,11.0,19,3,5,6,12,1,23,13,1,0,6,1,6,2
The Washington Post,1993.0,12.0,19,2,11,3,17,5,20,14,3,0,0,6,11,2
The Washington Post,1994.0,1.0,17,4,10,5,20,2,22,11,1,1,7,4,6,3
The Washington Post,1994.0,2.0,15,2,7,7,17,0,24,8,3,2,3,0,8,0
The Washington Post,1994.0,3.0,18,8,8,1,17,5,25,16,2,1,6,2,10,0
The Washington Post,1994.0,4.0,14,0,8,9,25,1,21,7,2,0,3,1,11,2
The Washington Post,1994.0,5.0,27,6,10,4,14,0,21,13,2,1,3,0,6,2
The Washington Post,1994.0,6.0,16,3,7,5,15,2,21,13,1,1,3,1,12,0
The Washington Post,1994.0,7.0,18,6,6,3,8,2,14,4,2,1,3,1,6,0
The Washington Post,1994.0,8.0,15,7,6,3,10,4,14,8,2,0,6,0,8,0
The Washington Post,1994.0,9.0,11,4,7,5,17,1,16,9,2,0,1,0,8,1
The Washington Post,1994.0,10.0,16,8,7,2,17,1,18,7,0,1,8,1,24,3
The Washington Post,1994.0,11.0,16,7,15,2,15,1,24,12,2,0,5,0,11,0
The Washington Post,1994.0,12.0,21,10,12,5,15,2,22,12,2,0,5,1,10,1
The Washington Post,1995.0,1.0,9,3,2,1,6,2,12,5,1,1,3,2,2,1
The Washington Post,1995.0,2.0,16,5,3,1,13,1,15,2,1,0,1,1,2,3
The Washington Post,1995.0,3.0,14,8,4,4,19,2,7,6,1,1,1,1,6,1
The Washington Post,1995.0,4.0,8,7,7,2,5,3,6,5,1,0,1,1,3,0
The Washington Post,1995.0,5.0,7,1,6,0,9,1,11,1,0,0,2,1,6,1
The Washington Post,1995.0,6.0,4,2,3,0,3,0,15,5,1,0,4,0,6,1
The Washington Post,1995.0,7.0,10,3,3,2,14,2,13,7,1,0,1,3,6,0
The Washington Post,1995.0,8.0,9,2,5,2,6,0,7,3,1,1,1,0,4,4
The Washington Post,1995.0,9.0,7,2,1,2,7,1,14,0,0,0,2,1,2,0
The Washington Post,1995.0,10.0,5,2,4,1,6,2,6,1,1,0,3,1,7,0
The Washington Post,1995.0,11.0,15,4,8,2,10,2,14,10,1,2,3,0,3,1
The Washington Post,1995.0,12.0,13,3,2,0,3,3,9,2,0,0,1,0,1,0
The Washington Post,1996.0,1.0,8,2,4,2,5,2,16,2,1,0,1,0,2,1
The Washington Post,1996.0,2.0,12,5,6,3,6,0,6,3,0,1,2,0,4,0
The Washington Post,1996.0,3.0,12,11,3,1,5,3,12,3,0,0,1,0,3,0
The Washington Post,1996.0,4.0,8,2,4,2,7,0,9,0,0,1,0,0,5,0
The Washington Post,1996.0,5.0,4,2,6,3,7,1,5,4,2,0,1,0,5,0
The Washington Post,1996.0,6.0,7,4,6,0,11,1,9,1,0,0,1,2,3,0
The Washington Post,1996.0,7.0,9,4,4,4,7,0,9,6,3,1,2,2,6,0
The Washington Post,1996.0,8.0,9,2,5,1,5,1,12,4,1,0,2,0,4,0
The Washington Post,1996.0,9.0,5,2,2,3,7,0,11,7,0,0,0,0,2,0
The Washington Post,1996.0,10.0,4,2,2,1,5,2,5,2,0,0,2,1,6,0
The Washington Post,1996.0,11.0,9,2,6,2,6,0,3,6,1,1,5,0,6,0
The Washington Post,1996.0,12.0,6,1,3,2,5,1,5,4,1,0,1,0,2,1
The Washington Post,1997.0,1.0,8,4,5,1,1,1,8,4,0,1,4,2,6,2
The Washington Post,1997.0,2.0,8,5,8,5,12,1,8,10,1,0,0,0,6,0
The Washington Post,1997.0,3.0,8,2,3,1,13,1,13,5,0,1,3,0,1,1
The Washington Post,1997.0,4.0,10,6,4,1,10,1,10,3,0,1,2,0,3,1
The Washington Post,1997.0,5.0,11,4,4,0,11,0,8,5,0,1,3,1,3,0
The Washington Post,1997.0,6.0,17,0,3,5,10,3,11,5,2,1,0,2,3,2
The Washington Post,1997.0,7.0,20,4,2,1,11,0,6,2,2,1,2,1,4,1
The Washington Post,1997.0,8.0,12,2,4,1,6,4,4,2,0,0,1,0,4,0
The Washington Post,1997.0,9.0,10,2,2,2,5,0,6,6,1,0,0,0,4,1
The Washington Post,1997.0,10.0,11,6,9,1,11,1,6,9,1,1,0,0,4,3
The Washington Post,1997.0,11.0,13,4,3,1,8,1,10,3,0,2,2,0,5,2
The Washington Post,1997.0,12.0,10,2,11,2,7,2,10,5,0,1,3,1,10,1
The Washington Post,1998.0,1.0,14,5,4,1,13,1,7,4,0,0,5,0,4,0
The Washington Post,1998.0,2.0,22,2,6,0,16,0,10,4,0,0,2,1,3,1
The Washington Post,1998.0,3.0,34,10,11,7,17,4,12,12,1,1,3,0,3,0
The Washington Post,1998.0,4.0,5,4,10,3,15,1,23,4,3,1,3,0,3,2
The Washington Post,1998.0,5.0,16,5,10,3,15,6,10,7,1,2,4,0,5,0
The Washington Post,1998.0,6.0,18,1,3,2,15,2,23,5,3,1,3,1,7,3
The Washington Post,1998.0,7.0,22,5,6,1,12,9,20,18,1,0,3,1,9,0
The Washington Post,1998.0,8.0,14,2,4,5,6,4,11,9,1,0,3,0,5,2
The Washington Post,1998.0,9.0,20,5,4,2,8,1,19,5,1,0,4,1,4,4
The Washington Post,1998.0,10.0,20,5,5,2,16,2,23,5,0,1,3,4,5,1
The Washington Post,1998.0,11.0,8,6,5,1,14,1,11,5,1,0,3,1,6,2
The Washington Post,1998.0,12.0,10,5,6,2,15,2,14,7,2,1,2,1,2,1
The Washington Post,1999.0,1.0,10,4,5,3,7,1,13,5,0,1,4,2,5,2
The Washington Post,1999.0,2.0,23,7,7,1,10,5,16,5,1,1,5,0,7,3
The Washington Post,1999.0,3.0,17,5,7,1,14,2,15,11,2,1,4,1,7,2
The Washington Post,1999.0,4.0,14,5,12,0,12,1,14,11,2,2,3,1,3,1
The Washington Post,1999.0,5.0,17,3,8,2,13,2,22,6,0,0,7,1,6,0
The Washington Post,1999.0,6.0,20,5,7,3,16,1,16,8,0,1,5,1,7,2
The Washington Post,1999.0,7.0,18,4,12,1,13,3,17,11,0,0,7,0,10,0
The Washington Post,1999.0,8.0,13,1,11,2,20,5,15,5,4,2,1,0,2,2
The Washington Post,1999.0,9.0,6,7,6,4,15,4,15,11,0,4,4,0,10,0
The Washington Post,1999.0,10.0,14,4,7,2,19,5,17,8,2,1,3,2,6,0
The Washington Post,1999.0,11.0,12,4,13,3,11,0,17,5,0,0,2,2,4,0
The Washington Post,1999.0,12.0,14,5,9,4,7,1,9,6,1,0,3,0,4,1
The Washington Post,2000.0,1.0,19,2,12,2,6,1,11,8,0,0,1,1,5,1
The Washington Post,2000.0,2.0,21,3,3,1,6,3,23,2,3,0,1,1,5,0
The Washington Post,2000.0,3.0,17,0,10,4,13,2,17,6,2,3,2,1,9,1
The Washington Post,2000.0,4.0,15,5,9,0,12,5,12,5,0,0,5,0,6,0
The Washington Post,2000.0,5.0,19,6,9,0,15,2,13,6,2,0,2,1,8,0
The Washington Post,2000.0,6.0,19,8,9,2,19,4,15,5,1,0,2,1,7,1
The Washington Post,2000.0,7.0,21,5,7,4,12,1,8,15,1,0,5,1,9,0
The Washington Post,2000.0,8.0,9,3,8,2,10,4,12,6,2,0,2,2,5,0
The Washington Post,2000.0,9.0,14,6,15,1,14,3,10,6,0,2,3,2,10,1
The Washington Post,2000.0,10.0,13,3,16,3,24,2,10,10,0,2,8,0,4,2
The Washington Post,2000.0,11.0,21,11,13,4,13,1,13,9,0,2,2,1,8,1
The Washington Post,2000.0,12.0,26,3,13,5,14,6,22,7,1,1,3,1,12,3
The Washington Post,2001.0,1.0,25,6,11,7,42,14,17,12,0,1,6,6,6,2
The Washington Post,2001.0,2.0,16,7,16,3,30,7,16,5,0,0,2,0,4,0
The Washington Post,2001.0,3.0,23,6,16,11,37,6,21,13,0,0,2,0,7,0
The Washington Post,2001.0,4.0,15,5,9,4,28,9,15,9,1,0,1,0,6,0
The Washington Post,2001.0,5.0,15,10,14,5,38,9,12,4,0,0,4,2,13,3
The Washington Post,2001.0,6.0,29,9,11,1,21,7,14,9,1,0,2,0,9,1
The Washington Post,2001.0,7.0,26,6,13,5,22,7,20,10,1,0,2,2,11,0
The Washington Post,2001.0,8.0,22,8,7,1,34,7,10,8,0,3,0,1,8,1
The Washington Post,2001.0,9.0,12,11,10,0,13,6,14,7,1,1,3,3,2,0
The Washington Post,2001.0,10.0,16,5,9,1,20,10,12,6,2,2,5,2,9,0
The Washington Post,2001.0,11.0,12,8,7,5,13,15,7,8,0,2,2,1,6,0
The Washington Post,2001.0,12.0,12,8,8,3,17,14,18,8,0,1,2,3,4,1
The Washington Post,2002.0,1.0,7,5,8,3,18,9,26,16,1,0,3,1,7,0
The Washington Post,2002.0,2.0,9,5,10,3,15,14,26,19,0,0,4,4,7,0
The Washington Post,2002.0,3.0,19,5,12,1,27,9,17,21,0,1,1,2,13,1
The Washington Post,2002.0,4.0,17,2,6,1,32,7,14,17,0,2,7,1,7,0
The Washington Post,2002.0,5.0,16,4,3,6,16,14,23,22,8,4,0,2,6,0
The Washington Post,2002.0,6.0,14,11,11,1,22,3,17,13,4,2,0,1,8,1
The Washington Post,2002.0,7.0,15,10,4,4,30,9,29,30,1,2,6,2,7,1
The Washington Post,2002.0,8.0,20,3,6,1,20,5,12,16,0,0,2,1,8,2
The Washington Post,2002.0,9.0,11,2,10,4,14,3,20,12,0,4,3,2,6,1
The Washington Post,2002.0,10.0,19,5,5,2,15,2,24,17,2,0,1,3,8,0
The Washington Post,2002.0,11.0,10,8,14,1,23,2,27,17,0,0,2,0,5,1
The Washington Post,2002.0,12.0,13,4,8,4,23,4,25,11,1,1,1,2,7,4
The Washington Post,2003.0,1.0,14,7,5,6,30,5,21,14,0,3,4,1,9,4
The Washington Post,2003.0,2.0,10,8,11,3,13,1,15,19,1,1,4,1,5,2
The Washington Post,2003.0,3.0,12,7,9,1,18,5,21,10,0,0,2,2,4,0
The Washington Post,2003.0,4.0,16,6,7,2,13,2,15,15,0,1,7,3,14,1
The Washington Post,2003.0,5.0,18,8,8,5,19,5,16,9,0,4,3,1,11,1
The Washington Post,2003.0,6.0,13,7,8,1,14,3,20,11,3,1,6,2,6,2
The Washington Post,2003.0,7.0,12,7,8,5,22,4,21,19,1,1,1,0,9,1
The Washington Post,2003.0,8.0,15,9,11,3,25,17,22,12,0,0,3,1,9,0
The Washington Post,2003.0,9.0,14,7,2,5,19,13,32,10,1,1,6,0,6,1
The Washington Post,2003.0,10.0,21,13,9,2,22,5,29,24,1,0,2,1,7,0
The Washington Post,2003.0,11.0,24,10,15,0,28,5,28,26,0,2,5,3,11,3
The Washington Post,2003.0,12.0,14,7,3,1,20,3,19,19,0,2,4,1,9,0
The Washington Post,2004.0,1.0,24,0,5,3,17,6,21,16,2,2,2,0,5,0
The Washington Post,2004.0,2.0,17,6,8,0,16,4,20,13,1,2,5,1,19,1
The Washington Post,2004.0,3.0,10,10,3,4,14,3,24,7,1,6,3,2,4,0
The Washington Post,2004.0,4.0,25,12,3,4,15,4,30,14,2,0,5,2,7,6
The Washington Post,2004.0,5.0,14,2,7,2,15,1,26,21,5,1,3,0,6,0
The Washington Post,2004.0,6.0,19,6,10,3,14,3,20,11,1,1,3,3,4,0
The Washington Post,2004.0,7.0,22,3,8,5,22,4,23,9,0,2,3,2,13,0
The Washington Post,2004.0,8.0,11,7,10,3,19,4,16,18,2,0,4,2,9,0
The Washington Post,2004.0,9.0,9,3,6,3,14,2,34,18,0,1,2,2,11,0
The Washington Post,2004.0,10.0,30,3,9,6,23,4,30,22,2,1,1,3,7,1
The Washington Post,2004.0,11.0,14,10,9,3,17,6,19,9,2,1,0,3,6,0
The Washington Post,2004.0,12.0,14,7,8,3,15,1,24,12,0,0,2,0,7,1
The Washington Post,2005.0,1.0,17,3,5,1,14,4,25,8,0,0,4,4,8,1
The Washington Post,2005.0,2.0,21,3,20,3,20,3,21,9,0,0,3,2,10,3
The Washington Post,2005.0,3.0,24,5,9,5,17,5,26,18,2,2,5,2,8,1
The Washington Post,2005.0,4.0,16,10,10,1,20,1,21,20,1,1,2,2,13,1
The Washington Post,2005.0,5.0,10,5,4,0,17,3,19,18,1,3,3,0,20,0
The Washington Post,2005.0,6.0,12,7,7,2,23,0,24,8,0,3,3,1,7,3
The Washington Post,2005.0,7.0,7,10,7,4,11,7,11,10,2,2,1,3,11,2
The Washington Post,2005.0,8.0,10,5,7,3,19,1,14,9,2,0,3,2,3,2
The Washington Post,2005.0,9.0,11,7,5,2,23,7,21,10,0,0,3,3,6,0
The Washington Post,2005.0,10.0,16,7,5,1,10,2,24,14,1,1,1,3,15,1
The Washington Post,2005.0,11.0,12,6,6,1,16,2,8,7,1,1,2,2,10,0
The Washington Post,2005.0,12.0,7,11,6,3,14,1,15,9,0,3,1,0,9,0
The Washington Post,2006.0,1.0,15,1,5,2,21,2,15,15,0,1,2,0,8,0
The Washington Post,2006.0,2.0,9,4,13,1,21,4,16,6,1,2,0,3,7,1
The Washington Post,2006.0,3.0,10,2,6,0,15,7,16,8,0,0,3,0,15,4
The Washington Post,2006.0,4.0,10,7,6,3,24,4,15,7,1,0,2,1,13,1
The Washington Post,2006.0,5.0,7,2,7,1,6,1,15,9,0,1,3,0,6,1
The Washington Post,2006.0,6.0,7,3,15,0,13,3,22,13,0,2,4,0,4,2
The Washington Post,2006.0,7.0,13,6,3,1,13,4,12,12,0,1,2,1,9,1
The Washington Post,2006.0,8.0,9,8,7,2,18,3,12,7,0,0,0,1,9,2
The Washington Post,2006.0,9.0,13,6,11,0,8,3,12,12,0,0,0,1,8,0
The Washington Post,2006.0,10.0,14,4,2,2,16,2,15,5,0,2,1,1,6,0
The Washington Post,2006.0,11.0,12,3,4,2,23,2,27,12,0,0,1,1,4,1
The Washington Post,2006.0,12.0,11,4,4,3,12,3,22,14,1,0,0,3,9,0
The Washington Post,2007.0,1.0,13,2,6,4,11,3,15,5,0,4,1,3,5,3
The Washington Post,2007.0,2.0,10,7,7,2,13,9,21,8,0,2,1,1,5,1
The Washington Post,2007.0,3.0,10,4,4,3,19,5,29,10,1,0,3,1,8,1
The Washington Post,2007.0,4.0,11,5,3,1,13,2,17,11,2,1,1,1,9,1
The Washington Post,2007.0,5.0,19,4,4,1,12,4,17,14,3,0,2,0,10,1
The Washington Post,2007.0,6.0,11,4,4,2,10,2,16,13,0,0,2,0,5,2
The Washington Post,2007.0,7.0,20,7,4,2,13,5,13,9,1,2,2,0,5,0
The Washington Post,2007.0,8.0,15,7,9,0,11,6,15,10,1,1,2,2,7,0
The Washington Post,2007.0,9.0,22,7,5,4,12,5,21,15,1,0,6,1,9,1
The Washington Post,2007.0,10.0,12,8,5,1,10,4,15,7,2,0,1,0,6,0
The Washington Post,2007.0,11.0,14,10,2,4,12,4,22,13,1,1,4,0,9,1
The Washington Post,2007.0,12.0,11,3,6,1,11,5,17,7,1,2,1,1,9,1
The Washington Post,2008.0,1.0,16,4,11,5,15,5,16,8,0,1,3,0,10,3
The Washington Post,2008.0,2.0,13,2,2,2,9,2,19,10,0,1,0,3,4,2
The Washington Post,2008.0,3.0,14,4,6,4,16,5,27,10,0,0,2,5,14,0
The Washington Post,2008.0,4.0,14,8,17,2,24,6,26,14,2,1,3,1,15,2
The Washington Post,2008.0,5.0,12,1,4,2,12,4,8,7,0,1,2,0,5,1
The Washington Post,2008.0,6.0,21,5,4,0,12,5,16,9,1,0,1,1,6,0
The Washington Post,2008.0,7.0,9,7,5,2,16,3,12,11,0,0,2,0,12,0
The Washington Post,2008.0,8.0,15,5,7,2,15,3,19,10,1,0,1,0,5,1
The Washington Post,2008.0,9.0,13,4,4,1,16,5,43,19,2,3,2,2,7,0
The Washington Post,2008.0,10.0,11,0,6,1,13,1,33,18,5,0,0,0,9,2
The Washington Post,2008.0,11.0,11,3,2,1,14,4,26,10,1,0,2,0,4,0
The Washington Post,2008.0,12.0,7,4,6,4,19,0,22,5,1,1,1,1,4,0
The Washington Post,2009.0,1.0,8,3,5,2,12,2,31,7,0,0,2,1,5,1
The Washington Post,2009.0,2.0,12,2,5,2,17,2,20,6,0,0,2,1,5,0
The Washington Post,2009.0,3.0,11,1,5,3,15,3,29,9,0,1,3,0,9,0
The Washington Post,2009.0,4.0,9,1,4,1,12,1,15,8,0,0,0,4,9,1
The Washington Post,2009.0,5.0,11,2,0,2,9,1,14,8,0,1,1,1,10,1
The Washington Post,2009.0,6.0,11,3,2,4,3,1,29,7,1,0,1,1,5,0
The Washington Post,2009.0,7.0,4,3,2,4,5,3,15,7,1,1,0,1,5,0
The Washington Post,2009.0,8.0,10,5,5,1,7,0,10,4,0,1,3,0,5,1
The Washington Post,2009.0,9.0,8,1,4,0,6,0,21,5,0,0,1,0,6,0
The Washington Post,2009.0,10.0,7,4,6,0,10,1,22,8,1,0,4,2,6,0
The Washington Post,2009.0,11.0,8,2,3,3,6,2,15,4,1,0,2,0,5,0
The Washington Post,2009.0,12.0,6,4,5,0,12,1,10,8,1,1,3,1,6,1
The Washington Post,2010.0,1.0,14,3,7,0,8,1,18,6,0,0,0,2,2,0
The Washington Post,2010.0,2.0,10,3,4,1,10,1,16,3,2,1,2,2,3,1
The Washington Post,2010.0,3.0,15,4,7,1,9,1,25,4,0,1,4,1,5,0
The Washington Post,2010.0,4.0,8,1,12,2,13,1,33,11,2,1,4,1,3,1
The Washington Post,2010.0,5.0,14,5,7,2,22,1,40,6,0,2,1,0,5,0
The Washington Post,2010.0,6.0,10,7,8,3,14,4,25,6,0,0,2,0,4,0
The Washington Post,2010.0,7.0,8,5,9,0,9,0,24,9,0,1,2,0,5,2
The Washington Post,2010.0,8.0,7,2,11,0,16,2,14,11,2,1,4,1,5,1
The Washington Post,2010.0,9.0,11,2,6,1,8,4,16,6,1,0,2,2,5,1
The Washington Post,2010.0,10.0,5,4,11,1,15,1,28,5,0,2,6,2,4,1
The Washington Post,2010.0,11.0,14,5,3,3,11,2,16,8,0,1,3,0,2,1
The Washington Post,2010.0,12.0,15,1,8,2,14,0,14,6,1,1,4,3,3,1
The Washington Post,2011.0,1.0,13,4,5,2,16,3,19,5,1,2,1,1,6,1
The Washington Post,2011.0,2.0,19,5,5,4,17,7,14,5,1,0,0,0,4,1
The Washington Post,2011.0,3.0,9,4,7,5,12,10,26,8,3,0,2,3,4,0
The Washington Post,2011.0,4.0,4,7,1,3,9,5,22,8,0,1,2,0,5,0
The Washington Post,2011.0,5.0,9,6,2,2,12,4,9,8,1,2,2,1,6,1
The Washington Post,2011.0,6.0,9,9,4,2,10,4,15,9,1,0,4,3,5,0
The Washington Post,2011.0,7.0,9,2,7,1,13,1,10,7,1,0,2,3,4,0
The Washington Post,2011.0,8.0,8,0,3,3,8,2,13,6,0,0,2,2,2,1
The Washington Post,2011.0,9.0,10,4,3,1,17,5,11,2,0,0,0,0,2,0
The Washington Post,2011.0,10.0,9,1,2,2,11,2,20,7,0,0,3,3,2,0
The Washington Post,2011.0,11.0,9,7,9,1,1,0,12,10,0,0,0,0,5,1
The Washington Post,2011.0,12.0,8,1,7,0,9,1,12,11,4,1,1,1,0,2
The Washington Post,2012.0,1.0,5,2,5,1,10,0,7,5,0,2,1,0,6,0
The Washington Post,2012.0,2.0,19,2,2,4,3,4,12,7,1,0,2,0,1,0
The Washington Post,2012.0,3.0,13,5,5,2,12,2,12,15,1,0,2,0,8,0
The Washington Post,2012.0,4.0,5,3,2,3,4,2,13,13,0,1,3,0,6,1
The Washington Post,2012.0,5.0,8,3,5,2,4,3,8,5,0,1,0,0,4,0
The Washington Post,2012.0,6.0,14,4,5,0,9,3,12,7,0,0,3,0,2,1
The Washington Post,2012.0,7.0,5,2,5,1,7,4,8,11,2,0,0,1,3,0
The Washington Post,2012.0,8.0,5,3,2,1,10,3,14,6,0,0,1,1,4,0
The Washington Post,2012.0,9.0,4,2,5,1,3,1,9,4,2,0,1,0,5,0
The Washington Post,2012.0,10.0,8,3,1,1,6,1,12,1,0,0,6,1,4,0
The Washington Post,2012.0,11.0,14,1,5,1,8,0,15,11,0,1,2,0,5,0
The Washington Post,2012.0,12.0,14,1,4,2,3,0,9,6,0,0,4,0,2,0
The Washington Post,2013.0,1.0,5,1,1,2,5,0,13,1,2,0,1,2,5,1
The Washington Post,2013.0,2.0,6,2,5,0,4,1,10,4,2,1,0,2,2,0
The Washington Post,2013.0,3.0,15,3,5,0,6,2,9,6,1,1,0,0,11,0
The Washington Post,2013.0,4.0,11,5,1,1,3,0,8,9,2,0,6,0,3,0
The Washington Post,2013.0,5.0,16,4,4,2,15,0,17,13,1,1,1,2,3,0
The Washington Post,2013.0,6.0,7,5,2,1,7,1,7,7,0,0,3,0,2,0
The Washington Post,2013.0,7.0,11,2,3,1,4,0,14,6,0,0,4,0,2,1
The Washington Post,2013.0,8.0,5,6,0,1,3,0,10,5,0,0,0,0,2,0
The Washington Post,2013.0,9.0,10,1,5,1,7,1,10,9,0,1,3,0,2,0
The Washington Post,2013.0,10.0,9,2,4,3,7,1,12,8,1,0,0,2,6,3
The Washington Post,2013.0,11.0,6,4,9,1,6,1,16,8,1,0,1,1,4,0
The Washington Post,2013.0,12.0,8,4,3,2,4,1,14,7,0,0,2,0,4,0
The Washington Post,2014.0,1.0,8,5,6,0,6,3,13,11,2,0,2,1,2,0
The Washington Post,2014.0,2.0,2,4,1,1,6,1,8,4,0,0,1,2,2,0
The Washington Post,2014.0,3.0,6,1,6,1,7,2,8,5,0,1,1,2,3,0
The Washington Post,2014.0,4.0,14,6,11,0,7,1,5,4,0,2,1,2,3,0
The Washington Post,2014.0,5.0,11,0,5,2,9,3,6,8,1,0,4,2,0,0
The Washington Post,2014.0,6.0,8,1,5,0,12,1,8,1,1,0,1,0,4,1
The Washington Post,2014.0,7.0,6,2,6,1,9,0,4,2,0,0,2,2,1,0
The Washington Post,2014.0,8.0,10,4,9,0,4,1,15,5,0,1,2,2,7,0
The Washington Post,2014.0,9.0,3,1,7,1,5,0,11,5,0,0,0,1,1,0
The Washington Post,2014.0,10.0,4,3,6,0,4,0,8,4,0,1,6,1,2,1
The Washington Post,2014.0,11.0,10,2,14,1,14,2,5,6,1,1,2,4,3,0
The Washington Post,2014.0,12.0,11,1,8,2,13,1,12,7,1,1,1,0,3,2
The Washington Post,2015.0,1.0,2,3,6,5,5,3,8,7,0,0,0,2,6,0
The Washington Post,2015.0,2.0,6,10,9,3,4,0,14,4,0,0,3,1,4,0
The Washington Post,2015.0,3.0,10,3,6,2,8,2,12,3,0,0,2,2,7,2
The Washington Post,2015.0,4.0,5,2,3,4,7,0,8,2,0,2,1,3,1,2
The Washington Post,2015.0,5.0,6,3,11,3,11,1,3,5,1,0,4,3,4,1
The Washington Post,2015.0,6.0,9,2,16,3,9,2,2,5,0,0,1,1,5,0
The Washington Post,2015.0,7.0,8,4,6,3,5,3,5,3,0,0,4,0,5,3
The Washington Post,2015.0,8.0,11,2,3,4,7,2,4,1,0,0,0,3,7,0
The Washington Post,2015.0,9.0,4,7,6,2,14,0,6,7,2,1,2,4,3,0
The Washington Post,2015.0,10.0,10,1,16,1,5,3,7,10,1,0,3,1,5,0
The Washington Post,2015.0,11.0,10,1,5,0,7,1,7,2,0,1,1,0,2,0
The Washington Post,2015.0,12.0,11,6,6,1,15,3,7,4,1,2,1,0,2,0
The Washington Post,2016.0,1.0,8,3,7,6,12,0,2,8,0,1,3,1,1,0
The Washington Post,2016.0,2.0,11,2,9,2,4,6,4,3,1,0,0,2,5,2
The Washington Post,2016.0,3.0,5,1,6,1,5,1,3,4,0,2,1,2,4,0
The Washington Post,2016.0,4.0,9,4,8,3,11,1,8,11,0,2,1,2,3,1
The Washington Post,2016.0,5.0,8,2,7,4,16,3,12,7,3,0,3,4,6,0
The Washington Post,2016.0,6.0,18,2,8,4,18,5,9,17,1,2,0,1,3,2
The Washington Post,2016.0,7.0,13,0,12,2,17,0,14,6,0,2,2,0,7,2
The Washington Post,2016.0,8.0,12,6,6,1,15,4,9,6,0,0,0,5,3,0
The Washington Post,2016.0,9.0,8,3,7,1,9,2,11,4,1,1,2,1,3,0
The Washington Post,2016.0,10.0,7,1,6,1,9,0,9,4,0,1,0,0,3,1
The Washington Post,2016.0,11.0,12,8,12,7,16,0,18,11,0,3,3,4,6,1
The Washington Post,2016.0,12.0,25,8,5,6,22,2,19,12,0,1,5,10,11,0
The Washington Post,2017.0,1.0,17,11,10,2,38,13,19,23,0,2,1,2,9,5
The Washington Post,2017.0,2.0,18,6,9,2,24,8,25,10,0,1,3,10,9,0
The Washington Post,2017.0,3.0,33,2,2,10,39,3,25,14,2,1,1,6,9,2
The Washington Post,2017.0,4.0,38,2,12,9,20,2,19,7,0,1,4,1,4,0
The Washington Post,2017.0,5.0,18,2,9,3,21,3,17,10,0,2,8,5,15,2
The Washington Post,2017.0,6.0,31,13,3,7,31,5,18,17,1,0,4,0,8,0
The Washington Post,2017.0,7.0,25,4,15,7,21,3,21,7,2,5,1,1,8,0
The Washington Post,2017.0,8.0,19,4,3,0,29,9,30,6,3,5,1,2,13,3
The Washington Post,2017.0,9.0,15,6,9,17,21,2,17,11,0,1,6,2,10,1
The Washington Post,2017.0,10.0,59,21,6,5,31,7,11,9,0,3,3,3,14,2
The Washington Post,2017.0,11.0,25,3,6,4,24,7,21,2,0,2,4,2,5,0
The Washington Post,2017.0,12.0,21,4,15,8,10,4,29,9,0,7,7,4,15,0
The Washington Post,2018.0,1.0,24,5,10,4,23,0,32,8,2,0,5,0,11,0
The Washington Post,2018.0,2.0,23,11,6,4,21,5,30,6,0,5,9,6,5,1
The Washington Post,2018.0,3.0,46,9,9,7,22,3,43,9,0,0,13,8,7,1
The Washington Post,2018.0,4.0,27,10,7,1,17,0,31,14,2,1,13,1,4,0
The Washington Post,2018.0,5.0,21,15,10,7,13,0,28,20,5,0,2,6,7,0
The Washington Post,2018.0,6.0,19,2,8,2,17,0,28,4,0,1,8,0,7,0
The Washington Post,2018.0,7.0,18,8,14,4,15,2,23,11,2,0,9,5,6,1
The Washington Post,2018.0,8.0,20,10,13,2,26,1,27,5,0,2,6,9,3,0
The Washington Post,2018.0,9.0,31,7,17,6,19,1,51,15,0,5,19,1,7,0
The Washington Post,2018.0,10.0,45,11,15,5,34,2,33,14,2,5,13,0,7,1
The Washington Post,2018.0,11.0,27,12,20,10,41,8,30,17,2,3,15,3,16,0
The Washington Post,2018.0,12.0,34,16,8,8,41,1,40,13,0,2,7,5,7,0
The Washington Post,2019.0,1.0,31,11,22,6,18,9,26,22,4,0,6,6,16,1
The Washington Post,2019.0,2.0,45,11,13,7,23,2,41,11,0,2,7,8,14,0
The Washington Post,2019.0,3.0,23,4,20,10,37,3,54,28,1,6,12,3,12,0
The Washington Post,2019.0,4.0,46,14,37,13,46,3,46,12,0,7,19,1,14,0
The Washington Post,2019.0,5.0,34,12,9,9,31,0,41,25,1,6,13,6,7,7
The Washington Post,2019.0,6.0,51,4,17,8,38,4,34,35,0,4,13,3,19,1
The Washington Post,2019.0,7.0,33,21,15,5,20,2,52,31,3,0,19,3,20,2
The Washington Post,2019.0,8.0,35,15,15,7,29,2,41,13,0,5,11,4,8,8
The Washington Post,2019.0,9.0,48,16,12,4,44,2,32,18,2,4,10,5,15,2
The Washington Post,2019.0,10.0,36,14,32,9,28,3,40,21,0,2,29,3,9,7
The Washington Post,2019.0,11.0,51,11,17,3,26,0,26,14,0,2,18,7,7,0
The Washington Post,2019.0,12.0,43,22,19,6,35,2,29,13,0,2,4,3,5,2
The Washington Post,2020.0,1.0,49,10,17,10,40,4,29,16,0,5,9,2,19,4
The Washington Post,2020.0,2.0,44,14,14,1,29,8,26,18,1,0,5,9,4,1
The Washington Post,2020.0,3.0,35,10,14,15,28,1,34,8,3,2,7,3,17,2
The Washington Post,2020.0,4.0,55,17,13,6,37,1,21,13,0,1,8,0,11,4
The Washington Post,2020.0,5.0,62,15,20,7,28,0,19,28,0,3,16,3,9,0
The Washington Post,2020.0,6.0,26,8,9,8,20,2,21,15,1,6,16,2,11,2
The Washington Post,2020.0,7.0,37,11,11,7,21,2,15,11,0,3,26,5,9,2
The Washington Post,2020.0,8.0,49,15,13,9,18,0,14,15,0,1,18,0,4,4
The Washington Post,2020.0,9.0,34,7,18,12,43,2,17,15,0,0,8,1,6,2
The Washington Post,2020.0,10.0,38,10,16,8,28,1,18,20,0,3,17,7,8,2
The Washington Post,2020.0,11.0,47,4,18,3,30,5,30,19,2,2,13,9,3,0
The Washington Post,2020.0,12.0,71,29,8,6,39,4,19,31,0,0,11,2,16,2
The Washington Post,2021.0,1.0,49,14,13,12,37,6,37,11,2,4,45,5,24,1
The Washington Post,2021.0,2.0,44,6,16,8,33,8,12,22,2,0,36,5,15,0
The Washington Post,2021.0,3.0,46,19,11,8,27,3,21,21,2,4,16,5,19,1
The Washington Post,2021.0,4.0,46,7,10,3,37,1,23,15,5,0,13,4,13,0
The Washington Post,2021.0,5.0,32,4,8,6,22,5,15,13,3,2,17,4,11,0
The Washington Post,2021.0,6.0,25,8,22,9,25,6,25,8,1,2,17,2,23,0
The Washington Post,2021.0,7.0,24,12,13,3,15,0,20,17,3,3,17,6,10,0
The Washington Post,2021.0,8.0,39,3,11,2,28,3,23,6,4,1,4,1,6,0
The Washington Post,2021.0,9.0,32,5,19,2,26,2,30,12,2,0,22,1,8,0
The Washington Post,2021.0,10.0,39,19,20,4,39,4,36,18,3,2,40,7,21,0
The Washington Post,2021.0,11.0,39,12,15,7,37,0,29,10,2,2,20,5,17,2
The Washington Post,2021.0,12.0,31,11,17,2,37,4,21,13,2,0,18,8,7,4
USA Today,1987.0,4.0,4,2,2,0,1,2,0,2,0,0,0,0,1,0
USA Today,1987.0,5.0,3,2,4,1,0,3,2,3,2,0,1,0,4,0
USA Today,1987.0,6.0,1,0,3,0,2,3,8,1,0,0,1,0,1,0
USA Today,1987.0,7.0,6,1,7,2,5,1,4,4,0,0,2,0,0,0
USA Today,1987.0,8.0,2,1,6,0,3,1,3,1,0,0,0,0,2,0
USA Today,1987.0,9.0,0,1,1,0,0,1,1,1,0,0,1,0,1,1
USA Today,1987.0,10.0,3,4,4,0,6,1,2,3,0,0,1,0,0,1
USA Today,1987.0,11.0,1,0,7,1,3,1,6,0,0,1,1,0,3,0
USA Today,1987.0,12.0,4,4,2,4,8,0,4,4,0,0,0,0,6,1
USA Today,1988.0,1.0,4,2,3,0,7,0,1,0,0,0,1,0,0,0
USA Today,1988.0,2.0,7,0,4,0,5,0,1,3,0,0,2,1,1,1
USA Today,1988.0,3.0,3,0,2,1,4,1,1,4,0,0,0,0,0,0
USA Today,1988.0,4.0,2,1,6,1,5,1,7,1,0,0,1,0,3,0
USA Today,1988.0,5.0,1,0,2,0,4,1,6,3,0,0,0,1,0,0
USA Today,1988.0,6.0,3,2,3,2,4,1,4,3,1,0,1,1,0,1
USA Today,1988.0,7.0,4,0,3,0,5,0,2,2,0,0,1,0,1,1
USA Today,1988.0,8.0,5,1,2,2,9,4,5,1,0,0,1,1,2,0
USA Today,1988.0,9.0,2,0,4,0,7,0,1,1,0,0,1,0,0,0
USA Today,1988.0,10.0,6,3,10,3,8,1,6,3,0,0,1,0,1,0
USA Today,1988.0,11.0,3,1,9,2,3,4,2,0,0,0,4,0,3,0
USA Today,1988.0,12.0,3,0,2,1,2,3,7,3,0,0,3,0,1,0
USA Today,1989.0,1.0,6,2,3,2,5,2,6,3,0,0,0,0,0,0
USA Today,1989.0,2.0,5,3,3,1,3,2,13,3,0,0,0,0,6,0
USA Today,1989.0,3.0,5,5,4,1,2,3,7,3,1,0,1,4,1,1
USA Today,1989.0,4.0,4,0,3,2,6,1,3,0,1,0,1,1,1,0
USA Today,1989.0,5.0,3,1,2,1,12,1,4,3,0,0,0,0,2,0
USA Today,1989.0,6.0,6,1,7,0,7,3,3,2,0,0,0,0,1,1
USA Today,1989.0,7.0,2,0,5,0,9,3,4,2,0,0,1,0,0,0
USA Today,1989.0,8.0,7,2,1,0,5,1,8,3,2,0,0,0,4,0
USA Today,1989.0,9.0,5,1,3,2,6,2,5,1,0,1,2,0,2,1
USA Today,1989.0,10.0,6,1,6,1,3,6,4,4,0,1,2,0,1,0
USA Today,1989.0,11.0,8,2,4,1,6,0,6,4,0,0,2,0,5,0
USA Today,1989.0,12.0,5,1,1,1,4,1,6,4,0,0,0,1,7,0
USA Today,1990.0,1.0,1,0,4,0,2,3,3,1,0,0,2,0,0,0
USA Today,1990.0,2.0,7,1,7,3,8,0,4,2,1,1,1,0,1,0
USA Today,1990.0,3.0,9,1,4,2,10,8,8,6,0,0,5,0,1,0
USA Today,1990.0,4.0,7,2,3,1,18,4,6,2,0,0,0,0,2,0
USA Today,1990.0,5.0,5,2,6,1,9,1,13,2,0,0,2,0,3,0
USA Today,1990.0,6.0,5,2,3,1,8,1,9,2,0,0,3,0,2,0
USA Today,1990.0,7.0,6,0,8,3,8,2,9,3,3,0,2,1,1,0
USA Today,1990.0,8.0,0,3,4,0,4,1,9,1,1,0,1,0,0,0
USA Today,1990.0,9.0,3,0,0,0,5,4,8,3,0,1,0,0,1,0
USA Today,1990.0,10.0,4,1,4,2,8,1,10,6,0,0,0,0,2,0
USA Today,1990.0,11.0,5,0,4,2,5,1,14,4,0,0,3,1,3,0
USA Today,1990.0,12.0,8,2,1,0,7,0,9,6,0,0,1,0,3,0
USA Today,1991.0,1.0,1,1,3,1,3,2,5,0,0,0,0,0,4,1
USA Today,1991.0,2.0,5,1,1,0,4,1,14,0,0,0,1,0,0,0
USA Today,1991.0,3.0,1,0,3,2,1,0,8,4,0,0,0,2,0,0
USA Today,1991.0,4.0,6,1,4,0,8,0,2,2,0,0,1,1,2,0
USA Today,1991.0,5.0,4,0,1,0,2,0,11,3,0,0,0,1,1,0
USA Today,1991.0,6.0,10,1,3,0,3,2,8,2,0,1,3,0,0,0
USA Today,1991.0,7.0,3,0,3,1,7,1,8,2,1,0,0,0,2,0
USA Today,1991.0,8.0,0,0,4,1,6,2,9,2,0,0,1,1,3,0
USA Today,1991.0,9.0,1,1,2,3,4,0,1,0,0,0,2,0,1,0
USA Today,1991.0,10.0,5,0,5,2,8,3,10,2,0,0,0,0,0,1
USA Today,1991.0,11.0,5,0,1,0,4,0,7,2,0,1,0,0,0,0
USA Today,1991.0,12.0,3,0,3,2,2,1,6,2,0,0,1,0,1,0
USA Today,1992.0,1.0,5,2,2,1,3,1,7,1,0,0,2,1,0,1
USA Today,1992.0,2.0,8,3,1,0,4,2,5,3,1,0,2,1,0,0
USA Today,1992.0,3.0,0,0,2,0,2,1,3,5,0,0,0,1,1,0
USA Today,1992.0,4.0,9,1,3,3,8,0,5,0,0,0,1,2,1,0
USA Today,1992.0,5.0,5,3,2,0,6,2,3,2,0,0,0,0,1,0
USA Today,1992.0,6.0,4,1,2,1,9,2,7,4,1,0,0,1,3,0
USA Today,1992.0,7.0,3,2,3,1,5,2,4,5,1,1,2,0,2,0
USA Today,1992.0,8.0,1,0,1,3,1,1,2,1,0,0,1,0,3,0
USA Today,1992.0,9.0,6,0,4,2,6,1,4,4,0,0,0,0,4,0
USA Today,1992.0,10.0,5,2,3,0,8,1,7,0,0,1,0,0,2,0
USA Today,1992.0,11.0,2,0,0,1,4,2,4,2,0,0,0,0,1,0
USA Today,1992.0,12.0,0,0,4,1,7,4,2,1,0,0,1,0,1,0
USA Today,1993.0,1.0,3,2,2,0,3,2,3,0,1,0,1,0,1,0
USA Today,1993.0,2.0,3,0,1,3,7,0,4,0,0,0,1,0,2,0
USA Today,1993.0,3.0,3,2,4,0,7,0,8,4,1,0,1,0,0,0
USA Today,1993.0,4.0,3,0,3,0,7,1,1,2,0,0,0,0,0,0
USA Today,1993.0,5.0,4,3,2,2,7,0,6,2,0,0,0,0,1,1
USA Today,1993.0,6.0,7,0,3,2,5,2,3,1,0,1,0,0,4,0
USA Today,1993.0,7.0,3,0,4,0,4,0,6,1,0,0,0,0,0,0
USA Today,1993.0,8.0,2,0,0,0,2,0,5,0,0,0,1,0,0,0
USA Today,1993.0,9.0,4,0,0,1,4,2,4,1,1,0,1,1,1,0
USA Today,1993.0,10.0,6,1,4,1,5,0,3,2,0,0,5,0,1,0
USA Today,1993.0,11.0,5,0,4,0,8,4,3,5,0,0,4,0,1,0
USA Today,1993.0,12.0,5,1,1,2,3,0,5,1,0,0,1,0,1,0
USA Today,1994.0,1.0,0,1,2,1,3,3,7,0,0,0,4,1,0,0
USA Today,1994.0,2.0,5,0,2,1,8,1,3,2,1,0,2,1,1,0
USA Today,1994.0,3.0,6,1,0,1,4,1,11,1,0,0,3,0,3,0
USA Today,1994.0,4.0,4,1,1,0,3,2,6,4,0,0,0,0,0,0
USA Today,1994.0,5.0,6,0,0,1,8,1,4,1,0,0,0,0,0,0
USA Today,1994.0,6.0,3,1,1,2,4,2,5,2,1,0,4,1,1,0
USA Today,1994.0,7.0,5,3,3,1,6,1,3,2,0,0,3,0,3,0
USA Today,1994.0,8.0,3,2,3,0,2,3,6,0,1,0,2,0,2,0
USA Today,1994.0,9.0,4,2,3,3,1,1,13,4,0,0,0,1,2,0
USA Today,1994.0,10.0,3,0,1,1,7,0,2,3,0,0,1,0,1,0
USA Today,1994.0,11.0,3,1,4,1,4,1,8,0,0,0,0,0,4,0
USA Today,1994.0,12.0,6,3,5,2,3,2,6,3,0,0,1,0,0,0
USA Today,1995.0,1.0,1,0,1,0,0,0,2,1,0,0,0,0,1,0
USA Today,1995.0,2.0,3,0,0,1,1,1,2,0,0,0,0,2,1,1
USA Today,1995.0,3.0,4,1,0,0,2,0,2,0,1,0,0,0,0,0
USA Today,1995.0,4.0,2,0,1,1,4,0,0,2,0,0,0,0,0,0
USA Today,1995.0,5.0,2,0,3,0,3,0,2,0,0,0,0,0,1,0
USA Today,1995.0,6.0,1,0,1,0,2,0,2,1,0,0,2,0,1,0
USA Today,1995.0,7.0,4,0,2,2,3,0,4,2,0,0,0,1,1,0
USA Today,1995.0,8.0,7,0,2,0,1,0,1,0,0,0,0,0,1,0
USA Today,1995.0,9.0,3,1,7,0,4,0,2,0,1,0,0,0,0,0
USA Today,1995.0,10.0,6,0,3,1,2,1,4,0,0,0,0,0,1,0
USA Today,1995.0,11.0,3,1,0,0,1,1,4,1,0,0,0,0,0,0
USA Today,1995.0,12.0,3,0,5,0,5,0,3,1,0,0,0,0,1,0
USA Today,1996.0,1.0,4,0,1,1,0,0,2,4,0,0,0,0,1,0
USA Today,1996.0,2.0,1,0,4,0,2,0,3,4,0,0,1,0,0,2
USA Today,1996.0,3.0,0,3,2,0,0,0,0,4,0,0,0,0,0,0
USA Today,1996.0,4.0,4,0,4,3,0,1,0,0,0,0,1,0,0,0
USA Today,1996.0,5.0,3,0,4,1,0,0,2,1,0,0,0,0,1,0
USA Today,1996.0,6.0,3,1,6,1,1,1,1,3,0,0,0,0,1,0
USA Today,1996.0,7.0,2,0,3,3,0,0,3,1,0,0,0,0,1,0
USA Today,1996.0,8.0,3,0,4,1,3,1,3,3,1,0,1,0,1,0
USA Today,1996.0,9.0,0,2,3,0,0,0,2,1,0,0,0,0,0,0
USA Today,1996.0,10.0,7,0,4,1,3,0,0,1,1,0,1,1,1,0
USA Today,1996.0,11.0,12,0,3,2,2,0,4,5,2,0,0,0,3,0
USA Today,1996.0,12.0,2,0,7,0,0,0,3,6,1,0,0,0,1,0
USA Today,1997.0,1.0,4,1,4,0,0,0,2,3,0,1,0,0,2,0
USA Today,1997.0,2.0,4,1,3,1,2,1,0,1,0,1,1,0,0,0
USA Today,1997.0,3.0,7,0,2,0,2,0,2,2,0,0,0,0,3,0
USA Today,1997.0,4.0,4,3,2,0,0,0,1,1,1,0,1,1,1,0
USA Today,1997.0,5.0,3,2,2,0,1,0,2,3,0,0,1,1,0,0
USA Today,1997.0,6.0,8,1,1,0,1,0,3,4,3,0,0,1,2,0
USA Today,1997.0,7.0,3,1,5,0,2,0,4,2,0,0,1,0,2,0
USA Today,1997.0,8.0,8,1,5,1,1,0,4,1,0,0,0,1,4,1
USA Today,1997.0,9.0,3,0,0,1,2,0,4,2,0,0,1,0,6,0
USA Today,1997.0,10.0,4,1,1,0,0,0,0,1,0,0,1,0,0,0
USA Today,1997.0,11.0,2,2,5,1,0,1,3,0,0,0,0,1,0,0
USA Today,1997.0,12.0,3,0,7,0,2,0,3,3,0,0,0,0,0,0
USA Today,1998.0,1.0,3,0,2,0,4,1,1,1,0,0,0,0,1,0
USA Today,1998.0,2.0,3,0,1,3,0,0,1,2,1,0,0,0,1,0
USA Today,1998.0,3.0,4,0,0,1,2,1,3,2,0,0,0,0,0,0
USA Today,1998.0,4.0,1,0,1,0,2,1,5,1,0,0,0,0,0,0
USA Today,1998.0,5.0,5,0,2,2,0,0,9,5,0,0,1,0,1,0
USA Today,1998.0,6.0,11,2,3,1,3,0,4,5,0,1,0,0,4,0
USA Today,1998.0,7.0,9,1,2,0,3,0,4,4,0,0,0,2,2,0
USA Today,1998.0,8.0,4,0,4,0,3,0,1,2,0,0,0,0,0,0
USA Today,1998.0,9.0,7,1,2,1,2,0,2,3,0,0,0,1,1,0
USA Today,1998.0,10.0,4,2,4,2,10,0,7,6,4,1,0,1,2,0
USA Today,1998.0,11.0,7,0,1,0,3,0,2,1,0,2,0,0,0,0
USA Today,1998.0,12.0,2,2,1,0,3,1,2,1,3,0,0,1,1,0
USA Today,1999.0,1.0,3,2,2,0,3,1,4,2,0,0,0,0,1,0
USA Today,1999.0,2.0,2,2,1,0,4,1,1,6,0,0,0,0,2,0
USA Today,1999.0,3.0,7,2,6,0,10,3,6,2,1,1,1,1,3,1
USA Today,1999.0,4.0,2,0,4,0,2,1,6,5,0,0,1,0,5,0
USA Today,1999.0,5.0,11,1,7,0,5,0,2,4,0,0,0,0,3,1
USA Today,1999.0,6.0,8,0,5,0,1,2,9,2,0,0,1,0,2,0
USA Today,1999.0,7.0,8,2,9,2,4,0,3,1,0,0,0,0,0,0
USA Today,1999.0,8.0,1,0,4,2,4,3,4,4,0,0,2,0,3,1
USA Today,1999.0,9.0,4,2,4,1,6,1,9,7,3,0,2,0,4,0
USA Today,1999.0,10.0,4,1,9,0,8,1,3,4,0,0,0,0,0,0
USA Today,1999.0,11.0,4,3,6,2,5,1,7,2,1,0,1,0,1,0
USA Today,1999.0,12.0,8,4,6,0,6,2,4,1,0,1,0,0,0,1
USA Today,2000.0,1.0,4,1,3,1,5,2,6,1,0,0,0,0,0,1
USA Today,2000.0,2.0,3,1,4,0,7,3,9,3,1,0,1,1,2,0
USA Today,2000.0,3.0,12,0,6,1,5,4,6,7,0,0,2,0,0,0
USA Today,2000.0,4.0,7,0,2,1,5,0,8,2,0,0,0,0,2,0
USA Today,2000.0,5.0,8,1,6,0,4,0,3,8,0,0,0,0,1,0
USA Today,2000.0,6.0,5,2,9,2,6,0,4,3,0,0,0,0,3,1
USA Today,2000.0,7.0,5,2,3,0,5,1,2,3,0,0,3,0,1,1
USA Today,2000.0,8.0,6,0,8,0,1,0,3,1,0,0,0,0,1,1
USA Today,2000.0,9.0,4,1,6,0,2,0,5,2,0,0,0,0,0,0
USA Today,2000.0,10.0,6,1,6,2,7,1,9,2,0,0,1,0,1,0
USA Today,2000.0,11.0,7,0,2,0,6,0,2,2,1,0,0,0,1,0
USA Today,2000.0,12.0,2,1,2,1,8,2,5,3,0,0,1,0,1,0
USA Today,2001.0,1.0,7,0,4,5,1,8,5,0,1,0,1,0,2,0
USA Today,2001.0,2.0,8,0,2,1,7,0,7,2,0,1,1,0,2,0
USA Today,2001.0,3.0,3,0,2,2,8,2,7,3,0,0,1,0,3,0
USA Today,2001.0,4.0,9,1,3,1,6,2,5,4,0,0,0,0,1,0
USA Today,2001.0,5.0,3,0,8,0,8,4,5,4,0,0,0,0,0,0
USA Today,2001.0,6.0,4,0,2,0,1,1,4,1,0,0,0,0,1,0
USA Today,2001.0,7.0,3,1,4,0,3,1,4,2,0,0,0,0,0,0
USA Today,2001.0,8.0,5,0,7,3,5,0,1,3,0,0,0,0,1,0
USA Today,2001.0,9.0,3,0,3,0,4,1,0,4,0,0,0,1,0,0
USA Today,2001.0,10.0,3,0,4,0,2,0,4,1,0,0,1,0,1,0
USA Today,2001.0,11.0,5,2,8,1,2,6,1,3,0,0,0,1,1,0
USA Today,2001.0,12.0,1,1,1,2,5,1,2,1,0,0,1,1,0,0
USA Today,2002.0,1.0,3,0,8,1,4,5,9,10,0,0,1,2,0,0
USA Today,2002.0,2.0,5,3,11,1,1,7,8,5,0,0,2,4,0,0
USA Today,2002.0,3.0,4,0,6,0,1,0,1,4,0,0,0,0,5,1
USA Today,2002.0,4.0,1,2,1,0,4,1,3,3,0,0,1,2,1,0
USA Today,2002.0,5.0,5,1,1,1,2,1,1,4,0,0,0,0,1,1
USA Today,2002.0,6.0,2,0,1,0,3,1,3,2,0,0,0,0,1,0
USA Today,2002.0,7.0,0,1,5,0,8,1,14,18,1,0,0,1,3,1
USA Today,2002.0,8.0,0,2,4,1,2,2,2,2,0,0,0,0,0,0
USA Today,2002.0,9.0,4,0,3,1,1,0,2,2,0,0,2,0,0,0
USA Today,2002.0,10.0,2,1,4,0,3,0,2,2,1,0,4,0,2,0
USA Today,2002.0,11.0,5,1,0,0,4,1,9,5,0,0,2,1,0,0
USA Today,2002.0,12.0,5,1,4,1,4,0,1,5,0,1,1,1,2,0
USA Today,2003.0,1.0,3,1,6,0,6,0,0,4,0,0,0,0,0,0
USA Today,2003.0,2.0,2,2,5,1,2,1,4,4,0,0,0,0,1,0
USA Today,2003.0,3.0,0,3,1,1,3,2,3,1,0,0,0,2,0,0
USA Today,2003.0,4.0,6,2,1,0,3,1,6,2,0,0,0,0,1,0
USA Today,2003.0,5.0,3,1,5,0,2,0,1,2,0,0,0,0,1,1
USA Today,2003.0,6.0,2,0,8,0,1,0,3,1,0,0,0,0,3,0
USA Today,2003.0,7.0,4,1,3,0,2,0,3,4,0,0,0,1,1,0
USA Today,2003.0,8.0,1,1,5,0,6,2,2,0,0,0,0,0,0,0
USA Today,2003.0,9.0,2,1,5,2,3,1,7,11,0,1,1,0,1,0
USA Today,2003.0,10.0,8,1,4,0,5,0,6,14,0,0,1,1,0,1
USA Today,2003.0,11.0,2,2,2,0,2,1,3,17,0,1,0,0,0,0
USA Today,2003.0,12.0,4,2,1,1,3,3,4,7,0,0,1,1,0,0
USA Today,2004.0,1.0,5,3,2,2,4,2,7,6,1,0,0,0,2,0
USA Today,2004.0,2.0,3,1,7,1,4,2,2,9,0,0,2,0,1,0
USA Today,2004.0,3.0,4,0,4,1,5,0,4,7,0,0,0,0,0,0
USA Today,2004.0,4.0,2,3,1,1,5,0,7,9,0,0,0,0,0,0
USA Today,2004.0,5.0,3,0,3,1,0,0,7,4,0,0,1,0,1,0
USA Today,2004.0,6.0,1,0,2,0,1,0,5,5,0,0,0,0,0,0
USA Today,2004.0,7.0,3,1,0,1,3,1,6,2,0,0,0,0,1,0
USA Today,2004.0,8.0,1,4,2,1,4,0,3,6,0,0,0,0,2,0
USA Today,2004.0,9.0,2,3,6,1,1,1,6,8,1,0,0,0,0,0
USA Today,2004.0,10.0,13,2,3,1,4,1,3,1,0,0,0,0,2,0
USA Today,2004.0,11.0,6,2,2,0,4,0,5,1,0,0,0,0,1,1
USA Today,2004.0,12.0,8,1,1,0,2,0,7,3,1,0,1,0,3,0
USA Today,2005.0,1.0,2,1,2,0,1,0,0,0,0,0,0,1,0,0
USA Today,2005.0,2.0,5,0,0,0,1,1,6,1,0,0,0,1,0,0
USA Today,2005.0,3.0,1,1,6,0,6,0,5,6,0,0,2,0,2,0
USA Today,2005.0,4.0,4,0,0,0,3,3,4,5,0,0,0,0,3,0
USA Today,2005.0,5.0,7,1,4,0,2,0,0,1,0,0,1,1,2,0
USA Today,2005.0,6.0,3,0,4,0,2,1,1,5,0,0,0,0,1,0
USA Today,2005.0,7.0,4,0,2,1,1,0,3,4,0,0,0,0,0,0
USA Today,2005.0,8.0,3,3,2,0,2,0,1,5,0,0,0,0,0,0
USA Today,2005.0,9.0,3,0,0,1,1,0,1,2,0,0,0,0,0,0
USA Today,2005.0,10.0,1,0,2,3,2,1,5,3,0,0,0,0,2,0
USA Today,2005.0,11.0,2,1,1,0,1,0,3,5,0,0,2,0,0,0
USA Today,2005.0,12.0,4,0,5,3,1,0,3,2,0,1,0,0,2,0
USA Today,2006.0,1.0,2,0,3,1,2,0,3,5,0,0,0,1,1,0
USA Today,2006.0,2.0,0,1,1,2,5,0,5,3,0,0,1,0,2,0
USA Today,2006.0,3.0,1,0,0,0,6,2,1,2,0,0,0,0,0,0
USA Today,2006.0,4.0,6,1,5,0,2,0,3,3,0,0,0,1,1,0
USA Today,2006.0,5.0,1,0,2,0,1,1,8,2,0,0,0,0,3,0
USA Today,2006.0,6.0,2,3,1,0,4,1,1,2,0,0,1,0,5,0
USA Today,2006.0,7.0,3,1,0,1,3,0,3,0,0,1,0,0,3,0
USA Today,2006.0,8.0,0,0,4,1,2,0,3,6,0,0,0,1,0,0
USA Today,2006.0,9.0,4,1,3,1,2,0,4,3,0,0,0,0,0,0
USA Today,2006.0,10.0,9,2,3,2,4,0,6,0,0,0,1,1,1,0
USA Today,2006.0,11.0,5,0,1,2,4,0,7,3,0,0,0,1,0,0
USA Today,2006.0,12.0,3,0,4,0,2,1,3,2,0,0,1,0,1,1
USA Today,2007.0,1.0,0,0,3,0,7,0,3,1,1,0,1,0,1,0
USA Today,2007.0,2.0,4,0,3,0,2,0,3,3,0,0,0,0,1,0
USA Today,2007.0,3.0,7,1,0,0,2,2,0,1,0,0,0,0,2,0
USA Today,2007.0,4.0,2,1,0,0,3,1,6,0,0,1,0,1,1,0
USA Today,2007.0,5.0,5,2,0,0,2,0,2,2,0,0,1,0,3,0
USA Today,2007.0,6.0,2,1,1,1,2,0,1,0,0,1,1,0,2,0
USA Today,2007.0,7.0,6,0,2,0,1,1,3,0,0,0,0,0,2,0
USA Today,2007.0,8.0,2,1,3,0,2,1,3,2,0,0,0,1,1,0
USA Today,2007.0,9.0,9,1,4,1,1,0,1,2,0,0,0,0,1,0
USA Today,2007.0,10.0,4,1,4,1,6,2,1,3,0,0,0,1,0,0
USA Today,2007.0,11.0,9,0,1,0,3,0,2,2,0,0,1,1,2,0
USA Today,2007.0,12.0,4,0,4,2,4,3,3,3,0,0,0,3,2,0
USA Today,2008.0,1.0,0,0,2,0,0,2,3,2,0,0,0,0,1,0
USA Today,2008.0,2.0,7,2,0,0,1,0,0,0,0,0,0,0,4,0
USA Today,2008.0,3.0,3,4,2,1,1,0,5,1,0,0,0,0,1,0
USA Today,2008.0,4.0,0,0,5,2,0,0,4,0,0,0,1,0,0,0
USA Today,2008.0,5.0,2,1,2,0,4,0,1,0,1,0,0,0,1,0
USA Today,2008.0,6.0,3,1,1,0,1,2,6,4,0,0,2,1,1,0
USA Today,2008.0,7.0,1,1,1,0,0,0,6,2,0,0,0,0,1,0
USA Today,2008.0,8.0,0,2,2,0,2,1,2,2,0,0,0,0,0,0
USA Today,2008.0,9.0,2,0,1,0,1,1,7,0,0,0,0,1,2,0
USA Today,2008.0,10.0,3,0,1,0,1,0,4,4,1,0,0,0,1,0
USA Today,2008.0,11.0,3,1,1,0,0,0,4,2,1,0,0,0,1,0
USA Today,2008.0,12.0,4,0,0,1,4,0,2,1,0,0,0,0,1,0
USA Today,2009.0,1.0,2,0,2,0,2,0,4,2,0,0,0,0,1,0
USA Today,2009.0,2.0,0,1,1,1,3,0,4,0,0,0,0,0,1,0
USA Today,2009.0,3.0,3,1,1,0,5,0,3,3,1,0,0,0,0,0
USA Today,2009.0,4.0,1,1,4,0,2,0,4,1,0,0,0,0,1,1
USA Today,2009.0,5.0,0,0,1,1,4,0,3,0,0,1,0,0,0,0
USA Today,2009.0,6.0,4,1,0,0,1,1,6,1,0,0,0,0,3,0
USA Today,2009.0,7.0,1,1,5,2,2,0,1,3,0,0,0,0,0,0
USA Today,2009.0,8.0,0,1,2,0,2,0,4,1,0,0,0,0,0,0
USA Today,2009.0,9.0,2,1,3,2,5,0,5,2,0,0,2,0,1,1
USA Today,2009.0,10.0,3,0,0,0,1,1,6,2,0,0,1,0,0,0
USA Today,2009.0,11.0,1,1,2,2,1,0,4,0,0,0,0,0,1,0
USA Today,2009.0,12.0,1,1,1,1,2,0,4,1,1,0,0,1,1,0
USA Today,2010.0,1.0,0,1,1,1,0,0,5,0,0,0,1,0,1,0
USA Today,2010.0,2.0,1,2,4,0,3,0,1,2,0,0,0,0,1,0
USA Today,2010.0,3.0,5,1,2,0,3,0,3,0,0,0,0,1,1,0
USA Today,2010.0,4.0,1,2,5,0,4,1,6,2,0,0,1,0,2,0
USA Today,2010.0,5.0,2,0,1,1,7,2,9,2,2,0,0,0,1,0
USA Today,2010.0,6.0,2,0,0,0,8,2,5,2,0,0,0,0,1,0
USA Today,2010.0,7.0,6,0,2,1,3,1,5,1,0,0,0,0,1,0
USA Today,2010.0,8.0,0,2,4,0,1,0,3,0,0,1,1,0,1,0
USA Today,2010.0,9.0,0,0,2,1,3,0,2,2,0,0,0,0,0,0
USA Today,2010.0,10.0,4,1,5,1,3,0,5,0,0,0,1,0,1,0
USA Today,2010.0,11.0,4,3,4,0,3,2,3,0,0,0,0,0,0,0
USA Today,2010.0,12.0,0,2,5,0,0,2,5,3,0,0,1,0,1,0
USA Today,2011.0,1.0,6,3,2,0,2,0,2,4,0,0,0,0,0,0
USA Today,2011.0,2.0,0,2,3,0,5,0,2,0,0,0,2,0,0,0
USA Today,2011.0,3.0,2,0,2,1,3,2,2,0,0,0,1,2,2,0
USA Today,2011.0,4.0,2,0,3,0,7,2,4,1,0,0,1,0,1,0
USA Today,2011.0,5.0,0,1,3,1,1,0,0,2,0,0,0,1,1,0
USA Today,2011.0,6.0,5,5,6,0,3,0,5,1,0,0,0,1,1,0
USA Today,2011.0,7.0,1,0,2,1,2,0,4,2,0,0,1,0,0,0
USA Today,2011.0,8.0,2,1,1,1,2,0,3,3,1,0,0,1,1,1
USA Today,2011.0,9.0,3,0,7,0,2,2,7,3,1,0,1,0,0,0
USA Today,2011.0,10.0,6,1,4,0,6,2,6,1,0,1,1,0,0,0
USA Today,2011.0,11.0,1,3,5,0,3,0,9,0,0,0,0,0,0,0
USA Today,2011.0,12.0,2,2,2,0,1,0,4,2,0,0,0,1,1,0
USA Today,2012.0,1.0,2,2,0,1,3,2,6,0,0,0,1,0,0,0
USA Today,2012.0,2.0,4,0,4,0,1,1,4,0,0,0,0,0,0,0
USA Today,2012.0,3.0,4,1,3,0,2,0,3,0,0,0,1,0,1,0
USA Today,2012.0,4.0,2,0,2,0,2,1,3,0,0,0,1,0,0,0
USA Today,2012.0,5.0,3,4,1,0,2,0,2,3,0,0,1,0,0,0
USA Today,2012.0,6.0,3,1,1,5,0,0,3,1,0,0,0,1,2,0
USA Today,2012.0,7.0,1,0,0,0,1,0,2,0,1,0,0,1,0,0
USA Today,2012.0,8.0,1,0,2,0,1,1,3,0,0,0,0,0,0,0
USA Today,2012.0,9.0,1,2,1,0,0,0,6,3,0,1,0,0,0,0
USA Today,2012.0,10.0,2,4,0,1,4,1,2,0,0,0,0,0,1,0
USA Today,2012.0,11.0,4,0,0,0,3,0,4,0,0,0,0,0,0,0
USA Today,2012.0,12.0,2,0,3,0,1,0,1,3,0,0,1,1,0,0
USA Today,2013.0,1.0,7,0,4,0,1,0,4,2,0,0,0,0,0,0
USA Today,2013.0,2.0,2,1,3,0,2,0,3,0,0,0,0,0,0,0
USA Today,2013.0,3.0,3,1,1,0,4,0,3,4,0,0,1,0,0,0
USA Today,2013.0,4.0,5,0,2,0,2,0,5,2,0,0,3,1,0,0
USA Today,2013.0,5.0,1,2,1,0,2,0,7,3,0,0,1,0,0,0
USA Today,2013.0,6.0,4,0,2,1,3,0,5,2,0,0,0,0,0,0
USA Today,2013.0,7.0,3,1,2,0,1,0,2,3,0,0,1,0,2,0
USA Today,2013.0,8.0,6,1,1,0,2,0,3,7,0,0,1,0,2,0
USA Today,2013.0,9.0,7,0,4,1,1,1,7,5,0,0,0,0,2,0
USA Today,2013.0,10.0,7,1,2,0,3,0,5,8,0,0,0,1,1,0
USA Today,2013.0,11.0,4,0,3,0,2,1,5,1,0,0,0,0,0,0
USA Today,2013.0,12.0,11,1,9,2,2,0,6,2,0,0,2,3,1,0
USA Today,2014.0,1.0,6,0,1,2,2,0,3,0,0,0,1,0,2,0
USA Today,2014.0,2.0,4,0,1,1,5,0,2,2,0,0,1,0,2,0
USA Today,2014.0,3.0,0,1,0,1,0,1,6,1,0,1,2,1,1,0
USA Today,2014.0,4.0,6,0,4,1,2,0,4,1,0,0,0,0,0,0
USA Today,2014.0,5.0,3,2,3,0,4,0,4,1,1,0,3,0,1,1
USA Today,2014.0,6.0,4,0,1,1,2,0,0,2,0,1,1,0,1,0
USA Today,2014.0,7.0,3,2,6,1,2,2,3,4,0,0,1,1,1,0
USA Today,2014.0,8.0,2,1,1,1,2,0,2,0,0,0,0,0,2,1
USA Today,2014.0,9.0,1,0,2,1,2,0,3,2,0,0,1,0,0,1
USA Today,2014.0,10.0,6,1,3,0,3,1,6,1,0,0,1,0,0,0
USA Today,2014.0,11.0,2,1,8,1,3,2,4,3,0,0,4,0,0,0
USA Today,2014.0,12.0,6,2,3,1,2,0,8,3,1,0,1,0,1,0
USA Today,2015.0,1.0,2,0,1,1,3,1,4,3,0,0,3,1,0,0
USA Today,2015.0,2.0,3,0,2,0,1,0,6,3,0,0,8,0,1,0
USA Today,2015.0,3.0,5,1,3,2,2,1,7,3,0,0,1,1,3,0
USA Today,2015.0,4.0,6,0,3,0,5,0,7,3,0,0,1,1,1,0
USA Today,2015.0,5.0,2,0,1,1,2,0,2,0,1,0,0,0,3,0
USA Today,2015.0,6.0,7,2,5,1,5,0,6,1,0,1,2,0,0,0
USA Today,2015.0,7.0,3,0,4,1,2,1,5,5,0,0,2,1,1,1
USA Today,2015.0,8.0,1,1,5,0,4,0,3,2,0,0,1,0,2,0
USA Today,2015.0,9.0,9,1,4,2,8,0,4,1,1,0,0,0,1,0
USA Today,2015.0,10.0,1,0,1,0,8,0,4,2,0,0,0,0,1,0
USA Today,2015.0,11.0,1,1,3,0,7,1,6,7,0,1,0,0,0,0
USA Today,2015.0,12.0,2,1,4,1,6,0,3,2,0,0,1,0,2,0
USA Today,2016.0,1.0,5,0,2,1,8,0,4,4,0,0,0,1,1,0
USA Today,2016.0,2.0,2,2,2,0,2,2,6,0,0,0,1,0,0,0
USA Today,2016.0,3.0,3,3,3,1,5,0,5,3,2,0,0,0,2,0
USA Today,2016.0,4.0,4,2,1,1,1,2,15,2,2,0,1,0,0,0
USA Today,2016.0,5.0,10,4,5,0,3,1,3,5,0,0,0,0,1,0
USA Today,2016.0,6.0,2,3,3,1,7,0,11,6,2,0,2,2,0,0
USA Today,2016.0,7.0,5,1,5,6,6,1,9,2,0,1,0,0,1,0
USA Today,2016.0,8.0,4,0,4,1,9,5,11,4,0,2,0,1,1,1
USA Today,2016.0,9.0,2,1,9,0,9,1,6,7,1,0,0,0,2,0
USA Today,2016.0,10.0,3,3,4,0,4,1,15,6,0,1,7,1,5,0
USA Today,2016.0,11.0,5,0,5,2,12,3,11,3,0,0,0,0,0,0
USA Today,2016.0,12.0,8,1,10,2,7,1,20,15,2,0,2,2,5,0
USA Today,2017.0,1.0,10,6,6,1,17,7,22,12,0,1,1,0,1,0
USA Today,2017.0,2.0,4,3,9,3,16,0,20,7,0,1,4,1,5,0
USA Today,2017.0,3.0,12,1,5,1,12,2,25,3,0,2,1,0,2,2
USA Today,2017.0,4.0,7,5,6,0,6,0,21,8,3,0,2,1,3,0
USA Today,2017.0,5.0,7,2,2,2,0,0,15,5,0,0,6,2,7,0
USA Today,2017.0,6.0,17,3,3,3,10,2,12,7,0,2,4,0,5,0
USA Today,2017.0,7.0,7,1,5,5,7,1,11,1,0,2,11,0,3,0
USA Today,2017.0,8.0,9,2,4,3,19,2,21,4,1,0,0,0,3,0
USA Today,2017.0,9.0,10,4,9,0,6,0,7,4,0,0,3,1,1,0
USA Today,2017.0,10.0,25,8,7,2,12,0,12,2,1,0,5,1,5,1
USA Today,2017.0,11.0,10,4,10,0,6,0,16,4,1,1,10,4,1,0
USA Today,2017.0,12.0,11,0,7,0,7,0,11,1,0,0,5,0,8,0
USA Today,2018.0,1.0,5,2,7,6,8,0,31,7,1,0,4,0,5,0
USA Today,2018.0,2.0,7,7,3,0,6,0,7,3,0,2,4,2,6,0
USA Today,2018.0,3.0,14,2,4,0,11,2,13,9,2,0,18,3,3,0
USA Today,2018.0,4.0,14,0,3,7,8,1,9,5,1,0,15,5,4,0
USA Today,2018.0,5.0,12,1,1,0,5,3,2,2,2,0,3,1,1,0
USA Today,2018.0,6.0,1,0,1,0,1,0,1,2,0,0,4,0,1,0
USA Today,2018.0,7.0,1,0,1,1,1,0,2,1,0,0,1,1,0,0
USA Today,2018.0,8.0,12,1,5,2,7,0,6,3,2,0,5,1,5,0
USA Today,2018.0,9.0,6,1,4,0,6,1,12,0,0,0,15,0,1,3
USA Today,2018.0,10.0,11,3,5,3,4,0,9,1,0,0,0,2,1,2
USA Today,2018.0,11.0,13,4,10,0,18,1,15,2,0,0,7,0,2,0
USA Today,2018.0,12.0,16,8,12,2,11,0,12,2,2,2,4,3,6,4
USA Today,2019.0,1.0,16,0,4,2,9,0,9,3,0,0,0,2,9,0
USA Today,2019.0,2.0,13,2,4,4,10,0,9,1,7,3,3,0,2,1
USA Today,2019.0,3.0,24,2,15,5,13,3,11,4,1,0,5,3,5,0
USA Today,2019.0,4.0,26,3,2,0,12,5,5,10,0,0,6,6,1,0
USA Today,2019.0,5.0,18,5,6,2,10,1,6,2,0,0,2,0,6,1
USA Today,2019.0,6.0,9,3,6,0,4,3,3,4,0,0,3,2,5,0
USA Today,2019.0,7.0,11,0,6,2,22,2,6,7,1,0,7,0,5,0
USA Today,2019.0,8.0,27,2,9,0,18,2,3,3,1,0,1,1,2,1
USA Today,2019.0,9.0,24,6,9,1,26,8,9,0,4,1,1,0,2,2
USA Today,2019.0,10.0,15,3,11,1,19,5,10,3,0,0,2,5,1,1
USA Today,2019.0,11.0,15,3,13,4,10,3,5,6,0,0,2,3,4,0
USA Today,2019.0,12.0,16,2,2,2,14,4,9,3,0,1,6,5,3,2
USA Today,2020.0,1.0,11,5,9,1,13,1,6,4,0,2,0,0,8,0
USA Today,2020.0,2.0,17,2,6,2,26,1,9,4,3,0,4,3,0,0
USA Today,2020.0,3.0,17,1,3,8,5,0,9,2,0,2,0,1,9,0
USA Today,2020.0,4.0,25,0,1,3,12,1,7,2,1,0,2,0,2,0
USA Today,2020.0,5.0,33,5,7,3,7,0,6,4,1,0,17,1,7,1
USA Today,2020.0,6.0,14,3,3,6,5,0,4,2,0,0,6,6,4,1
USA Today,2020.0,7.0,23,2,11,2,4,2,7,0,0,1,2,2,4,3
USA Today,2020.0,8.0,15,4,10,7,14,0,4,7,1,2,4,3,2,2
USA Today,2020.0,9.0,31,5,6,4,13,0,13,5,1,0,4,3,5,0
USA Today,2020.0,10.0,18,1,4,1,14,2,15,4,0,0,4,1,9,1
USA Today,2020.0,11.0,11,4,4,6,7,0,5,4,0,0,7,2,2,1
USA Today,2020.0,12.0,30,0,0,5,13,0,8,3,0,0,3,0,7,0
USA Today,2021.0,1.0,19,2,6,7,8,1,11,2,0,2,9,0,6,0
USA Today,2021.0,2.0,20,4,5,1,7,4,7,4,0,0,6,0,1,2
USA Today,2021.0,3.0,14,13,5,6,15,1,6,4,2,0,5,1,3,1
USA Today,2021.0,4.0,21,4,2,2,10,0,5,6,2,0,6,3,4,1
USA Today,2021.0,5.0,25,7,13,1,12,2,2,4,2,0,10,0,11,0
USA Today,2021.0,6.0,20,1,5,1,6,2,7,2,1,0,10,3,5,0
USA Today,2021.0,7.0,18,5,12,2,12,1,4,4,0,2,13,3,5,0
USA Today,2021.0,8.0,18,4,5,3,15,1,9,2,2,0,10,2,1,0
USA Today,2021.0,9.0,16,3,4,2,13,5,7,2,0,0,10,1,6,1
USA Today,2021.0,10.0,22,5,6,1,13,2,2,3,1,1,13,2,4,4
USA Today,2021.0,11.0,7,5,6,3,16,2,6,5,1,2,7,5,2,0
USA Today,2021.0,12.0,7,2,8,1,12,1,2,5,0,0,7,0,2,0
Wall Street Journal,1985.0,1.0,12,7,15,3,14,8,53,20,2,0,6,2,5,0
Wall Street Journal,1985.0,2.0,9,4,5,4,16,14,38,15,2,0,4,0,4,1
Wall Street Journal,1985.0,3.0,9,4,8,2,13,13,58,26,2,0,10,0,5,0
Wall Street Journal,1985.0,4.0,18,5,13,4,12,12,77,25,1,1,9,0,19,1
Wall Street Journal,1985.0,5.0,11,7,12,4,16,9,59,20,1,0,10,0,10,0
Wall Street Journal,1985.0,6.0,6,8,14,4,19,14,56,22,0,0,8,0,9,0
Wall Street Journal,1985.0,7.0,13,8,8,6,10,8,54,20,0,0,7,0,7,0
Wall Street Journal,1985.0,8.0,10,11,19,3,18,12,50,17,2,0,7,0,5,0
Wall Street Journal,1985.0,9.0,4,5,9,1,15,10,51,17,0,0,2,0,14,1
Wall Street Journal,1985.0,10.0,13,6,14,1,15,10,64,24,2,0,4,0,8,1
Wall Street Journal,1985.0,11.0,8,3,8,4,13,7,43,23,3,0,10,0,8,0
Wall Street Journal,1985.0,12.0,13,3,11,7,11,6,53,30,1,0,7,0,4,0
Wall Street Journal,1986.0,1.0,8,1,14,2,18,9,45,16,0,0,3,0,1,0
Wall Street Journal,1986.0,2.0,4,2,11,4,12,8,45,8,3,0,6,0,7,0
Wall Street Journal,1986.0,3.0,11,4,12,2,18,10,43,10,2,0,2,0,10,1
Wall Street Journal,1986.0,4.0,11,5,8,4,9,11,54,22,0,0,7,0,7,1
Wall Street Journal,1986.0,5.0,10,5,13,3,9,13,53,15,0,0,7,0,5,0
Wall Street Journal,1986.0,6.0,19,2,14,1,10,10,50,21,1,0,6,1,7,1
Wall Street Journal,1986.0,7.0,10,7,11,7,12,18,47,13,1,0,6,0,7,0
Wall Street Journal,1986.0,8.0,8,1,8,4,13,8,43,17,1,1,2,0,6,1
Wall Street Journal,1986.0,9.0,8,4,12,3,12,9,47,20,4,0,5,0,3,1
Wall Street Journal,1986.0,10.0,5,4,7,1,11,12,71,25,1,0,10,1,7,0
Wall Street Journal,1986.0,11.0,7,3,11,2,17,10,43,22,1,0,12,0,2,0
Wall Street Journal,1986.0,12.0,8,4,9,3,12,10,57,26,1,0,7,0,7,2
Wall Street Journal,1987.0,1.0,7,8,12,0,8,9,34,17,1,0,8,1,3,1
Wall Street Journal,1987.0,2.0,12,6,8,3,7,10,58,19,1,0,6,0,6,1
Wall Street Journal,1987.0,3.0,10,6,17,1,17,8,71,28,1,0,11,0,8,0
Wall Street Journal,1987.0,4.0,7,8,14,1,17,22,60,26,3,1,8,1,8,0
Wall Street Journal,1987.0,5.0,8,5,7,6,14,5,42,15,0,0,5,0,8,1
Wall Street Journal,1987.0,6.0,13,5,11,4,16,7,67,21,2,0,6,0,6,0
Wall Street Journal,1987.0,7.0,12,9,15,4,14,9,52,20,1,0,13,1,12,0
Wall Street Journal,1987.0,8.0,11,5,15,6,14,14,52,18,2,0,5,1,4,0
Wall Street Journal,1987.0,9.0,10,8,9,4,11,9,48,29,1,1,8,0,7,2
Wall Street Journal,1987.0,10.0,12,10,18,5,16,13,55,20,2,0,8,0,8,0
Wall Street Journal,1987.0,11.0,5,5,14,3,10,5,56,19,2,0,2,0,6,1
Wall Street Journal,1987.0,12.0,10,2,12,4,5,7,57,17,0,0,2,1,6,0
Wall Street Journal,1988.0,1.0,16,6,7,1,10,2,61,25,2,0,5,0,7,2
Wall Street Journal,1988.0,2.0,9,0,13,7,5,9,50,15,1,0,7,1,4,0
Wall Street Journal,1988.0,3.0,8,4,12,3,12,7,39,19,1,0,14,1,5,1
Wall Street Journal,1988.0,4.0,14,3,8,5,18,8,46,17,0,0,2,1,6,2
Wall Street Journal,1988.0,5.0,14,5,4,5,6,5,52,27,1,0,6,0,6,0
Wall Street Journal,1988.0,6.0,8,4,8,6,17,8,59,22,0,0,9,0,7,0
Wall Street Journal,1988.0,7.0,13,7,7,5,14,7,42,20,0,0,5,0,5,0
Wall Street Journal,1988.0,8.0,21,7,11,3,23,9,44,29,1,0,8,0,4,0
Wall Street Journal,1988.0,9.0,16,9,13,1,19,7,54,14,0,0,2,1,5,0
Wall Street Journal,1988.0,10.0,10,9,11,4,17,6,58,25,2,1,3,1,8,1
Wall Street Journal,1988.0,11.0,6,2,7,4,18,6,59,20,1,0,2,0,5,0
Wall Street Journal,1988.0,12.0,15,3,13,1,6,20,54,20,1,1,5,0,8,1
Wall Street Journal,1989.0,1.0,12,8,9,1,13,9,56,22,0,0,4,0,9,0
Wall Street Journal,1989.0,2.0,13,4,13,1,9,10,54,24,1,0,8,0,12,1
Wall Street Journal,1989.0,3.0,14,4,18,5,15,7,58,21,0,0,5,1,8,0
Wall Street Journal,1989.0,4.0,16,10,14,8,20,11,57,23,1,2,4,0,3,0
Wall Street Journal,1989.0,5.0,13,4,9,2,13,7,60,25,4,0,4,0,10,0
Wall Street Journal,1989.0,6.0,11,4,11,4,13,12,57,15,1,1,10,1,8,1
Wall Street Journal,1989.0,7.0,10,5,12,1,12,5,64,17,0,0,7,1,13,0
Wall Street Journal,1989.0,8.0,17,9,6,7,19,5,54,28,1,0,7,3,8,0
Wall Street Journal,1989.0,9.0,15,10,18,4,14,6,57,10,1,0,6,2,12,0
Wall Street Journal,1989.0,10.0,19,7,2,2,17,6,51,16,0,2,9,3,6,1
Wall Street Journal,1989.0,11.0,14,5,8,2,19,8,51,29,3,1,4,0,9,2
Wall Street Journal,1989.0,12.0,6,2,7,2,12,1,54,15,3,0,4,3,6,0
Wall Street Journal,1990.0,1.0,22,4,7,2,13,3,64,20,1,0,4,0,5,0
Wall Street Journal,1990.0,2.0,16,8,12,3,23,2,55,10,1,0,4,2,11,1
Wall Street Journal,1990.0,3.0,19,4,12,1,23,3,58,25,2,0,13,2,5,1
Wall Street Journal,1990.0,4.0,19,4,4,3,16,4,55,17,1,0,6,0,5,0
Wall Street Journal,1990.0,5.0,16,6,7,1,19,1,59,17,1,0,3,0,9,0
Wall Street Journal,1990.0,6.0,16,11,9,5,15,3,56,16,0,1,9,1,14,0
Wall Street Journal,1990.0,7.0,9,2,11,4,7,2,75,15,1,0,5,0,11,0
Wall Street Journal,1990.0,8.0,9,7,6,3,16,6,51,18,0,0,5,1,11,1
Wall Street Journal,1990.0,9.0,14,4,11,3,19,7,68,17,1,1,4,0,5,2
Wall Street Journal,1990.0,10.0,16,8,11,3,23,5,70,17,1,1,1,0,3,1
Wall Street Journal,1990.0,11.0,11,6,9,4,10,4,54,16,1,0,6,0,5,1
Wall Street Journal,1990.0,12.0,9,1,3,3,15,6,67,17,1,0,5,0,5,1
Wall Street Journal,1991.0,1.0,10,5,10,6,10,2,64,20,1,0,6,2,8,0
Wall Street Journal,1991.0,2.0,9,4,10,2,8,5,61,20,0,0,6,0,8,0
Wall Street Journal,1991.0,3.0,8,2,9,1,13,7,51,25,0,0,4,0,6,0
Wall Street Journal,1991.0,4.0,11,3,9,8,18,2,70,17,0,0,4,0,8,0
Wall Street Journal,1991.0,5.0,16,6,8,4,19,2,66,29,1,2,7,1,14,2
Wall Street Journal,1991.0,6.0,19,5,13,2,18,5,81,22,0,0,8,1,10,1
Wall Street Journal,1991.0,7.0,19,10,7,3,30,6,80,24,2,0,4,1,17,0
Wall Street Journal,1991.0,8.0,10,4,8,4,19,5,68,15,1,0,6,3,8,1
Wall Street Journal,1991.0,9.0,16,6,6,1,11,1,62,19,3,0,6,0,6,0
Wall Street Journal,1991.0,10.0,17,5,9,5,17,4,70,22,1,1,5,3,7,2
Wall Street Journal,1991.0,11.0,16,5,5,4,18,10,68,17,3,0,5,1,9,1
Wall Street Journal,1991.0,12.0,10,4,7,4,23,0,60,15,0,1,0,0,6,1
Wall Street Journal,1992.0,1.0,15,3,11,5,20,6,52,22,0,0,2,3,12,0
Wall Street Journal,1992.0,2.0,17,3,9,3,21,2,40,19,2,0,6,2,10,0
Wall Street Journal,1992.0,3.0,17,8,7,3,24,4,51,24,1,0,4,1,11,0
Wall Street Journal,1992.0,4.0,8,4,7,3,19,5,42,21,0,0,6,0,8,1
Wall Street Journal,1992.0,5.0,11,5,6,0,11,6,36,18,2,1,10,0,3,1
Wall Street Journal,1992.0,6.0,16,6,10,6,23,7,47,17,0,1,3,1,9,0
Wall Street Journal,1992.0,7.0,9,5,7,3,23,2,45,15,0,0,6,0,7,0
Wall Street Journal,1992.0,8.0,13,6,12,5,17,3,42,9,0,0,1,1,7,0
Wall Street Journal,1992.0,9.0,15,2,1,3,24,3,49,25,3,0,4,1,4,0
Wall Street Journal,1992.0,10.0,20,6,8,3,23,7,57,10,3,0,7,0,6,1
Wall Street Journal,1992.0,11.0,11,5,8,3,18,4,56,15,1,0,6,0,5,0
Wall Street Journal,1992.0,12.0,22,6,18,5,16,3,49,20,0,0,6,0,11,0
Wall Street Journal,1993.0,1.0,13,7,6,5,15,4,32,13,1,1,4,0,14,0
Wall Street Journal,1993.0,2.0,16,6,5,4,14,4,41,20,2,0,7,0,6,0
Wall Street Journal,1993.0,3.0,13,4,10,4,13,2,51,23,3,0,6,0,7,0
Wall Street Journal,1993.0,4.0,10,3,14,3,15,1,33,16,0,0,8,0,8,2
Wall Street Journal,1993.0,5.0,11,5,5,3,13,2,45,24,0,0,6,1,13,1
Wall Street Journal,1993.0,6.0,19,6,2,0,15,5,44,22,0,1,5,0,7,0
Wall Street Journal,1993.0,7.0,7,6,6,1,10,3,40,16,0,1,5,0,5,1
Wall Street Journal,1993.0,8.0,10,4,6,1,9,6,36,20,1,0,5,0,3,0
Wall Street Journal,1993.0,9.0,17,6,5,3,18,5,44,19,1,1,13,1,7,0
Wall Street Journal,1993.0,10.0,14,6,5,3,17,3,41,27,0,0,10,0,3,2
Wall Street Journal,1993.0,11.0,11,3,6,3,21,1,49,23,0,1,7,0,5,1
Wall Street Journal,1993.0,12.0,15,5,7,4,23,3,50,16,1,0,16,2,8,0
Wall Street Journal,1994.0,1.0,8,2,6,5,12,1,43,24,0,0,7,0,8,0
Wall Street Journal,1994.0,2.0,11,6,9,6,6,5,59,14,0,1,10,3,6,1
Wall Street Journal,1994.0,3.0,11,5,10,5,15,1,50,20,4,1,9,0,11,2
Wall Street Journal,1994.0,4.0,14,2,9,2,20,2,42,25,1,0,9,0,8,2
Wall Street Journal,1994.0,5.0,22,1,8,2,14,2,49,21,4,0,6,2,5,0
Wall Street Journal,1994.0,6.0,18,7,11,3,15,4,52,20,2,1,5,1,5,0
Wall Street Journal,1994.0,7.0,9,12,9,4,12,3,43,11,0,2,5,1,6,0
Wall Street Journal,1994.0,8.0,9,2,9,4,10,2,44,29,0,0,5,1,5,0
Wall Street Journal,1994.0,9.0,9,7,6,3,22,1,56,25,3,0,8,0,8,1
Wall Street Journal,1994.0,10.0,16,6,9,3,17,3,26,22,0,0,6,0,7,1
Wall Street Journal,1994.0,11.0,10,4,17,4,16,3,44,16,1,0,7,0,6,2
Wall Street Journal,1994.0,12.0,9,9,12,9,7,3,46,25,0,1,13,1,6,1
Wall Street Journal,1995.0,1.0,11,5,5,3,12,3,51,7,0,1,12,1,5,0
Wall Street Journal,1995.0,2.0,12,5,7,3,22,5,50,12,0,1,5,0,6,0
Wall Street Journal,1995.0,3.0,17,2,8,3,20,5,50,22,2,0,9,0,3,2
Wall Street Journal,1995.0,4.0,9,2,7,3,17,1,36,18,1,1,8,1,5,1
Wall Street Journal,1995.0,5.0,12,7,7,2,13,8,32,15,2,1,12,2,9,1
Wall Street Journal,1995.0,6.0,17,9,7,2,16,5,50,24,0,0,9,0,10,0
Wall Street Journal,1995.0,7.0,19,3,7,7,16,2,35,16,2,0,2,1,10,0
Wall Street Journal,1995.0,8.0,30,3,8,1,14,2,56,20,1,1,6,0,16,1
Wall Street Journal,1995.0,9.0,9,9,4,2,14,8,37,17,0,0,9,1,3,2
Wall Street Journal,1995.0,10.0,13,3,11,3,13,3,44,27,1,1,11,0,6,2
Wall Street Journal,1995.0,11.0,11,7,4,3,6,2,41,18,0,0,3,0,13,2
Wall Street Journal,1995.0,12.0,12,5,8,3,10,6,38,10,0,0,7,0,8,0
Wall Street Journal,1996.0,1.0,10,0,4,2,5,5,37,14,0,1,6,0,8,2
Wall Street Journal,1996.0,2.0,7,5,10,1,13,6,35,20,2,0,6,0,6,1
Wall Street Journal,1996.0,3.0,15,7,5,4,8,3,36,24,3,1,6,0,4,0
Wall Street Journal,1996.0,4.0,15,4,9,3,11,6,42,23,5,0,8,1,5,0
Wall Street Journal,1996.0,5.0,14,5,10,6,9,5,47,27,1,0,7,0,9,0
Wall Street Journal,1996.0,6.0,12,10,11,3,6,9,41,22,0,0,5,1,6,1
Wall Street Journal,1996.0,7.0,13,6,10,5,9,11,40,21,0,1,4,0,7,2
Wall Street Journal,1996.0,8.0,16,4,15,1,6,9,40,23,3,0,6,1,8,0
Wall Street Journal,1996.0,9.0,19,7,6,1,14,6,38,21,0,1,8,2,5,1
Wall Street Journal,1996.0,10.0,14,7,4,3,14,9,40,25,1,0,5,0,7,1
Wall Street Journal,1996.0,11.0,16,7,21,2,15,3,38,26,2,0,11,1,4,0
Wall Street Journal,1996.0,12.0,13,5,19,3,14,11,40,24,1,0,7,1,4,1
Wall Street Journal,1997.0,1.0,13,8,11,8,13,13,28,20,1,1,3,0,7,1
Wall Street Journal,1997.0,2.0,10,8,10,3,7,5,36,24,1,0,8,0,3,0
Wall Street Journal,1997.0,3.0,14,6,10,7,6,11,46,31,2,1,5,0,8,0
Wall Street Journal,1997.0,4.0,12,6,6,5,7,3,43,27,3,0,4,1,9,0
Wall Street Journal,1997.0,5.0,13,2,9,6,11,9,37,26,2,1,3,0,3,0
Wall Street Journal,1997.0,6.0,22,4,8,1,14,7,46,24,0,0,2,1,10,0
Wall Street Journal,1997.0,7.0,22,6,10,4,7,8,39,23,0,0,4,0,7,0
Wall Street Journal,1997.0,8.0,21,1,8,3,8,6,38,24,3,0,3,0,2,0
Wall Street Journal,1997.0,9.0,21,6,8,2,10,7,39,22,1,0,5,0,11,2
Wall Street Journal,1997.0,10.0,12,5,8,5,13,1,27,25,1,1,4,0,7,0
Wall Street Journal,1997.0,11.0,13,7,6,4,11,5,35,16,1,0,4,0,9,0
Wall Street Journal,1997.0,12.0,17,6,11,2,10,7,50,30,3,0,9,0,6,1
Wall Street Journal,1998.0,1.0,25,3,7,1,8,10,38,15,3,0,5,0,8,0
Wall Street Journal,1998.0,2.0,16,8,9,2,13,1,44,16,1,0,5,1,7,0
Wall Street Journal,1998.0,3.0,12,13,8,2,14,4,45,33,1,1,5,0,3,0
Wall Street Journal,1998.0,4.0,22,9,21,3,11,8,48,30,1,2,9,1,4,1
Wall Street Journal,1998.0,5.0,18,4,12,2,15,7,43,23,2,0,6,1,14,0
Wall Street Journal,1998.0,6.0,27,6,12,4,9,7,47,18,1,1,6,0,8,0
Wall Street Journal,1998.0,7.0,22,9,11,2,9,11,41,31,0,0,5,0,5,0
Wall Street Journal,1998.0,8.0,12,1,11,2,5,8,39,18,2,1,4,0,10,0
Wall Street Journal,1998.0,9.0,17,2,9,2,11,9,41,19,4,0,5,0,6,0
Wall Street Journal,1998.0,10.0,12,6,4,2,16,6,42,21,1,1,4,1,8,0
Wall Street Journal,1998.0,11.0,27,1,13,5,14,10,39,23,1,1,5,0,4,1
Wall Street Journal,1998.0,12.0,12,5,9,1,16,5,38,19,3,0,6,0,8,0
Wall Street Journal,1999.0,1.0,20,6,10,2,10,5,34,18,2,0,10,0,5,0
Wall Street Journal,1999.0,2.0,12,1,5,5,10,1,32,18,2,0,10,0,6,2
Wall Street Journal,1999.0,3.0,17,3,26,4,13,8,38,21,0,0,7,0,15,2
Wall Street Journal,1999.0,4.0,13,5,13,4,15,7,29,22,2,0,5,2,5,1
Wall Street Journal,1999.0,5.0,12,6,13,1,23,4,52,24,3,0,8,0,1,3
Wall Street Journal,1999.0,6.0,19,9,19,4,23,8,51,34,0,0,7,1,4,1
Wall Street Journal,1999.0,7.0,16,4,16,3,15,10,70,27,0,0,7,0,8,1
Wall Street Journal,1999.0,8.0,20,3,14,0,11,8,52,24,1,1,3,1,5,0
Wall Street Journal,1999.0,9.0,10,6,19,4,24,4,50,24,1,1,7,0,9,0
Wall Street Journal,1999.0,10.0,21,8,17,5,3,3,49,28,1,0,5,0,5,0
Wall Street Journal,1999.0,11.0,15,9,14,1,15,3,53,25,0,0,6,1,4,0
Wall Street Journal,1999.0,12.0,19,6,12,2,11,5,29,15,2,0,7,0,7,0
Wall Street Journal,2000.0,1.0,12,7,9,3,15,3,41,19,0,2,8,0,7,0
Wall Street Journal,2000.0,2.0,17,7,12,4,9,7,53,35,0,0,13,0,3,1
Wall Street Journal,2000.0,3.0,25,6,17,3,15,11,61,41,0,0,12,0,10,2
Wall Street Journal,2000.0,4.0,10,5,12,3,14,9,37,16,2,0,7,0,7,3
Wall Street Journal,2000.0,5.0,16,9,14,3,19,5,44,30,3,0,9,0,9,1
Wall Street Journal,2000.0,6.0,25,4,14,6,17,6,50,17,1,1,11,1,9,0
Wall Street Journal,2000.0,7.0,9,2,8,2,17,7,40,20,1,0,8,0,4,1
Wall Street Journal,2000.0,8.0,15,2,21,3,13,11,38,33,2,0,7,1,4,1
Wall Street Journal,2000.0,9.0,18,5,19,3,11,12,34,17,0,1,7,1,3,1
Wall Street Journal,2000.0,10.0,13,8,14,1,10,16,49,33,1,0,14,1,2,0
Wall Street Journal,2000.0,11.0,18,0,12,3,11,5,28,30,1,0,11,0,7,2
Wall Street Journal,2000.0,12.0,10,5,15,3,14,12,49,32,0,0,8,0,8,0
Wall Street Journal,2001.0,1.0,12,4,12,3,15,14,36,15,1,0,9,0,9,0
Wall Street Journal,2001.0,2.0,15,4,8,2,12,14,38,13,0,0,6,1,4,0
Wall Street Journal,2001.0,3.0,14,4,8,6,25,15,37,30,0,0,6,1,5,0
Wall Street Journal,2001.0,4.0,8,4,6,3,9,12,47,25,2,1,8,1,9,0
Wall Street Journal,2001.0,5.0,24,9,13,3,20,14,29,29,0,1,3,1,5,0
Wall Street Journal,2001.0,6.0,15,10,19,5,13,16,47,15,1,0,7,1,8,1
Wall Street Journal,2001.0,7.0,22,6,11,5,19,10,44,22,0,1,6,0,4,1
Wall Street Journal,2001.0,8.0,11,2,10,3,11,4,36,18,0,0,9,1,4,0
Wall Street Journal,2001.0,9.0,4,4,14,2,10,14,34,18,0,0,4,4,4,0
Wall Street Journal,2001.0,10.0,14,7,10,2,7,3,24,18,0,0,6,0,3,1
Wall Street Journal,2001.0,11.0,8,2,9,2,7,3,50,18,0,0,4,2,2,0
Wall Street Journal,2001.0,12.0,13,6,9,1,8,2,46,28,1,0,4,1,10,0
Wall Street Journal,2002.0,1.0,12,6,13,2,13,6,45,33,0,0,5,2,3,0
Wall Street Journal,2002.0,2.0,12,6,15,2,14,7,59,31,0,1,8,1,4,0
Wall Street Journal,2002.0,3.0,22,4,9,4,12,6,31,47,3,0,2,0,6,0
Wall Street Journal,2002.0,4.0,20,3,11,4,9,2,44,28,2,1,2,0,8,0
Wall Street Journal,2002.0,5.0,17,5,10,5,12,5,44,36,2,0,7,1,7,0
Wall Street Journal,2002.0,6.0,14,4,15,7,17,11,57,28,0,1,9,2,6,0
Wall Street Journal,2002.0,7.0,15,5,9,2,14,5,56,39,0,0,1,1,5,0
Wall Street Journal,2002.0,8.0,17,6,7,3,11,6,45,27,0,0,3,1,2,0
Wall Street Journal,2002.0,9.0,18,4,9,1,5,4,45,26,0,0,5,1,3,0
Wall Street Journal,2002.0,10.0,22,6,10,0,15,9,67,29,1,0,3,2,7,2
Wall Street Journal,2002.0,11.0,16,5,6,2,10,5,60,27,1,0,5,1,6,0
Wall Street Journal,2002.0,12.0,17,7,4,1,6,1,50,23,2,0,1,1,5,0
Wall Street Journal,2003.0,1.0,12,5,10,0,12,3,43,34,1,0,5,0,2,0
Wall Street Journal,2003.0,2.0,12,7,12,1,9,4,46,30,1,0,2,0,6,1
Wall Street Journal,2003.0,3.0,9,4,7,0,5,2,37,26,0,0,2,0,2,0
Wall Street Journal,2003.0,4.0,4,5,4,2,11,5,50,31,0,0,3,0,3,0
Wall Street Journal,2003.0,5.0,8,5,4,1,5,2,59,30,0,0,4,0,5,1
Wall Street Journal,2003.0,6.0,16,3,2,2,10,3,53,17,0,0,3,0,3,0
Wall Street Journal,2003.0,7.0,14,5,5,1,6,3,41,23,2,0,3,1,9,0
Wall Street Journal,2003.0,8.0,13,3,3,3,15,17,39,21,1,1,2,0,6,0
Wall Street Journal,2003.0,9.0,12,3,6,0,13,2,50,28,0,0,3,0,13,1
Wall Street Journal,2003.0,10.0,18,5,8,4,9,4,54,65,1,1,2,0,4,0
Wall Street Journal,2003.0,11.0,10,9,6,5,11,7,48,54,1,0,8,1,6,0
Wall Street Journal,2003.0,12.0,20,5,8,3,15,2,46,41,0,1,3,1,11,1
Wall Street Journal,2004.0,1.0,19,1,5,4,7,1,52,40,3,1,2,0,3,0
Wall Street Journal,2004.0,2.0,9,9,10,3,9,3,37,40,0,0,6,2,7,0
Wall Street Journal,2004.0,3.0,21,7,5,5,11,5,44,42,1,0,5,0,9,0
Wall Street Journal,2004.0,4.0,15,7,5,4,11,2,56,52,4,0,5,2,7,2
Wall Street Journal,2004.0,5.0,10,6,7,0,8,1,63,35,1,1,6,1,7,2
Wall Street Journal,2004.0,6.0,21,5,8,1,12,2,44,35,1,0,5,1,9,1
Wall Street Journal,2004.0,7.0,14,7,12,2,12,4,53,26,2,0,0,5,7,1
Wall Street Journal,2004.0,8.0,12,8,9,2,10,8,50,29,0,0,3,0,6,0
Wall Street Journal,2004.0,9.0,11,11,12,1,11,2,50,42,0,1,6,0,9,0
Wall Street Journal,2004.0,10.0,15,4,9,5,16,3,69,35,2,0,5,0,5,0
Wall Street Journal,2004.0,11.0,11,7,10,7,11,5,50,37,0,1,8,1,11,0
Wall Street Journal,2004.0,12.0,19,11,8,2,15,4,75,38,0,0,2,1,6,1
Wall Street Journal,2005.0,1.0,13,5,12,0,16,3,49,33,0,0,7,3,5,0
Wall Street Journal,2005.0,2.0,15,6,9,2,15,1,38,32,0,0,6,2,13,1
Wall Street Journal,2005.0,3.0,15,14,13,4,16,4,68,59,0,0,4,1,6,1
Wall Street Journal,2005.0,4.0,13,13,4,3,7,6,59,54,0,1,2,0,18,0
Wall Street Journal,2005.0,5.0,14,11,7,3,7,6,59,40,2,0,5,1,6,0
Wall Street Journal,2005.0,6.0,18,11,8,4,20,5,65,34,1,1,5,1,5,0
Wall Street Journal,2005.0,7.0,5,12,4,2,10,4,41,23,1,1,2,0,7,2
Wall Street Journal,2005.0,8.0,16,10,11,6,10,2,45,23,1,0,11,2,8,1
Wall Street Journal,2005.0,9.0,12,11,17,1,14,8,42,28,0,1,2,0,8,0
Wall Street Journal,2005.0,10.0,15,6,8,3,9,2,59,32,0,0,2,2,9,0
Wall Street Journal,2005.0,11.0,11,6,10,2,6,0,44,36,0,0,5,1,6,0
Wall Street Journal,2005.0,12.0,13,9,10,3,7,4,63,22,1,0,7,1,7,0
Wall Street Journal,2006.0,1.0,11,12,7,4,12,3,38,34,2,1,7,0,10,1
Wall Street Journal,2006.0,2.0,15,7,11,1,14,6,54,30,0,1,7,0,4,1
Wall Street Journal,2006.0,3.0,12,8,12,4,12,2,59,34,0,1,5,0,5,1
Wall Street Journal,2006.0,4.0,14,7,8,4,11,4,34,32,0,0,6,1,6,1
Wall Street Journal,2006.0,5.0,14,8,7,1,12,2,51,28,0,0,6,0,11,0
Wall Street Journal,2006.0,6.0,15,16,10,1,9,11,54,35,2,0,6,1,10,0
Wall Street Journal,2006.0,7.0,9,8,5,4,9,6,53,37,0,0,3,1,5,1
Wall Street Journal,2006.0,8.0,13,9,14,1,12,6,45,30,1,0,4,0,6,0
Wall Street Journal,2006.0,9.0,14,10,10,4,11,2,58,29,1,0,2,0,7,0
Wall Street Journal,2006.0,10.0,11,6,3,2,10,6,36,20,3,0,4,0,3,1
Wall Street Journal,2006.0,11.0,12,6,8,4,21,6,64,28,3,1,3,0,2,0
Wall Street Journal,2006.0,12.0,18,10,11,5,20,7,57,40,1,1,4,0,11,1
Wall Street Journal,2007.0,1.0,17,6,6,3,25,7,51,25,0,0,4,0,6,2
Wall Street Journal,2007.0,2.0,11,10,4,1,12,5,42,19,1,0,1,0,5,0
Wall Street Journal,2007.0,3.0,16,13,14,3,14,8,54,32,3,0,3,1,7,0
Wall Street Journal,2007.0,4.0,16,6,5,4,22,4,46,27,0,1,5,1,11,0
Wall Street Journal,2007.0,5.0,21,8,5,4,17,7,51,30,0,0,2,0,2,1
Wall Street Journal,2007.0,6.0,23,7,9,4,14,2,56,23,1,0,4,0,8,1
Wall Street Journal,2007.0,7.0,14,11,7,1,21,1,40,23,1,1,3,0,6,0
Wall Street Journal,2007.0,8.0,14,9,8,2,14,3,47,17,1,2,4,1,11,2
Wall Street Journal,2007.0,9.0,16,8,13,2,8,1,40,20,1,1,3,0,13,1
Wall Street Journal,2007.0,10.0,18,12,13,1,11,7,46,15,0,0,4,0,9,2
Wall Street Journal,2007.0,11.0,14,10,13,1,14,1,37,22,0,1,3,0,11,0
Wall Street Journal,2007.0,12.0,13,5,11,4,15,8,46,16,1,0,4,0,17,0
Wall Street Journal,2008.0,1.0,17,8,8,1,12,3,59,23,1,0,2,1,14,1
Wall Street Journal,2008.0,2.0,27,14,10,1,17,4,46,22,1,0,1,1,7,0
Wall Street Journal,2008.0,3.0,19,7,14,3,22,2,64,20,2,0,5,1,20,0
Wall Street Journal,2008.0,4.0,13,5,16,4,23,4,63,28,1,1,3,0,12,2
Wall Street Journal,2008.0,5.0,20,6,11,4,19,11,54,20,0,0,1,1,11,0
Wall Street Journal,2008.0,6.0,20,4,5,4,18,12,56,31,1,0,5,1,11,0
Wall Street Journal,2008.0,7.0,21,11,12,6,22,5,75,27,1,1,3,0,24,0
Wall Street Journal,2008.0,8.0,11,8,6,7,13,8,53,34,1,0,4,1,4,1
Wall Street Journal,2008.0,9.0,30,4,15,2,13,10,78,49,2,1,5,0,20,0
Wall Street Journal,2008.0,10.0,16,7,10,2,16,2,70,41,3,0,1,0,10,1
Wall Street Journal,2008.0,11.0,20,5,6,0,13,1,40,13,1,0,3,1,6,1
Wall Street Journal,2008.0,12.0,13,8,5,3,22,5,54,21,2,0,3,0,2,0
Wall Street Journal,2009.0,1.0,16,5,5,1,19,3,55,14,2,1,0,0,9,1
Wall Street Journal,2009.0,2.0,11,3,8,3,12,4,54,18,0,0,1,0,9,0
Wall Street Journal,2009.0,3.0,17,12,7,5,24,4,69,22,1,1,0,1,12,1
Wall Street Journal,2009.0,4.0,16,8,8,5,19,0,42,23,1,0,3,0,11,0
Wall Street Journal,2009.0,5.0,12,3,6,2,11,3,65,21,1,0,0,1,10,0
Wall Street Journal,2009.0,6.0,15,10,9,5,10,5,82,21,0,1,2,0,9,1
Wall Street Journal,2009.0,7.0,25,2,12,3,12,4,70,21,0,1,4,0,11,0
Wall Street Journal,2009.0,8.0,9,5,9,2,9,2,65,22,1,2,2,0,6,0
Wall Street Journal,2009.0,9.0,14,6,11,4,10,1,90,23,2,1,6,0,8,0
Wall Street Journal,2009.0,10.0,12,6,7,1,15,5,77,15,0,0,6,0,13,1
Wall Street Journal,2009.0,11.0,11,1,11,2,13,5,49,16,1,0,5,0,10,0
Wall Street Journal,2009.0,12.0,18,6,9,4,11,3,60,17,1,0,2,0,7,0
Wall Street Journal,2010.0,1.0,26,10,13,6,33,3,176,40,4,0,7,1,9,6
Wall Street Journal,2010.0,2.0,25,18,29,12,44,16,158,52,4,0,15,0,21,3
Wall Street Journal,2010.0,3.0,68,24,35,3,57,30,222,88,3,3,9,7,29,0
Wall Street Journal,2010.0,4.0,32,28,46,13,63,14,235,89,6,0,12,3,23,1
Wall Street Journal,2010.0,5.0,43,23,57,8,95,14,215,142,0,0,18,1,26,2
Wall Street Journal,2010.0,6.0,32,21,43,7,87,17,228,96,2,2,9,3,36,1
Wall Street Journal,2010.0,7.0,39,34,30,11,74,14,193,83,5,0,10,4,31,4
Wall Street Journal,2010.0,8.0,32,22,27,14,54,7,134,59,2,1,24,6,37,1
Wall Street Journal,2010.0,9.0,51,41,36,20,50,12,216,81,1,0,18,2,26,1
Wall Street Journal,2010.0,10.0,67,42,37,15,61,12,190,66,5,0,8,3,34,0
Wall Street Journal,2010.0,11.0,40,29,32,15,48,16,210,83,5,1,12,0,31,3
Wall Street Journal,2010.0,12.0,44,40,34,11,75,13,189,56,6,0,23,2,22,3
Wall Street Journal,2011.0,1.0,42,30,32,8,68,17,198,79,1,0,13,8,19,2
Wall Street Journal,2011.0,2.0,44,24,41,2,60,25,147,69,3,1,11,2,14,0
Wall Street Journal,2011.0,3.0,48,30,32,7,92,72,197,72,3,0,12,2,42,1
Wall Street Journal,2011.0,4.0,30,23,34,11,76,36,161,80,3,2,14,1,20,2
Wall Street Journal,2011.0,5.0,52,38,44,13,78,25,173,82,6,0,26,0,28,5
Wall Street Journal,2011.0,6.0,41,67,53,13,64,34,249,100,3,0,12,5,44,3
Wall Street Journal,2011.0,7.0,50,25,35,16,70,24,175,80,0,2,12,4,17,3
Wall Street Journal,2011.0,8.0,40,17,42,19,61,9,146,94,0,0,17,2,23,0
Wall Street Journal,2011.0,9.0,35,38,42,22,76,10,228,87,0,1,8,4,17,0
Wall Street Journal,2011.0,10.0,30,38,22,8,56,16,188,74,1,1,12,4,32,3
Wall Street Journal,2011.0,11.0,22,28,23,7,48,8,221,83,2,1,14,0,28,4
Wall Street Journal,2011.0,12.0,31,46,41,7,70,13,203,56,3,0,12,0,38,9
Wall Street Journal,2012.0,1.0,40,23,25,10,66,6,199,67,1,1,11,2,26,0
Wall Street Journal,2012.0,2.0,44,30,31,14,43,19,195,77,4,1,17,0,17,1
Wall Street Journal,2012.0,3.0,39,20,41,18,62,14,184,97,2,0,14,6,24,1
Wall Street Journal,2012.0,4.0,34,22,40,11,61,8,176,75,0,0,8,5,39,0
Wall Street Journal,2012.0,5.0,48,14,33,6,52,11,196,73,2,0,20,3,16,0
Wall Street Journal,2012.0,6.0,33,29,33,12,39,18,181,66,0,0,14,4,10,4
Wall Street Journal,2012.0,7.0,31,28,40,10,65,16,216,83,1,0,9,5,22,3
Wall Street Journal,2012.0,8.0,36,41,27,10,46,21,167,84,1,0,23,1,20,1
Wall Street Journal,2012.0,9.0,22,32,36,5,39,12,160,40,5,3,6,2,21,0
Wall Street Journal,2012.0,10.0,55,34,37,9,57,18,202,64,6,9,2,5,24,0
Wall Street Journal,2012.0,11.0,49,29,26,8,58,14,164,77,1,0,9,2,18,1
Wall Street Journal,2012.0,12.0,39,31,32,4,46,11,169,89,2,0,14,3,19,1
Wall Street Journal,2013.0,1.0,32,36,54,9,49,12,153,78,0,1,15,6,31,5
Wall Street Journal,2013.0,2.0,48,23,31,21,37,12,153,53,1,0,13,4,26,0
Wall Street Journal,2013.0,3.0,43,33,47,17,61,17,166,96,2,0,9,3,27,0
Wall Street Journal,2013.0,4.0,61,31,37,12,50,12,174,61,2,0,29,4,18,0
Wall Street Journal,2013.0,5.0,43,35,29,11,39,30,187,60,1,0,19,6,20,1
Wall Street Journal,2013.0,6.0,46,27,37,7,38,17,191,57,8,0,11,3,27,5
Wall Street Journal,2013.0,7.0,38,30,47,10,45,13,206,66,0,0,5,4,28,3
Wall Street Journal,2013.0,8.0,29,40,45,6,37,19,165,71,9,6,9,1,20,4
Wall Street Journal,2013.0,9.0,32,21,43,10,37,18,164,71,2,0,15,1,31,2
Wall Street Journal,2013.0,10.0,45,31,35,21,65,14,179,78,2,0,7,1,37,4
Wall Street Journal,2013.0,11.0,54,31,54,8,34,14,182,56,2,3,22,3,21,0
Wall Street Journal,2013.0,12.0,58,35,50,13,47,11,193,66,2,3,11,6,44,1
Wall Street Journal,2014.0,1.0,48,26,42,9,47,8,195,80,0,2,27,2,27,3
Wall Street Journal,2014.0,2.0,33,25,51,14,38,23,222,62,4,0,26,5,21,1
Wall Street Journal,2014.0,3.0,29,42,62,13,55,23,192,77,0,0,35,5,25,1
Wall Street Journal,2014.0,4.0,56,33,58,16,50,12,217,86,3,2,24,6,33,2
Wall Street Journal,2014.0,5.0,45,37,66,16,65,22,193,82,2,2,40,2,29,2
Wall Street Journal,2014.0,6.0,59,31,80,6,52,14,166,90,7,0,21,7,17,0
Wall Street Journal,2014.0,7.0,51,20,44,15,35,16,193,64,7,1,23,6,34,1
Wall Street Journal,2014.0,8.0,43,40,50,6,40,11,184,94,4,0,14,3,44,1
Wall Street Journal,2014.0,9.0,44,31,50,10,51,14,184,70,5,3,27,2,37,2
Wall Street Journal,2014.0,10.0,52,26,70,16,38,17,157,70,4,1,17,1,28,3
Wall Street Journal,2014.0,11.0,43,25,88,13,52,15,181,72,5,2,38,3,20,0
Wall Street Journal,2014.0,12.0,45,31,72,15,46,30,210,59,3,1,19,0,14,2
Wall Street Journal,2015.0,1.0,38,21,69,12,40,13,159,57,8,3,16,4,16,2
Wall Street Journal,2015.0,2.0,38,22,60,9,20,7,151,51,1,2,43,0,18,1
Wall Street Journal,2015.0,3.0,37,34,57,15,48,13,182,84,3,0,29,6,25,0
Wall Street Journal,2015.0,4.0,52,21,49,16,36,10,163,53,4,2,22,3,26,2
Wall Street Journal,2015.0,5.0,32,29,63,14,36,11,168,74,2,2,12,3,15,4
Wall Street Journal,2015.0,6.0,44,34,43,25,55,8,184,102,4,0,20,2,33,1
Wall Street Journal,2015.0,7.0,39,35,47,14,49,12,179,108,5,1,11,4,36,2
Wall Street Journal,2015.0,8.0,41,28,33,9,77,10,139,68,0,1,19,1,22,1
Wall Street Journal,2015.0,9.0,20,37,37,7,86,8,140,62,2,0,12,2,16,5
Wall Street Journal,2015.0,10.0,41,25,48,14,69,22,169,65,2,2,16,5,10,3
Wall Street Journal,2015.0,11.0,35,29,47,24,54,5,165,78,3,0,10,5,25,4
Wall Street Journal,2015.0,12.0,33,31,55,10,59,10,147,49,5,0,13,1,26,2
Wall Street Journal,2016.0,1.0,29,37,47,14,63,24,147,42,3,0,12,3,20,2
Wall Street Journal,2016.0,2.0,32,25,52,9,42,7,161,56,4,0,18,5,21,0
Wall Street Journal,2016.0,3.0,70,33,46,21,57,8,233,102,6,6,16,3,26,3
Wall Street Journal,2016.0,4.0,57,42,42,17,56,12,242,88,7,0,16,1,44,0
Wall Street Journal,2016.0,5.0,68,49,67,18,49,8,211,120,4,3,9,6,38,0
Wall Street Journal,2016.0,6.0,51,49,58,15,72,10,287,115,7,5,14,4,43,6
Wall Street Journal,2016.0,7.0,41,25,67,18,65,8,242,83,0,2,7,7,40,0
Wall Street Journal,2016.0,8.0,55,34,47,19,60,12,207,87,1,2,17,5,27,3
Wall Street Journal,2016.0,9.0,40,37,48,12,53,18,232,128,2,2,12,10,30,2
Wall Street Journal,2016.0,10.0,47,36,48,11,61,9,253,86,5,4,13,8,31,1
Wall Street Journal,2016.0,11.0,39,23,46,19,53,15,284,107,2,4,20,4,23,1
Wall Street Journal,2016.0,12.0,39,37,50,27,50,16,261,93,1,1,24,4,16,1
Wall Street Journal,2017.0,1.0,43,34,33,11,75,10,230,97,2,1,13,1,35,3
Wall Street Journal,2017.0,2.0,35,29,29,15,45,9,239,77,1,3,10,3,15,2
Wall Street Journal,2017.0,3.0,46,35,23,16,59,9,243,72,3,3,11,2,20,2
Wall Street Journal,2017.0,4.0,44,35,35,12,39,1,179,77,7,1,23,4,24,3
Wall Street Journal,2017.0,5.0,52,26,33,11,49,4,141,53,4,0,17,6,19,0
Wall Street Journal,2017.0,6.0,38,29,33,23,50,10,121,49,1,1,14,6,22,1
Wall Street Journal,2017.0,7.0,37,36,35,12,49,5,117,56,1,4,16,2,22,2
Wall Street Journal,2017.0,8.0,33,16,22,10,21,4,76,43,1,2,16,0,13,1
Wall Street Journal,2017.0,9.0,48,23,37,12,26,4,112,44,5,0,12,2,16,4
Wall Street Journal,2017.0,10.0,51,10,31,9,36,2,119,59,2,0,20,2,9,1
Wall Street Journal,2017.0,11.0,25,14,23,4,27,5,91,40,1,1,20,2,17,0
Wall Street Journal,2017.0,12.0,26,22,24,3,29,3,130,32,2,0,13,2,16,1
Wall Street Journal,2018.0,1.0,25,18,26,11,44,14,121,49,1,0,17,5,16,0
Wall Street Journal,2018.0,2.0,24,15,22,9,25,5,89,61,2,3,23,4,9,1
Wall Street Journal,2018.0,3.0,42,24,36,8,37,4,125,54,0,0,17,2,12,0
Wall Street Journal,2018.0,4.0,39,7,21,7,36,2,100,56,2,1,22,3,13,5
Wall Street Journal,2018.0,5.0,30,16,14,7,33,5,97,49,3,0,9,1,8,0
Wall Street Journal,2018.0,6.0,30,18,21,7,21,4,109,36,4,0,11,1,9,1
Wall Street Journal,2018.0,7.0,32,20,16,7,24,4,86,48,1,0,24,0,13,0
Wall Street Journal,2018.0,8.0,33,14,15,7,33,8,91,28,5,0,19,4,6,0
Wall Street Journal,2018.0,9.0,23,18,15,5,28,6,95,40,0,0,9,2,9,0
Wall Street Journal,2018.0,10.0,30,11,13,5,39,3,76,45,4,2,12,0,15,2
Wall Street Journal,2018.0,11.0,33,14,23,7,19,2,74,47,2,1,12,1,9,0
Wall Street Journal,2018.0,12.0,26,11,27,5,32,2,74,33,1,0,6,4,12,2
Wall Street Journal,2019.0,1.0,40,12,21,12,24,15,49,55,4,2,14,7,14,0
Wall Street Journal,2019.0,2.0,21,15,23,3,22,5,77,33,3,0,19,6,5,0
Wall Street Journal,2019.0,3.0,48,22,56,8,23,3,78,30,0,2,19,4,6,1
Wall Street Journal,2019.0,4.0,38,12,29,17,26,11,75,57,0,1,24,0,16,1
Wall Street Journal,2019.0,5.0,22,17,23,7,22,6,71,44,0,1,22,2,15,0
Wall Street Journal,2019.0,6.0,44,22,28,11,45,0,95,31,3,3,21,3,23,0
Wall Street Journal,2019.0,7.0,36,14,22,12,30,5,90,33,0,0,21,5,16,4
Wall Street Journal,2019.0,8.0,38,12,27,9,31,2,60,39,0,1,16,7,12,8
Wall Street Journal,2019.0,9.0,58,19,31,8,43,3,97,46,0,0,16,5,21,0
Wall Street Journal,2019.0,10.0,42,19,35,9,42,5,83,25,1,3,21,5,15,2
Wall Street Journal,2019.0,11.0,43,19,34,5,38,0,89,38,3,2,19,5,17,0
Wall Street Journal,2019.0,12.0,45,35,40,11,38,13,58,54,2,2,17,5,33,0
Wall Street Journal,2020.0,1.0,47,9,42,6,34,1,60,38,0,3,12,5,24,1
Wall Street Journal,2020.0,2.0,32,14,33,9,22,1,58,36,2,0,12,7,15,4
Wall Street Journal,2020.0,3.0,38,16,19,11,31,4,71,28,3,1,2,1,17,0
Wall Street Journal,2020.0,4.0,31,14,20,12,37,1,39,24,1,0,3,2,7,2
Wall Street Journal,2020.0,5.0,34,29,12,6,38,2,44,36,1,0,16,5,11,0
Wall Street Journal,2020.0,6.0,29,18,19,4,33,2,48,26,0,1,12,3,20,1
Wall Street Journal,2020.0,7.0,29,24,15,3,28,3,56,33,0,2,9,3,10,2
Wall Street Journal,2020.0,8.0,26,31,19,5,31,5,49,36,4,0,9,4,10,0
Wall Street Journal,2020.0,9.0,32,16,28,7,37,3,39,25,1,0,12,4,9,0
Wall Street Journal,2020.0,10.0,32,20,22,5,34,2,64,41,0,0,18,5,5,1
Wall Street Journal,2020.0,11.0,36,11,28,13,33,2,78,48,0,2,5,6,9,0
Wall Street Journal,2020.0,12.0,51,26,33,7,53,5,99,36,3,0,15,2,8,3
Wall Street Journal,2021.0,1.0,41,18,36,11,31,3,72,35,0,0,28,2,14,2
Wall Street Journal,2021.0,2.0,23,20,37,9,19,14,75,45,3,0,25,0,8,2
Wall Street Journal,2021.0,3.0,40,23,22,5,39,18,73,46,0,4,15,0,5,0
Wall Street Journal,2021.0,4.0,44,17,46,7,28,6,59,50,0,2,8,6,12,0
Wall Street Journal,2021.0,5.0,16,21,29,6,32,2,57,33,3,0,12,5,8,0
Wall Street Journal,2021.0,6.0,25,27,55,2,35,5,72,50,1,8,26,1,9,1
Wall Street Journal,2021.0,7.0,22,49,44,7,24,2,79,69,0,0,19,0,20,0
Wall Street Journal,2021.0,8.0,43,24,29,7,25,10,83,45,0,5,10,1,10,0
Wall Street Journal,2021.0,9.0,45,13,32,8,39,6,83,41,1,6,25,2,8,0
Wall Street Journal,2021.0,10.0,39,20,33,5,34,8,102,34,3,1,41,3,10,3
Wall Street Journal,2021.0,11.0,28,14,46,4,42,5,97,33,2,0,29,0,12,1
Wall Street Journal,2021.0,12.0,22,41,41,3,22,3,87,38,2,1,29,2,17,0
