Year,Month,YM,Uncertainty_DominantDistinctArea1,Uncertainty_DominantDistinctArea2,Uncertainty_DominantDistinctArea3,Uncertainty_DominantDistinctArea4,Uncertainty_DominantDistinctArea5,Uncertainty_DominantDistinctArea6,Uncertainty_DominantDistinctArea7,Uncertainty_DominantDistinctArea8,Uncertainty_DominantDistinctArea9,Uncertainty_DominantDistinctArea10,Uncertainty_DominantDistinctArea11,Uncertainty_DominantDistinctArea12,Uncertainty_DominantDistinctArea13,Uncertainty_DominantDistinctArea14,GI_DominantDistinctArea1,GI_DominantDistinctArea2,GI_DominantDistinctArea3,GI_DominantDistinctArea4,GI_DominantDistinctArea5,GI_DominantDistinctArea6,GI_DominantDistinctArea7,GI_DominantDistinctArea8,GI_DominantDistinctArea9,GI_DominantDistinctArea10,GI_DominantDistinctArea11,GI_DominantDistinctArea12,GI_DominantDistinctArea13,GI_DominantDistinctArea14,LM_DominantDistinctArea1,LM_DominantDistinctArea2,LM_DominantDistinctArea3,LM_DominantDistinctArea4,LM_DominantDistinctArea5,LM_DominantDistinctArea6,LM_DominantDistinctArea7,LM_DominantDistinctArea8,LM_DominantDistinctArea9,LM_DominantDistinctArea10,LM_DominantDistinctArea11,LM_DominantDistinctArea12,LM_DominantDistinctArea13,LM_DominantDistinctArea14,LSD_DominantDistinctArea1,LSD_DominantDistinctArea2,LSD_DominantDistinctArea3,LSD_DominantDistinctArea4,LSD_DominantDistinctArea5,LSD_DominantDistinctArea6,LSD_DominantDistinctArea7,LSD_DominantDistinctArea8,LSD_DominantDistinctArea9,LSD_DominantDistinctArea10,LSD_DominantDistinctArea11,LSD_DominantDistinctArea12,LSD_DominantDistinctArea13,LSD_DominantDistinctArea14
1985,1,1,0.8844837026619489,0.6053479467339914,0.3861768238885391,1.064330918194926,0.6186402964445455,0.8724465019057704,0.6923290427396185,0.4717111220939444,-0.08784250001045908,0.1479407587767902,0.730622816924583,0.24059827594176875,0.4529535323718593,0.3663908464659434,1.6442387957999485,-0.533170551921895,1.0225834890979473,1.0888873339948537,-1.1670595765999126,0.7731521409662885,2.175935262054636,2.677442295549837,1.5220289685538533,2.21362947057583,2.604503019610608,1.2248231480558542,1.1647642102905897,6.03502929097752,-2.136797655430785,-3.322830232594502,-1.9738282131883955,-1.695155831803381,-3.4874202608919695,-2.4379174412519755,-0.9971416824931801,-1.6990879792637443,-1.277013589106188,-2.5499616345738136,-0.352429378779523,-2.668114783873907,-2.5437085421550862,-0.7003722996720049,0.3684028050510514,-1.3352793726434586,0.34276300733063136,0.46391993858472885,-1.3946186401411218,-0.19130729488918277,0.8005295428267339,0.8859736168502367,0.4740389968975653,0.8563106289490843,1.3905696249190953,0.639958646129627,-0.6952188842478206,1.2767046492010339
1985,2,2,0.5917376176700497,0.45365071494417025,0.5946886209875751,0.6223824012451906,0.7655469452748696,0.3554749893946421,0.6714898929886083,0.8142639374291535,0.7625313566442068,0.2311940805626621,0.2390699812327558,0.6564404893704205,0.33461366052915326,0.5968803430773453,1.45459858014443,1.6733195519300337,0.6384369082398497,1.1240842712342367,-0.14694501786856964,-0.385024030009099,1.5668910119870976,3.1230574753665463,3.2163393171449286,2.2761943816831596,1.3047667614093201,5.446613825872457,2.3583273806007656,-0.04663954847135467,-2.2414299434121077,-1.9818428181716237,-1.5733358494308098,-1.9015111225428891,-2.8656799482648925,-3.13448621154169,-1.9475684576800518,-1.9168312709184643,-2.178862393300662,-3.5733256777409412,-1.5109071763967534,-3.7530640148358896,-1.665943658750314,0.06897668951405582,0.2746208041343064,1.0443349548736531,0.16016130262959055,-0.1653814500666742,-1.5105093616566259,-1.5232276216312655,0.5285499335807138,0.9080376257628062,1.054414338460694,2.2728557047128994,0.2855082361962843,0.9543025169263517,1.0212401537765494,3.153425457501832
1985,3,3,0.860683702075093,0.7516656127205861,0.4744671994943089,0.547342745059651,0.6145696822336851,0.6287571075038153,0.5337679387201297,0.5881113246430827,0.8497178887721513,0.05349431644346929,0.7735802315626692,0.6618694852680718,0.5837454014483886,1.2837375893550897,1.9696199964493366,-0.38451909891770314,-0.3222955815122912,-0.7542752311716817,0.14099091697150232,-0.6339626741146418,0.7972635491250287,1.7608130349894826,-1.556627216843369,-3.6606733116510703,1.4223883522608147,2.449346336307817,2.3563979286283105,5.608520038242659,-2.7487180336252233,-3.8385316031887586,-1.8400734392065228,-4.381175718896868,-2.39848185101131,-3.1936561781080286,-2.246527035007058,-2.2006610353147606,-3.5193936250418743,-3.6452382326128676,-1.4909072465454425,-4.485453981566934,-1.7578430273131018,1.779381065524512,0.3448272899710825,-2.257015865836446,-0.46348218070086,-0.6373915674369102,-1.196011204557229,-1.4597369478683742,0.0423134244521942,-0.38097012466197694,-1.917480559648221,-2.357913465628092,0.5849671265221119,-2.1806609309011784,0.7646526683998031,4.8407076011704175
1985,4,4,0.7740862867659478,0.5838681105470243,0.6685565554555135,0.7314384389399144,0.6742009488687654,0.9390088764237744,0.6337318813387963,0.6825706189301549,0.30061113717071897,0.48623420232195586,0.5140807498602279,-0.14880148254413902,0.6807044350796917,0.09936790507734668,1.8857909301873501,0.6644809019517435,0.6949551909122857,1.0035218222440427,-0.4803556625982502,0.3263114379399316,1.7892487030706439,1.545297783397776,2.0665531633996332,4.063983240978687,1.8946496699105357,5.214458257200677,2.7303966659976378,0.16199469952864345,-1.8415527086752324,-2.6291695791103655,-2.3079654230483873,-2.400923252848272,-2.3208244935544675,-2.514094411833882,-1.8382052273528675,-1.7949797556453368,-1.625054087680739,0.5929267049283616,-1.0443794783448344,0.40625953892339234,-1.4605490738766556,-0.7053383929859397,-0.17721237399237127,-0.17055663481735317,0.1549201453187428,0.3848146029992742,-0.8873293768008889,-0.27752323967490855,0.20435430222111212,-0.06055444372251897,1.224058559003785,2.101599763061002,0.930233324108884,3.572587464580071,-0.03690384483407739,-0.9395712449981722
1985,5,5,0.6990341979282889,0.8495847446015947,0.5054473352542053,0.43900678826384765,0.7469356263807173,0.4973771932653814,0.6847499972870543,0.698714868843796,0.18950426993663513,0.47520378858260404,0.8512240152441001,0.5777385168677852,0.6178489087548399,,1.483479011333267,0.3704759995732484,1.2114548670028389,1.000800701097208,0.382185490798648,0.23158329491034377,2.390683757119083,2.119739195940602,1.9859665122946957,1.2686156160116924,1.5327439526164839,3.596855105829889,2.505923350797808,,-1.7882170096463532,-2.629089155042375,-1.7944147855515034,-2.3060837981849933,-2.3286495791190522,-2.8385799647569048,-1.3879810323569264,-1.2662389166008021,-1.2808952036253065,-0.7193253379596597,-1.7260595021555414,-1.3907013266652173,-1.1128358544233323,,0.32370883643346177,-1.0111349582478373,0.7037993402140711,0.5115452459543426,-0.5329573837233585,-0.6233897115012001,0.844320784034485,0.5813761503277521,-0.18832701558552659,0.24577250227892325,0.5436509828973164,1.4013058140230177,0.7823425535415032,
1985,6,6,0.7839098430636161,0.5149634674864186,0.5859199946187564,0.4844186296412809,0.7726745632126519,0.7110204231079637,0.6951762798683234,0.9168233443458919,0.45909314813186525,1.2092737144970132,0.6051437616377247,0.12778817146362856,0.6488247059050465,0.6694094687713642,0.9224215389370686,1.9220692015488172,0.2691844971290629,0.44645559064446805,-0.07009711319148851,0.3258792262554269,2.376173426553374,1.7641783121148933,-0.5025739000465893,1.6160497242149234,0.7236746416703889,-0.0031838683597592565,1.6643571992776338,-0.25196275790508427,-2.4128317020126726,-1.5667529778446263,-1.9213196838632656,-1.7079036113208728,-2.5956662919135813,-2.6398758015008577,-1.5411681564723647,-1.8634752956495995,-2.346833828986068,-2.4652278709675497,-1.0824117752204208,-3.9433486346335727,-1.9878401951622193,-2.1352843497702607,-0.768701787495372,0.4576276908849075,0.3373279065547779,-0.14742055281309743,-1.4374880335935767,-0.723694972385451,1.10317293076702,0.4855959958211538,-0.9646948802807848,1.2420167428773325,0.858587756402211,0.14108626412350217,0.36605573272522623,1.514474164466321
1985,7,7,0.6201511929905104,0.7593301521201652,0.6116379677832793,0.4362574369529136,0.8100091810261673,0.8814226672705269,0.577175384006592,0.538907314189203,-0.11653858144696982,-0.06822648921866858,0.5184513582870494,0.604594295033603,0.5141723809286683,0.7565757214098775,2.437307569489799,-0.1768117572203731,0.1228602215495731,1.9566830063530771,0.21137618423096585,0.18788418073598365,1.2351066447078678,1.9802997370218958,6.042677391640437,1.1641036283415707,1.6596981391316599,0.893230513686995,1.8647850838654552,3.103919005181637,-1.425688653565748,-3.8261467083468497,-1.7029217463695543,-2.226828812158668,-2.587415535738831,-2.2118123433744556,-2.12795090015199,-1.6181180036095408,0.7697415196712596,-3.5487447533704692,-1.3568441892377312,-2.6453111801808658,-1.7008181811886935,-0.9275331685511786,0.10452514566172957,-1.5860225397185372,0.17094229506828057,1.3715853116003043,-1.1774674362101643,-0.7181845524385153,-0.1261677058177979,0.4520412625794726,2.064338466940949,-2.9454166216435564,0.38286638058850697,1.272189912935699,0.5979842465733355,2.1992315879633995
1985,8,8,0.7059262624129202,0.4686641140448693,0.6756818786522036,0.7074500264788826,0.6563977824060774,0.3975330178807066,0.6772119976647812,1.0399204728363485,0.4014927925282489,-0.16168729613834731,0.3543625888158212,0.8779802112279299,0.6737582150182819,0.591358981772292,1.7983150498477998,-0.21902462878785633,1.233249773683142,0.21487357639754195,-0.2792103709113803,-2.2383556562394804,2.203754622769183,3.0437013063790497,1.2532190890120836,-1.3776689703594311,-0.42837129286360554,0.8413561126003269,1.185997600597201,1.5946060818343295,-2.8038351532698242,-4.2174081899461715,-2.3327749848271826,-2.6239190622087123,-2.9904982908965017,-3.9866645128627933,-1.689585870610092,-1.4158275648777543,-0.3417807915467856,-4.888626017902493,-3.0098589052909084,-1.9397273735382976,-2.1728777821244067,-0.9619737733226759,-1.0835632827811317,-1.6592572374262535,0.47075310724674335,-0.6885043723877008,-0.9743318518477982,-2.236633559270756,0.8802689303304001,0.9649433559466994,2.022450746214717,-4.6588204568854374,-0.9774017187527503,-0.31688087120996944,-0.45831824537064275,2.0430414300551307
1985,9,9,0.6549343255176494,0.7441541106009888,0.5954973927298799,0.6454004805188586,0.6784490947603057,0.8979669279419038,0.9484963412960977,0.5032125502713797,0.8163995564634978,1.3888888889999988,0.44895169402383045,0.43605531813288795,0.9565503961316671,0.6816352591247028,0.8200517907707242,-1.8032006211990144,0.04064874632408956,0.19707137536887975,0.39046639380721115,-0.43461516859025984,2.3755914988501994,1.9446250309636792,1.708234509978213,5.555555555999998,0.23159689403177355,0.8837289254534572,1.9850608676328505,4.145660433596221,-2.326889032499353,-3.4233206126553295,-1.7779146768119627,-2.553422826510921,-2.703105678417334,-2.8661951634737823,-1.5520776641072063,-1.3213560519365508,-2.0495506090896356,1.3888888890000002,-0.4786846745422073,-3.57935374381924,-1.852950344640298,-0.6660115060967785,0.024815497741450747,-2.4238673420972043,-0.03711275622872935,0.2646372033340682,-0.5598791266128902,-1.1365803918387343,0.9585544068709064,0.5626082014617616,0.8326774295337753,2.777777778000003,0.04822150472337562,-0.8511413826953399,0.6394689924499649,3.2159663368454794
1985,10,10,0.8344115837531182,1.3206205861537954,0.7037825359536185,0.9217413310861059,0.7488976405368861,0.9751134588438526,0.6870561487964871,0.6710552071331148,0.4735725879164884,0.3551714322410986,0.8927286471872082,1.1137267598574185,0.6353198009118652,0.6591337068365879,1.3026495288774262,-0.8714954677474149,0.6744299903132716,-0.3248867332687531,-0.8553512615292983,0.11265851466175415,2.160510095204549,2.7387656781783476,2.0576360652788326,1.4666330177603621,0.13434882101994516,1.4695628665296376,0.8964678272273955,-1.7071635352333692,-2.2245148077776427,-2.995271221713655,-1.873026314432305,-2.310166628001878,-2.711496806108003,-2.5831666762364933,-1.2077966731594552,-1.3435753936564787,-0.4131891539833716,0.6051838920650081,-2.0217069826842873,-2.5900854176713373,-2.4130837108819985,-0.5643628571491067,-0.18559539927278126,-0.9581437544156094,1.0618492404476372,-0.14085355267841215,-0.9443094215495202,-0.2654802819462376,0.9159252323155387,0.8562275905264913,1.2640983285063232,3.5320836564097045,0.026082627854552703,-0.9598458847280731,-0.14519604795459154,1.447895281391348
1985,11,11,0.8709570189601443,0.5631154331192348,0.6810158592785953,1.0757944645308863,0.8195808435640417,0.5488454456034577,0.8281390693371234,0.782271792141897,-0.060415968504330717,0.4865230829621594,0.9207276372913753,0.26779590774346307,0.7488826680738241,0.033289510898102434,2.160501538441171,-0.35671714087986267,-0.1457509431238349,1.005567337689843,0.20067334463124015,-1.1305923617607037,1.613522884815467,0.9372043832698115,2.2340215289220646,2.0217394156618704,0.4735313148349838,0.7879999134795224,1.621643665377126,4.86989005522184,-2.1231780159557854,-3.1115853736073795,-1.7905263382950425,-2.4008385341785576,-3.019673802712096,-3.0273299330442702,-1.7402273298153095,-2.473969728873763,-1.051725973773559,-1.9598950160717223,-0.5235630117759152,-2.2602668226522398,-2.258465732956351,-2.4909951020934695,0.19082205576146466,-1.4246085147728136,-0.3990202398848678,-0.7748849530784492,-1.2146755598254955,-0.7577992504800176,0.5115797788336299,-0.36032885372662105,3.1324124305176375,2.1018224344137315,0.008626482763368096,-0.09616971362306995,0.10203100726706614,0.06087700188220477
1985,12,12,1.1040686321906508,0.6008789463683126,0.7410134153987048,0.6587147814164371,0.6159097471239589,0.5200893959481426,0.7480263274095341,0.6324140051622731,0.6161106472866018,0.21647319826784328,0.6981508412784962,1.4183197764713935,0.39111239643526563,0.5457452844490498,0.6972968765716072,2.5599838086426208,-0.6235132519050902,-0.2826597721822968,-0.3812426116954685,0.7189271207572929,1.8341914414781857,1.9864532849753358,1.585228262688062,3.476335000735947,3.3767657500111414,3.4292659410798385,3.358103793668861,-0.9019958093890709,-2.1158180879502453,-1.4806177658542796,-2.4437318942334425,-2.3471702554967044,-2.6756468922734182,-2.4950675913694322,-1.8127011089724452,-1.672343331356709,-1.877432450154983,-0.8662493998586785,-1.3868024179126306,-0.704549521190537,-1.1854562917543883,-1.498022803546737,-0.9767144742185725,0.6871972459202171,-0.9727470604483647,-1.1139010959093398,-0.7751750595048412,0.7123394933930228,0.47823197686861585,0.6217676168600651,1.647305620278543,-0.19134649827746938,1.7582908870346248,5.725718602666951,2.594062943111264,-1.4185754475588999
1986,1,13,0.6605457339865475,0.9273783876337139,0.6230883484863498,0.7274526626403154,0.49629110897470996,0.713621001713498,0.6716076203612201,0.8469275164908465,0.914360597685597,1.8325894636830264,0.6297623222826308,0.3214532848289755,0.7239539204889468,,0.06758745852139908,-0.03734166869620277,-0.2666037366536642,1.4135128426287804,-0.5555770304264632,-0.4379161559314851,1.5778118837248496,2.8826478921303225,-1.3418537974549822,0.3695988262350762,2.3889245813431352,3.675920152986361,2.786476433571126,,-2.8981608572980675,-3.3911203544330943,-3.0799129697981007,-2.1887477661655543,-2.432620331514678,-3.391087068291016,-1.8367852147961146,-1.4471392018832057,-2.3946949335477123,-3.2468160803227115,-0.5397294205164018,-1.9427064997681611,-1.9541193287020666,,-1.0850402336111074,-1.5006885174836608,-1.127856601293296,-0.21760226021993367,-0.853980475586858,-1.4630191866489188,0.342400075807031,1.5901581689613589,0.6477822095111746,-2.8218461807469035,2.390410373767925,1.0622947534179552,0.04600402191070132,
1986,2,14,0.758942087113535,0.750336414041236,0.5495789487701149,0.22692228152251365,0.7653233376986911,0.6483422113702547,0.8094484589497124,0.6840094714096695,0.13803927603200455,0.25752283016064725,0.40056756357005985,0.35125792048692756,0.5949451320319812,0.4565687077909976,0.756679547833452,0.48199355611594674,0.6949753158148007,3.65162111582733,1.1555459364997869,0.15734759608058066,1.4269960382838687,1.9670992941037482,1.2223685391487322,5.0030952145979635,2.4613514771011284,0.77306741195906,1.3556054194680458,-3.0771235079479893,-2.469042487958163,-3.2444233194555525,-2.0086067785555404,-1.6734870755121996,-2.0279951047336273,-1.923331775284783,-1.7858451264647592,-1.8201379747871864,-1.2042431729309495,-0.9134229600640739,-0.8141560161114397,-2.217897075304494,-1.6701577447492886,-1.8283479820184902,-0.8801581617607349,-1.0981929250232676,-0.42378760135436694,1.4129257012408691,-0.06926963143737735,0.007575497541113967,0.23797808042166083,0.6179594089744946,0.42208545808502246,-0.1985128934837591,0.9556396425177011,0.24625706375385206,0.31304376613729795,-1.2213065866679838
1986,3,15,0.713330718235877,0.5714528650857768,0.8035690382152979,0.597197336393069,0.6428953421425077,0.8120146396969263,0.6833952944667858,0.5987299007931401,0.32803678846211604,-0.15327585690467616,1.2910136517284334,0.5978980074584734,0.44911519669127836,1.186238044905536,1.7976045366922986,0.8230391593480739,-0.1576707147643276,3.0033007255141615,0.47566720120100003,-0.6183020868910095,0.5787674951369031,1.9477382105665801,1.5824517868121986,4.284541249321444,-1.8529288633950727,2.997510973963113,1.7371051476009578,1.2973201960426788,-1.9165922396973498,-2.7164750547227277,-1.86991069317734,-1.2052199242145487,-2.3253788971494953,-3.132759856620686,-2.018898033800119,-1.413013325880178,-2.2722519657423903,-0.71209885618198,-1.584453455461494,-1.8897757341524515,-1.6274684127052734,-2.605524125205462,0.4030993470187698,0.2608379893006443,0.24883408360264145,1.0759476474756065,-0.32343439280973646,-1.534252934727777,-0.03278236533378486,1.0201384148321966,0.6976491777921053,2.483005362980687,-1.1219641655713666,0.6846893749263394,0.9457466802005107,0.09160637799995476
1986,4,16,0.5840189541288758,0.9988317535980705,0.7374834686105002,0.7216957100636333,0.6407423900926836,1.0343827178675198,0.6989790994539713,0.5404543138788995,0.8338192934739311,-0.09346080691967885,0.7127273816272424,1.0059729401605622,0.55197076596543,1.1392448072380008,1.705578266537801,-0.18617877855221215,0.8781106265744438,0.5961343249555776,0.3161546924792374,-0.4638652648299942,2.38002113616867,1.925615489831734,2.2425248858267888,3.0996465742989874,1.8375984794932043,-5.505306092170028,1.616252338759072,3.868726145283424,-1.5800976630229127,-2.2599732592757946,-2.0828689002888847,-1.9917491883065535,-2.304657717279789,-2.6903321204888586,-1.1834415488361965,-1.555823762317532,-1.2384300799770513,-0.9103457527820312,-1.8624381727896833,-3.4977214041145297,-1.813543080250659,1.1442870919015786,0.526664857544383,-1.132711275075285,-0.10846559735518393,0.9874225632535663,-0.3710528695520685,-1.2592899097039956,1.6046767654083764,0.15724381204397428,1.138728585949149,2.288001244258127,0.5122210221957669,-0.42350307676484694,1.4057402603706,1.0526593678271239
1986,5,17,0.8458186141175102,0.7489191492050943,0.8091990045327717,0.3984711124390006,1.0063944726147929,0.800808407218745,0.6706051321304671,0.27925487801760307,1.3091200977727295,,0.19581502556191221,0.7469120905705163,0.5839978339349147,0.03328951089810468,0.947808396325189,0.9794810826876329,0.18475282209842675,1.3463763776092894,-0.0012191229301428352,-1.0316851127266993,1.9859079548770364,1.6430134312003735,3.377379688947565,,1.4373838163815331,2.375987012358349,1.235046585346988,2.806149198221858,-2.4489629547301655,-1.7064112253846453,-2.0845500504402312,-1.9480615216199042,-2.7233454584440917,-3.0139319577902137,-1.9936934628369194,-1.9719978811733614,-0.17585444465747982,,-1.9186317177453738,-2.709740515176143,-2.554431586787998,-1.1848300030934813,-0.44911935257352675,-0.9783313868163164,-0.8189714233044758,1.989365597193374,-1.3982563829293806,-1.1592612980606223,0.39654578508131044,-0.1058414068493571,3.7818212715485617,,0.3571320750807636,0.7566486458538195,-0.588432419489937,-0.9056851711177873
1986,6,18,0.6404359488272652,1.112457331553153,0.5620349308952967,0.9706424964896073,0.6683011611219363,0.9972713918305431,0.7389898750958679,0.6566235904614164,0.10306255214095862,0.33998494486165143,0.33838200514087546,0.8602769013062169,1.0051970851672452,0.3490925275216423,1.0460885736226797,-1.3282149751521017,0.45475257754762854,1.9145501596957686,0.6857429633605662,0.31854857281581433,2.2302407059516076,1.7212576398310855,1.0525938486088793,-0.6556641833594408,1.2163273180762408,1.0093445586023635,0.8744626329655787,-1.5409433537469364,-2.636803019947155,-3.9213910067969624,-1.549720675069026,-1.2285051175808923,-2.4993360168752035,-3.2138252491026664,-1.4108468347027092,-2.2433905900411544,-1.6130108254467808,-3.2457187349025003,-1.4158779294524861,-3.1096931028514554,-2.049983635160093,-2.072611153078968,-0.31493908013314476,-2.104570664764231,0.09837885302686752,1.942143963340188,-0.5667883160823802,-0.5065642103744966,0.6439584459597507,-0.07234715425984699,-1.9172456210109652,-3.37203575538544,0.5016963104764656,-1.4217325921426038,-0.3361354417074861,0.06529539185142764
1986,7,19,0.5614028080453585,0.6992102048927509,0.5204487075962305,0.7196528935691969,0.7480954146510981,0.7947933356408317,0.5231692144212646,0.5101239237093514,1.035590670701433,1.225693430767747,0.6991830698211212,1.6097740246541106,0.9070430250091389,0.5137009213550826,1.4288993647173394,-0.8439971521135736,-0.7033358741890889,-0.5915120089470675,-0.383684383387048,0.7291469790472123,1.895512377955267,3.2791824189864105,-1.6170223324014208,3.2340078623636273,1.0019501626138316,2.402394352507661,1.4045926831536468,2.5283733652426315,-2.247288713600398,-2.6868372875326103,-2.4487590613326806,-3.3315037039846267,-2.554064716485239,-2.662350410080269,-1.692917008503939,-1.3427274551607107,-1.847609557502744,-2.6814732550976914,-1.4847834853623605,-2.9333750297977876,-2.0551829623776126,0.1397791795245452,-0.6652421449340699,-2.196018482892109,-0.6741143186437276,-2.407633101606421,-1.2454537048625038,-0.965024459641828,0.08824551900667561,1.2550520340301483,-0.9868241331464216,-0.059265461597168466,0.4576634344810076,-0.8392633150461922,-0.39090426802555317,0.7914671611704088
1986,8,20,0.8222694637272946,0.37598762564617055,0.609047027021104,0.938959808394495,0.48955869861481804,0.650092186887131,0.664699855366477,0.760056120575923,0.11066298664095761,0.339946664300075,0.9716464972437122,1.2677150542797324,0.6807677440961216,0.7514674385055368,1.9585523885604983,1.298055049226948,-0.5148937472331877,2.042487872384334,0.20378636702390068,-0.48137815483533647,2.198683231417136,1.8417526187807636,5.0504418761088745,7.7782007733287895,1.8377638034261363,2.469415695672071,0.9530220710325904,1.4931144364426705,-1.7022259792823426,-2.023286865407324,-2.4227837073573286,-2.1144967820151592,-2.404305647068361,-3.501282173107819,-1.1526531599899659,-1.8741516993815173,-1.2608068384467825,-1.2006612503970566,-0.6522681779124286,-2.0741057678915387,-1.5133968140882588,-0.7103137636054633,0.5851816559861246,0.36087562209558344,-0.4694656598674563,0.7346498628508982,-0.779750319208929,-1.1358868072718384,1.3707977900517696,0.6688917277215606,6.060766618989011,1.8445547239884161,1.8070272339024744,0.17664211618278564,0.15987024226915297,2.6160117515999537
1986,9,21,0.812844974250449,0.6274508481919653,0.5327424657530375,0.8023041825375221,0.6629648141458718,0.5497584606159843,0.6904114592110046,0.6678084095059503,0.5409027602263076,0.5205755820296789,0.6178827433196424,1.4574978776913479,0.6247263051585283,0.9481134024919999,0.9450388319483967,1.17396715705243,0.17026893416251065,0.8482769656869006,1.0450187762429695,-0.6452794252224323,1.70487261096837,1.9042498981372407,0.7338035157388112,1.9960358305198813,2.650785788880861,-2.567501404426337,2.3126874806261064,2.0506271871889368,-1.7762193040314849,-3.070098582439152,-2.351463779566259,-3.3615718157157484,-2.2036854561400605,-3.17558571291951,-1.6766859258554019,-1.6004709910960973,-2.1150407096692505,-2.6508548320752743,-1.4443851933895901,-4.697711651307131,-1.4210009635783603,-4.197599549398943,-0.257978254096488,-0.32022324120640766,-0.2937914706510862,0.19858423578553763,0.005162443678708954,-1.0232564869125815,0.3129095091371556,0.4032062900104753,1.6218716448271635,0.9651868678117913,1.5779118456071963,-5.130472168196205,0.36904696593799335,-0.5884804517819163
1986,10,22,0.6891517655729857,0.5208848586501267,0.6799817140389146,1.060513787446188,0.58737285009621,0.6012407467097605,0.7323921155031552,0.5418918786475262,0.5711986113274414,1.0178976631606425,0.6294330669446494,0.23636224991686192,0.7301153552842163,0.07891831235508052,0.6869044168303242,-0.631430773057408,-0.19348930612574694,1.598838951777135,-0.1270676367976729,-0.317872000885277,1.0954956231100124,2.0032296729664867,2.6909522288964838,2.003560845597987,1.2317810643255156,0.5668775544052607,3.2539974533430955,-0.692238550757377,-2.350722750723106,-2.512966221292985,-2.1885890576431457,-1.6246421987236161,-2.702025088290003,-2.099997433678183,-1.7411691355990853,-1.997137882163455,-0.3762777635691201,-2.5607659550640567,-1.6654693945710555,-3.300127971077581,-1.7099608197873397,0.5745617885245535,-1.2108767633238062,-0.2457080203210854,-1.451381449755251,1.5820748956188104,-1.281282920915641,-0.16975856505260759,0.3398344538723844,0.2814756726668277,1.7359770591607646,1.170557591516251,0.6046773724766626,-2.071319058629464,1.2799471316645588,0.48550902917039807
1986,11,23,0.5194518446627293,0.6253710834966123,0.621316585662309,0.6854280020599812,0.645411575992966,0.8678517637024725,0.7939635459191378,0.6650945542915031,-0.060826089641771164,0.541436669874944,0.5016793898737713,0.9854614463426655,0.5101340604634628,0.5187870615462679,0.6477144837944255,0.27966411758442095,0.24248790041326185,1.7077325022976395,-0.13338110449494417,0.3426303233693114,2.844437550060362,2.7715174576275765,-3.2314547873525226,2.3598767516929393,1.5001428159865609,-0.07283017209138018,1.546513018537238,-2.0904538871451384,-2.3719770490214187,-1.7944016084461658,-1.9223887726398534,-1.6994661797586423,-2.338166329212045,-2.315331874386331,-1.3331071998424817,-1.2472647846747806,-2.7656991773253545,-0.293506585214971,-0.8849629843140908,-2.840544263208247,-1.883569846254553,-2.5840575432282344,-0.36016816945002605,-0.5689275292504417,-0.2543420386250191,1.3919542954357493,-0.854046265831099,-0.5369005950385976,1.2404761344457864,0.9407679906754477,-0.6227955744751366,2.0184308184919386,0.8702030504712084,-0.5754769518694317,0.2123101005571846,-1.047738011386343
1986,12,24,0.524974951076866,0.438162086866647,0.5353124430215245,0.6877581171361673,0.6156648004516094,0.8260357307890561,0.641381258019746,0.6535087380543612,0.7542119194726012,-0.17009873537201753,0.6864562339705678,0.8579238615823448,0.7960802889731649,0.5122573673057595,1.467819965678508,0.3551459677958534,0.5932204992551809,-0.5012931814168147,0.10791066463266603,-0.16785055648779293,2.4732478644109404,1.7931471334650124,1.0819284944372094,6.121261680293049,1.2139774812355764,-0.2562708139197469,1.3984410955456246,3.6944005469691805,-2.284201900908723,-2.3922840692507124,-1.6332293693434112,-2.0146034363234078,-2.0782632401058145,-1.9703221685154042,-1.8218341214085463,-1.52865476301273,-2.425238212761009,0.04585396404365414,-0.9481458456366284,-1.7274512918306482,-2.245743591315513,0.7501200477475708,0.3465849048946356,0.02148795562869861,0.6382944898100678,-0.4772031426896606,-0.6072295130805259,-0.7252312054491282,0.5095910350469898,0.4341920939887213,0.30156024061895653,6.390114966915146,0.36447001615903196,-0.5602455827679816,0.16957548687249402,4.088320494308026
1987,1,25,0.720381526924543,0.6389128406595195,0.7463036007675294,0.8224140425397319,0.5233657125873893,0.6640337984715512,0.7168549109185249,0.6364730692332903,0.026289099522366122,-0.07866792458707836,0.4259239887443193,0.4184085245644839,0.6579796113359213,0.8020701933876597,1.8983848326777402,1.3179607394291015,0.3173829121516219,-0.10324885844097095,0.09983947856816154,-0.6980670662134292,1.5397074227389127,1.8451451488786952,3.347292914360976,6.5897466330606775,0.9893668694209306,1.7912239599742918,1.3487162408346485,2.630263201265815,-1.9511476775989418,-1.8660270152565106,-2.358109147336548,-2.4353955391616346,-2.4593150729948805,-2.7662921401069456,-1.8052047778596216,-2.02005120413748,-0.6969278472825938,-0.6144345189916832,-1.464680639034018,-2.3054789530494864,-1.898896907135031,-0.7934896491583696,0.23118228061832308,0.5130533943148347,-1.218048951392689,0.00016088094393436336,-0.7768340933475307,-1.4827229629727106,0.41361893509585307,0.6276847939300043,0.831584519325021,5.022992529787051,0.08483148753506656,-0.8598907244165047,0.2086650677037741,2.0618132477933684
1987,2,26,0.5714806099586902,0.6952929960135545,0.6346500056629982,0.5707209150569666,1.0059311517197087,0.9228739082750204,0.6386849920608705,0.7344712571718524,0.3398621623667546,-0.07548759940450389,0.7188557050140151,1.127036601716559,0.5784403732363139,0.886129963738004,1.644024407115726,0.08006585583301906,1.3574167415235752,0.036814807286868104,0.0922377328637647,0.46846895327407434,2.294401291858286,3.029325095290503,-0.12680148171892228,2.624729662734661,1.2083489557245164,0.27645723295706853,2.192380763931501,1.819095462283401,-2.0157742225937034,-2.70450163955842,-1.5226359360528132,-2.2007816033878287,-2.315655537307719,-1.9617528063049412,-2.0961694005633666,-1.3715839525466968,-1.8674658679356888,-5.871479836407099,-1.6962030889478712,-2.8801077077297497,-2.2313241760225617,-0.11078368809842301,0.04872904042967831,-0.6209825145608383,-0.32835352184611666,-1.0201454249882376,-1.0447849812359586,-0.4373040862599296,0.2689060857015974,1.2761769264567193,-1.4242144104479115,-5.3502692472567075,-0.3733345922959085,-1.1946927912233982,0.49713240493344285,2.029323180327127
1987,3,27,0.7895352820049443,0.8882346351114079,0.8401953976954174,0.6346108271947425,0.684443693739554,0.7274270480010738,0.6402799676026063,0.6530008345435558,0.26165957873552403,,0.6550635281496415,0.936292118756381,0.6065432377400406,0.5808643563347069,1.7391237159517339,-0.5682562860364637,1.7053004247910988,-0.2608975645395295,0.24494820408823137,0.028987542261442168,0.7157886108357848,1.5781565595171738,1.6117820349558527,,0.9679386977696144,5.022258460707403,1.3516829872150735,1.12746178868332,-1.7907453789844672,-2.886741484028795,-1.9203999158452782,-1.8792403862362776,-2.3952850813013806,-3.0192583243775832,-1.9104935931762481,-1.787339172215937,-0.3794064699057738,,-1.4754460006714536,-1.0432422672285226,-1.8932531055082424,-3.391449718264527,0.504389238999627,-1.1978487157576576,0.025484574149764197,0.28665549214519936,-0.3711924836830803,-0.46273197893991674,-0.013674095797981276,0.6437784610436081,2.528429096154283,,-0.023280260953199045,2.1315367661463576,0.5634680503516211,0.11876043598272436
1987,4,28,0.7318444552492899,0.825167502433346,0.6440112714873091,0.7530176655007732,0.6892422865382056,0.5939134674733338,0.7912907148677648,0.612578708662695,0.24890559278076557,0.384248515402614,0.4921101435922839,1.4848277244475818,0.6965675681446536,0.8945674627080319,1.3341447686367862,0.7405827919074746,0.7023313855556994,-0.06674555815974499,-0.2196012266351212,-0.798607287641512,1.6649591537875195,2.285692162649888,1.1446778109777207,4.992911661169038,0.3269545348811282,-0.302548015541476,2.7572453760771793,0.42841674733242974,-2.2919247094649235,-2.551703835275044,-1.9109486921527992,-2.2324742154850097,-3.076951808684551,-3.1870176376022985,-1.7350461276002964,-1.9333614752306187,-2.068576930567856,-2.274567500575421,-1.4990588296540368,-2.410462198181435,-1.6310986781171644,-3.5394526130776787,0.029025973532065402,-1.0206742895405199,-0.02801089512669472,0.054160634917667524,-1.3684799784615245,-0.9385791334409228,0.5544153045006591,0.2755935379237225,0.19207544098938972,1.1429376533333944,-0.21211465803911875,-0.3833971825532487,0.8539070275659382,-2.3011079628749873
1987,5,29,0.7924806572077815,0.9614394645496893,0.7618577047612739,0.6570432544599866,0.62466162167044,0.3412522412082777,0.8070275295807204,0.5054198572012801,1.0887975475055087,0.40682045151923674,0.8304757088797844,2.7377710485582125,0.5055851960260249,1.0795034359949491,0.7562061085153039,1.262634261545752,-1.0210326831591514,-0.5323583473650673,0.1560834031690394,-0.7214285132213908,2.1027153482260945,1.9178631974297535,2.0335650474507903,1.3052333464940067,0.5596585510054677,-0.3737545622346909,1.4085541842688294,2.3388362603744266,-1.8806920224755097,-2.4798616859365286,-2.097425939336472,-2.847971350105023,-1.8435426543249638,-3.106257438026088,-1.3480534581314176,-1.7035380065185877,-0.7921533948463707,-0.2553900097391263,-1.9931494286296652,-1.4399888473455662,-2.158406970669616,-3.6507627136058174,-0.14559324822898798,-0.356977454868945,-0.5019816187814515,-1.2388400636637138,-1.036652351882783,-1.337519270150435,0.5292806229882936,0.7551130777522018,3.172933070966306,2.923563999149269,-0.5010528220042538,2.3347341006576032,0.33660483941315794,0.30161454976696506
1987,6,30,0.6471285429424652,0.8524654531621157,0.7578570482847189,0.4427387119990289,0.8311401196733273,0.7753618755218952,0.6974864906251412,0.4635411896363724,0.5223456805675157,0.5615596109785731,0.6846838323726053,0.414731732600337,0.8142081834755358,1.242418509465937,1.3766136464538175,1.0486454541575345,-0.4214021544705234,1.41131793087437,0.42417661288122654,-1.0060046665221665,1.3295085642644109,2.371970913491699,1.1590035968141843,0.6144073844376247,2.258749597818621,3.6695429004928246,1.6406701136508972,1.9305886049774936,-1.859781152064415,-2.014599337258661,-2.3146683372662435,-1.487757707820063,-2.5243388405889715,-2.7581360998005495,-1.6387550441184515,-1.6216842596985372,-1.2988124618888959,-1.0018295681547935,-1.504850081594575,-2.4146786854859164,-2.2197051666195082,-2.3388113106719883,-0.26923208125565357,-0.33999952556278945,-0.8222645229578596,2.0042543118939533,-0.6358018106679565,-1.4481278221111413,0.28195806735923595,0.3223799990036146,0.0693120413193946,-0.3924102025710595,0.21290292597320298,1.1946399126650888,-0.38438394976158446,1.0576818347010248
1987,7,31,0.7170020196940844,0.7540818016055743,0.7246580167097945,0.6034433357826522,0.7713190171314778,0.5711381959527971,0.6468276951487149,0.8369177074223362,0.8578011948241239,1.0064110304970142,0.33627794792790144,0.8605649048398393,0.48706565606210805,1.6096096639433253,1.0792670961824016,0.3643405904690414,-0.2980623371294854,0.24766259651718536,-0.22630946664772736,-1.0553191078732278,1.9173683671156168,1.9229116164705675,-1.0528677212215978,-0.19673862178508,1.1175985088366547,2.1786761944717847,1.370647478559198,-0.2814908489410501,-1.9401750560225888,-2.5851656204478557,-2.58862865736033,-1.9940109749527979,-2.5077568847662985,-3.1424512314459783,-1.8503033922747572,-1.7950783033218765,-1.7517394164716926,-1.338049279300888,-1.6308974940322476,-2.1066581202639307,-1.6324763544323588,-3.291883590479153,-0.20773334239075117,-0.7366643545385441,-0.9307569104373151,0.253041713072933,-1.0009403700673478,-1.4312237777529755,0.5649224031733814,0.7526474234061726,0.7740541642625158,0.6609940342106563,-0.2248387938543695,-1.9397962114255622,0.1479421003840651,-0.6484600212385863
1987,8,32,0.8222135334766606,0.48572284219197825,0.5125509192736503,0.3143149355720503,0.7464235514618688,0.5049708079262327,0.6533571591175008,0.8063506388398711,0.786483524918216,,0.6762290345253279,0.9702963637489712,0.6309924157043468,0.9121155344677632,2.1224677289790836,-0.5362152594539887,0.31776635573373063,-0.18692026933796574,0.7774147086516909,-0.09100984623740092,1.9587238723850942,1.164563078271912,0.27492856208116895,,1.0943078758594176,3.3598733143712485,2.190048105559375,5.598077784346661,-1.9316030240696112,-3.134672942127828,-2.3584758761891043,-2.3345492487362764,-2.1615254294594064,-2.536640838041918,-1.6069148832479214,-1.9355279200199142,-2.6929103527150278,,-1.4888372427633938,-1.852486755100486,-1.2979401318262038,-1.1261653690116227,0.40245697152134197,-1.1759897466078684,0.2405686728932045,-0.8574184626205822,-0.34299200189985596,-1.2505188040838287,0.35580003726868337,0.0596158332855742,0.40636652318139616,,0.6193037698407184,-1.6820503801824311,0.6675419658522613,2.808207867186175
1987,9,33,0.6803656452779353,0.586588409790932,0.7320094780165579,0.8575584933363914,0.8197072699156962,0.6516381638488079,0.7909232682201486,0.7675918570867141,0.13260517274296987,1.3661605672535975,1.005502856414252,0.6501834892150075,0.5045078974491768,0.5338578091887923,2.0557898206592955,-0.5325977627284577,0.6118915413204216,-0.024675570484501155,-0.07777101653791003,-0.44888125123320594,1.6200731428476303,2.9785333133725107,1.5509661754657373,2.1094882107518753,3.7723871826837176,-1.289762815471406,0.8803266715013834,1.2888588367356166,-1.7248152894870001,-3.3403586789232964,-2.2731137757043576,-2.5784107120134934,-2.6698024482166938,-2.8427693777168366,-1.986975415640194,-1.9644930879917135,-1.2556588246926295,-4.225557668952714,-0.37078715919265365,-4.048782621261936,-2.38092199566,-1.8081470605306347,0.2761580788710763,-2.1665759909716202,-0.33494225793499327,-0.6051905804665447,-0.7180377272525285,-1.4926873219169376,0.10448484156320965,-0.16786027496325245,-0.02148833924344191,-1.0347919078356291,2.2241539008420714,-4.153951640932895,-0.19369628629664523,-1.1019604868255537
1987,10,34,0.7586533477480419,0.6815834774901415,1.0102229281626836,1.1756122853948248,0.5900668365184488,0.608373650081749,0.877462421679764,0.7647091402280353,-0.02528400695360229,-0.07548759940450267,0.7076173778959386,0.20901155399477125,0.5238572026663226,0.28907778836121095,0.5073008580603907,0.2407312757906947,0.1224768514628072,0.8398164604912537,0.14942176643487073,-1.0338153086348907,0.8652330683612892,2.4732963541955018,0.8449791360412467,-2.064042951265324,0.550227892847304,1.1966257969836147,1.3370891322940743,3.7820150957803076,-3.303826591747325,-2.657484021171595,-1.8512296378688782,-2.5991346368346426,-2.1375667131335487,-3.2598247722946048,-1.6382507841799732,-1.5613098192047854,-2.9854120417658447,-3.798534722907098,-1.312205867329253,-1.5987486283217962,-1.9587339879133614,-2.1062712572052873,-0.9221873300534617,-0.8675485545583288,-0.33750015055592253,-0.41845607038107413,-0.6556344840288598,-1.21554385775172,-0.13102947822892738,0.7015033920377473,0.7501844015559647,-0.3750719862567113,0.5212160962100241,1.4994628527015355,0.0675206249314178,3.9727883980307612
1987,11,35,0.6921679793429912,0.809526221104428,0.9362406527083935,0.7540980496264034,0.6657772169863296,0.8050678315532015,0.9737605306124788,0.6178555468705528,1.7079433125110535,0.2801525478793946,0.5095292048019292,0.45653543184620143,0.5060059082515209,1.2254197387096695,1.130098144169106,1.2519092465249249,0.6614709303619422,-0.20444867904657743,0.6185049594932734,-1.6352472543574095,1.591660312320702,2.9142701131607605,-0.6495611516129451,2.3038906245857294,1.454964615695726,-0.8562283051820444,1.2323217165253852,2.9097704625731713,-2.3514187180864305,-2.2581680720933806,-1.6131273285906937,-2.4956638238569298,-1.9958240915465164,-3.134290733004628,-1.612297152070782,-1.2811545823253858,-2.468220915017739,-0.7206793391754398,-0.35214593676162526,-4.43126096818411,-2.116827798783635,-0.5896205401170521,0.05095359357029974,-0.4232892450662345,0.19148102671898962,-1.02110476168412,-0.8176230137673155,-1.9799052053692947,0.39193518204430294,1.3512591357257266,-0.04357120177233316,3.103252349110937,0.7802382764372655,-0.7266208384872147,0.029220665282259358,1.3610524550291994
1987,12,36,0.7747434365470651,0.8191825439367141,0.7838564887604235,0.6481360568313052,0.9266779343278462,0.9060694474712956,0.7554015947629608,0.6583194421494403,0.8847725512741947,0.6142385996279806,0.7066801385620135,-0.09644491958068856,0.7098101848518266,0.7420386233028403,1.8878473362590933,0.24453804377551713,0.024512674141936593,-0.01252713760029639,-0.4768384381395557,0.822584050427813,1.7493161660796406,2.0617413816372383,-1.2673931087330048,4.488561146293046,1.5460872652548132,-0.6238192547009426,1.7116267926815334,3.0500337710689527,-2.2114958002715612,-2.4820042861931633,-1.865269332068552,-2.508243540234468,-2.485363913238666,-2.3780861081596525,-1.6947902829600443,-1.7276850451703007,-0.7630512032834273,-0.5722256692896792,-1.1898559010303233,-4.799544864732651,-2.004216096791853,0.3968518476055167,-0.03397411950427124,-0.912737550208263,0.15808368557349253,-0.17982553253068168,-1.371782054116686,0.3450055467015839,0.5211748318651171,0.2907510537449854,-1.9603345943366188,3.332941579915128,-0.5631886363763058,-0.4226115808886677,0.10878887584508916,3.345109254774133
1988,1,37,0.9116422337972988,0.7425446893540488,0.66638664454828,0.6458118017159786,0.655396864836895,0.7572558304586131,0.6437556639318274,0.759379817375219,0.45342459838702487,0.3279574384071145,0.7814664844976359,-0.06335257674764957,0.6998257728133763,0.43544732915005596,2.2140802865048,0.8355844204067492,-1.065437076301194,-1.9549959978054994,0.3488695983529962,-1.4511258594043266,1.35688962715129,2.3681947974159874,0.4738287284670264,0.7208300347802268,1.0197018477263513,-0.11196118468902813,1.8159560618008659,5.218760808903033,-1.9217926593014754,-2.857699462658645,-2.5205912497477168,-3.56874476312943,-2.349001717704112,-3.585323632940401,-2.0754449505429617,-1.330648400455998,-0.37070304789194825,-3.4543648921881185,-2.2097737872038943,-4.253721963763042,-1.6081558359867831,-0.4475396170633013,0.6688251188330651,-0.7742012882570259,-0.8987848049463688,-1.712175243177318,-0.6775123054067654,-1.5305271180105062,-0.07665484016756038,0.7572569024497329,0.9347181139778046,-1.5416768395143776,0.8840168981419347,-2.930110896787402,0.8557493156608796,2.7219105596137947
1988,2,38,0.7814279647171967,0.4764028042461162,1.0240650036096066,0.869034791728514,0.7725572022400998,0.6668049956785619,0.8339320811742362,0.6356655879514426,0.6989060577941537,0.054133394086072956,0.23863811171681315,0.17581002962567668,0.6962361984858306,0.9059105076246553,1.7838556056687187,1.3286044418925806,-0.20153150395655456,0.58881577308479,0.5057755278471782,-2.1672443541019026,1.7886051480414327,2.688781292617029,2.017008963150165,2.7350466415259573,2.836838314280008,2.9501526077485605,2.389953625774955,-2.835548066617972,-2.2974511263555772,-1.7807157452135074,-2.9537739324257433,-2.139568820392399,-2.193430620207503,-2.957827169147683,-1.7231460713950335,-1.80350417782079,-1.2381461556479223,-0.8791533998034665,-1.179002790888882,-2.722814531167936,-1.5348735272364213,-1.0115036364479022,-0.20613063897288764,0.4268333085904387,-1.1167474896831393,0.1514454008998241,-0.40842816782611063,-1.5963696325097756,0.0967139395179035,0.8971627495486818,1.3350800569977306,3.3257670262470187,0.78583035981317,2.1232267399672136,0.8782821437408436,-0.12905920659353617
1988,3,39,0.8910111106520625,0.7137885980489328,0.5602377032322441,0.4295164219653407,0.6289720571211984,0.30433146237444003,0.6122779795697013,0.6435697180337445,0.6194017778238678,0.2516798733290778,0.51078893215483,0.5344846516334997,0.5408506558610736,0.56081148236225,2.1835749622070257,-1.2140473407961596,0.4267172408022634,1.2420006625802735,0.1743290697697715,-0.2583333845508709,1.5141880014807418,3.099472021913973,3.734406448622907,3.2102274642089106,1.4197171281817744,0.4413740104067459,0.6327714812220682,1.041557204633801,-2.1192622857620176,-3.271819929344133,-2.1352274533622113,-2.3486423445876206,-2.2078938229534857,-3.4349099165896955,-1.8377359861101108,-1.7904576077143484,0.31643526494234137,-0.43706515482400893,-2.0465162983467167,-3.5217041507112476,-2.7831198007823903,-2.4432551472413344,0.5038953439045233,-1.9881833949847292,-0.8067870062794884,-0.12740544389648434,-0.35654221464383207,-0.5027364667939578,0.148564245898615,1.0299901206574198,1.7600456964038995,0.6601144064780965,0.29360800782732843,-1.5427981402494262,-0.9666353578992225,-1.6283281635271125
1988,4,40,0.645525518455961,0.5495293194614913,0.8212419100874309,0.6559444878365511,0.829063760947601,0.7842313741494515,0.7297963111583948,0.7657128897975399,0.5790161895452708,0.7001899865803207,0.5015905372304703,0.4417674589744385,0.49691575999787563,2.0339587628882185,1.8246367942504758,1.4978190131156255,0.7543335461386681,1.0854009162178726,0.4888328186081014,-0.9120054162471627,1.5978930442025627,1.6037839728860006,1.1329323441308654,4.193510686299013,3.749355511909726,0.19952331573260285,1.066257147449535,1.1668338340821225,-2.0000355880284637,-1.966486017909762,-2.469308365887633,-2.0521287097156886,-1.8502773797075762,-3.4540908276905795,-1.7932421766677873,-2.045427326382344,-0.5637893056724123,-0.7421940430320266,-0.07731800340671928,-1.9948264619188303,-2.482810898076002,-2.84006568160912,0.057260551552592694,-0.3473836650220687,0.1288072448941189,0.03993197417909049,-0.47226486501981446,-1.3022601579914228,0.5116906462880751,0.2613309409948278,1.8067083063565565,3.4290330522581405,1.4146235259672921,-0.5220316483184103,-0.45677444336180106,-1.1642986656030994
1988,5,41,0.8431643585898672,0.7309374402231995,0.7593180760639645,1.0293981547542597,0.7874562689545943,1.0289972350825227,0.8749738454310525,0.6916189402349058,0.33191793449558216,0.849483088235271,0.664530018180425,0.33701236088238573,0.5538312408707493,0.8959789229559455,2.198532536831804,0.656256198113998,0.3662263667508492,-0.8688535260249545,0.5084800677685817,-0.10834865660176793,1.6944031098389625,2.203971603793231,-0.13221885177281545,1.489106911179289,2.7640976872035714,1.0305468489789966,1.5568821541327957,2.319930946026774,-2.078174190412805,-2.5660973440336554,-2.1555107285772857,-3.2718384863389036,-1.852895067084547,-2.4462948752797975,-1.7469404128725425,-2.256085458041048,-1.5337333507193234,-1.5602425002801996,-1.1653087184680064,-1.9496192317317114,-1.5229403722588624,-0.45382968848616917,0.9230292534242737,0.24748410425004372,0.019803624611745,-1.6290753613863196,0.2146773785789955,-0.5682604570290186,0.6437496758318862,0.08140018661861406,-0.577065356460203,0.877633342961042,0.35280766082022064,-0.7219906759713339,0.7595390019688371,1.2551557327985052
1988,6,42,0.7288385749940667,0.6493410426186583,0.5040719949153171,0.5570406648311207,0.8450718784628335,0.6079742490552101,0.7378668013802491,0.5546002006922478,0.4751756918787543,0.26495918493082266,0.9206541714280098,0.057785369550891384,0.6214061803099205,0.48588516603580933,1.5458208736191865,1.5453479630685736,-0.20058953658780432,0.4383472699738795,0.1267776654887498,0.4557483438097225,1.7050990610828747,1.7877922661812005,1.3522182140585648,6.420213990570283,0.8546745182747812,3.2170630757250946,1.7902760544123273,11.212445397807718,-2.142054528899165,-2.60349052742983,-2.385846183935118,-2.339607992908748,-2.7183169748975624,-3.2973193786219084,-1.5571850552392175,-1.791224964592331,-0.8727059240444972,0.013528261048753256,-1.2720466678613853,-3.282068366969411,-1.6863491937933373,0.8575953000195206,-0.3181665729138405,-0.14203452508157635,-1.0877923752071603,-0.17190967260749032,-1.6116517702122837,-1.070062210830888,0.5874293467313739,0.10926480990674386,-0.19010846535209233,4.961814797307275,0.29564276930202793,-1.0146662284663988,0.13673699724167263,7.101597413874646
1988,7,43,0.6096904007008609,0.6216644373464641,0.5690756521605324,0.5032708913909887,0.7380749341247387,0.8050753952492907,0.7163019155813191,0.27784343131157896,0.6752483530809728,0.4760625077965062,0.4456615020550474,1.1911801352151055,0.8694818574602563,0.12998233121849037,2.0741980499906947,0.04624605369065147,0.1479874088270241,1.1855550848593714,0.5723781967564509,-0.027331475674995706,1.2895813495834536,1.8062743443416907,-2.3689502371771365,3.025225654277242,2.8296963229092,2.955313614508071,0.2730596656029408,3.684491061786527,-1.808230439879414,-3.150953068298849,-2.0809085346810208,-2.4779330986332684,-1.9084805181400732,-3.827647187672662,-1.8492005969435372,-2.457600905424683,-3.200361216515705,-2.158935249745541,-0.800657951178933,-2.8770663968746906,-3.151202354724317,-1.2163334968359274,0.3570746085210496,-0.34134139432997546,0.26492167301795694,1.422045107668497,-0.04335114716196425,-1.0691393662954554,0.36848725128825,0.7584936212134167,-3.042948497664038,-0.024805017158394317,1.4542877183956548,-0.5721651745840822,-1.0986570625905123,5.180794738304843
1988,8,44,0.5483522383287975,0.7258421907419458,0.7297126324647211,0.7420912666869387,0.47587779721268403,0.8131922010314739,0.607694771107171,0.6552841831632603,0.35875556939129666,,0.5586159484993974,0.5770381422482711,0.7204371731628811,0.45271590807451967,1.7429775597890131,0.3590884811850642,-0.5165846848143478,1.4238863984625953,-0.617599933684804,0.3062705842367298,1.0002514432898828,1.5693714010590551,0.12707380270982996,,2.4357295948515545,1.4927878213813248,1.6856236718706714,1.2941334984932884,-2.7454524816794805,-3.23225209272612,-1.9853218194396436,-2.136471773415891,-3.154474098688421,-3.9385442271505964,-2.018351713155547,-2.333423718720356,-0.8012106087177396,,-0.6249954157822925,-2.492642320979137,-2.1278489652794597,-2.2072104686617218,-0.19790916220145244,-0.7339395024563652,-0.38619834048647295,0.26213000559352634,-1.714933952178119,-1.042299816147066,0.1792242727780108,0.4985102310191262,-0.36969072763693905,,1.4530329749385125,-1.0346769947904175,0.44992323999776834,-0.43607347490985865
1988,9,45,0.6857261199696453,0.8461798097963337,0.4890758508266014,0.6778839932590107,0.7083146602078935,0.3573754488423122,0.69852768694176,0.9986941944569734,0.26985226855999217,-0.05025328170349193,0.6720179520055543,1.6588137346766194,0.45205957188084334,0.0983078245767874,0.9490306970474983,1.7583253426820495,-0.35077181946277614,0.149635776187331,-0.4751387486877205,0.3324132794857458,1.2059461128896147,1.035692289839943,0.34700753198247897,-0.8348925557227609,0.2480665348162229,0.7948396062878371,1.6097325529887665,4.998515910712346,-2.184165909632279,-1.9754603438434724,-2.0604164874145474,-2.493424345384911,-2.504231047730086,-2.8716534048955302,-1.9160801018091178,-2.042247210897332,-1.625766793424469,-4.628835489745536,-0.47523357351666257,-3.4777327604989483,-1.3136431826205153,-0.4475286103685178,-0.5898679935366344,0.3938732608123205,0.3110790294763608,-0.6756404575038809,-1.387741313861946,-0.18875302449554307,0.5858097299780931,-0.13522287217292267,0.0035383253572049667,-2.0321853211583947,0.710238487773178,-0.4321926294174243,0.35292556421540744,7.803257719231642
1988,10,46,0.7899084103720587,0.8647730609195945,0.5807286471878509,0.48869086622217317,0.6446912928214317,0.642132671013621,0.8288279793419285,0.7105984882837343,0.744624799576833,0.6568643201369153,0.6593781093468436,0.24170830113280528,0.43666726902945197,1.1666012783904083,1.606811426423209,0.11584606134768272,0.733463742657161,0.11610043717580833,-0.5140881262341481,-0.5092295738663245,1.827512122913993,1.4407290944043656,1.2707823219589418,2.272611067166378,2.411067995742615,-0.5813713064136304,2.161337649487277,1.0312610487088993,-1.9966460646480715,-2.7163987831307352,-1.6332371457928543,-3.76752426968325,-2.9652407665807825,-2.7862283977167475,-1.9343262785417654,-2.1368323578603112,-0.5472727471958729,-1.9054631117264058,-0.8772677096322312,-3.1224578349670753,-2.3485988913465716,-0.34202413042150154,0.1932400058040267,-1.3393621168589287,0.408033299952097,-0.41814066065040584,-1.0843611898778562,-0.7754279755626818,0.3391517036501915,0.47344798315427444,-0.5100402209932,0.9234956122389452,1.0181775353086968,-3.0006104297011955,0.11344583369932858,0.9105545256331292
1988,11,47,0.6010203622449665,0.6066311142880619,0.7616400998343105,0.7494313437808049,0.5252628331450202,1.0334469631531056,0.7161592879259879,0.49401254036488684,0.3036408493677626,-0.00887447023226011,0.7384405941633628,0.620957994538905,0.7879918124133817,0.03328951089810224,2.2835593519799793,-0.8726023261029928,0.0713590574678482,-0.011670670037481193,0.12355559335398501,0.054089637053993916,2.0394603055254668,1.0161421102460708,2.5528614419779307,3.611936811363634,0.1728004852233252,0.5671469787013569,0.8091044069334623,9.47773319272185,-1.9192241666808443,-3.621350938745213,-2.358455566679696,-2.741601011438729,-2.6755017280541153,-2.695547518535445,-1.6286674416322575,-1.5089172116656127,-0.572794746452885,-0.21233745309767352,-2.2109201315791593,-3.69778914277155,-1.8868121678805598,1.8672936674065252,0.3178443231893587,-1.7532198626683408,-0.8146000572491401,-0.7820537587554305,-0.9872159200831413,-1.3707790773421562,0.1957623137824141,-0.06243640346842482,1.2601123445771456,-0.05926546159716145,-0.2523033586369062,-0.37142727502843426,-0.26736613100006923,5.577811048382216
1988,12,48,0.6418990272064983,0.2892292400106757,0.8496060176068478,0.5783897974780245,0.5811075461172338,0.7087851517483403,0.7716803785535162,0.7359562653079542,0.39980796581288014,1.2610172308768317,0.9074459262527371,0.4485424912151068,0.5127050685808823,0.5169579525318642,2.075137408599806,1.0352699339590719,0.13329782921269745,1.5554580165791962,0.3327420598013396,-0.023525161560694844,1.584803126658326,1.262813743569734,1.6287543262947148,3.849210389509651,1.4726334747788108,1.512300698174748,1.9488369700660795,5.097441339485956,-1.6273625543796841,-2.013797343782592,-2.4301655638547426,-1.6208334910359377,-2.0420891608927354,-3.168879972911784,-2.0670836482421655,-1.6824482400173206,-1.4047647130047767,-1.4931141788480846,-0.8729355949956854,-2.700305870208029,-1.3656973487839215,-0.9425513244482117,0.01318209171232855,-0.5791489294317689,-0.3475613974583802,0.937353972037312,-0.2896738631929601,-1.495886146350053,0.6940867270788128,0.014860201563547374,0.11287615608572286,0.7424599833157162,1.0721681784697332,-0.6230020829174113,1.0025914338662432,-1.0312484406449003
1989,1,49,0.8370590688441659,0.9246890467595383,0.8264609561932125,0.9264724125115936,0.8786677152195245,0.9211336113366153,0.7948783103444433,0.6835751422712705,0.8785739768279222,1.0259897324848872,0.6132799246493674,1.1997852692830593,0.758284039763212,0.7358604030428183,2.0012477194697325,1.3405489040145637,0.704460637825896,2.6096288158112015,-0.22996336327218567,0.43870670777707843,1.7924165221096502,1.2718908170221201,1.1028828001859972,-0.09628554060164222,1.7741635358893286,0.39294776462080405,1.267517307740457,-0.11404684836560405,-1.9595254619833546,-1.6678675003901005,-1.28707475863976,-2.313773668877915,-2.5052663738241456,-2.265714889526265,-2.157449213902992,-2.435065310082953,-1.0758187756035011,-4.61382590629786,-1.1961050058919858,-3.430261726982139,-1.81421561161548,-4.412366502744576,0.12312796293790781,0.22667202489433796,0.28090217211734064,0.3521797855464274,-0.6498035484218142,-0.2757156497348147,0.04306736643181016,-0.25300837237721785,0.20696524804809655,-1.727846932734076,0.8826075782564603,-2.6717911817496067,-0.06459312273809784,-0.2527733220608707
1989,2,50,0.5715915676610157,0.7206729497019303,1.012475013220846,0.8739885615925267,0.8742117915563968,1.0124210158998586,0.8055197695778946,0.6452548352823821,0.4252684001890325,0.9066582928542205,0.4175936599583699,0.4306306114509282,0.7816832866674348,0.6205757118480641,1.350939176857201,-0.5577778234338121,0.14791543817390382,2.7454326650709504,-0.4275926038849267,-0.8681692615886301,1.2624948268347158,0.7478113458626695,1.3799015508609813,3.232321679227717,1.543715068357784,1.0597830027723603,1.3960455358789439,1.562198730065226,-1.9450978337109204,-3.1766740013110026,-1.9107277212889169,-2.381030072580418,-2.5981176609986933,-2.9287263441690703,-2.2107780747763512,-3.0249050150390278,-0.8143121922825965,-0.5267855912469711,-1.049574750751118,-3.063760958735922,-2.2897213377276353,-2.8295504904922093,-0.23737953785571658,-0.7643274751087366,-0.9992431820020772,0.4402601198870249,-1.2915445879257206,-1.222781963039462,-0.13011022269642397,-0.6161032896409742,1.9909174713250186,1.8533157425709672,-0.007165666719719861,-0.6976763638145789,0.23006186460989364,-0.3497966958236049
1989,3,51,0.6708197500452537,0.5077123716087169,0.7732443911108712,1.051654804058071,0.6734178901006798,0.5378082481315578,0.7929856220934871,0.7383775759764968,0.22042039790261586,1.15867225158032,0.7907683005888125,0.4648606366008483,0.6242427413683285,1.6138056482688263,1.3442469570896238,-0.0920189096110881,-0.13940328944871153,0.016880253494132483,-0.33554228488168,-1.0893045049739052,1.2264854213153158,1.971938288486273,0.7548133395602336,3.9160516667989973,1.1612132431249151,0.6405264995766565,1.3122597593071847,1.837897283518722,-2.118585194752956,-3.19785675352264,-2.3293161969312,-3.0887585417376675,-2.4022578696235812,-2.7447797402491623,-2.0478472527466938,-1.7669397620807632,-2.106040190526001,-0.4366625765320302,-1.1908569530818247,-3.268863395212811,-2.2325889081607575,-1.158075948168508,0.06712285837708588,-0.5231954067187289,-0.7687275153270151,-1.6844636063424323,-1.1009649582305823,-1.131242657584307,-0.2587640749978885,0.13690341957576743,-1.0676362257227687,1.1729255152581284,1.0162652623247959,-1.1772685148265074,-0.6383876350403103,1.39668704322839
1989,4,52,0.7595767476792038,0.5558371265512626,0.8302219647529065,0.9611993421829799,0.724274954114409,1.0743942720663937,0.7546750420600955,0.5352682191950243,0.5352793091987069,0.2836618943746113,0.4757824033219512,0.007179404284359116,0.7237374499916703,0.6629633999319655,1.7174173835977242,1.5867881184458796,0.3035463764128233,1.4502377208906183,0.5436507140928399,-0.6102880923192833,1.7520381064697135,2.339742755927368,-1.18990414788658,0.7044505150367729,1.9926533954956736,3.0696528202174,0.8275750728256679,2.6475640958995545,-1.9894741559566385,-2.0652496956847894,-1.6357340891102166,-2.0531993130816386,-2.197938670789201,-2.3260707740503253,-2.115280297543474,-1.7946472304867354,-3.1637384365670167,-2.1711294343908363,-1.089614713026848,-2.1692200693544526,-2.302317067967024,1.94570579195195,-0.15757705960460663,0.4099448795938584,0.61838476375214,0.3472522571973997,-0.5763654702553719,-0.25556867397535504,-0.15071897557962646,0.3963727631346652,-3.0767778219961404,2.1672635679802013,0.8027009407130877,0.9111527756533524,-0.3725728500133311,4.347783229408517
1989,5,53,0.6457170240489051,0.7272460843253501,0.6800318412495413,0.5617116592557096,0.6940711404944842,0.5882096326408656,0.6660823488748229,0.5871986087005512,0.12211873496187327,-0.05220179039814362,0.9317614144794251,0.5026774153574278,0.6708154601611611,0.9775934475764039,1.5984198505235294,-0.6053450833081809,0.10432419321984156,-1.4843501621671198,-0.1030103727032821,-1.2813974473912235,1.1799868794326347,1.0611359582647313,0.009473845283388132,-1.4700708487509158,0.23281369303068639,4.051003735529667,0.9837012281471297,-1.3117226597292775,-2.0248355458991547,-3.447212593869858,-1.7209812562647617,-2.561664273043938,-2.5024024605925357,-2.3699267387038003,-2.193991718752194,-2.3752738718897133,-1.5978247190120163,-3.954037722670191,-1.855198637835504,-1.1407317659213883,-2.3977843196587036,-2.0463453548676456,-0.03553989814628708,-1.5307728250313144,0.22340695335421135,-1.1162806892883128,-0.4717384122464402,-0.7387827885380223,-0.1783303840317278,0.09817116947276758,-0.2913196021129926,-2.696083573365762,1.135564417112328,1.6684577510219265,-1.024606022220776,-1.2852175021096772
1989,6,54,0.817795438726817,0.4629239213431269,0.6904062734970263,0.7681449387246404,0.8651058241344285,0.6068580142412637,0.7274558047937001,0.45074500473235407,0.5433590159048818,0.5735106529671153,0.5895051402371877,0.17593691948423862,0.7385376133394788,1.0083690648528314,1.7671510630287939,1.0435238070111714,0.22046014257063393,-0.13794279831449402,0.37926423416289756,-1.1778742677723868,1.4628568389954073,1.2930178256853284,-0.45177651389416523,0.6758364702418836,1.3264162123206253,-2.046554879885635,1.625059193944351,-2.9596273538890085,-1.9591074370423491,-2.575165935042079,-1.5291166173979005,-2.6592646006330054,-1.765621197279467,-3.2411310696266966,-2.0134076783474693,-2.3136561048509767,-2.3537208032309938,-2.268148413580197,-1.7812172192558706,-4.9272281969361655,-1.834828361476525,-3.3044050901286575,0.38588006340484265,0.19062013549410975,-0.02616838215938563,-0.7779213917886898,-0.6215170461035726,-1.2528094324869175,0.47881015450434034,0.152119285369683,-1.030194674939759,0.795192290527414,0.5239948609712829,-4.2469470486128245,0.8432934225694394,-2.2602330840035254
1989,7,55,0.5971432313330485,0.9036442695764976,0.740952654911285,0.41507810826552965,0.6233988116449674,0.8191129838473119,0.6948466048220509,0.7131685513733761,0.35598056273106116,0.5400808983704818,0.821162381626428,0.4768614581168604,0.6196798285983115,1.5743400721265948,0.8469311881753175,0.36406159566712226,-0.7951808168832419,0.6737265795478025,-0.0019865147864811293,-1.5586224523668535,1.5845585701016567,3.1082877646209406,0.18600492603090196,5.100960868198503,1.151559697048736,-2.1712563187947502,2.7967268089949986,6.941431482732232,-2.0703177007110303,-2.6283037457305265,-2.2177074857463945,-1.5749750626905439,-2.348106572020652,-3.1583429446722184,-1.5998218694217645,-1.5806368300203644,-1.6252358369074726,-0.27010123354804655,-1.242374825220832,-3.0209369416775784,-1.6175923423471614,2.0751710187155266,0.15700921321664515,-0.7556122893350545,-0.7099741680483349,-0.3421787879904136,-0.653803320033184,-1.3298731716747703,0.35491758766804476,0.7911003284095135,0.09627610275691004,4.689550704887194,0.2974179308728705,-1.5273386856294562,0.3908773731569783,6.3502556225263085
1989,8,56,0.6838649993075584,0.5678823072147794,0.9093709626362223,0.5468308973813517,0.7658513191348371,0.7384608665163223,0.7534871927363094,0.5252532890224207,0.4735231619904715,,0.743295480707486,0.4800437379684995,0.5758092846043665,0.8695026392623498,1.327155972534462,0.15268993520798102,0.18608808374126112,1.0423282316429225,-0.7628886132228223,-0.9545408718528402,1.3464679721942572,1.070921765455787,2.2362086326186508,,2.783337401598657,0.4577157400503012,1.4851525995090524,-2.441740668772961,-2.39358305887727,-2.894119868777833,-1.3273661001315724,-1.9851931667910991,-2.4854034013218906,-1.9310705208953953,-2.2035834300668236,-2.6394966675658815,-0.2675393451293626,,-0.18904388171105238,-2.4795702971658553,-2.623424600675554,-1.3294984544389747,-0.20549618825753635,-0.9463584405926458,0.5258355834033044,0.08058743586885424,-1.063315275198083,-0.5950458303725894,0.00335202442138065,-0.7637873211282562,2.5435147836397656,,1.9355484809057522,-0.7997067350154198,0.016088509486792538,-1.4409379042957449
1989,9,57,0.6477004257801796,0.8429237591775972,0.9055815880550653,0.49763660729807135,0.8148585956869698,0.35783151192900475,0.8812233915133263,0.4298109783370629,0.5485868513766743,0.4523573830548711,0.46948444508381804,0.43974153983016695,0.5992708283497262,0.2403538454776871,0.6085989109420881,-0.38564538445652696,-0.024232162892575276,0.8013668589445352,0.06009912253693672,0.7621558346720438,1.4796532443999797,1.01867549180764,1.4818695059577964,6.014808199891984,2.2799410549053998,5.234163375166434,1.571600427440545,2.940540977581843,-2.3190901986420336,-2.81824078814455,-1.5439384989594318,-2.447763284950817,-2.085790547308462,-2.1837760426554325,-1.9274624603982666,-2.347527956070698,-0.6153252096275307,1.1754924165943896,-0.831062585253049,-0.9286039011939952,-2.31387673446224,-1.2656221423236502,-1.099504961968898,-0.8913447637191936,0.39967056790115496,0.11558544962895882,-0.503228372643736,0.5420980630294443,0.0701318248524548,-0.32455463478110147,0.9443116489067451,5.854869106637999,0.48844415271484964,2.538850768716129,0.32506575727966924,1.0198949040525846
1989,10,58,0.6753355624988587,0.6563199516112528,0.8702604996759011,0.18453428426752247,0.5843912419812031,0.6500360277391752,0.6901826881347377,0.5544896999497755,0.5478420451251839,0.720412516898663,0.7164167830780473,0.8577093239548264,0.6403619002879155,0.4603371212768087,1.754326029645099,0.930967069680045,-0.5688427518114064,1.5032884378405234,0.49256835316060094,-0.3068666876215807,1.2233049465629904,2.059203996645637,1.172696632825604,5.274476172531512,0.5715143843340789,2.7266058830968616,2.4718687986574674,0.9696059923642993,-2.5311617703432443,-3.16165733627846,-2.6512466769414162,-1.4104240415236584,-2.8280429492101615,-3.007784985523272,-2.043725813593424,-2.4889054884077155,-1.5754821107569974,-0.7441795165226741,-1.7249413078794802,0.038481768256418185,-1.7488323237013292,-1.0664871289618363,0.28495101031571196,-1.4156744380240767,-0.3603781690760138,1.1423508037815886,-1.0103325810851929,-1.0855769614591169,0.14709317695078786,0.25079398865064095,-0.0655096385915843,1.9158154566075523,0.16685608841666894,2.951333127273786,0.569416016294732,2.0699548959294294
1989,11,59,0.6717365310407495,0.5392553823007605,0.6806047332983676,0.48056704873544426,0.5630639112555986,0.6033719993210551,0.6658620075581775,0.5262490316751631,0.0700054763794213,0.46501657252461576,0.5977951754242066,0.18713020520318677,0.8513901874023104,0.503102521206877,0.9774524692197333,0.866833846080991,-0.04456878027580178,1.1924395293056498,0.18868588540044706,0.8577753351292428,0.5146376275007604,1.4840494381451501,2.3178095709458373,2.409398506571436,0.09241642020510589,2.213278188197829,1.157510722582035,-1.9951992871550663,-2.433725853635747,-1.9254308301923113,-2.1013848476870987,-2.006897195427349,-2.0424625423584795,-2.4917654046363964,-2.435188400262781,-2.249707375147009,-1.4064042995548802,-1.4151242954216328,-1.33896343714281,-1.4187217422756768,-2.165805483791709,-2.4738519025479593,-0.23033706946556562,-0.06370443430526825,-0.475206288044602,0.09596012011532701,-0.5318920478207738,0.12866491229802457,-0.33404764629361,0.07732072049699928,1.0288184207405031,1.985580183984225,0.007342913172161715,0.35124348989972864,0.20331786694927437,-0.9444867005984328
1989,12,60,0.7419235491893684,0.5933565220543587,0.9088514332920634,0.6904449110242256,0.613381092800541,0.9973599301682009,0.7295703599985067,0.6287480985513664,0.695081841653103,1.0125739408972163,0.6488134815291559,0.7106415276646929,0.6956931959391257,0.6471001303550821,1.2312915032490028,0.5262752829932861,0.24745331119204841,1.6562580852262252,0.15267836953071878,-0.18379632639672824,1.1531333204269953,1.8694208929636424,2.4478467532356887,0.47726063045689965,1.1736921922811299,5.516751255733993,1.5639592970584222,13.967395425242668,-1.6998772400661648,-2.5285737962665737,-2.018639738832713,-2.797692101076501,-2.2851109775323466,-2.0604745466128027,-1.9880986912760543,-2.0123531941087793,-1.756494978272101,-2.226382067014116,-1.4121271155790907,0.033202396573894934,-2.3105408758411583,1.3810134015245301,0.4109988237390585,-0.3021148382971011,0.15472185066823432,0.2930703332974579,-0.562422132302071,-0.30734853257231565,0.22196393958593832,0.5507644737191238,-0.06741177662065641,0.029948830102387074,1.3134288252498527,2.2200198028801386,0.32422390494618786,12.177496103170396
1990,1,61,1.020594390556606,0.8894782926369474,0.7645654946890761,0.5659501025756627,0.69101609533761,0.7232080979759625,0.651705994579329,0.5556628321556533,0.5224725420518512,0.6862724538216944,0.8467124151627923,0.8381694643441983,0.7229665712595432,1.3103095038070782,1.3490050995719762,1.2638545337119493,0.7150067795174537,0.8743514525826992,0.9687165784598215,0.31817594938254895,1.3858441267093042,0.9665189142621134,2.8937152986780927,3.6891124016725176,1.282474071642209,1.3404700985237938,1.395371629613055,3.2343722310451724,-2.0959422863804984,-1.7255497788115768,-1.407083405699418,-3.681655687538757,-1.939805893906437,-1.930999337498603,-2.122559136148644,-2.2917778417824164,-1.269139739412644,-1.4614594918468036,-1.463080261707598,-3.1349473811195776,-2.2355635846974256,0.42595400330349426,-0.05384217967491189,0.5821492634843175,-0.08130453314311142,-0.18663363306067468,0.1974285187490766,-1.7243258812577225,0.3426965616285814,-0.3968829791185675,-0.9014524998196333,1.6982910070203407,-0.15476969330974139,-0.712434637937713,0.29776112283102585,1.6749255105173084
1990,2,62,0.7817737516670505,0.6051029922984201,0.7694435039532023,0.7928899069387235,0.6787373298791735,0.6648212669759842,0.8492831816773593,0.6568027357141762,0.664338380690868,0.9005321187953299,1.093131353658738,0.5145012501851317,0.6746024393054576,1.1637745358343485,1.498002816772014,-0.29347270650772117,-0.7045093407889633,1.61541683555602,0.059217783425653654,-0.1553908701011967,0.9463106285128996,2.251241380130607,1.9890538651814562,1.2136511741198555,0.19740162729574748,1.7863635821227586,2.1974584146803933,0.8270729767739669,-2.3158961213569795,-2.343787544965709,-2.0903520098229587,-2.0836816800425724,-2.4795333573592973,-2.516780490754952,-2.599465458069246,-1.8830711522084245,-0.2231273194855592,-3.596650215204381,-1.875849106264985,-3.8398833035525017,-1.7652205544769375,-1.9030623916150426,-0.18325883379705254,-0.9993129664609319,-0.26255809706880545,-0.1942487411016923,-0.9205676257482083,-0.6009207811009963,-0.24653319260368722,0.3537810572643912,2.247828146777201,-0.5390043751817448,-0.19620314939381456,-0.6425802917106392,0.594950636079587,0.5775033986924184
1990,3,63,0.7238519570810323,0.7388840709964867,0.6763168489693665,0.657358869250338,0.7311406219388628,0.5621866132623116,0.779093835650213,0.760005004382985,1.538729037959954,0.8631944183434481,0.3551120102783085,1.0706210425856162,0.5010562338925159,0.8838978849158845,2.1804515292360387,0.5959651958113737,0.6323227773636875,0.6532944503208267,0.28151196922096827,-1.0423727354903392,1.2062683250912833,0.7613600120863285,0.5607577865629017,0.5689229286237756,-0.1752853391289344,-3.503620703745063,0.7105116572049314,3.66757988140344,-1.8884865346414998,-1.9749285886442927,-1.131589223538155,-2.3872544063615235,-2.7048163538375825,-3.2706214832295553,-2.019424239420564,-2.1247925952377713,-0.0002829281034994552,-1.8971587869167146,-2.090804975330677,-4.44404217826682,-1.603113401920252,-2.1133108168981307,0.7290698275203852,-0.3568763774888739,1.004831525999418,-0.28202119411213633,-0.9157017567308314,-2.248375819708929,0.009141072653643535,-0.5914023872384951,0.2685585743037652,0.16357853532344285,-0.7853122267446174,-3.6226818275122055,0.5488343436468919,2.8486982201625786
1990,4,64,0.6341450664728042,0.7846007301135157,0.5298794858542308,0.7524932538912067,0.764822588677179,0.9368516541446038,0.7289404551860448,0.7407217726319412,0.09269937249911697,0.3865473541634294,0.5770704172667813,0.5365478311265673,0.7261660972733652,0.7445359648601809,1.1674030345173474,0.9153654111279975,1.1226360008002387,2.6480350816302387,0.21321942788249504,0.05529793800494029,1.4668843206688467,1.5995596247899277,1.1906971835074245,2.516908249824299,1.5421901214409544,6.091318333315612,2.487523455009474,-1.4659000718721378,-2.196957917710292,-2.343618535806153,-1.5725420989302041,-2.2998155877285096,-2.161955070975154,-2.9302753300600646,-2.0407290100710105,-2.1073463421889422,-1.6430036611753764,-2.265893561997849,-0.6297750626431282,-2.9136544735763787,-1.6411657411000353,-2.544668511991158,-0.18943851308214196,0.08239789281925769,0.34274108787719104,1.0867990609534195,-0.8573593793231443,-0.20294683766150254,0.14252410702362248,0.11110188631455399,3.09433262108943,0.13414918790595148,1.4130273827273516,1.0071018890230423,0.8791517328739249,-1.100081671487826
1990,5,65,0.6142995403172735,0.607626217375817,0.9246639850833193,1.0794781628483892,0.577607904107892,0.5878123302765679,0.752119121638659,0.6801270589160395,1.2634178713878523,0.582196439396997,0.7272381725153306,1.1004890782835963,0.6330965157499835,0.09337182463859903,1.7711254750931569,1.793254988823007,1.5387664303501452,3.5824954782210443,0.11822144920054667,0.30749037410787694,1.1948878007357646,0.828022942271972,5.000451853228423,2.5056497708231156,0.888088692172791,3.780268582511474,1.5612790856947882,4.209993757778258,-1.8880888314568287,-2.1283351515792783,-1.4201602917501004,-1.5520434087442316,-2.2182144788092164,-2.541806132899161,-2.2507882572580633,-2.5258113810362213,-1.2530189732517703,-2.9045243789380604,-1.0687008747157147,-2.2493036307848153,-1.9248470925631849,-0.13687689044491366,-0.00041715751940475437,0.22919832096169723,0.2266172178991029,1.1266191727793535,-0.4190770503749614,-0.34538380388444995,-0.24538358912263616,-0.7717569211047465,2.3569723654553503,-2.821059629504474,0.42907219295301036,1.91177143495094,0.3856412233931428,3.1976025167251616
1990,6,66,0.7879612714018287,0.6783685367608597,0.8873694556546242,0.8852212737141413,0.6885858579470892,0.9208925863983987,0.7024724535334009,0.5595111249151817,1.0238897983818391,0.8133882772164815,0.6233349700614069,0.43907859730617865,0.6110545655917186,0.6982862124959338,1.3425080806634122,1.6130440017134058,0.8619687605035554,2.0378652255880003,0.0549542516012131,-0.9540630042751093,1.523617770005985,1.4378373922735483,0.5420159984344072,5.747866528020199,2.1458874374175316,3.167325513968522,1.9159327950822118,2.8982591938726663,-2.3940508747701426,-2.529318870448217,-1.7936102691197418,-2.5040170964642816,-2.1387518471022964,-3.2518553345383836,-2.0039556254165696,-1.9980640765413216,-0.7648525240382035,-0.5526873899127812,-1.3943408796860408,-4.615614775043794,-2.359244918977813,-0.34272023214565944,0.23025084726293799,0.24255104159492052,0.04255182781680149,0.034075447475412,-0.02676539651010854,-0.8005825260134954,0.18042392126259893,-0.08718349542289754,-0.10478254082377161,2.2050707606518527,0.5626317862625477,0.34433095285474913,0.3259741244211146,1.7637998781901207
1990,7,67,0.662336265233454,0.7102878467330948,0.6014802953176951,0.3900073580467763,0.6794550700616306,1.1818060900994678,0.7583041949237549,0.8197856163710376,-0.03246279731745786,4.0302136880626644,0.2888375787758755,0.7151327734246015,0.5034509791011395,0.22337351426776417,1.3887630931551325,0.0833100616304912,-0.2816615460752667,0.14487591058415664,-0.507836585725821,-0.8532399219322117,1.1999739685008,2.3222349781345186,3.747118741520496,4.079415670683153,2.834075134407022,1.8841075619596235,0.1374022705967059,4.638609538746658,-1.7842157026515424,-3.1427170747043687,-2.1149841217161085,-3.0266578519046314,-2.4652314217874234,-2.492110453602583,-2.293478619541416,-2.099634269853448,-1.2247021496415544,0.6983830052590638,-0.9368163141499858,-1.5789137235127766,-3.2839230817855283,-1.2391469506116195,-0.10239351939315013,-2.01583284344908,-0.46066976177195973,-0.5505239536318137,-0.7551582166451347,-1.7188861646378286,-0.17007112287695683,0.764425156526319,2.4280061830408854,1.3975055647128864,1.3744610796411212,-0.16843329978159632,-1.295473180747199,2.773405476586181
1990,8,68,0.6977583395838306,0.4853296360000302,0.6406635051557812,0.7377562668762083,0.5057784463211457,1.2382262483345554,0.6161801139605698,0.8348848584435319,0.3523731185223052,0.4958724223973532,0.8500083957571584,1.0568808920929929,0.9121305412795858,0.6820880623509303,1.6213177926584692,1.143710210110334,0.023691365834062283,-0.38777434617692763,0.3838899607585775,-0.7648488513467291,1.0883341077444246,0.5213572899737733,2.3099715748373084,1.066964934395782,1.32407428553652,2.3031613879338413,0.7346561854561448,3.6075122687597156,-1.8074744513951009,-2.3486790493845864,-1.4937096094301061,-2.2836696556721137,-2.3791145862159273,-2.4111398910250403,-2.6159075717703577,-3.3159607409236305,-1.6176653100607883,-2.3245572587470344,-1.493961114883126,-3.351762462662657,-2.9193530551489886,-1.5182767620217892,-0.11867795666690165,-0.3708263485587203,-0.473466278314178,-0.5009665208358463,-0.2318479509378653,-1.4717587329058348,-0.5799831831754289,-1.1034204301351147,0.009391102908372114,0.73544406157677,0.6751712442055009,-1.4815258524321957,-0.37469747113788615,2.2796928856286187
1990,9,69,0.6715501522735026,0.5053062958376492,0.8327736606015289,0.45474588509350483,0.7123935283217521,0.7262351626420568,0.8791891222468828,0.5121526777417766,0.15504628248431263,0.9518907056340603,1.1840946677180328,-0.04244286651307291,0.5575142367389972,0.947253368610417,1.6392924359192391,0.2746013064424224,0.8985878470146506,-0.5574818419565326,0.061762122751072596,-0.8726189441459548,0.5929499787418258,1.6901778819480295,-0.6735195741692238,1.807562716375214,3.1638734265521253,2.074281878959018,1.2477305998440897,2.4722355271362195,-2.2185300475140357,-2.8970195830519296,-1.9777394185746413,-3.9227792917772653,-2.4395614492253914,-2.620515328686176,-2.615033703864544,-2.161467778136128,-4.610190941159282,-3.5832916046866283,-0.020713301286042547,-3.2455228593045033,-2.1365760461016237,-0.9327560852674032,0.0033560733722534162,-0.15334966871093741,-0.19751234255076894,-2.335359287584102,-0.908624004152216,-1.0530519224047028,-0.8494386442036088,0.46846797048298183,-1.5681308806536478,-0.3482150817188486,0.8164076474506959,-3.1435734442461682,-0.12110025208169321,1.1125333070591075
1990,10,70,0.5744068151220884,0.9596677989660117,0.8137292903871218,0.7409321857991942,0.7514413766583072,0.7107408671045913,0.7624519328928888,0.7642814086887716,0.799816029638081,0.8003912823469418,0.6552976867297606,1.295999650061857,0.49995978768625904,0.5825113415031026,2.0732809906271625,0.7354120067749214,-0.7524573034588384,1.2207936850583248,-0.03781656983153221,-1.0389567986639594,1.3534984611566356,1.3587570470904582,3.410267873549983,1.4033357143948477,2.8562141674885497,1.8058434401258638,0.532165250876028,3.966831523809397,-2.0827707771573256,-2.0870211564445915,-2.2894199486293507,-1.5780977597537484,-1.937670633252578,-2.5129698307465254,-2.26243066528639,-1.9850517186311765,-0.4114591740349915,-0.9078398536274411,-1.0428676672967552,-1.7002763372948027,-2.466828637085441,-0.06292963334466035,0.3943806275914581,0.336553378946192,-0.7606772429173324,0.12295088859861947,-0.8069340272489043,-0.5251978572848981,-0.011467390537818726,0.01987624852499249,4.12821004881695,1.6279421543314658,1.9193149394554427,2.4864861710045485,-0.5160905516865306,3.1643633514701217
1990,11,71,0.7394513000973136,1.0847455472502348,0.9188079628612793,0.4792723699315624,0.5585786734550894,0.7488363700099101,0.6832132283514197,0.5217661573507696,0.8719896050016713,3.9484447554757893e-16,1.141855143404093,0.2542951929212874,0.604708328081641,1.154482950610143,1.241629169249016,-0.05730275696218192,-1.3181901113839318,0.9283833076136877,0.4123154170081678,0.5737529361640696,1.0181305677607304,0.5333853417453065,0.6306257277172543,5.4347826089999955,2.3682059361227172,1.7971406414913538,1.1663785617215892,2.8961941571976397,-1.829344033732525,-1.5773774102057303,-2.259521936784961,-2.497108638119798,-1.9508976283461128,-1.7792257872548813,-2.302839919193481,-2.5062991105189547,-0.8710491765064289,-2.1739130429999953,-0.9071087751888055,-2.5835482489750166,-2.545971707700773,-2.8845390721285096,-0.1290595013648086,-0.003480761384508549,-1.0614726008402326,0.17454900876522672,0.20118167403676884,-0.15343727804871748,0.07006770011030977,-0.025742643236017576,1.8596044873325428,4.347826086999997,1.1079046316374124,-0.5164508154695316,-0.2271457657548007,1.2543291615960876
1990,12,72,0.6250277647778718,0.5725989117870043,0.5814330229186234,0.42210449737255673,0.63795093884894,1.0734541183238413,0.7629464050131158,0.6577478017918725,0.2597627064709565,0.39281029839781734,0.6675097346223084,0.3934592200898041,0.7526393362282029,0.551182453664032,1.686691969627421,0.6768308521059606,0.2629969562987877,1.3176155350266108,0.5386649892571995,-0.9541180348935426,1.0940880449758477,1.5812347889833598,1.92190094918498,6.102536140740854,1.4603517617187896,2.096889967122726,1.8727232759724444,2.6611844474836364,-1.9829048548398047,-1.9378312723329305,-1.319676829604579,-2.0821162407688356,-1.9983948744623232,-2.8376922620361773,-2.199643325329925,-2.537662862660197,-1.7459828598510898,-0.29766355373240583,-0.6074545091244532,-2.0893481715135493,-1.9576876287582348,-0.9154577022039259,0.29807170304398045,0.457027321033159,-0.3278791537022313,0.33424387195575794,0.11929302721746116,-1.6492071391090746,-0.06916891378129492,0.06970423357427848,-0.13126743518392256,2.2350595297719353,0.7190968484920839,1.7146114763978846,0.38437751765535527,1.4648698595927405
1991,1,73,0.6510225137630955,0.7502259676516531,0.7794964183107312,0.6069017868404635,0.9111763838167338,0.8097359225964113,0.8231940821969819,0.6650372788256231,1.325821199525704,0.6523478789820953,0.8763450397039236,0.3928545196327362,0.7763223866052974,0.09103445395209252,1.4809554999002834,0.9159494749816961,-0.15479954928845224,-0.3523654136718132,0.688062356118511,0.2781818922448578,1.2174322846898855,0.9772885180137441,2.7187134830642057,2.422302610740398,0.9907107271255967,2.1035597006752154,1.4525588442888557,0.08291803001107062,-1.6950453086917499,-2.65254180612375,-1.3949268226172435,-2.8676083121770084,-1.853464046322597,-2.588846720724514,-2.3056802144623854,-2.8189666917940968,-2.342616016823001,-2.1570149157904375,-1.4782227909406642,-0.896223987187796,-2.0070640803261117,0.20370407796585294,-0.1589582249485378,-0.92254009004791,-0.5252581141837431,-0.18765223464876535,-0.4834400334174204,-1.179478879582175,0.11006460858466094,-0.09947038298277436,-0.7561692802698441,0.8751375304797576,0.6531387576713947,1.512647165404783,-0.4455686794749342,0.8598934019753824
1991,2,74,0.5941981638854721,0.7783805958646332,0.7427044155859083,0.6637732149748772,0.6656001639549421,0.6625475072804381,0.7428504306774629,0.5608908483989997,0.4204302230795478,0.7634604929972687,0.958371749337917,0.5557879013677842,0.5595746412652478,0.5717581477909961,0.69085966089546,1.073069727864471,0.14109456252598823,0.7674447369387011,-0.17529452277290591,2.047850890393934,0.8781652097528903,0.41519578548661024,3.6554907624606714,-2.000362926573928,0.6358505356288693,7.16974205166321,1.3741437552353928,0.5998755070520233,-2.292189815509978,-2.0350011267096884,-1.890465041017939,-1.557225305564571,-2.631382631823686,-1.9387420743478823,-2.215654765134513,-2.2256796396961387,1.0521104367568856,-4.625766049665502,-2.4999150044636265,-1.1684984091652102,-2.559130176896903,-2.9006810873518214,-0.6068894039060666,-0.28441707460830545,-0.6805083470032576,-0.252001150647576,-0.2805733793776661,1.525437810384706,0.06307379932145322,-0.9022360281515529,3.0215150799114214,-2.0997062865350737,0.27708807259515295,4.216886866856349,-0.5133661736283066,-0.7974251833346433
1991,3,75,0.6727351014811906,0.3597918521607084,0.831815107037428,0.48746260308485634,0.4158672625250316,0.7226021052119563,0.6609027989879345,0.6729038347366991,0.16974793109195926,-0.0958093924154471,0.5197489178143854,0.3658343960351739,0.6618448795649833,0.2535089614575919,1.56812945642336,-0.14495294720895055,-0.3118186406649936,0.5676561571618226,1.0959518126639471,1.0226036224139514,1.3396123180840063,1.2191450662192818,-1.6000663658368406,3.7667919060508237,1.056478188813246,2.4062420368558155,2.257791425544253,4.175679600451847,-2.342600308150651,-3.4806642947002255,-2.0960755025157085,-2.4575646982570793,-1.914440078573309,-0.7455414589274104,-2.500092317045764,-2.4632592661451507,-1.547427480864865,-1.7153158398517108,-2.5358565309572847,-0.9227153157859861,-1.7211628357067694,-0.863514215238907,-0.25271249027594694,-0.7659065374472382,-0.25286153505168796,0.7809995307209268,0.5056310353473608,0.6730066857532518,0.2887779172110824,0.25279032868297757,0.2825637218797593,4.384318510066492,-0.6751147335014946,1.2153669242280398,1.0477389744518053,0.7770946718212239
1991,4,76,0.7075975420178096,0.9550610677542771,0.6178966686547711,0.463697579048329,0.6662615866434438,0.6287835154674087,0.6774826838307325,0.7078312411257527,0.2912607259113508,-0.18692161383935396,0.5507335968490323,0.9196649855816053,0.6959248180474297,0.32290565798991294,0.9712386758864099,0.9623007126517511,0.632512211810924,0.7043626679869567,0.5726010080627975,2.1360055936065163,1.2848107593493698,2.0559913332231075,1.1251735583957423,1.9100021215979996,0.3144751737079363,-0.5602426137853438,1.609147470815436,3.5274368634135813,-1.8756922278920187,-2.546518908481867,-2.2360660164845783,-2.002290043893585,-2.1095170353376975,-1.7898286088076907,-2.188298379740833,-1.82781113030303,-0.7457872529347165,-0.02453407106405299,-1.522114140036226,-2.5256269993124736,-2.298722159239813,-0.7907875579170456,-0.011247059009264388,0.2752295123577082,-0.2776305422859908,0.40306412187770435,-0.08676703891842892,1.4641593547378629,0.16298415703050967,0.7657811047537434,1.397527099315889,2.041727346516255,0.36779109417654815,-1.2330158366237511,-0.17050547811775152,3.672465696139071
1991,5,77,0.6728384596784669,0.8688927302769195,0.698865395605127,1.257849932639732,0.6678785869764073,0.6613757043011995,0.6638103371760554,0.5324849035595538,1.2588872164179337,0.38383336619442043,0.5223622816145395,0.6784073040556451,0.7724534103975178,0.10042798557790249,1.247223991259938,-0.1585155114423513,0.1613595606710443,1.000177814163994,0.2693739265011513,0.9325255244765613,1.7257423210420497,2.5530594367763717,1.4611898943422374,5.508770078559026,1.961129834012037,0.0841451012341346,1.9208939166839563,6.387199851844947,-2.081527102430464,-2.371739176866234,-2.2295586544058734,-3.294720647701498,-2.427282552780978,-2.192351819902814,-2.0602333994607034,-1.4371385362886928,-1.582520099924266,-1.6961378702360355,-1.1049436928467888,-4.6907426029348445,-1.9761455847824443,-3.90724240810337,-0.2660095514932197,-0.9741609404782312,-0.7935097648879648,-0.0531996981517079,-0.6758400103888721,0.7618220011301197,0.6257776548931505,1.1172780722722178,-0.5356198786034285,2.8431184610671325,0.7259965316731409,-0.9879753451470176,0.11673041591008607,2.4930422092720237
1991,6,78,0.5928861047293722,0.6933759624648008,0.9014673132795706,0.7187765042384611,0.6733160832724282,0.760677114676556,0.6995581425444317,0.5449360644677416,0.1379703802166645,0.75924992177099,0.7870321967304825,0.9944416371450011,0.7185273510288134,0.7826564172077733,2.0091124544521546,0.549978039771347,1.029791483361609,1.7677943561398795,0.0650763301465929,0.48687233929397805,1.5226252967847966,2.139931379909711,1.2033496237303647,1.7395422280331956,2.7800845908496803,-0.17834077126696313,1.5621846070755305,0.551850118952355,-1.915653713357569,-2.502581327621826,-1.7470579731188784,-2.5781245500806764,-2.3357628045398875,-1.9820789665877627,-1.9748899100229687,-1.8715725206692357,-1.3521862546820804,-3.889753937365963,-0.7857577321509945,-3.5848071462998603,-2.2811178156334697,-1.1751344651680762,0.4764553670624552,0.2361680816514633,0.06267656662912653,0.46424276411956616,-0.7905732768081161,-0.0704686509533241,0.18274932305770547,0.9172215586451233,1.1895381822572286,0.030243544742008542,1.7931974910600523,-2.0650306245555483,0.08026442735983168,0.9632701099561561
1991,7,79,0.6423682414494891,0.5507046463247132,0.7432217790873605,0.9506712608898423,0.6555564227393521,0.6602656758767198,0.6996394624156667,0.7189331783662605,0.6485526572393779,0.5479453110954949,0.41606868341286946,0.8774017837065677,0.7268619529996625,1.0060768161242581,1.4943232315627952,1.8747604040972496,0.24484382392922893,-0.7024119703058046,-0.18023062279747057,-0.4472898801139671,0.8996133359368682,1.7238458424960803,-1.8032395617452874,2.0317046814846718,1.7797135040822103,0.8904947525135601,1.171062123060201,4.804696965118523,-1.8842325055281355,-2.1383369465369935,-1.9674680895856707,-3.564118564631131,-3.3794065730030525,-2.8647278858808582,-2.461203961846795,-2.04727594267579,-1.855016988237581,-2.5790955066570964,-1.1834448329408227,-1.2962055133220716,-2.314143856877703,-1.3354785159055758,0.3722626258426871,1.1983719945767402,-0.5588370977166591,-1.4302625487931424,-0.7002772102550614,-1.572161079328424,-0.08430463069972315,-0.3207938459267821,-1.4651406030260135,-0.16233366025670926,0.8480600260028314,0.33867178535130826,-0.291430891870071,2.5856733224879007
1991,8,80,0.8151629425186182,0.589094889623995,0.9296037090900888,0.3267439525118997,0.5821384692098042,0.8233908511943174,0.7267064332076059,0.6092945659209765,0.38073190606313534,1.0356235115954948,0.29839446216470683,0.30004705867711673,0.4660050719945032,0.7650966203662185,1.2986817760303142,1.377147078486678,0.17928751304856363,2.4164265519886,0.08190991174257552,0.03900406060311686,1.0503755113242785,0.7384602091333436,1.132342628403566,5.144570932734664,0.08002169422149102,1.84971477240175,1.5210186567626247,0.8609224747618981,-1.8217197135319991,-2.681293806706271,-1.4283486941091,-1.2466467188797548,-2.277021071091432,-1.8766649165870188,-2.457909802852524,-2.142404536610097,-2.549871041524387,-0.11751158240710116,-1.8356865384692482,-2.4651753906639273,-2.6144773139904576,-0.5806286691344613,-0.4936785584259084,-0.5073654451212588,-0.2702986400353656,1.1081438016991998,-0.38046109045843807,-0.10562507954572185,-0.3308329516657966,-0.10622151854252156,-1.3636147977554345,4.477773080743282,-0.23790077081505273,-0.9369926865806693,-0.16823994651142432,2.3239761659649343
1991,9,81,0.7649884466910427,0.40198272465126356,0.7529031438496789,1.0949359938161727,0.8459202561335856,0.6597583814821398,0.6025849970095921,0.9769282774838784,0.6033712120648907,-0.0364603445464144,0.5232617136360214,0.10775276759088123,0.5716604138129711,0.6112962760111872,1.648382208883925,-0.15086912588010934,0.38697121768820125,1.2165443729209653,-0.4624856444522082,-1.9724157916547524,0.9405989755485925,1.4690726593948575,-0.553599086116518,1.9724621296393854,1.1866380186862664,0.36302052011034786,1.3921208541325631,0.8856321703183504,-2.5658122600770885,-3.427661508705717,-2.0496107488232913,-2.8744338747092675,-2.468104079245755,-4.081998597790914,-2.1813967926281395,-1.7275100032202937,-1.6467828529758772,-3.421411292529582,-1.5131680591611563,-2.190750642905257,-2.385436128313909,-0.035159393648840416,-0.3161965554950587,-1.0725590365646722,0.2624552651225346,0.16946718952818526,-1.1909178666782412,-2.2733670072541323,0.07315382570616616,-0.04778022922746266,-0.37475396250972387,-3.0816812503046442,0.2872238062333454,0.61720701552263,0.2101383137858271,3.7753829567352453
1991,10,82,0.8063592784077148,0.6572986612944925,0.6292069996874083,0.7369900078855797,0.4780358977958689,0.9841358222344166,0.7605722844667717,0.731986972215654,0.6672542384036759,0.8862683201101387,0.7213506808123175,0.5342497124233698,0.5804395791485638,0.652674776619543,1.119148530320171,1.5688022741772938,0.1814044163895477,0.5687043396527233,0.05331062668478821,-0.32910823219162816,1.174061564007969,1.7815841146019498,1.2888151061585569,3.2285600660496776,1.2909267065623182,0.712888594972555,1.446001250786665,-1.062664653801627,-2.529812981200274,-1.4126769721735315,-2.093421421993389,-2.940820605500242,-2.1832733537910745,-3.1731064571084686,-1.923590101121383,-2.093949615861436,0.6785447158419252,-1.1531895036814408,-2.367614675900194,-2.1015399824664764,-1.7668262154221457,-1.89611270575967,-0.13406189871306903,1.0631600188666102,-0.14768132609648918,0.908387411122291,-0.04851069760682209,-0.3299203206480099,-0.1522924637705368,0.27173886855914736,2.474620733556644,2.213290836337024,0.36903967108937485,-1.0653492235661912,0.25216263501758035,0.048327154269685556
1991,11,83,0.6514540259800532,0.6961648446595516,0.6561488701579851,0.688825598280378,0.6568671821220755,0.633491353123419,0.6628985847207627,0.5943675722346955,0.6593244505820207,0.1661509714208385,0.6144630939015711,0.4494677870340182,0.6454328641659794,0.46915748847474087,0.9268230490978363,1.990216890230879,-0.23910335026519575,-0.20618500289346067,-0.19200412039068365,0.47472876583439627,0.8364073921481842,0.33037744917654793,1.8763090806999936,2.5574312742399683,0.6853035559447839,1.09264680354664,1.8192229461820348,1.9142298934198088,-1.4877827257048466,-1.5662634703513054,-1.9136770773175558,-2.793455430582167,-2.1436829592901163,-2.850719707824464,-2.4757225138550787,-2.590750447845092,-1.166544219628242,-1.7386756183903995,-1.6942385814472698,-3.678819741413414,-1.8919140162747756,-0.887261171308692,0.35302197306820665,0.38707969681703536,-0.826161129643318,-0.3153936111313132,-0.4672673205086403,-0.4683656710114345,-0.5860593153951511,0.06941725272497677,2.8391553453244676,0.9827665702455993,1.4225699369071936,0.9470769368082729,0.5591289766711146,2.487146580798223
1991,12,84,0.7641138356210043,0.4511831688256526,0.5842476442477298,0.9167922215564437,0.6332060042438082,0.5998233716999771,0.7064150768545147,0.373422058386483,0.43846024948619533,1.4969674668768314,0.8547421006883198,0.3663003660000004,0.9254037447447001,0.9799314609269096,1.5051634515633567,1.3065953289883625,0.44954023820200656,1.7553557106694215,0.5002212414045453,-0.7109387000684438,1.8352333010045898,2.2740506496071644,-2.572021760511223,2.6145797668429736,0.2941572053066692,1.098901099000003,1.5474269213260168,4.137410362324409,-1.723884645932005,-2.246265896386279,-2.285413316754559,-2.506520711544617,-2.2268989740805716,-1.7949905899393377,-2.133466174420596,-2.119573384747861,-2.188984192530603,-0.374363263514753,-1.274259006563236,-1.8315018320000014,-1.9402407056628548,1.2459056117870213,-0.00033002811154532696,-0.3707361619971962,-0.05196209080344501,1.0211528355665758,-0.18078927266758543,-1.138393597360389,0.18472919420495615,0.47436042472847384,-0.9867080479459029,2.863556188982378,0.005226408654368839,-0.36630036599999805,0.14715780113032725,3.431494331419921
1992,1,85,0.764179115601227,0.7099373647901266,0.6979465899966079,0.4772983665264463,0.5852941702253563,0.7160165825688587,0.6474420228354627,0.5357775896666985,0.7467476587373749,0.2633023118860546,0.5056410311721407,0.5009285273283591,0.6976023507561565,0.3313579325273685,0.5879267106056512,0.7802159810440453,0.4669886887945128,1.8060453416603375,1.1371519814065738,1.4051001403688603,1.4235143971688695,1.7529410530739027,1.2230819505206012,5.898241028139271,1.7100532695018356,3.10569904749605,2.6023237184659567,2.053709877624422,-2.5398433175690602,-2.6704672824745574,-1.9078950816375466,-2.2845128175428764,-2.334864280739294,-1.595013980438931,-1.8526048900565406,-1.8252088852678836,-0.8452379544383217,0.23555382795064944,-0.6373167554295857,-1.5286117745715018,-2.036274335449584,-0.5135818704178556,-0.6545335612458149,-0.2833451420857624,-0.3099923083537755,0.786574859762132,-0.3549014222043679,-0.14144639426673034,0.5088058218204823,0.6096625060692703,-0.027232013412071435,2.62440580665206,1.9542238457917407,0.9325060834852245,0.26392496101836715,2.0866633077446908
1992,2,86,0.7056012666032808,0.818310893136869,0.7671434247735456,0.8500080745701324,0.6755508325615184,0.45107969715536816,0.6410779251065588,0.8716469327015891,0.041605797989063595,0.7370058077436689,1.280519136880437,0.7915004553019925,0.47033833788077406,1.061846563447339,0.8259061712473416,0.01123787616203075,0.8836416775060575,2.420475867705919,-0.005236840426039463,0.5827452104641249,1.2198197619156357,1.5322741929271433,2.5668074556176905,2.2324922101841516,2.1709235089177823,2.312707372248693,2.522159701833817,2.829213606230935,-1.906247128996479,-2.1052326282513034,-1.9251710054689217,-2.2024944888315576,-2.4974970606141675,-2.6278032576658465,-2.677374769027442,-2.441608051062791,-1.4233136077172925,-0.8481762403945956,-0.6354812413926831,-3.232461126465383,-2.0592603207246,0.2021962152374409,-0.4150938392773825,-1.3537008625246414,0.6140396628474781,1.5473147617407277,-0.8669184885185527,0.09941239985045168,-0.0142085023339942,-0.008151204691556096,2.7235474008016243,0.07402895462179218,1.1206302012835445,2.114548793304128,1.0651466623861134,3.356732618656152
1992,3,87,1.0081875338116237,0.8371680731985752,0.412208299770734,0.8692714643422642,0.7985611301696007,0.41643131183618914,0.7212745833725513,0.6913835346348806,0.551999580466564,-0.13645297843733872,0.618429155861993,0.5273133906588378,0.6850977816095108,0.3155340875931937,1.0183761554234154,0.6337785635159491,0.1298732629717071,0.50221157959454,0.10022994975031833,0.11614787367509972,1.421623533037649,0.99685977503108,-0.4888845808963402,-4.457551748316855,0.6982248236888898,0.8213889482083827,1.3953909379014493,2.367203612088886,-1.686355321134506,-1.9212454638808876,-2.0031230209385087,-2.7601654298693488,-2.3422222298572195,-2.5893804163270926,-2.253532739238021,-2.3340326123772446,-2.3889236205450017,-2.0021182477409365,-1.3703657296103946,-1.7458934599830216,-2.051931834393285,0.48161079857081307,-0.36725298075949003,0.7749160661481196,-0.15350414878841975,-0.1448064582174441,-0.5677965463883724,-0.33441843914261643,0.11416104109389726,-0.5106819461762591,0.5741503027430085,-5.513522004287113,-0.045930712474363505,-1.1020512429760827,-0.2933201617580877,3.3567914253659206
1992,4,88,0.8248488900604068,0.7494155784997337,0.6176436805106208,0.4450277598647566,0.6817853301013844,0.7267606339184988,0.7803265685892954,0.7138802959120297,0.25982792704351965,0.5422006129436694,0.7478345671957843,0.14681518250996814,0.5309933498113668,0.43334367804654667,1.605789891463463,1.7609184845828458,-0.21937844372339954,0.7690731113085533,0.10349947539193524,0.66606913834912,1.4979834359164903,1.299187571322829,4.252902741287513,2.5771711485841364,1.9128551484427652,1.8526514638499505,1.626914976966138,-1.2361833214869713,-1.942218522144981,-2.020838547266804,-1.840347049006694,-2.1803594075373285,-2.349061403387998,-2.0950275863640333,-1.8652103075428261,-2.416248498091716,-1.813131547159537,-1.149767522994593,-0.9353305409479639,-3.539697023637584,-1.7529416563929996,-0.8587404182869431,-0.0801516482984747,0.19637960068594884,0.20034278813669532,0.4919339942471981,-0.2151834025823162,-0.08800011654319505,0.650550868690638,-0.4518174377086032,3.18904517720083,0.5780488790217853,1.8636683988007376,-0.8597015456411653,0.60424182335327,0.038301447248774
1992,5,89,0.5714832523369825,0.42441151945924127,0.7090986287655733,0.4740974450958861,0.6401811511486888,0.461857213428753,0.762265613406595,0.7155605907514104,0.4739303949523345,0.25846192354493197,0.7881354264616581,0.6385558334382317,0.7879590841112251,0.08967314896649393,1.3595462308426982,1.949556403298966,0.9275895095590361,0.6887733891623575,0.9595234657740292,2.2714466135961944,2.1286401828948676,1.9213447430765715,2.0882273461282397,0.8777323723690732,3.1321731087406137,2.732068249986998,1.8625314425285346,-0.6282605562062085,-1.6936599971189192,-1.833795751576388,-1.191457839649379,-1.6671822151406042,-1.7656568419657377,-1.1775528903691919,-1.6102641284886077,-1.6098284850513676,-1.4570313365382672,-2.9706911535002574,0.03753152837043722,-1.4044622149362613,-1.7815260560782182,-1.433234216789413,0.3954986947417864,-0.23391565063570116,0.4508318858573545,0.34736432495447067,0.29254679876484774,1.8935172330013097,0.8376234290225972,0.20951343269667988,2.1316523913460563,1.5456738491197095,2.1674832172078546,1.2580660107922639,-0.0004033483945503276,0.5195269559712277
1992,6,90,0.8983840405082048,0.7255581238449726,0.5691934428933522,0.9543195673925828,0.6638001210250375,0.47302587799440454,0.5533239987843103,0.5058290334419638,0.8159220621452117,0.5859905414026149,1.0433985027343937,0.6083306259557887,0.4693138441270982,0.6711203054609302,2.3821140651318644,1.5542210071305609,0.9173876824170972,1.233319428205293,0.7386484992862234,0.10982087311706099,1.5403421569632234,1.8148622218738368,-0.4154980069840464,9.726288741169034,1.521951096918728,0.05374333954723409,1.6077679347481162,2.848267253462111,-1.8247509906190615,-1.7770811362001728,-2.0121934768268863,-1.9799938950683649,-2.2668762872520922,-2.222322998650823,-1.731199325380148,-1.8018656975764031,-1.0887992650056706,-1.4032201410754235,-0.9705196095089524,-3.0656554094849215,-1.6544683969532392,-0.9772133704121447,0.4151525719540959,1.0618942272519132,0.054172057637081966,1.2233114101140607,-0.1286373571008271,0.2696232310861557,0.3742754027746061,-0.06473317353920238,0.8363673176321934,8.62049355433339,0.9494193217207384,0.6719311090264402,0.25015008055772103,2.048810375973147
1992,7,91,0.7959965022127289,0.8592010898813442,0.8326292899432911,0.5991625661138812,0.7069539289278859,0.8761022735370194,0.81303943834101,0.614327096157809,0.5296343715722409,0.33695535879485894,0.44081099278617664,1.7868485521583937,0.8823267410688357,0.4122367357543767,1.0724144128905435,-0.9259282371742188,-0.31691350882093683,1.8037242340466197,0.09878987616332349,0.6248096579766617,1.1868556758486806,1.9055686499875977,2.9031289784405665,0.3234215520569026,2.029356866394088,1.142275393565187,1.743153998349922,0.5674785995559423,-1.9451976700608662,-2.793297123395321,-2.489335932710919,-1.7489194479664145,-2.352872738544353,-2.0218688041852135,-2.3510169102304297,-1.9961153664149698,-0.24915931882802902,-0.09531212078791564,-0.739366599295578,-1.6746897783195807,-2.604779952594021,-1.6834680852082877,-0.5179448991010133,-1.4195752901579035,-1.4715366981657,0.7425277912448901,-0.345435358758071,0.019653580194835624,-0.42921660574844944,-0.010621069348011183,3.040164470842317,-2.4582501401910792,1.5121268624630844,0.3360979874939198,-0.5621027614201776,1.9540639395700763
1992,8,92,0.7150275393469528,0.681341085891808,0.5929240569499117,0.6312700906376543,0.7550121526923878,0.7179683340479508,0.6903405197793557,0.7591241649226053,0.318845629482879,1.1018047684931238,0.660093275429109,1.0689904553854448,0.4102751874786855,0.6088570445292797,1.830653312420152,0.8811375495920566,0.46905399169742507,1.4471265111777716,-0.5615263872477296,-0.02679781532416796,1.0788532782458842,2.6946673397238006,-3.6847503152815033,1.0004995213054881,1.1826467576200654,1.4875277668477165,1.16089621124787,3.602199693065905,-2.134248420912774,-2.253023197829579,-1.7889619438271338,-2.516378282884414,-2.6985785236841178,-1.681639481313173,-2.188319698757948,-1.578252106744268,-4.8136247172772135,-1.6776550054853194,-2.014280209880543,-2.0746245616836174,-2.1477255554192896,-1.5517931789162593,0.07946558439866513,-0.02366937319056993,-0.3452524103692618,0.3788147013045631,-0.7805811404071736,-0.8031705980488038,0.214269923795333,1.2225337505695906,-1.2750786996562036,0.023327769814894907,0.21034625734540666,1.5372888510665699,-0.05015979953449438,0.9212420532174229
1992,9,93,0.562657596926104,1.152199530111928,0.7443501049580094,0.5820995822852154,0.48267921650673656,0.44364952989841605,0.5892437846990437,0.5673397154776432,0.5195662278889924,,0.8078367140115554,0.9700419544562432,0.4886270308043735,0.9356699473148191,0.966009200407766,0.27828136085004607,0.7220296611552307,-0.028547562546246116,0.34847665466413036,-1.3778022622003614,1.0990259349949605,1.413285613518894,-1.00677546935075,,0.6314037575027859,5.373846511520387,1.792423028494109,3.0889287070568767,-2.0453002160314444,-3.1749799257774516,-1.8424814296297605,-2.5486372685215435,-1.8730358870205577,-3.519945318325332,-1.9654351949323254,-1.7154624608403377,-3.351801514187719,,-1.0382839725333917,-2.2713416017911037,-2.4542452731412543,0.03889331019059239,0.06342823575036528,0.10312249917990889,0.09170039260244513,0.5073817185048001,0.19968650577464764,-1.44903434690359,0.5833100687269105,0.646101088682116,0.42704931193010953,,1.718190269028013,3.556449048383041,0.09583222952581202,3.6438311436315747
1992,10,94,0.6203307229092061,0.7631051687850813,0.608873302984372,0.7403297702649893,0.3613304147675241,0.6382272571745541,0.6158227104220951,0.6431617499820153,0.7203087794827039,0.6537417416226569,0.7507826836971631,-0.04244286651307394,0.42889286373734187,0.5182730891309361,1.9145111281544642,1.6177193794232947,0.9187863770286674,1.589678078947351,4.796191138987394,-0.895177713126307,0.6496022318309518,1.6378294576068386,1.135182757651526,0.6609569022171781,1.830941219051926,4.947073229459035,2.290480069030021,2.8560007655984423,-1.911660192391451,-2.3994139813101123,-1.1346041175620858,-2.0553313782956524,-0.7017355626022767,-2.601268207524965,-2.598987772003003,-1.9884091736224379,-1.1456109556630845,-3.536865719061305,-0.4173317266726496,-1.8678065233044872,-1.6439207061856311,0.898732316606663,0.6120321922601063,0.49649831859864113,0.853398957777612,1.0370614702318597,2.583048186127951,-1.5161928059443615,-0.05981540922292917,0.8148584546331206,-0.09766375088540047,-0.8684218319582189,1.3863605835134727,2.25837123575385,0.4785280326437492,4.040078168527131
1992,11,95,0.7594587861769629,0.5002737075713753,0.8925847290566399,0.6189544286638703,0.674909994772334,0.6149358928409091,0.6494893792865314,0.7525406874828878,1.370037264335004,0.7110046485626632,0.4810403838274393,0.6363277516553321,0.3454760564714864,0.5065459067994267,1.8274590788797256,1.2710563005803526,1.101264943271089,1.7975011361116913,0.03804150242295517,0.2449626344124289,1.7269111923269491,0.9050592134641815,1.9899308388839199,-2.160495548316838,0.7841914692092554,1.4511387451767475,2.05889248644595,5.293239942136589,-1.4976230387500449,-1.9850406917134908,-1.4977257855737585,-1.931761153721042,-2.113462202094642,-2.094861673284007,-1.9139962425877894,-2.0571387912341392,-0.4241039381730974,-4.9816008527409315,-1.179626578817783,-1.8773107255069819,-1.253684467276981,0.10848015224592103,-0.1309155122716566,0.6909996269779165,0.3183488046667406,0.6135795582870378,-0.39280554773354376,-0.05484061490186242,0.8852615360104524,0.1688080568273596,-0.2729486121674559,-2.1638342252871063,-0.27414671957051184,-0.24832098562583654,0.39692833098496244,5.2258632395826625
1992,12,96,0.49014924235244134,0.4845690785365448,1.0072170363850619,0.9208304810013833,0.5923399263113303,0.6189824559953739,0.7550703408770447,0.6082161617062254,0.6306488159816351,,0.5805223794117524,0.5523300452675959,0.5263034247445961,0.3975640574862976,1.8498877481108627,1.9683535541248842,0.9613575064879958,1.223875601840924,-0.07586855808411104,0.921615438564735,2.333730669695363,2.3841500911348747,2.5708075134755437,,2.8840755448419952,0.27792500976183326,2.789320694370484,3.8982904749230314,-1.6639680845084646,-2.4065789698941615,-1.8688510309420874,-2.6658260579839634,-2.605769893779623,-2.1840441113058415,-1.494108253837427,-2.055235133866777,-1.5922436270350415,,-0.19324302487974643,-2.575307015976562,-1.3063979499218528,-0.28203873692636,0.39005120923674313,0.20965467747403185,0.43488786327461343,-0.728840622566494,-0.41900284256172676,-0.06040159678506016,0.8518551868066334,0.38914454750626376,1.7007464991942662,,2.418312023289573,1.0417291309205248,0.9056507559216376,2.826136705920301
1993,1,97,0.8418385155292007,0.6439968252769754,1.1456649530342444,0.8216890891454025,0.5883595069084835,0.4952655072040273,0.6016152586236052,0.5411667011860953,-0.20301764536849787,0.509776311037492,0.594917522049781,0.7819530012724378,0.3807108896442922,1.2963426997909246,2.2335879155058924,1.6400610704710328,-0.6233330865815352,1.4007900305137524,0.007363924013110379,0.971602146601282,0.7932403801233644,1.4812207428833772,-0.22766042696011787,4.25662164997445,-0.5345574781993662,1.9229892072970065,2.8976743876564157,1.2026183754518505,-1.55695409122364,-1.905665685323858,-1.372767900693312,-2.477746072701012,-2.312146936776354,-1.9594448065335162,-1.9552383499075825,-1.7774213977395743,-2.4616837305834443,-1.913704791053151,-1.2928550385410742,-1.7327889637770477,-1.55065400561689,-1.2959114669055816,0.6743611652704712,0.41735630363975584,-1.0470172369684072,0.8453250897634579,-0.1105416910128945,-0.6635263859401034,0.27653578412464924,-0.8800212578061333,0.6394734116562042,3.0137827072639713,-0.5093196425803846,1.1245966831872438,0.8066770568801133,0.5101456691545587
1993,2,98,0.7490144516321404,0.6764249164453993,0.47388853711640017,0.639371119605133,0.5955168270086655,0.9489966567550595,0.7336088758029568,0.5701789679056842,0.27160007761819327,0.5350606491740357,0.8648126007476644,0.3181378865380862,0.6117144602874781,0.5377827753614971,1.9505702239626246,-0.42022565466849654,0.5675764951308357,1.5381039547840827,0.2331098148507548,-0.29897793693457986,1.468294541804076,1.5844922425228807,1.9955680903781916,1.4706011360813147,0.3835439710696894,2.5077426749219467,1.66598582426239,0.20743098329987647,-2.030980773683115,-3.7272080312406124,-1.7283856732481457,-1.6617126941775162,-2.4411180347352737,-2.6661729321677687,-1.549484946959749,-1.6144967735836089,-0.9406942983739398,-2.7639919525648584,-0.9726738021078771,-3.1884248024654,-1.590154069439699,-1.3567571819839481,0.6602764890354933,-1.439237406147837,-0.04853832912181323,1.9156462220217458,-0.531122137531175,-2.0381758041415736,0.7022058814410856,0.24678219874406707,0.29159507980743254,1.2872068073304832,0.41475112451160584,-0.9805890299753397,0.36648988719367426,0.9239843925380201
1993,3,99,0.6632814562918166,0.9068361505106093,0.5561770820577265,1.2010035513917907,0.7412891200629188,1.0450811706641376,0.5182027287325136,0.6582857496038397,0.27237569911697224,,0.7551925484594502,0.45387548972714603,0.659208925650128,0.3048256040547526,1.4751609129089023,0.24362607669852854,-0.15615832410111788,0.15423933563566952,0.8671973970661149,0.6314671086324151,1.8117786767458302,1.590396825115389,0.8258802508359171,,0.9021133184949228,4.341548388705097,1.8910279199956612,0.916234276510447,-1.6346900811554732,-2.9708303877097957,-1.6065579264389473,-1.9411002604535819,-1.5885730952933519,-3.117365981462436,-1.6317476760730938,-1.1085881342177293,-0.8270072655043234,,-1.034700555335742,-2.322518059014653,-1.336636389519285,-1.2177652941428934,0.5450135198686201,-0.28590251308430226,-0.5289189684185068,0.48569458322373354,0.3593472248931596,-0.9625717231163193,0.7957315746366761,0.4344668499671965,0.8940181768596082,,1.5212008544697593,1.3201463447433779,0.3661781927720131,-0.22626480350313297
1993,4,100,0.7150087137251383,0.245785790014392,0.8056507238713868,1.1374876821379316,0.614614219238787,0.6754492491890863,0.7127447954887126,0.6336862733416414,0.09976214237794248,0.30102337273086044,0.5829912019420905,-0.04244286651318034,0.4827603318431233,0.42011216227398407,1.648641822249198,1.861774217991542,0.9419829065073736,1.9119000937032444,0.47871432357148536,-0.8755997009992864,2.1648412361101594,2.401836728472288,-1.6997114944503913,4.286411748150346,1.3638253687239257,-4.016237771041346,1.6125216204396549,2.7742777939587184,-1.5384928467496368,-2.538282016207381,-2.70787351542596,-1.5378311630247579,-1.9140859054562545,-2.1924366964207747,-1.1543679191660008,-1.725733597081712,-0.7628615880134103,-1.2591129950824302,-1.0874864134845825,-6.449098944304071,-0.9565008873182,-1.3034236681994777,0.6342114913388984,-0.0354185005381832,0.38433389494569836,1.4663534765215607,-0.06260343347758214,-0.6651827643259235,1.2078042167763143,0.8314739784063427,0.04222708451559071,2.574468835199747,1.0756568832947175,-6.3471495292462405,0.32823966334652543,2.922760831606212
1993,5,101,0.5887958376569556,0.5098142794077067,0.5434216120852722,0.6550245716030751,0.5547820164035809,0.554069802973362,0.6625574614991578,0.8540856822707178,0.32807846653350003,0.08020056213119625,0.6559698621273589,1.16146345408526,0.42470270562361045,1.136502296538325,1.8318306113573428,-0.40511700171990356,0.261858895487491,2.0821174618299048,-0.281029110390275,0.4254242769060616,1.399197180144348,1.6542167350993364,2.492734519761656,0.31082456765655875,1.6705324710615574,3.8245393035441597,3.10400795585639,2.030294743022029,-1.9018596401791965,-2.2782030680722367,-1.9727593155547272,-1.7069934945442207,-2.2308911743509365,-2.801275675429057,-1.9124788686573233,-2.0641154393646115,0.3102084526296088,-1.469328109751642,-0.7849548058352708,-1.8448308478010107,-1.5228031435341516,-1.566222522940973,0.46867496822916904,0.04848160472542233,0.08855178395533225,2.126591298211392,-0.8183379806621652,-0.3037758709923228,0.4043143388265335,-0.3491472328683513,0.8269759338697623,0.8078426108721423,1.1961233335925765,0.4548196685309365,1.1905703726070203,1.3149737244862014
1993,6,102,0.5290717908204429,0.5613379474008682,0.736431643090866,0.2661627657119734,0.8065047974087278,0.40505518509383565,0.6628611577354077,0.7376881255390639,0.38536520474602143,0.15057702167519996,0.5675039667413523,0.3102000661139904,0.5121926429211705,0.7718567048780833,1.9881182317424224,0.710107012809128,-0.19735964573343096,1.4027618738776653,0.18485798876655068,-0.6779046976844367,1.9335502321573308,1.8479553612505768,1.6846431748770179,2.8515911621634684,2.341431532770916,3.916241051719429,1.4903001979201969,0.8569936284936711,-2.0682120851663703,-3.0709947370813597,-2.1687402650009067,-1.5121959043318176,-1.8362772465181931,-2.4472818300462245,-1.8447202838361498,-1.8236972233453257,-0.9998111389803876,-1.3813365505755424,-1.4006295465809917,-1.360790863659496,-1.9680542187757875,-2.891369803591579,0.22338035456635408,-1.0688236844285448,-0.11624511120055159,0.8421742493742487,-0.49901999821617327,-0.0752691171982965,0.5486437998850298,0.3947924098807804,1.153593651055776,0.5691844415603234,0.6480837826600582,2.0552671863740257,0.6720392781477555,-0.41971200584861595
1993,7,103,0.549407285068688,0.9352593048078005,0.6382738821825966,0.4631970293210161,0.5504271477966455,0.7650069582464367,0.8678885697047841,0.6996872892766672,0.26215455112837166,0.16284011840261317,0.45850881887320166,-0.14880148254411507,0.5941700131267464,0.8397626939697534,1.2374591100093626,1.215688588739365,-0.17891395661984832,3.5164710197641385,0.3165572749115273,-0.46128573471249723,1.7884271053546799,1.6991858945997123,-0.4812856519086258,6.421738861169023,1.4718492205486318,-1.618875076799271,2.3606674939661416,0.31725519738446556,-1.974588057620996,-2.7830264447251856,-2.581606592440096,-1.1267932661887754,-2.2739798419739747,-4.07138062143309,-1.86084455642823,-2.1305390800828947,-2.4914174290956206,0.9674880514245755,-1.0075569620559068,-3.593740461076715,-1.062405541601425,-1.102930376782724,-0.0036364657630656963,-0.31033145531346584,-0.8245198792942653,3.4015146023813236,-0.4281816883883317,-0.43171450975293574,0.3045073442864228,0.8458300678065912,0.29550673011828077,-0.3849003826666346,0.8679052104054004,-1.8718569804199277,0.9701070151714829,-1.4195323325764153
1993,8,104,0.622663305784256,0.7206920511982688,0.7282451969151384,0.7608246493314433,0.5482058366447211,0.6239584935477943,0.7491250879870238,0.6627924731532869,0.506259181144275,-0.03646034454641068,0.9171514266477804,0.7988891634520121,0.7148235170449271,1.414825413683889,2.272984472703674,0.10356449752210709,0.43887040573781266,0.4669866214246138,0.5848662932522679,-0.8782260669083753,1.7810568288383297,1.1211637966324395,1.6387427392981406,7.4724385809727325,1.7092937958369703,0.07031786240472478,2.8673479440642864,0.029211970230284594,-1.59294386436484,-2.8068743281657538,-1.6858669386781007,-1.9548943352679722,-1.9280734053455606,-1.9514060954158532,-2.2031840515570478,-1.6276066668971656,-1.870981490117251,2.080701343137067,-0.9714143542913263,-4.045586462383378,-1.4414178131142896,-1.0394645699550649,0.7130591586569144,-0.8210816526042692,0.14541145738702588,-0.3182940451499691,0.013472097527710038,-0.947149308728661,0.5890724764464443,0.45701556184422715,-1.380641924702388,8.00349597302871,1.0049874199605877,-2.9050612001939684,1.0237550646096671,-0.6245584281380755
1993,9,105,0.6916748982597866,0.7330987334828954,0.6670271903152423,0.6667275437867224,0.6103138910867115,0.7552990827798522,0.6833541011673937,0.7686571188132123,0.17578952115023283,-0.114480993802216,0.6848998941989289,0.6096335251531497,0.6063422414445554,1.3381484665088392,2.4725103454764485,2.843559933381221,0.43623353564435907,1.3792160048890865,0.10897977484094408,1.7602316329326677,1.9821858604507345,1.665284889438831,-0.3139919073174742,3.2732156000317216,1.9834110991098126,0.5092567947422557,2.464372822453216,3.702944878223099,-1.6397737393525151,-2.0823094572346887,-1.9697565279572664,-1.5087798490979047,-2.0727350630688104,-1.1634913294765803,-1.2739220068314536,-1.2774981538111039,-1.8053191999733011,-1.3711138396520726,-0.2669647801170015,-2.2078944191187944,-1.592811115828999,1.0022726300460494,0.9198755652369254,0.8538061043072201,0.20283005381840605,2.3490029873319704,-0.428261352033962,-0.5051835598263583,0.7547693744561051,1.2034281955072177,-1.1757984040533147,1.0403976083658422,1.8429306675428807,-1.7574235884773237,0.40331251961419173,2.089597583646626
1993,10,106,0.6475036680812433,0.6927085649131416,0.5297976926218546,0.45272419807561143,0.6507987526674729,0.4849325818429974,0.5752724905988866,0.7393770417126497,0.3915937713847478,0.8904473600577724,0.9173789810252998,0.4845911347559432,0.5507562203907569,0.5407976811740663,1.7937849087238673,-0.1069858355546717,0.25686810316319375,3.9262917825704515,0.6229380325804618,1.5596001406027742,1.629050757828975,2.5680011155389226,0.6726609590979685,1.2216817314511532,2.005084294957484,1.316962364654438,1.7423620334477807,1.411748102980583,-1.7711023436624482,-2.740267846468411,-2.0892038223382197,-1.8223151098237336,-2.1596305960341673,-0.9180745522607852,-1.296154896983772,-2.0294485146649595,-1.7725266020567598,-2.2411487773410137,-1.1939794981857714,-1.4809011388695064,-2.146688975151374,-1.3851632110024492,0.9477139864980376,-0.5822890873448441,0.38861607145541377,2.008236519029776,0.038537728801346205,1.330152311191973,0.9092746415979205,1.6970811843082736,0.8392846151716813,1.1829174123137702,1.1264558768188921,0.20443094359810862,0.0336987987159726,-0.11612645564688713
1993,11,107,0.49855382569671985,0.6282619191615191,0.950894402418804,0.5310196378274347,0.523604353375006,0.6588697902667499,0.6906302661472239,0.6756659390973837,0.4302170228799658,0.8994818402684146,0.6844976519298301,0.3429186117932884,0.55086495568472,0.302545790447398,1.8072970116441252,-1.099729740992182,1.2272098728497671,1.0575497021251012,1.385568533161221,0.599079495483575,1.7102810043161192,2.1300688815732847,1.5782390025305162,1.2939502601126966,1.8095217493391462,1.5631576104368312,2.81907900073448,1.9892083141324368,-2.0229198641328745,-3.019952837815045,-1.991490573012242,-1.991379910458556,-2.303694775931098,-3.3521982418824083,-1.7127692861521993,-1.3420566813531247,-3.0264846630859057,-2.905837830383633,-1.1361105392552338,-0.5929323611706281,-1.9259202777155915,-0.8259153693148984,0.3892783008726535,-0.6464510048784355,0.04557076934368341,1.0884198605690718,0.6179168435650231,-0.7765166090548928,0.7152065920942037,1.4447158634651907,1.0705566815691352,0.032774770888921854,1.5849528754502706,2.2728262691436147,0.8542472276634471,1.4657150804766075
1993,12,108,0.4897378614389791,0.5311860357807686,0.6357439989149627,0.4105523321125735,0.5060940421799992,0.7859394251071025,0.5768340864382175,0.75942878609646,0.35501398589677874,1.913061520915203,0.544421898032549,0.5346072621251389,0.5372110438814051,0.8689518734447279,0.9068443580523106,-0.14262970163969416,0.22426265172468582,2.177396407931632,0.7613756203903234,-0.07134196678482675,1.5349996443452456,0.8447364952117927,0.37007206583232016,2.694805939023393,2.27012350552149,2.513956435385805,2.4475623925494303,3.480586699721876,-2.299216095828115,-3.0597779649114005,-1.562045794477563,-2.2166095347586507,-1.82290709869835,-2.8044553469654456,-1.7896541931492407,-2.401597246278186,-2.2563342250686844,-0.05459627141931072,-0.49145909071358607,-1.8570138738790816,-1.5966740165876439,-0.3365118995787068,-0.2953795732704452,-1.1785072806013104,-0.11513717383582522,0.7300842717127641,0.21186890306228046,-0.8680721830781862,0.6905289767917858,-0.37690126848381805,1.3346097698933692,1.3373073495578622,1.7842815792841615,0.17211634522051183,1.272581003072286,4.2286044284897875
1994,1,109,0.6387424407332266,0.8023219414775279,0.6260958515416165,0.48788404752271985,0.6307100127565901,0.4156095429513336,0.5400052321140903,0.451693553829664,0.1549355224868929,0.20974810493841353,0.7198910362807378,0.2642499515328742,0.5397224101333181,0.325964527970412,2.37594324231532,1.2929334768830654,0.2204789685348459,2.2552759349866687,0.1373977006726348,-0.4384037286341528,1.8635994054532026,2.1639319307161498,1.9716010736921792,-0.40398974246187425,2.0031935347592627,4.675537556008507,3.09484039909112,5.6399217407280124,-1.9224726547523336,-3.392757004041228,-1.59877525052849,-0.8339792358371259,-2.2977492805103727,-2.0241796809751005,-1.8875867112897962,-1.397910602635775,-0.6444886324485487,-3.6874257076387837,-0.7164942180882007,-1.6743341997932584,-1.3528733518327785,1.124855554665651,1.0084506272861862,0.2408400069862664,-0.5155276069334721,2.4205659842634586,0.06262967007277172,-0.4037239041634198,0.517279596083202,1.1620311137403814,0.4972930585174305,-0.29479284070013023,1.8273636113564036,2.9103560569855778,1.0037493558639148,6.180188621027585
1994,2,110,0.8046564444920188,0.6027822907527093,0.8992576739707672,0.7997871650235928,0.6218799281336882,0.8548886019406073,0.732981909439734,0.4988137220662942,0.9141901219712454,1.1479921641731852,0.8114035172913318,0.6642200309040543,0.2993152195587581,0.774604655966495,2.464042034100543,2.7308761627307003,-0.18632692331062112,2.0526619223652003,0.801391443503299,-0.8761566483605572,1.693076258150413,2.2759525421121967,1.2782850732059026,-0.8611090485838523,0.8772964909255947,1.0808593844780645,2.8751060950838356,-8.121277223206198,-1.8454693623075369,-1.6293030524822096,-1.3855540998916511,-2.368137321508691,-1.9522741383167872,-3.3275597476994125,-1.7777395408971033,-1.4668671698593327,-2.5082063560954295,-2.9257079599302274,-1.1970446821871517,-2.6500740535667644,-1.5305588068023228,-3.2692595087894043,1.2115070231034333,1.3251603054282264,0.3097458762800051,0.41236252640458104,0.5569695545256824,-1.7330225920434539,0.4710667993574971,1.058006988982097,-0.0032604334414743238,0.040424232721478624,1.467078530856911,0.3533403601545991,1.3155254534160248,-2.117926774528762
1994,3,111,0.8575365469979105,0.6113765560953901,0.6788259808577414,0.46690901505699706,0.49914535340984767,1.2420914452966063,0.6373412518017109,0.5423874428586717,0.4437768991012221,0.28178851658726195,0.6207504505200869,0.5247231566825084,0.9912482895890266,0.7147535027186012,1.3226819104952985,0.06634876750060309,1.15868210417278,1.613971093710522,-0.04617506774328909,-1.6238171201201836,1.8652378424103473,1.6886375877913442,0.8024250624446363,5.820513535543153,2.067816436984108,1.882277832001073,2.183864883637662,2.906248212229977,-1.6308945016644658,-1.5990772625925855,-1.3173096574267245,-2.15548934587501,-1.9523867160874475,-2.3586144209749556,-1.8946319255258561,-1.805409748575524,-3.054290391399645,-1.2258810660206383,-0.73683800509681,-2.416718461936098,-1.8465407474140518,-1.8251569834022405,0.12365893179029026,-0.10520441214224716,0.6241258178067555,0.4539844210998658,-0.42519948227124343,-2.041079355249148,0.6707738372904813,0.6387331871980311,0.03873431374589181,3.9322918486292893,1.6638621601340227,-0.2687549246786615,0.18547405289807556,2.306244184514699
1994,4,112,0.6570424934102775,0.5647899179108032,0.5451354391297588,0.503388661027164,0.9009495057929531,0.6624206253452052,0.7422266486835216,0.7613153254968311,0.22608462122193368,0.16166153923204502,0.6624082347753165,0.49173261070575586,0.6420032512072479,0.8820095886537425,1.3808678768014826,0.983572094611631,0.3426283942553595,1.949849918572788,0.6446306604262928,-0.45015731304206374,0.8472266897322099,2.156596792965635,2.120277387143273,0.2839794957750833,2.4974941222696994,-0.383901395699687,4.316409830474876,2.340573887254237,-1.5859072270031318,-2.0849378662302813,-1.868703078238333,-1.9618982618208856,-1.8499932727152582,-1.5127634031228732,-2.059244794319432,-1.7248827382137037,-0.21242553113257903,-0.12856270208646697,-0.35460373788001515,-4.5527017047802945,-0.8184216168231077,-0.9632034205998832,0.15178010770576855,0.7116493621951062,-0.13362150366058895,1.2530720692087587,-0.5153698469857924,0.16473900225471183,0.05152024073157066,0.3856745914362757,0.8513220588739067,2.4675717837739786,1.8200303714790238,-0.9862371616820377,2.0775355123609742,1.2041395120197953
1994,5,113,0.8989129363142134,0.5280786731338623,0.8185675836245414,0.9655924466450312,0.7040145287685513,0.521042913934262,0.8427592988598898,0.668447704205962,0.7974038906965166,0.48994062279650746,0.8454326892935099,0.6298045554755953,0.6237931751441426,0.4026089052684506,2.092835846133723,0.43687302719278753,1.1948349800035332,1.8953099604570798,-0.10900145513026137,-0.9722367535232961,1.7914194442351374,1.542093293536622,1.7930981157672468,2.231006752777243,2.365880040655323,0.33545379469750414,1.809470140382485,3.8958387434692203,-1.520939115834606,-2.1974565081736044,-1.8340235487987748,-2.1969234020329567,-1.8955858605973062,-2.6882666334046363,-1.3943574648191943,-1.922824936507641,-1.3354214644343532,-1.727512359745545,-0.4801180871753162,-1.9531591256986183,-2.517239949273351,-0.43544963169351264,0.3590291772233154,-0.21646642076177855,0.25078563011221666,0.2981564855217293,-0.5882675364671005,-0.2517426438049685,-0.032704133763887276,0.004003996257645675,0.5489411216287701,0.8715833553416008,1.5004859482217252,-1.5501159497227692,0.15840065925158445,2.4199528312241307
1994,6,114,0.7900479471674358,0.4439353869929469,0.6832030856170359,0.8311287578376669,0.670015256136672,0.7108574865580701,0.7613071107713182,0.4744134200988756,1.1543040127880284,0.5061890035972784,0.520387278357881,0.7706343763236942,0.5395748316545118,1.816952863751062,1.6655273931312908,-0.5987652714011175,0.5440562311183555,0.22524175272424213,0.20177076881153275,-0.8501810083001464,1.899820621690836,1.8351768410075608,-0.6026787340971911,0.2971403840104483,2.692842393875812,1.4097789500993096,1.9653952952452125,1.5816058051548338,-1.8518142607146006,-2.2782073878780826,-1.980279224374438,-2.946800966598289,-2.101453522233438,-3.654946467017109,-1.572060314345995,-1.5926176877144196,-0.8618781084126094,-2.6081230457328592,-0.4503799852440278,-3.0256576675327307,-1.7575744250931469,-0.3833561361896458,0.2352676058540874,0.049774862417789605,0.6287691980368385,-1.026211548060079,-0.5211667483348275,-1.4572938099096242,0.8209003022888838,0.12349825061390024,-0.9334712278890457,0.2898782138166927,2.3427205471869557,-0.697986711016284,-0.05770451986420001,1.7422793656842093
1994,7,115,0.620412780924227,0.7633752531549123,0.5878415478417527,0.9695454580808506,0.6025540509122765,0.9763859723591146,0.7451970501227214,0.4048606638414894,0.334546825907779,0.6124115373335968,0.7392136813822537,0.956068310574128,0.7492391613366671,0.033289510898098604,2.3012681542031226,1.7014817251003387,-0.3535319821784514,0.839137661518991,0.04108378010343788,1.0722976806468352,1.5522699097019497,1.7277907166850923,-2.411907945321605,2.5983020761006856,2.1834448677092335,2.9839862041378886,1.7822449788231147,1.082011267221839,-1.3942306619814917,-2.1181376877369433,-2.5020523632256864,-2.9148586463727666,-2.1410938254935434,-1.4661294828406686,-1.8989529293560377,-1.7702845141325956,-2.5075057534453156,-1.9478698761194815,-0.6277088610100268,-2.0960725402702356,-2.209782440944574,1.1762506029065325,0.3546045785234041,0.14063018707521896,-0.25970026527450457,-0.8285023275284278,-0.5834391294963869,0.423270281545763,0.3439539602942345,0.7194354204623951,-2.224932590462603,-0.33174005635777826,1.8373139600141346,1.727495062042887,-0.21254595561648507,1.4553954348821974
1994,8,116,0.5350926088876498,0.8678630202181395,0.5778948177809152,0.5118631691988152,0.6302041294181727,0.6604366422294949,0.6389334899716662,0.47505209693169176,-0.15985632684936424,-0.1364529784373379,0.42582581429391764,0.5788462519201588,0.5839643367421605,0.9595889445987369,1.9328636013468234,1.1005236548812618,0.8766644403904096,1.474236855998273,0.9546224903280448,0.26294648346550653,1.659351569908065,1.5176704439404047,0.37099831408619866,15.670471006683163,3.3308593583601467,-0.2535654728891436,1.955941060099313,4.142209053814566,-1.8217104941441749,-3.1610003695571027,-2.015977212738534,-2.7560706637707932,-1.4217743162024732,-2.3560541571023603,-1.6100989439668114,-2.220938522041035,-2.309494326933859,0.10314491025904975,-0.39863433612457555,-2.4735029270866935,-1.539301312220073,-1.9814537223956579,0.2595263700832173,-0.6040714495863319,0.4901835763934909,-1.210532360255577,0.1850226416572792,0.16792884863041638,0.40065116143459534,0.12395615430254493,-0.9627176041247067,2.153618820712883,1.822701332225401,0.3062411384878843,0.5235384804814659,3.316974004254807
1994,9,117,0.47062924189898037,0.5613243891511086,0.49023992797834315,0.9738867287394752,0.5924807882996076,0.383085003193139,0.8104136194364887,0.7788852380471437,0.7909719439076257,1.2269938649999954,0.5099295327423581,0.5274335957460594,0.6364448998243295,1.0268660511897367,2.620647088222893,0.015689674290048528,1.0463467526540988,1.3890281721863322,-0.46126780453442345,-1.157945576769187,1.7949536635896177,1.7613212574753494,0.05016648349891071,4.907975459999987,2.4835242275832647,3.198898374672678,2.708710786553726,2.335298241591332,-1.2581380184038586,-2.766417131261773,-0.9481302687194941,-2.409543629370154,-2.1143598114043813,-3.260800925834115,-1.9449955421283143,-1.4483513686290166,-1.1656734078318618,-0.6134969330000041,-0.8066878117172203,-0.9884855893968676,-1.378387760780366,-0.5207480539257455,1.7652147936051614,-0.12557759169324095,0.8939470908848592,1.2146337395065654,-0.4976243501899487,-1.4116567763539036,0.12297583502546333,0.3071700477238022,-0.042737313843283366,1.2269938649999834,1.1869590211778036,3.5093567036828177,0.9978364572456587,1.6367809409606966
1994,10,118,0.7191473226426929,0.8514828645020053,0.5020718623399694,0.9435547333580967,0.6901168842775213,0.5551099796541547,0.706970606464096,0.5978551429069237,-0.09803413676765119,0.36462421826326424,0.5325924515321745,-0.08459092319287356,0.670460810617007,0.6559730633176797,1.8560911720828934,1.010320867624955,1.6338082106831746,1.2812610962855557,0.7883166236254185,-0.2947206446380741,1.4945461413098018,2.6023839184609576,2.4049842426034456,-0.3442014472328782,1.1568655611280674,-0.711321842617087,2.1745978892247497,2.4909435535350344,-1.7263791742822852,-2.1330329633352214,-1.674203089998072,-2.172220949263124,-1.8959224242027306,-1.9666545874032284,-1.409693574118739,-1.4436079888528661,-0.7788432998846606,-3.022646576659217,-1.060424057767332,-5.7412017221980935,-2.07685052912594,-0.7011602381147265,0.41102998922583506,-0.41229437628909976,0.926578831749273,-0.14524238167514986,0.02200223375761133,-0.9281510238380206,0.6604777587500817,0.9335346046809493,1.7965886384423886,0.6732789161824602,1.6637105286038236,1.050502342036988,0.5972890018653143,1.6643329162402738
1994,11,119,0.89774360228312,0.9079705143952121,0.6489046534661113,0.8284119172056005,0.6049799789828594,0.8053509032687367,0.6798100615586105,0.700224297873166,0.9729162252382135,-0.00887447023225466,0.6787659219953468,0.6930642812434613,0.5709990258339583,1.1941363720885527,2.1187871603223964,1.2314941074441648,0.26782157006486057,1.6153972772751692,1.6169179086941423,-0.18887804174069034,1.3498352510482694,2.2254709288490213,1.0294554829947344,2.3080819363636382,1.0380100396478429,-0.46589398652049663,1.9394532407453322,-1.4919269396224866,-1.8260267288347012,-1.6145102007667882,-2.1666663709884744,-2.3843621848292047,-1.3914387728027473,-1.6916048091351548,-1.8198421904700741,-1.3150624940165012,-1.9392216413421077,-5.767893009097681,-1.4993587471317675,-4.810429346152252,-1.857991189473786,-3.036456145005236,0.1720749280735698,-0.17301851770770818,-0.500778861166213,0.21915528765776338,0.28267256698851445,-0.16873012061620318,0.7433237947346495,0.9933021548231773,0.3850421451713572,-2.8370432395971674,1.4309230711957146,-4.074523131623095,0.7675203607329424,0.17234110702331198
1994,12,120,0.596685470480289,0.8049797299835523,0.7707972901193914,0.5193975651358944,0.9149117710987436,1.002907322615952,0.7520083524153897,0.771095326541469,0.8351967824874922,0.49532618512263343,0.3930395111199347,0.5927804661401889,0.47762595964670335,1.2225421873604572,2.317224759950843,0.10700184364184691,1.1215703063254396,1.3031618129053886,0.7309189863681533,0.24663277399606703,0.9245144876075647,2.2420984564593756,1.7270676713169788,2.2099307026737396,1.8908643184296403,1.1684917706507751,1.620005608119494,0.9598377872860087,-1.4813480086990285,-2.331147783429186,-1.5460044684317265,-2.0843342498339097,-2.425870309520083,-1.7185478677048434,-2.1278425555306737,-1.8493806859324562,-1.970574094675037,-1.1073354326306017,-1.2159043058495753,-2.069137520061046,-1.5055626520807552,-0.3133268602998694,0.6373709681503297,0.09093956742554121,0.728500229982505,0.929237825354895,-0.1978596505722082,-0.8309974623967505,-0.08343677531851329,1.0822332038187288,1.4355000034014767,-3.018157689206783,1.2749136303690343,-0.605094870127638,0.3369423901789797,0.8929676938972676
1995,1,121,0.32831285766902496,0.4787341148045029,0.7092294206757678,0.5568395886438067,0.890487456824834,1.2416488143597832,0.8924752110724008,0.9521150565794411,0.12543633439708954,0.6545454094571274,0.4775266754601071,0.6636201770077041,0.6094006776452143,0.23702902764144734,1.9134998529156806,-0.8099183462901116,1.4775240989166645,0.7214380520236254,0.2584532967228009,-0.5998033757978023,1.617531352408566,2.2737592206920194,4.992469930927714,2.8276049993626087,1.1854193667160546,-0.47412357462668153,2.0044581335454046,2.187270856202803,-1.800914430179442,-3.203048823969591,-1.9241153226412093,-2.2467123870310415,-2.406597237236211,-2.2775358944069257,-1.66665066047708,-1.562633603890855,-2.0415544259463205,-1.6175662680802787,-1.16179373552191,-3.1944953401427,-1.682597217371059,-1.5004257353886548,0.6537160440654197,-0.6735034969190009,0.324189955291451,0.019457764798497132,-0.42869138635189086,-1.234833647278208,0.8274124372837707,0.9247107843857043,2.4547651252088176,0.6858978924230927,0.8251877751682378,-1.7776018828655475,-0.28153713243363254,0.27433129840938897
1995,2,122,0.7839116412077151,0.8412829572646164,0.6907339924795777,0.6524147424889344,0.7874944095242656,0.47473574147618863,0.6124227055621313,0.5826712916310784,0.33858626325946056,0.5571368432684105,1.0139461774413507,0.25196031603412633,0.5641733626960305,0.3558522073813951,1.1201496770869137,1.1858533674519083,0.5179246136521345,0.5620594236078164,0.2996778819657112,0.2014313451121537,1.3785997260566831,1.8802976479505096,0.14924796141282015,2.5638057691126885,1.2441727334278418,2.784222607628794,1.6518878386779914,1.8742070607000318,-2.368227649825177,-2.3229540048795556,-2.26069699368897,-1.7450659881706336,-2.0198201603105694,-2.743916201597797,-1.9349267246792778,-1.1217166160708345,-1.3733479252992642,-1.745112987383613,-1.335322616521086,-1.8630442485604835,-1.4609814993186903,-2.591552606540536,-0.5601242601627392,0.027788991731807024,0.17662271657774564,0.01056902436835927,-0.29965261414758215,-0.8729086566678145,0.6564975405861979,0.31129518098788134,0.17232751550168515,0.7891700888889164,1.4211311514501805,2.500039249095469,0.9174084677551635,1.0230456800626464
1995,3,123,0.7531587472450663,0.5538027079931233,0.8774518222070841,0.7313112408037047,0.672061556508756,1.2506018138947173,0.8340606541401524,0.6554704865391294,0.24613846155533745,0.8991138067965083,0.41107756722916144,1.112437164058561,0.6540286314468751,0.9037513286406887,1.7481442649791472,1.9403191815231207,-0.11615297150410572,0.49317103854300703,0.24445365995714619,0.5335568924340065,1.7837835216388793,1.5639168478962044,-0.12249708222140591,1.4087330312772555,2.424917201604104,2.6175740050626306,2.21516373914675,3.7176557241170527,-2.2470809509133587,-1.9430043769668162,-2.238268609402552,-2.296473382211962,-2.236020731129884,-1.168122711541602,-2.0397554631100627,-1.942726838310741,-1.5489308760354457,0.39032848625446226,-0.7307337665330556,-1.2216168816086224,-1.6645342960156821,0.006163260019795296,0.15573258002694307,0.3181124155229985,-0.3310395839749708,0.6964498663284552,-0.39168888734166185,0.7661909621363876,0.17419699938711594,0.6329105345513695,1.1676679972556747,1.472784273341618,0.6838854364990956,1.3444434442473425,1.3305061855585945,3.04170868201823
1995,4,124,0.7003214337153553,0.5326539012836073,0.7061292302522569,1.046062329713866,0.731761058179047,0.45868598511293585,0.6216704477124738,0.41154221181835626,0.7639583259351345,1.178720692253596,1.0410788152444277,0.5199348969229479,0.5095187385770817,0.8153617422380012,0.3981382757556114,-0.3691950730719594,0.5653664355175837,0.08420662121104966,0.09778096480394283,-1.2384281995307242,1.6014246526402824,2.048134380484482,2.389432003651904,4.362374213418529,0.7429650400300858,-1.2902350924421961,2.2035592636957055,-0.7069262197166006,-2.087232940614217,-1.8994497416690228,-1.753440695812975,-3.157619671512867,-2.232288100259561,-2.3830353159248956,-1.7015579535258682,-1.729405816326594,0.05333665726874489,-1.9014234699527273,-0.8056924786312225,-4.2024955926994965,-1.5860762742655945,-6.133341619598416,-0.9293601397325653,0.2639542066188071,-0.28011668575145626,-0.49806877335931027,-0.00297043428905662,-0.23207523324076462,0.5152078630230834,1.0854552792183136,2.2731457472879812,3.876223002831029,0.6852750934817043,-0.1452784713870194,1.222071699332954,-2.438745068172889
1995,5,125,0.7044108000902526,0.748757336734345,1.0064139409579598,0.5164981328291469,0.5036132428599435,0.5859028535567208,0.7978349527625724,0.579981560821695,0.06833611977786816,0.2992954602717538,0.6513336636785646,0.22299675241895076,0.6727691663910074,0.3443566994679876,1.5751356833012058,-0.1748787792591287,0.3895055373884765,1.2411102440558546,0.8667673773969946,1.0973303245213821,2.7324108248629204,2.0288987879936626,3.505035793097447,6.311366562434079,1.28385342097118,4.099939879088279,1.9978741720447242,-0.3442401325268242,-2.01101867944555,-2.796786726164132,-2.47414413102293,-2.1592846021959273,-2.100072409167142,-1.8068096791668533,-1.5079574117486714,-2.1313332592069494,0.18182176350912108,-2.345522365836259,-1.0793342532114325,-0.43037063826682753,-2.29147856209563,-1.056201207258587,0.01051423316114914,-0.773448250717162,-0.043255704996302276,1.0679345812045784,0.09304553933176767,0.774766072257457,0.8045366510066836,0.08113106891243982,1.2011732763731198,1.2320939824592876,1.516148915141804,1.9730569109877987,0.5952399859757053,0.835563423494254
1995,6,126,0.40276448446212937,0.7396889326217349,0.9022232922484227,0.8381533419044134,0.577344959309438,0.7000353371700084,0.6100452195306525,0.5549650904746251,0.9362146026332961,0.11662322658032112,0.6826420284250677,0.7856034627948747,0.43107354906857437,1.6142682504156038,1.956511476826457,1.6689782941590892,0.3319739464646865,-1.2473098571732348,-0.5096573742157091,0.41559949206172175,1.746949696095639,2.4483649385777144,-0.19025022844763576,4.4209820477990025,2.143452608617705,2.9910802612666814,2.144839620632352,-0.6649923360047143,-1.7484003287278211,-2.1356080608240613,-2.1834982453449587,-1.7649596069540945,-2.5088854911059064,-2.58232360355324,-1.4208374451541492,-2.272155568348209,-3.263333644831578,-3.073491525532016,-1.0447704498774308,-1.2060479830584445,-1.562180797662471,-3.1325944983394187,0.7233154622132701,-0.32616294054622275,-0.3296246053857507,-0.8984632130463616,-0.8040368943912906,-0.8646546420726343,0.9254537683180645,0.7101564450398171,-1.3517904461459649,3.5564725117581366,0.732952023682721,0.9948667925472282,0.6808170511543047,-1.287573023972524
1995,7,127,0.7802928983201822,0.7206520205437202,0.7990723513873966,0.34785483963078223,0.5969405342022819,0.45342454591540254,0.6415827608296527,0.5372663336829073,0.41476847419082025,2.0585742383085563e-16,0.7778625135710727,0.5385147042243734,0.5362443593325934,0.8025331765767892,0.9043361166097896,-0.23547106997224188,0.5281862164766725,0.9504378480968578,0.05684633294169667,0.5513052393361305,1.9348855490094514,2.2732346182111507,2.041095105911656,-0.6849315069999964,1.049029378317396,3.367814647589692,0.4285613723056496,8.658531559712342,-2.343104201927373,-3.5258990275158046,-1.8540402675049603,-2.0850448211385646,-1.9914866306357915,-2.634430630636869,-1.5417662691503886,-1.4959294624269273,-3.024361709484799,-3.3001245329999898,-0.32204521812297865,-1.3520085480909596,-1.8333577557349718,1.414104149131479,-1.1951580255537764,-0.7878628292151191,0.10655196540261157,0.531981844874219,-0.4279631903245398,-0.7267584059000454,0.5142021621841669,0.7126256977871325,1.5277204963450413,-4.4364881694999925,0.6865408598586487,1.245731017322467,0.13646817588017526,1.7384429042316336
1995,8,128,0.5101427557732261,0.9972666481427217,0.6953005544619175,0.5751378683697873,0.6000770214340806,1.1859282185111504,0.7026719801071031,0.7182880558615398,0.3211696237324658,0.4238527548796491,0.7785545284872485,0.1035951017885578,0.6562787291079899,0.6331505019355468,1.2069966065347926,-1.0756226571656033,0.49048843848168255,1.0595840336241817,0.8885319005602815,-0.7943591162825375,1.3817031490233609,2.3690230902626195,-1.5515091086610309,3.0813186053785313,2.4613046393336337,1.3823465228319443,1.7522307306700204,1.2572232790951345,-1.764814715852482,-2.7988855295676243,-1.4082752327291972,-2.345745753739842,-1.4541946263832835,-3.22606795244839,-1.6828901821416946,-1.7348071939614058,-2.0411632655300997,-0.9262441897283787,-0.7154758965634027,-2.426319166276217,-1.6185647200354227,-0.8692054654309808,-0.028587564654726824,-1.0124922028820669,0.006957367528309295,0.24096683840533967,0.403799448921249,-0.20524222174308474,0.6207672801607887,1.1139926455440865,-2.508451139812997,1.6092975480700098,0.7793424020046488,-1.0672017487332142,0.211323050320969,0.14375940955976285
1995,9,129,0.8486184473335471,0.5134345924187983,0.4040944633721617,0.4104412541636243,0.6825423439556985,1.0805914647588848,0.6805687649085451,0.5808917010343614,-0.029879585422148185,-0.008874470232253419,0.6318959340700706,0.14598435350916672,0.47465020776488903,0.28994106593314745,2.1524913437867563,1.486080363389599,1.6374466499184865,0.17685363612344934,1.0155250418279125,0.2397726321752015,1.3546627175790291,2.088518297700676,-2.2597993696801324,1.117605745363638,0.29620032096371623,-0.46642102129320995,0.6384139233749375,2.06898073160056,-1.7701852087740915,-1.5480722829474127,-0.7685598205593501,-2.4876189026837965,-2.065166444636733,-0.5536972180678924,-1.7003038062153921,-2.314547440934576,-1.4546265273466483,-0.21233745309768823,-1.319197768521187,-2.102981949680841,-2.4253777874280176,-1.1826270777688184,0.4434694017242907,0.24429247468358012,1.194020489841196,0.30476490097617015,0.42694045934993685,1.00490533308295,0.13368117653140077,0.11929068648666662,-0.7345564649330797,-1.646567048597168,0.7632209390806667,0.7136362997778628,-1.0801618975466352,0.7159480229439172
1995,10,130,0.7523862541540198,0.647073255121144,0.49220677109134947,0.6843958629460966,0.37282286630541567,1.0703745284684276,0.5863745018046992,0.6392747322563912,0.2976793590595282,0.9429812575339102,0.9031830994781956,0.749938266421816,0.5144671255749536,1.5827240155731932,1.776067261414128,0.09432613493736935,0.4807129618283455,-1.917885650111508,1.2237084463190158,-0.8532681257861853,1.5114451484993128,1.230627016029872,4.060665778339362,4.031995677846211,1.2801246831631379,1.5877249909739382,1.114514523038044,1.031493072035044,-1.7569233134622575,-2.9321496424905655,-2.51473433238436,-2.949550135640245,-1.9439163199281615,-2.4134999361511085,-2.3461010278189964,-2.674552398350599,-1.4169485556080188,-2.160649645247367,-1.459510710391958,-1.1174690513977077,-2.653783965181772,-1.1389895208315328,0.9684113340855282,-0.6196254632402076,-0.5030098458637814,-0.9399475444695566,0.6991099744840311,-1.2206914277820708,0.00020026276004177278,-0.11754456652709534,1.0934847686340097,1.364816854195623,0.7622217983291248,-1.7004544501807364,0.28340550229522726,-0.37071745222301833
1995,11,131,0.6354957788832066,0.7608630340927828,0.5844897588212675,0.5079547484362023,0.5878668971445572,1.050177894009074,0.7006876290348062,0.668686420206338,1.0245937697913892,0.6532099217965052,0.4367362319291703,0.8134448659809304,0.7667199159810456,0.48888964739068663,2.03530173573439,0.27382238934768327,0.5554002795198651,0.9683816385887978,1.3782233740569683,-0.2895103160331447,1.0542290194259127,1.9146485775329822,0.2590898551260698,-2.619499605222756,1.1386642614016422,4.34120555505323,0.6605778429992579,-0.7614373216329542,-1.966127445985385,-2.837777948098754,-2.0365180827745704,-1.4398859208612889,-1.8397937975496534,-2.202407122958095,-2.2813619039068564,-1.640546184803138,-0.19135518584425149,-5.960096807995543,-1.6319726412343571,-1.194041231460369,-2.375456961982513,-1.468494237730206,0.2871782138883612,-0.9912425605093368,0.8983611522969983,1.5057111646203447,1.0963475041157034,-0.2461405328901309,-0.27242268284704857,0.5495613546590765,0.6048037520643464,-3.9302241856584033,0.5970668514845707,1.2551023094446379,-0.4450411464280576,0.5436727715182228
1995,12,132,0.5555219569111016,0.32347819129964717,0.7425777856017587,0.5901698391098971,0.6541324605924395,0.7709150867678504,0.9016309881060885,0.7167389140493693,0.6537635937328798,-0.13645297843733706,0.44024955907258273,0.619897067122529,0.5750825164175168,1.3448130939020657,2.634018594675086,0.46373385015398094,-0.13931888001648055,0.7039990868766686,0.47767680689211345,0.09073995316474796,1.1470485583178307,2.216566676430119,3.471927141968498,-4.296434669316826,1.6862319090352522,-0.6476322657993454,2.1351917570144385,-0.9963644190732153,-1.5084348205326685,-2.9443922825122013,-1.8924170930555366,-5.02741797051668,-2.2461188529990284,-2.195239830692074,-2.1168885806070623,-1.83800503812711,-0.04392438427721076,0.10314491025906933,-0.8045008400719139,-4.7483533400766165,-1.2565767985487226,-1.4966508187611052,0.4710907886953611,-0.720368536893774,-0.3830141964782239,-1.2762014205156904,-0.0682735802245012,-0.15432314533369257,0.03153596283679028,-0.30945779028356774,1.971469676343794,-1.23854885728709,0.9305475895842608,-1.4004659084199405,1.2569089982189976,0.41448201380576105
1996,1,133,0.6259394403973357,0.666532334425832,0.6814701546047836,0.7661617617648294,0.7016805376194519,0.5934197136156926,0.46110887569444303,0.627897206615168,-0.11355926183657394,1.752581125037486,0.5882078069570091,0.22653385233863163,0.6465308718147832,0.8718383077835661,2.327209280430077,3.5872780809093774,1.8825638239628175,0.3646307993983583,0.15774818310961825,-0.46103552427170263,2.3621740064873293,2.7231889116046384,1.3459431154150168,0.2142354649744368,1.1886645262551825,2.7058265473902448,2.561742733716274,1.2257353881421693,-1.7693468563780963,-2.008200208010266,-1.4062310822768864,-0.7938210494768516,-1.9486048771874567,-2.5535164933754646,-1.216889746182627,-2.0946179392282023,0.5584411005439526,-2.4369910280531455,-1.3134632896601286,-1.8540904396335915,-1.3063084436767392,-0.5114818698792655,0.19573154633685555,1.2281989230297687,0.4782557630327368,0.24706405369072829,-0.08536209364117518,-0.4076665046931151,1.1532744760523406,1.3224825260807276,1.5924123589614436,-0.9501105427360357,0.04208730574534595,1.0050543583734957,0.1404741316632869,0.7511270954486592
1996,2,134,0.5070140770699498,0.9344960717299374,0.42658924063065584,0.47796257089004146,0.7388010410991199,0.6104191359219769,0.6227470417902079,0.7069746102685518,-0.03596802596552992,-0.11263227088278698,0.6554237074401191,0.7127612114144596,0.6726654750910225,0.8697640598444653,1.4106628750325962,0.6814591677441131,0.14301609226644976,1.4753444938251812,0.5350581352450334,-0.3096978050547745,1.51034726569023,1.9565480501016548,-3.205168740606688,0.4177326803557831,0.7788869367262433,2.5273855278462554,0.77010557975312,0.3816501894732667,-2.2137526432339034,-2.1549705526372316,-1.857536385701006,-2.209410480285568,-1.8679823218219733,-2.4359985889883653,-1.696030321576388,-1.368514464021548,-0.6806861393875302,-3.4198524119594116,-0.8363252540822909,-3.3131511598535526,-2.0053753200575697,-1.874755596930456,0.25791824712750644,0.6664451810061104,-0.154226683211709,1.0816413072918574,0.014649108181109687,-0.32639809930087393,0.5867357803333834,0.6687643518841521,-0.3872447465092359,-3.2507419969990625,0.9163570325359903,0.7664398968790529,-0.614975545657796,-0.6918782595947409
1996,3,135,0.7457069844540533,0.8051492348843433,0.9899172835762031,0.25812759514702543,0.617945835115183,0.48908659957055073,0.5803800764774674,0.5864932931483146,-0.026039156014882058,1.2390256523308643,0.4142084684628901,0.44031702824346114,0.39798093910933335,,2.436434565959733,-0.31306452236357113,0.8966131759486566,1.196417348947098,0.7344437677640031,-0.39726146368930043,1.7142461716824389,2.8713923178336396,2.363423489080833,8.556424893484694,1.2009917240860435,4.40122177397951,1.5846341073716805,,-1.7924889099150974,-1.9450141817842723,-1.5417652826735737,-1.579572593983047,-1.810449801485995,-2.1284444686142305,-1.6869414998779646,-1.2041806229004777,-0.6035906406569381,1.7186784481002315,-0.3533198843511597,-0.2355384831522409,-2.021773912363349,,0.8999427198975471,-1.2121164803249929,-0.3783648188410071,1.1347426028774483,-0.15945729284951324,-1.026992821984814,0.3475088894856393,0.8765705964365408,2.6608316262183176,6.876612073051492,1.1762565936368117,3.7192823783769184,0.26313888150420245,
1996,4,136,0.708212875192232,0.18925531904688211,0.7071081201840381,0.6881069462382778,0.9331814195015371,0.7094465863761111,0.6690962629101477,0.6712517948013045,0.13144124809499988,0.11981859028488584,0.6315475206652202,0.4740381091427598,0.437631282797817,1.0233885208981015,1.3400567757093762,0.42112190108361724,0.9599121925396279,1.8121014906764379,0.16099345146146107,0.7718605187175905,2.004114168878668,2.4387042289862078,1.4266999022635745,1.9767060842084865,1.1078478789765644,0.21532899061958,1.9852020058743423,-0.8981867527781461,-2.1028491182642894,-2.576331614020679,-2.058930380928038,-2.2260440419442324,-1.6701771109387793,-1.856408001102457,-1.3101626082880267,-2.0694919859533676,-1.2813190943651027,-1.73278462930492,-1.1528292780593268,-3.440645405454913,-1.710078842055709,-2.430989102093485,0.10322312399050981,-0.6429280343957087,-0.09456808266860167,0.21937489827541057,-0.00034175541712487165,0.2125293882480751,0.674953402529303,0.8833033360038102,0.3578051958607933,0.40271179343828295,0.7835807388068736,-3.293517753817189,0.3682370002342976,-4.132042290117789
1996,5,137,0.558383964000814,1.2845764893950318,0.4586137077283905,0.5930752434008884,0.7342446852279209,0.722424160655033,0.4516768884618512,0.7932538571200106,0.15931234060574997,3.760055261294721e-15,0.7945551667519813,0.9623096284558643,0.5243496202657115,,2.1167632855486667,1.1385342077858431,0.4625147891555904,1.9605098264287286,1.1048331297460772,-1.1429576351763282,1.6880680698686201,2.0903491736934963,1.430669645635237,1.8348623849999972,1.723512186721841,2.1589027012006743,0.7581867080523113,,-1.9756360921880707,-1.8720611898121187,-2.214407763223678,-1.4383506778630093,-1.4661889214703783,-3.2118464112252805,-1.8093813931465992,-2.054339246208198,-0.4418989094790045,-0.9174311930000068,-0.9023194675090206,-4.038184905076624,-2.44708320706544,,0.34455756110130514,-0.2158344215826071,0.1162356870509154,1.3520114468698832,-0.3102441871355132,-1.4128672110633704,0.47994995661342416,0.598001298247372,1.5638377755474278,2.752293577999989,0.4982715144563205,-1.4274125354199316,-0.2772761498749175,
1996,6,138,0.7432050358064595,0.6967751209882103,0.9503158190550173,0.5031493540403199,0.6705893516693292,0.6170175931547127,0.8380446674935031,0.7324302209367575,0.2984761264410122,1.20694238244766,0.5663286951280737,0.08626709116778905,0.6722734301560165,0.3638643177182283,2.2017418906445765,0.9206250732763438,0.7625618706708801,2.522997652332579,0.3793415718026373,0.2670321966592403,1.7017150818222126,0.2831174208540996,1.9189073297809833,3.4930761925766736,4.0076787892943875,0.024534178127974073,2.3114282652949365,0.42377548201910387,-1.4497037690694037,-2.3708979598823707,-2.3050385215029725,-1.1670771547829966,-2.0875833653367852,-2.957286324650295,-1.7539066403604682,-2.8193639700630273,0.254492356347204,-0.845822979165555,-0.8691431477190188,-1.6149429043142631,-2.150703256153207,-1.1190238319906265,-0.10993360946331004,0.6539982669130716,0.2518662423690658,1.4697599368184653,-0.3523037164050048,-0.4034832424120748,0.5134893605750713,-0.28373501503114573,-1.3436400050408555,1.0270148002424333,2.2104392858126487,0.3014527038985886,0.49562113440733496,-0.8357896009987794
1996,7,139,0.568312369527901,0.5971118368429358,0.5243315540376328,0.9888645617314819,0.6942094236287415,0.7003373225706793,0.43048882284029405,0.5039097609374984,6.390449587553981e-05,1.2578009245339172,0.701897132263959,0.9915169509977056,0.5335548386945158,0.3062009193904024,2.1272006520975264,0.4282285339300478,0.34147428232735505,1.0758570871862698,1.4299495588372952,-0.24538984028663208,1.7905504959158909,1.5249407371762724,-0.7734665360479673,5.254708161422894,4.247525724001491,1.5195580028122448,1.6499695218152324,2.8370226018267175,-1.6510055196968279,-2.8731910322676293,-2.141103080836211,-1.9719648043289926,-1.4879355085521049,-1.6730480092938864,-1.7527281638126648,-2.3410000545761314,0.063216482347397,-2.0629091924016634,-0.8930133593189886,-1.526083836078563,-1.871194821512897,-0.8139087022787432,0.42071219023124845,-1.9151768845551045,-0.5859767484915565,0.32153319590789,0.10658914754070778,1.6417883816703838,1.0075538171549328,-0.1416319703967356,2.667032919196199,0.11770532311710746,1.8174467766142206,-0.6399150420326738,0.7453101947681672,0.49597131426169955
1996,8,140,0.5615384603950595,0.5985658796369764,0.6168096745712687,0.6471568040691054,0.5158120690489838,0.8957653723847517,0.7090148316048531,0.651884005252602,0.8384380681403184,0.5877195950626632,0.6458107444124882,0.5053396452923471,0.3817684030273072,0.033289510898102066,2.015618936886624,0.8505247261632507,0.9314610947048496,3.7251070452415154,1.4280781702463587,-0.397575502300484,1.7980505149112582,1.816014042976593,2.6802768714666274,2.7883599556831453,2.0210466447414257,3.870179598586167,2.456018570238647,18.01364878722183,-1.4431820809046239,-2.880859148533868,-1.7074192995056614,-1.2602271250410468,-1.5283610710777136,-3.1076891813189698,-1.5089144526007254,-1.4940888097229614,-0.836189583426618,-4.014452901740927,-1.0568414749174244,-1.595053445475266,-1.5577795275534712,0.5393079279065229,0.48366061634544866,-0.06488736448694823,0.34092004256089825,1.791627075655572,0.46159309595964365,-0.7358355883051787,0.9961918950344844,0.7347785781780247,1.594131506711243,1.373652188212898,1.18432223621939,1.3080144817633685,0.644788526846647,12.106211104882204
1996,9,141,0.6353994242059081,0.5849841273712802,1.0908841338996895,0.34054545200554787,0.6620896656902469,0.8196680544330186,0.5288213892408762,0.6058608357206233,1.2856244356084834,0.28230694205427165,0.7090680003837925,0.9698370220409228,0.21819155940122273,1.0813100277913703,2.820713764550228,0.68720144106587,-0.10800767764852626,0.3156685130135749,0.6009669355276253,-0.8998085124100568,1.5732193035582633,1.558998494957872,-1.520444410468963,5.193004725113582,1.3003427471970221,-2.0060227101559662,2.036536168946906,4.1120441202628815,-2.0340516597868716,-3.208033671260199,-1.7743869247955486,-1.791107453953631,-2.1872570270593523,-2.7239164134447464,-1.6896108889628876,-1.4848679415989368,-5.4245224396504526,-0.28494369817834514,-1.0527979966988712,-3.3943521977347464,-1.9345487504207952,5.6172604075698915,0.7903659290563857,-0.9720947853521669,-0.3049944001413265,1.0453045915717292,-0.3689705894548409,-0.8451358267631705,0.7310859877021365,0.338397337103665,-3.0096770535022324,2.9468800458965725,1.3236776666120056,-2.4905228487440136,-0.4137180317246593,4.217744655178814
1996,10,142,0.6543722353707752,0.7942087112789482,0.7910013392123719,0.206862859715964,0.537481691930078,0.9026105598162599,0.5874706748457532,0.8665679048467728,0.579607881362986,,0.5963145902399163,0.24079487427938942,0.48121347108792134,0.8857682995779,1.111728928673155,0.3984878704101631,-0.08960010267240254,1.5242113942857816,-0.013303976473933098,0.3598726669429543,1.1893381469776583,1.2205909535808597,-1.8465682435292308,,-0.27623771207312087,2.1972247185333003,2.1647097651968124,-0.6186003356550638,-2.0079962464166257,-2.20302092270562,-1.5654299597501,-1.6253990402504872,-2.0097243096668906,-2.027717199139145,-2.107246960436848,-2.554983268554587,-0.48986085697477644,,-2.4673176477521745,-2.095314280730061,-1.5165999186898014,-1.9674709591033521,-0.14697156634692335,-0.25337368837931606,0.025976549546337355,0.6890024222089343,-0.46468451032656316,0.004942253414333591,0.31569465700479876,-0.13236185438336823,-0.20933854725314338,,-0.39594684130190944,-0.43012739750250756,0.934334257131003,-1.3802348502279762
1996,11,143,0.814770077395333,0.5169143177722672,1.0031637536465605,0.6012373965157906,0.6643546328285079,0.8284575427918622,0.7346877008738784,0.7779517231586115,0.330283771600467,1.2817962105719027,0.4622934613223525,0.9986554607956093,0.7555514473572918,0.7044304508981015,1.9269552510105303,-0.34940961527554426,-0.06927015061995043,1.0548886050191957,1.2521832134737039,0.49331775534312633,0.6262028504386,2.3806077128817242,2.071060565508406,3.121236417472874,2.0691325143012764,1.5890558705420361,3.4277127596853916,5.1088569052218515,-1.9824631451664363,-3.68716086029266,-2.505380830831532,-2.062402385564812,-1.9335835184520327,-2.3320613396534684,-2.2724157894989863,-1.5487384450182926,-1.7130556098606804,-0.8382379228350032,-1.384297207870114,-3.1880691708017497,-1.39713501651609,-0.802973951093478,0.23950666140241708,-2.1245192900869925,-0.697510828754425,0.30396379791579636,0.46833759531429975,0.4696988524629202,0.042302541966046214,1.4687444944814811,1.5827414947293903,1.4034646197358671,1.2761586830632696,0.3637930974170367,0.9179585685925633,1.4895936998822121
1996,12,144,0.5696295865108599,0.5518895720812247,0.7588224463768247,0.9347180921034269,0.8967820418920762,0.6012535930819235,0.6885663476476966,0.6928544955508465,0.3888964803979584,0.9960229396963441,1.0143734466206726,0.21819946728678102,0.4936073384382436,0.771233112994949,2.0181747836956987,1.2439306756553246,0.9817347370704874,1.8916171414427512,0.6606571373373044,0.4868229656948859,1.858281723036009,2.31059374644341,-1.5983144528203184,2.626772828853204,2.2442450162558387,3.950447083782158,1.933779363941535,1.164298031041081,-1.3873457631793815,-2.981741815925818,-1.7509597956943659,-2.2916072625348414,-1.7426531041317286,-1.6608440053048346,-1.4341621631253028,-1.7830194344243737,-3.1188378556943297,0.0765780525913924,-0.5510788527555468,-2.0170445614170776,-1.9738467749489594,-0.8621637986058178,1.1690790453334103,-0.5935767849540134,0.35861098938394986,-0.3814969786798126,-0.4022222010868645,-0.33217678103968806,0.7566733756659724,0.993474035322999,-2.52578645783806,5.345138318145125,1.3776741655808986,1.9275543807330469,0.0822061741051547,0.628679528100288
1997,1,145,0.6612426869729486,0.5024488484212141,0.7806388954741346,0.5526269290612245,0.7810553351955963,0.6124674638775555,0.7797573131350024,0.7478998790029857,1.1789107865031268,0.23295916668278843,0.48790416041881657,1.4843663748693368,0.5273811279787852,1.1661077706987402,2.1447884932592385,-0.6552408816502094,0.5241811038549486,-0.23479418280883183,1.2737106352882825,-0.688389971289752,1.3549659980637931,2.0962857922323,4.512112310021103,1.4692377676603767,1.8267030176623666,3.7139607409900917,0.9827528403236231,0.43855997593593754,-1.4948773228100225,-1.7880130989147716,-1.635207409785118,-2.3381936351565877,-1.592783362566784,-3.1436840300642612,-1.9170269440082708,-1.5268262259021195,-0.28950853851306024,-2.1742167171557694,-1.0732830184455715,-3.0353554446884363,-2.1746602798015786,-2.1095337104876077,0.36548346928502057,-0.9275118251899332,1.0012825271941788,-0.06926490966571844,0.30400497328745446,-1.1669545525607947,0.3874559219900532,0.12563758463908295,2.529197328058127,0.5513624081016274,0.555428454229861,0.2474337220557486,0.43512940920832877,1.5348223861895156
1997,2,146,0.509975703730261,0.6191264812279205,0.7501874081584021,0.3711459517425013,0.5596542833613116,0.6233264564944119,0.666524579909343,0.6688169229399824,1.2623171615448265,0.21202008298598485,0.6190255752131041,2.5909245444558664,0.5007674795501249,0.04849911138376296,2.530629527855054,1.1635361825160206,0.4403687976799553,2.6941798483423476,0.7447001642614423,-0.16458785119062727,2.148458564164076,1.7433727661878884,-0.8416307115577576,0.6554554538533067,1.7244171173849348,6.527243645200638,1.6591096944826875,3.2959765768954474,-1.487234334054454,-1.3217600485113505,-2.0434612945259096,-1.464785795051564,-1.8895283183877634,-1.3805974118695437,-1.084954830708198,-2.757503413524516,1.8269890715774746,-1.4285836645473513,-0.5102108328203667,-0.9636034750766457,-1.5257810342634526,-0.966481187220803,0.9967554991132314,0.9466309811389388,0.22005369809106295,1.005047247102734,-0.24308857766946215,0.42796929953037166,1.0513074360761638,0.1800202300317085,4.463932172756671,0.3750550017685851,1.6355176678772398,3.534535713580042,0.3945280121712319,1.5005362933116049
1997,3,147,0.6388601966732708,0.7309913983622579,0.5088160937624006,0.9598858901718061,0.6881333590255397,0.6805345909389969,0.5828780015730266,0.6166589755296374,0.25807503911120444,0.8418031591977816,0.6638746106602464,0.838040622955865,0.5503110367362333,0.1234129815088373,2.1983402996420107,1.3905586069031228,0.9495998434398134,1.5844469655755733,0.36401073907004455,0.24218574589995362,1.478124051596456,2.581200908431436,0.46585571043079227,1.4442185302817276,1.8688921448168492,2.6925284322006533,1.4063229153125703,1.7063352175564261,-2.2919558155689574,-2.039536543434276,-1.769450345986942,-2.4205219030149494,-2.2004999654786666,-2.6436767899386733,-1.7290935774961693,-1.298568269745043,-4.754622600824205,-1.0216337051520747,-0.56437217543516,1.0641542754233764,-2.0087459130379384,0.37507247137940253,0.2263303542450354,-0.386490807637062,0.1562751583747496,1.1433212431197655,-0.3450687770535969,-0.2885391357497985,0.2622362360340413,1.059912798973214,-0.6817677999602105,2.708509866115852,1.6364410831632665,3.426388634080052,0.5270378121761868,-2.2839836303534047
1997,4,148,0.8488132621518707,0.5675069522972365,0.801978107136339,0.7687252062754045,0.5974851824629932,0.5061042642481254,0.6105604811268617,0.5095000423960147,0.18971522490824874,1.0370409087965058,0.4856869277464573,0.6347972181562247,0.4823938234310634,1.1202970138007868,1.6094450249469638,0.3160881298373739,0.7936370709513032,1.9762333827415004,0.5111296404225261,2.0838479378796175,1.7848987833078502,2.231654316738699,0.8686776636320945,3.7551564182772457,1.3833229370838873,0.9928374530001843,1.2560801360267577,-0.44608998669451017,-2.019808061069557,-2.4475953269276487,-1.8445940063378476,-1.388862080062543,-1.9306796657852712,-1.010462821737838,-1.8116553504211068,-1.2246024904214043,-0.30570424139320185,0.1715531332544553,-0.3682845252682234,-1.501365743243914,-2.1130839679665487,-2.1501847262252687,0.21291312848781896,-0.4757245432691038,-0.21156274178084306,1.2657392805734868,0.03473588741602527,0.5810180995801374,0.4401767090718663,0.6603081573817868,1.6263060302312045,1.7721641598416042,1.0318432656966918,0.3754897355746821,-0.1507959302985982,1.3112018315733087
1997,5,149,0.691533644486578,0.7064538727590742,0.6101484091967307,0.5653001772671908,0.5982492726033426,0.648832090304945,0.7262143765784558,0.5594436179403316,0.19489199732744028,1.3511650250339173,0.48548202506150956,1.064503896076584,0.612007373495753,0.2440981791252352,2.296597675619275,-0.4936046496768445,0.18162685286257071,1.9580238774307612,0.3103397283966874,0.01988168917153615,1.2861210826889606,2.234558513221709,-2.0172970539785164,4.5249421394228975,1.8869902083223913,0.4337321831757065,1.481950271597318,3.4494119853241134,-1.93730897037246,-1.8399099800845597,-2.2182896212271026,-1.352692878813103,-2.6458005526999004,-2.31855688864637,-1.6224514363634013,-1.1346184211012844,-2.7294089813191187,-0.3962987079016688,-1.1297005747534818,-3.1483302968393616,-1.6298681858995854,0.757711890275109,0.36249603535250846,-0.06422062479512523,-1.0405221920645182,0.7283950105685434,-0.3564242053363768,0.1554225331570743,-0.11168207789381952,0.5546297826832431,-0.5071889768392283,3.1377159756171187,1.4134866166856763,-1.419106454638946,-0.3528488013344485,2.5744522456097276
1997,6,150,0.7409024020275764,0.8735001582267802,0.554350122073356,0.5438126610970726,0.6230204704184411,0.5600614278002036,0.6085052556380997,0.6231799819859493,0.0021726085941981403,1.4170497140954912,0.6659415436798231,0.5697833951195361,0.6342011157721192,1.0266605585001563,1.9408421677801453,0.046632506994421806,0.9732277430158879,-0.15609404351969222,0.391420172447025,-0.1624994860313831,2.7594214170899227,2.715176260107587,2.3900597464045523,-3.7664296202653156,2.1667042465182997,1.6695263480812434,3.140238649181508,1.2487107103393074,-2.1106507075943766,-2.661734298552081,-2.2452390389672705,-2.6052457656554866,-1.8328291723545977,-2.82891192237054,-1.0797287887120415,-1.122804237345177,-1.2629139719278455,-2.176660283407101,-1.240424914216517,-3.7168204219883942,-0.9578304521239203,-1.1766881430519731,0.017180894933779434,-0.26413463288914657,-0.27463976533742984,0.14728729700246304,-0.32402753970544457,0.05767050482283716,1.3299477245901392,1.0303868845618112,0.17438720734606247,-6.492376174256708,1.1384866468037775,-0.2688682229643613,1.0823114734101735,1.9491652331301
1997,7,151,0.681801411260082,0.46571135866968016,0.727002348016949,0.4450442954108899,0.5959627560436774,0.4761925946243853,0.7670705916141324,0.6761231150030317,1.0079736676359532,0.684060019605083,0.3190035286284758,0.9790170058817738,0.7223636966797495,0.523641218020252,2.143913556613311,0.05983864540199434,1.66229384531853,0.8469105750096271,0.3686925592900704,0.6797114140622761,2.53071352180222,3.0628634127753522,3.3668835192230304,4.434911759420916,2.113935012997021,2.2009086158414086,2.5971232226670864,1.9109965916887792,-1.7220508295419403,-2.2275836950832546,-1.8787300865942549,-2.486692795636789,-2.1147037945829945,-2.0033625170946565,-1.5267803647697946,-1.230613272013056,-0.012178930303241705,-0.7672979099639062,-1.1986021864229206,-0.8922465705413676,-1.86366483834903,-1.173213058598902,-0.04776450999465351,-0.09040814626642546,0.5926621417588155,-0.4572976729848396,-0.14919135368445952,0.2883836643269682,0.5956139962256048,1.434509263746324,1.3602313809796065,3.3764237868211735,0.9500329999758022,0.34832166174924967,0.8833610707442205,0.7434484908351063
1997,8,152,0.686371335014126,1.617504814581137,0.7286591896146576,0.3513577784923444,0.6281113462019481,0.9857904491915532,0.7545533223087361,0.5042270768665211,0.48652606086409783,1.2983150717677447,0.4291412398973645,0.5778848013315198,0.5616673693989126,0.3985773804829362,1.9771050414672982,-2.545660568518643,1.2157779437839122,0.5385294243831592,0.6376898263514049,-0.35888790012071237,1.4470917755865604,1.1226967593036894,1.714423224674575,-1.123290612636365,2.1654414906338166,1.6935793443703644,1.6519670762016225,5.212325336410798,-2.0896607131158276,-3.309181813685437,-2.1363618881610984,-2.8490687427702954,-2.077086028297302,-2.024172065890092,-1.9586261061150991,-2.5546630384252618,-0.6550413302373673,1.094852088902319,0.0014805532068552108,-1.2412226317490278,-2.0000146443542475,-0.7727353454029102,-0.18477893624076755,-1.2636788233996115,-0.660880136014593,0.3436212010369867,-0.6829022257614004,-0.26585156903034923,0.409664736117884,-0.035295467251118415,1.9149650960482,2.5551136234028333,2.325720260280562,-0.9703305195435417,-0.5290382040956213,3.230308670836717
1997,9,153,0.6294637071157544,0.6718627036051922,0.8465333321815204,0.18233548766194577,0.6174134264636205,1.279807397146467,0.5140452525345904,0.6826803784782964,0.6461553809661741,0.30273601810709644,0.5874226170417006,0.640352427250334,0.4984266168256331,0.24520031962753483,2.50381194159302,-0.0024054981677184978,1.7747157960752933,1.7145565742023008,0.8050068670700136,-1.144163091068439,1.2327340590741915,1.333632502274235,0.21706337686747848,6.096521965398654,2.276011186692637,1.4235729905583259,2.035900170120619,3.593609916663564,-2.174904204397722,-3.128329949786876,-1.366741987394543,-1.788303385105325,-1.919832749122212,-1.4678714050493984,-1.8255778648895797,-1.5392556537620468,-0.5072756496455136,-1.4248067517093739,-1.035534500171196,-2.336829805325559,-1.4228796836743247,-0.02094206205119459,0.03302276918934419,-1.1744773056437088,-0.16409411759469708,0.9976686891329998,-0.39632480500674483,-0.8187472349022095,0.1693347857941236,0.6982703244072233,0.49540593177669134,3.5781030773441733,2.118563545097389,1.7375702390804904,0.40683790681047344,3.814135739908153
1997,10,154,0.5357345983789397,0.5385739220241137,0.5907295431062624,1.0260378055789636,0.8398922526926278,0.852509748082917,0.4806378854705045,0.6716771942316911,1.3948766868946385,0.046640392431372905,0.7488231548833769,-0.07379051867625722,0.6369050298578633,0.8469192416682627,2.1919467182047665,0.7148965573731197,-0.1604259351471768,0.9643248268023495,0.8130080327408136,0.7966857581883267,1.5537798589783716,3.047307426119526,-0.7761490569998052,4.673724202281081,0.9261747904042579,-1.003042341605517,1.3357945616000142,1.5409146106222287,-1.7677147266948625,-2.3330492548861015,-1.3031698409232053,-1.8745882109307241,-1.6604291782470344,-1.107920846706474,-1.6669322203451624,-1.2287874780860542,-3.410609222746507,0.05872733839417734,-1.4499192948623811,-1.6190548862095095,-1.697967682001213,-0.7469901355034823,0.6418276307120316,-0.09147832647961313,0.5440841898239779,1.0812574557357222,0.2020868752082233,0.6734764773746793,0.539855550442176,1.3608285567514342,-0.9214162760790973,2.3321416159339203,1.7580513120771584,2.4342588259944855,-0.42263339855107696,0.23223958983923404
1997,11,155,0.6348862892577074,0.6666408991643434,0.8847530862326964,0.6337035596714634,0.6458657204950498,0.4932818777811328,0.8083556120602675,0.751976760675278,0.3456517529013943,1.1385166512210272,0.6067619898948342,-0.07021667596374725,0.604840115747661,0.8193672884376624,2.138236194119082,-0.053776368911224226,0.37616653950959994,0.8745668153730324,1.174286963059983,-0.48756044796770337,0.6831958273470159,3.2378736390548943,-1.0359874623448717,2.0828957246776616,1.9392324760777646,6.773759374144712,1.382523159496389,1.1387926609700056,-1.6053640465616483,-3.434270766125484,-1.2300361864976295,-1.521529206948377,-2.316438721601842,-2.3243039884717858,-2.1272481740901643,-1.4037559474624561,-3.485788600325214,-2.5184337813669373,-0.40798360182034094,-0.4503932627171203,-1.8944707166666117,-0.7268241173809471,0.9858323700863165,-0.7441145399444478,-0.3016975951687751,0.11103293985168616,0.2591411927968449,0.23954983363031906,-0.19333076806534305,1.2809781468622732,-0.07842811976527583,0.17017274254974543,1.8885312054826184,6.916740111785594,0.6740678440349867,1.3105855377527178
1997,12,156,0.559738154360668,0.8184597367623805,0.8523801814561105,0.5363339928268618,0.697459092711344,0.6345954109317381,0.5845912023164537,0.5706657684853336,0.4976666706626451,1.70559448087807,0.5615046627050059,0.023856424249528944,0.5477621136168689,1.553863141813947,2.3618347423052963,0.6562026543055831,-0.18478177624428638,1.205061673724249,1.8782770712957049,0.5313563776723004,1.7482740628635276,2.490014206560102,2.216331303482573,-4.655722505083656,1.1543773928784211,-0.30125861375696045,1.481568650077784,4.427410020048007,-1.7373356472141794,-2.0094482020373383,-1.7982194244450638,-2.735216834401906,-1.074686142427754,-2.125040604851587,-1.6754958384283842,-1.6998544692308233,-0.04240068725187537,-5.525930300235582,-1.6796456226960637,-3.4438333513595794,-1.993788060725588,-0.07262375006648993,0.72091784306769,-0.3940537773533916,-0.30594638778592886,-0.5458531477942196,0.8601715522552706,-0.20592099824025945,1.2784719796893664,1.0699862010201255,3.2724738505043955,-3.9885020773702196,0.9662411254961747,-0.21269865182018718,0.17951689030641682,2.183836835863025
1998,1,157,0.8921892124998395,0.5861434109154078,0.7972997162178079,0.6206425292475005,0.6518754995539319,0.35512199689796775,0.6863237964601352,0.576088391766663,0.34013733510920025,-0.008874470232261136,0.5325088630653619,0.6181372452786845,0.5349366535221947,1.7414971701265947,2.154568308852146,1.4733097271926714,0.5363617314112995,2.68419886548669,0.6229943077072425,-0.0007243780196670522,0.5407866366496291,0.5078029163690188,0.8900413478776797,1.284690123363624,1.3229686935024567,2.760144519578242,2.34942905445718,-0.021610819767751175,-1.5718809412172867,-1.2127583629918002,-1.8996481476973128,-1.848373343505454,-1.6834666194441028,-2.377097554338353,-1.949602309256563,-2.6612360887069246,-2.08424621775795,-3.721109383097681,-1.3173706073308502,-3.8371868878993767,-1.838405273271795,-2.8138516587844737,0.7136870782226913,0.7140766748686806,-0.19687142006316105,1.6673309587194638,0.10432963389757435,-0.03424156789715373,-0.16070527453025554,-0.5373752591626545,0.09064079619988884,-0.9364584435971731,0.6014124977834201,1.2563661809731155,0.11634651972506904,-3.0765905919736816
1998,2,158,0.7544143922431982,0.35726100902128977,0.7143076949069703,0.7326666571673373,0.7433069942677538,0.9649031422898215,0.4548941234664677,0.7779127075271528,0.4760975288653705,,0.9235911654059177,0.5870880553485391,0.3957674522314836,0.8258033279319678,2.7031854205934054,-0.5518059875773815,1.56717044255987,3.634908100473926,0.8323766532463643,1.820312615633757,1.6049763840664992,1.8844067577663126,5.228374716446737,,1.5061044576186797,2.8513320907182993,2.5852368853101986,5.743953768399552,-1.4329227044922255,-3.0775542371746174,-1.51650121138826,-1.370614780651192,-1.2013246599206688,-0.8560505179921651,-1.7909102818135019,-1.5970595113323391,-1.075588654233686,,-1.1426147469131893,-1.9659819279414974,-1.6524140205823101,1.2560671299519575,1.2010366576086022,-0.9862086646799372,0.6154115903306113,2.6874407766123136,1.1049650822636903,0.44692805584394474,1.0032086888927207,0.2005691651708325,0.6762068193371784,,1.1211954230825991,2.676365101469332,1.1474975842982735,5.922644260908521
1998,3,159,0.6099983509159894,0.6257576529817014,0.838064619180831,0.4355820103478931,0.6300764134540611,0.8390906065305468,0.6349001317702289,0.6722103023611087,0.2475459072107682,0.11693252159035498,0.7582832028099359,-0.042442866513073677,0.35489000237143026,0.5857756988981009,2.122569444293759,1.3788213928458775,0.7097673720432524,1.2139092194687422,0.8006074562621852,0.15313215081932477,2.9808569757515984,1.8482066243231878,2.0039911888327815,4.62340818394499,1.4470762607196925,0.9746047199590303,3.2610768258539964,-0.39128523377814306,-1.6138394140914187,-2.9950211885064673,-2.442583551993743,-2.6263995453894275,-1.5034462073467385,-1.6497596848641787,-1.2367986769391512,-1.7423521450878534,-0.2763644535000045,-1.7089522281344618,-0.719351355180805,-2.3066727433044902,-1.747176836831911,-0.5656644480934772,0.5308658714134581,-0.1851743081758066,-0.28556325945926714,0.9479449446609459,0.4101535512485365,0.4385109174816569,1.556759213517251,0.6879203133346723,2.2225034816874643,2.3870886169959364,1.256492801544334,-1.3643871937461598,1.1837566205896568,0.8184527598822122
1998,4,160,0.6078629472904582,0.58168068088794,0.6577945403244387,0.7549973597320144,0.6432297411274764,0.5977269660387379,0.7753124719041388,0.8105285593620727,0.08352010255403618,1.862926434701777,0.6709355967920038,0.07419939574451255,0.8062953425486817,2.0215430043901366,2.713675398317973,0.3226714502175274,0.7952335810094809,2.103399850666225,-0.19327986046646448,0.8055643151967451,1.6178815533900908,2.820047625402133,3.1114877476776877,5.561594540606762,1.9891908328177894,2.460605113427543,1.412973091928623,0.3895665857401062,-1.9954409641552266,-2.567413034098455,-1.0768038234638293,-2.25201695746087,-1.8354807936292368,-2.0086028041161654,-1.403326196107644,-1.3991945281041787,-0.0844123909884469,-0.7546527762854944,-0.9284743506139449,-1.5099028440021964,-2.7108463230812863,-1.807001738164017,0.6982824350251581,-0.5603970713939026,0.5116368004211361,1.130993270359723,-0.3924522254079254,-0.6299072596076614,0.6720927129213544,1.1716291571218334,2.963832462392051,1.839692040832735,0.5664618048022818,1.2261462077712924,0.4954040813253781,-0.4455313713528516
1998,5,161,0.5678586551085016,1.156034666376246,0.6988479195825851,0.9431421711046429,0.5616650118667847,1.0638213130093421,0.7101558411573728,0.5003896210764762,1.7789532122221334,0.5357566390782207,0.44343267574976836,0.37854531008369924,0.5277354902504284,0.5991053348981038,2.1227272826161516,-0.6885651710013998,-0.5012097285144396,0.9904806757041632,0.33913452093446744,-0.12272805701265667,1.7422660833066772,2.8428268316750254,1.2139165287940865,1.2712824365578947,0.417828892874414,4.482257217745429,2.0740207861138797,-0.15531350477815103,-1.7339339679945538,-3.09705414660924,-2.0961540293733485,-2.1878895547181823,-1.9844670102274597,-2.8176430775293095,-1.6179935456507948,-1.8241808191551854,-0.8907698121945588,-2.5333963184677812,-1.3288697824446765,-0.8235132700624974,-2.1395727051080238,-0.1798821290934745,0.2825395930871147,-1.2762446701816852,-0.36820742234503656,0.340161044139497,-0.1957804375297067,-0.5853402889535522,0.26906270948557104,1.1460769874344179,0.1223511558957651,-0.25108903558873374,0.38793178592190264,2.1122797077138302,0.5109585595520426,-0.7152895716177887
1998,6,162,0.7121382998337935,0.645328415272464,0.6116008022711591,0.706130769566704,0.5469728297379527,0.609028620534792,0.5966506486151216,0.5202187992773282,0.46833068408230455,0.20799444313144144,0.5292720189581473,1.1934202813071269,0.5486121283013449,0.5938259801061581,3.275769939028237,0.1927030622819753,-0.6251156505233365,0.8214061117944365,0.9583878172784935,1.0732555926657052,1.354952477362669,2.492738163094957,1.0098156767698876,2.675418704578906,0.417008017926188,2.9646970198829115,2.127311833751295,3.1529276619728073,-1.5282198813773167,-2.4290244992618626,-1.83425081345532,-3.116334771935525,-1.9272725032150018,-1.6755998087070616,-1.9225637257732,-0.9751766725397488,-0.414934560604155,-1.7180577733001547,-2.1824430005971305,0.07682230730189829,-2.194751731830685,-1.02985263298884,1.4678340729549832,0.34380464195799243,-0.5815979382620104,0.6108361500283905,0.12502275196730311,-0.1757393424418621,0.3969477820624513,0.9593844301118573,-0.22284352920392936,1.5167361814657736,0.4849876695400452,2.6312801675369792,0.46017952476928964,0.14412196820552528
1998,7,163,0.7395538558599846,0.5799336749512092,0.7266837045191298,1.035776234934801,0.6357643359614475,0.49828510924643205,0.6701079562881687,0.4834365820470161,0.002084551027051058,0.3378903769671998,0.3883056267212592,0.5961147800782903,0.691102396243512,2.0018783749659366,2.790694278553869,0.4456592653628719,0.844342961778545,1.474509466573995,0.26300977327421543,-0.3274968298131199,1.4203914507092765,2.414123271787163,1.0519436718425468,4.32406923149833,1.3979557831800091,0.812419394936915,1.4959319908358069,1.964174204977489,-1.6532125865630538,-2.080840703546059,-1.267023870632494,-2.364496559123763,-2.291798815861242,-2.1729870048308646,-2.0937816581053657,-1.2641062354289325,1.3109150043553954,-1.074975324053377,-1.9203860990135708,-1.774894581773671,-2.4573296289353768,-0.7372203721719904,0.751074807560968,-0.5585954313598909,0.24095616130708117,1.3204544592938872,-0.5440242129985181,-0.39719634587364927,0.23806727144169212,1.1993321824103997,2.4805656535444656,1.0402258297635498,-0.24618973867525704,-1.410313260539954,0.46601110026851145,-0.4710739197989743
1998,8,164,0.6849067657514872,0.9273956058018581,0.8591089476171951,0.4612893433611521,0.6632091189070984,0.6447852470905571,0.7033603174718351,0.5820844749769938,0.2505731736201367,0.08442510453338278,0.40333574064790517,0.9091835939360159,0.5989978151845753,0.47713036870347386,2.0199349471324437,1.8388096838652894,-0.04593539396994169,1.2189420324996123,1.2577568859704542,0.9738944988282467,0.9412207750410756,2.8282185022064756,4.11899236254762,2.176291687552533,0.5955238536242566,6.410260184872972,0.544492222509286,0.18155516288915713,-1.7036827308053404,-3.732325601639249,-1.7587099396248056,-2.6206572170455256,-2.1530264476432333,-2.192936990129879,-2.088888924366646,-1.607086782839351,0.776457007581347,-1.5727965595980342,-0.8390022674677755,-2.89720325651118,-1.505174691093806,-0.7640140563570518,0.6672271315164546,-0.3858173339091406,-0.5998389379317917,0.13327506216036777,0.7387694630892244,0.4097254670254729,-0.20881842073764553,0.45781821783808396,2.599390476269355,-1.1582483100077217,0.7987659953643942,2.635918017074714,0.21754837742242306,0.33366778876441827
1998,9,165,0.6291085387830359,1.0226682926850665,0.6320636935801689,0.7290794716235295,0.5204890431384186,0.7841210692580991,0.8375386475760589,0.5547218778877766,0.3813326441329209,0.3759398500000027,0.6214069046099981,0.4686006549322176,0.421791797349229,0.43666637575884454,2.4368931620888663,0.195934524483448,1.8247755729131505,-0.06594986590484,0.5511219699661204,0.4470092479212249,1.340984271039356,1.9202301360865552,2.7373596028544243,0.751879699000009,1.6742409197820018,2.6342331696783705,1.3787060020051598,3.395573151806454,-2.1892231881304944,-2.6827077057857442,-1.0417618673195577,-2.5307154955559894,-1.8044822800388096,-2.5422428950580938,-1.7651917454277988,-1.6780004494956282,-1.4429754144498816,-3.759398496000002,-1.3447850309826574,-1.38564853641574,-2.4113499127393383,-0.8975077913706258,-0.07350920286253265,-0.7508243584114122,1.220633999139368,0.03888272413445244,-0.2656651876705819,-0.246076369946871,0.2432961923819263,0.09307258058625442,0.5623775406482955,0.37593985000000607,2.4575500565032846,0.9454740163655778,0.06952555147880073,3.322136722896634
1998,10,166,0.5275944093297585,0.5437593181813767,0.625827067877037,0.316505184062356,0.470940687811978,0.3454040079747908,0.8851006603589154,0.8926641043021877,0.06902649382173899,0.8599696879627836,0.4241884129798639,0.06547222238255318,0.6179927811518926,0.4310220428023146,2.6918887130981637,-0.03334111543023506,2.774879440550593,2.1078620825829586,0.5964253307687384,-0.9346893719583992,1.4055901379595257,3.770002059640433,-0.047241678455318833,4.164987289665239,3.519191925764246,1.562320886606275,2.8476877681400397,4.477204869592764,-1.680710961316865,-2.7593520261540574,-0.7988927542353804,-1.4468535214157943,-1.9157188915178578,-3.0093899389885235,-2.1476528722640342,-1.3673599239556804,-0.9313209403845268,-1.9321257689821647,-0.7259279535025149,-2.1872881963654414,-1.4362499405421194,0.8704500320952971,0.5502652709892016,-0.8250355605270709,1.3849445709406774,1.4024002546343703,-0.09744565299560493,-0.46707677294750277,0.5741435499817993,1.4398479713473682,0.8821500630461108,1.9354823911980625,1.2531908067602662,0.3948488099317006,0.9198205744291194,5.178603889509617
1998,11,167,0.6708181413133142,0.2884481496219852,0.6457895834310088,0.36651703212017567,0.7694604488612993,0.7939147687959617,0.661699741197708,0.5735273095850484,0.7494290736586193,1.6110708270107492,0.4230512600646486,0.8828204781365299,0.4903294075268719,0.16042237548767055,2.1784660374652205,0.24044804558200059,0.4205880310164905,1.2438104970069093,1.0257821225837704,0.06162801987985288,1.144887074422421,2.3403751254735234,2.339188183081685,2.012952451674836,1.511501815512832,4.755208097897972,3.3970761589052763,3.4025594379251336,-2.0143726460159526,-2.057912650986863,-1.612865527375032,-1.309550631559937,-1.7562195997751668,-2.3661684327301176,-2.1549860582268425,-1.2935587661619354,-0.5474871850668942,-0.28858019818700725,-1.4147663402305308,-1.0131076236050118,-1.2585087309047598,-0.8173626167050205,0.767805003443735,-0.7502337159001135,0.3901551506351166,1.1153412933209221,0.35265988007476046,-1.1302247722490482,0.16637842919711204,1.0414181051812397,-0.6037056284324958,2.2323362221160936,0.596649614355021,2.959345348617397,1.2660532550594201,-0.08270751044106724
1998,12,168,0.6151237554697162,0.7288645372010749,0.787271438381856,0.8024330954075549,0.5575923530162911,0.3512103854746134,0.6738133830963021,0.6862251982726243,0.4835150603865083,1.172216013595495,0.7938099862764924,1.6471969356212726,0.4996549992216603,0.6735893412034761,2.3380739757691367,1.3444282370394163,0.682338792310772,1.115098989837405,0.6988917165844452,0.41006484146962896,1.2683838225857593,1.7499776365803321,0.46014022066676546,1.491784649734668,2.512569152766557,-0.7504692051777645,3.6202236111307173,3.662105731389157,-1.8574582504271602,-1.8142013325033317,-1.0909885153544443,-2.418300644298712,-1.6307377792454254,-2.9199704331130643,-2.0968684892851246,-2.00911279821433,-1.9641346694871638,-0.5002427519071028,-0.9578466151680776,-3.7148776748379926,-1.5245602387279136,-0.8463058823570561,0.3909277932795397,1.0571284456174803,0.15142300504216047,0.44425110897296394,0.3446747988135027,0.6896944862498364,0.3180429139196529,0.9026425966341671,0.6779041478205518,3.220600415243285,1.6407538539323423,-2.3767445227120865,1.9482436810555277,5.181942222764408
1999,1,169,0.6216880560108935,0.7091134260419153,0.8342181964167267,0.328113342330479,0.6485585061394358,0.8378092520521346,0.7227847574814756,0.7457988363475804,-0.11223766436553566,1.4250339720954959,0.4372923077720583,0.9159307431818786,0.7876042956219466,0.27123794974240095,1.7140044737169648,1.7787698678772217,0.6178072771113957,2.5351187032865985,1.373215346228221,-0.479292922028823,1.7357882116925654,2.2757091520979364,1.8269699067933165,1.4157347062346601,2.1951183355575714,2.0569537376480325,1.661097032606704,3.762661431555692,-1.6749955869358304,-1.8930515351217299,-1.3291248884282456,-1.9471992638240776,-1.4175807855302518,-1.7747414646220447,-1.4361624648503122,-1.4866489034976094,-2.8777450207875104,-1.1379197459071009,-0.5354125796371942,-2.619239277859251,-1.9115114505355777,-1.37442281630434,0.4395271766698985,1.2507422357394338,0.8972921510127054,2.0688729450752446,0.7042684390623846,-0.9497543128131825,0.6033534132411834,0.8016438679814867,3.3801877272907848,0.9867893857432825,1.4430597340749336,2.19930966264708,0.6356650821087118,1.5992668647879804
1999,2,170,0.8420839197378261,0.6582997729699945,0.8463089558435442,0.5092970075815572,0.7388263927934104,0.7027125796541577,0.7401736541109534,0.9051658631988712,0.5170190022671843,0.4021361467869188,0.5249520849785637,,0.5217738993854654,0.4242965025364676,1.9431361430158407,-0.03353779708659281,0.4618133815696404,1.6322009317530002,0.2969249010565963,0.49904216626230147,1.4378743937497276,2.8253644997786407,-1.1404677285019582,4.534035445306043,1.7790777140984635,,1.550913633305172,5.0110459200718624,-1.8053455872456763,-2.5982392610189695,-1.871300842865474,-2.2514441940109537,-1.8218711664158607,-1.2115925688585885,-1.6852532010938994,-1.6384754494617675,-1.9417895510977008,-1.422350019196258,-0.7028405114106558,,-2.295771756920732,-0.5747753338137197,0.3232031134887931,-0.9604104941773631,-0.611359450704164,1.4420607927710571,0.04375067091794074,0.24994647844032994,0.30640015905719126,0.8690443350716651,-0.3012868118395485,1.7545857466953503,0.9950435291381777,,0.4043674792983756,2.1218615846968025
1999,3,171,0.756118971118634,0.7409907430103198,0.7044953956359283,0.3551170375877618,0.6383828577889226,0.3628953408822231,0.7136681888280112,0.6261383753418702,0.13263395359094068,0.8944308123692782,0.8267612047707127,0.9598470744389286,0.7365702818573303,0.5346885507282452,1.6558768852030146,0.6309095630981332,0.05818329894804432,2.7430248797171477,0.6741221226113218,0.1672159730435561,1.8806024143161022,2.833655986121367,1.2961587335889966,6.39293898312861,1.599175814426011,2.39619548374197,1.5631287550320696,0.19766229503496277,-2.175424921671268,-3.3259401691204444,-1.8655870650777537,-1.1161475153981242,-1.8261733060011924,-1.88705526429062,-1.7219119442336346,-1.1183913192430133,-1.5373176987388233,-0.39134419742539894,-0.041977699031798994,-4.441180343607341,-2.217298140265097,-1.9448923758421752,-0.011118526519613377,-0.6703913282644763,-0.5582801225506624,1.6458087313487542,-0.29305057428913384,0.630020817070545,0.2815726656894506,0.8881456160746878,-0.7060618568193974,3.175499722954159,1.325981858287857,0.7806858422558975,-0.013832960392049577,-0.23701435855901093
1999,4,172,0.5981984533739161,0.9244309751048179,0.6860910722382796,0.4140481521224377,0.528937103255895,0.4060760450354588,0.634091353030871,1.0610000863242506,0.4846086622879981,1.207448317740445,0.5124713947752186,0.06915739959914405,0.37010199127445237,0.5038756149562094,1.8843203255518155,1.304929350294171,-0.13928616902274393,-0.9450388034271275,-0.3620564326100296,0.11831066718689019,2.3056073902641416,2.3195005935857225,2.3314232873251424,4.907531593780227,1.573311808959875,0.3851342621624409,1.1177487104047092,2.3529439081133963,-1.7641487215660567,-2.20102061738668,-2.3693213890164517,-3.578388453623868,-1.9456493931848773,-2.8271505932224335,-1.4519343888333711,-1.1361111823187686,-0.47886336919488237,-0.6666801975214435,-1.4202833818011682,-2.1233106408137217,-2.0462500991342045,-1.5241381516008954,0.10718538171661703,0.05777168499553007,-0.981317307063295,-0.06420155083464416,-0.25290505125186086,0.06915769365168162,0.8195037091042316,0.9854727572132067,0.5498662696182541,3.7875670494856286,0.6202767427821795,-1.137019421600168,0.4618644630689296,1.6873173966130541
1999,5,173,0.6132797811319406,0.46914061240234584,0.6593119381583918,0.7225541391485173,0.4901531617419831,0.7334980421150409,0.6989036364743455,0.5552659827331357,0.19965156548527818,-0.05140063963394771,0.689342285281968,1.1112325831370355,0.544984435968305,1.076409124589014,1.434879708997124,1.3745947681648885,0.6652656187227365,1.1549690725874402,0.8321928344966781,0.06647792851874705,1.6659461555959247,2.701431509821241,2.9560252137632506,4.883206487803461,1.4258124419024656,0.9998730117956481,2.4016691625479694,3.8829603746621477,-2.070433863072774,-2.0365873970380513,-1.1503634229422544,-3.0050387536502456,-2.289017984654355,-2.385676538898253,-1.9348810980769877,-1.0606787840065746,-0.9057812372896341,-3.304341818645437,-1.1612175115826466,-1.6782947493911606,-1.0843390052749666,-1.261495760577602,0.41126113150514776,0.36577976175172416,0.6191654202850353,-0.557473744489637,0.20066961634578614,0.4169984222694184,0.6233595287553679,1.4561591453560787,2.372983841953394,0.647299557839529,0.681807528080518,1.3344508001276931,1.82021763644668,2.7479065622825387
1999,6,174,0.642979115595856,0.5953774190996844,0.566651699081962,0.6499372460499272,0.6639113512115395,0.6933836720336934,0.6076216696926622,0.6118649515192994,-0.17176256293548267,0.4535311808509212,0.6949276756266113,0.691865131871604,0.30353177531865344,0.1157513161985298,2.050490210318213,1.0978520194713572,0.0026958433499672044,1.1621642922261244,0.9620394008168973,0.9793987725187022,2.1477691832592107,3.0892584887986403,0.07763225212783044,0.37681318831005356,2.507522485173221,-0.5314926862415779,1.9410781209200514,3.919688673485959,-1.553890363775925,-2.4131736956486036,-1.4740286436471028,-2.133942673292501,-1.9523780947750022,-1.6820068867829403,-1.551674127660529,-1.3397871349785246,-0.07802238942435039,-1.5070345357748427,-0.4094593528025663,-2.634630728501996,-1.2754949599973486,1.3256234285517945,0.45683104472275665,-0.4038147926103075,-0.1934870503946396,-0.17473810576240967,0.581922914006842,0.6996852720257386,1.047170736344318,0.7618248553564999,1.2695843503754354,0.5884786048180481,0.6167097795368578,0.7237835941834133,1.8990883920140864,0.8902450000217752
1999,7,175,0.6666643596910281,0.41412925933565314,0.6879653179331099,0.7773328622932092,0.5885054772577221,0.3452066927698335,0.5295484684368457,0.5722222464125175,-0.16027251258979108,,0.45332511077401905,0.9099279632144571,0.5537580087983239,0.35283104346649535,2.3867491714379936,3.076900443148965,0.35285650887402864,3.5165601521082777,0.03711588137805491,1.3566980023146835,1.5620240069962028,1.232278343320941,-0.6513570815244495,,1.8008347044363033,0.5670023720462573,1.354634658196282,2.931756000793805,-1.7255545494243096,-0.9077005152908674,-1.3312132506223089,-1.0860840732983141,-2.4175608498973333,-0.9208530107570554,-1.9071274288328843,-2.180692852081209,-0.7283418221778988,,-0.8459564758721683,-0.8438230172535459,-1.9773156884867653,-0.7431404702894117,0.5283919203423838,0.4890579957499104,-0.1696427215671556,1.2745802249830824,0.02232370464389468,0.9711555668898473,0.45774799673200306,0.07143652627208767,0.40362801476569266,,0.9745893342674129,-0.5727143451209459,-0.4462581010958827,1.6287115104712278
1999,8,176,0.5506650295766277,1.3250752965882169,0.681073040385948,1.0501701415872826,0.5023042099580117,0.9787416696401615,0.6058475466601917,0.3686086181361539,0.17215453008655346,0.4663541547745475,0.362535765951442,0.6300577188052248,0.8894636856962598,0.5369143402901502,1.5890566416851766,0.5260372036751416,0.3384229141395077,3.1780617555380855,1.1278552077501194,-1.4630767220134109,1.0450244466753924,2.691254710240126,1.8751297381740923,1.7761032051792809,0.7280726106750214,1.8422450605541032,0.5037418123394691,1.2061438023716864,-1.5900759044637602,-2.6263405486365006,-2.064743155067959,-1.5189268300424712,-2.179806320264763,-2.574309094763919,-2.417993816433447,-1.2634952745406582,-0.7652695965787639,-3.660639669638373,-2.436780333822245,0.17237085061053042,-2.7287843919475603,-0.7816268640424464,0.1562645809181977,-2.032022494424625,0.08142785107224254,1.464218243730071,-0.15437907183532953,-0.3933783593929736,0.0022339641426979166,1.2092323001715608,0.030547119976985674,1.801451565301137,0.6819451523626409,1.8847866861725038,-1.1072529342767088,0.44374364929020715
1999,9,177,0.6611646983506807,0.6397555332035848,0.6628996191309884,0.45107093289545525,0.6931066834313824,0.5167707933854431,0.6584146688108656,0.711662425857761,0.2629054753388077,0.257045549388791,0.6337970605628213,0.759947822679732,0.6446091862797961,0.03328951089810662,2.5510766478708704,1.073943815847548,0.7526293516848879,2.346702841761328,0.2224876409730095,-0.2835970245249948,1.5267247671426873,2.610441744876997,-0.6631758055263811,2.68581783587757,2.636054138164915,2.7611242332720702,1.9586299231219737,2.90019308522187,-2.0525739540156183,-2.680610673055201,-0.9901404031740908,-1.7164667301108387,-2.2491667722165998,-2.6823252442440286,-2.0178125280601313,-1.359425023160358,-2.4144549999099985,-0.5970744279706601,-0.8066215982170777,-2.6792041490915475,-1.5828328025954683,-4.460692072093495,0.8223003262673682,-0.43485706976903404,0.6508674183477015,1.340197575354233,-0.286425558875121,0.2627659346045773,0.455387129710357,0.7653008770747914,0.17785710363810073,2.098458481122597,1.7423637561086494,-0.44430682301721197,0.6572716791737185,1.2729982148822252
1999,10,178,0.5537337031482611,0.6453493261799985,0.5975696119334014,0.6439319928442336,0.5924721943834815,0.4714795861376557,0.5331946966215894,0.6729174156336566,0.6347273776521927,0.5921544257185596,0.9626354921378677,0.6313616422410698,0.6806554220170283,0.03328951089810205,2.7907291463885797,0.43443389802135135,0.8575642270519721,2.2165612912665074,0.09417441995053938,-2.0317251789379616,2.0918881848278525,1.4649098577402266,0.19114766801194688,4.351451879079226,1.160211320248797,5.543626207479843,3.1701609671682465,-5.584655399778149,-1.4165714285261133,-2.6510744212757174,-1.743418102461282,-3.0811386748358918,-2.2784706554651737,-2.5057850274688005,-1.1458532537907418,-1.5236923297103353,-1.0676036527014088,-2.9628562314106626,-0.5919370272573253,-0.7096246085145574,-1.716011310010341,-0.7940254050934782,0.7340479133447172,0.11370000173033534,-0.18480600566874666,0.707595301857748,-0.31606071308982536,-1.5042257743481857,0.5280197858873992,0.3398885659569986,0.3895522624752363,1.9214069104653797,1.1557912974789923,4.7146299732442,0.8111428712673032,-3.1815472401177955
1999,11,179,0.7432126342147278,0.6589572753336523,0.8484881280102204,0.5781867229712293,0.6036689925903672,0.26324573806737434,0.6824345506577209,0.6055776742583922,0.45677322534276327,0.6070414455626647,0.8908614645319547,0.38961230064240904,0.4765455617729236,0.7123452221775437,1.916132914636738,1.6385750486738107,0.7333253706373846,0.793192221726893,-0.3571966545010278,1.3451138765542394,1.5801491222270385,1.9626001102067234,1.4421133947170917,2.664342205683149,1.9044614671226898,0.4746465950795282,2.40997711752407,1.1032359946213104,-1.6644554411874273,-2.111374181001289,-1.6185227688486603,-1.2336293850944289,-2.194513542578289,-1.7597448907333044,-1.6075681848931587,-1.5817946821600473,-0.8706503156663953,-5.844810479740927,-0.5833435239918769,-2.619071351806028,-1.7035285741934052,-1.7135130717377371,0.2443920691024265,-0.2156387984353182,-0.06271739296644813,0.6334708912696189,-0.8877799902381353,0.8355294399163917,0.47544003155593595,0.7356746054977786,1.1605076081796963,-3.2869518612871107,1.384820826077584,-1.9982852082223836,0.579360264933596,0.9029224235851993
1999,12,180,0.6943579269207251,0.6400245178024917,0.8384881510607382,0.7064746886208373,0.6446289413926501,0.9261346764595928,0.757431761787271,0.752996979833281,-0.18206904937048465,0.27765903945304454,0.35080763788922786,0.7342836403263373,0.3455989789857301,0.8764344214300505,1.2038777240745453,2.7843333900233325,0.9064877868721778,-0.5041074165624531,0.5166451045215031,0.9457605470640803,1.9274496696962065,2.397171251461591,-4.530059718274556,-1.0658319618781602,2.5546175183340893,-0.6134233038364111,1.5164883095975952,2.871291908708062,-2.5687134316597136,-1.1944538318996631,-1.940271966333122,-2.718541492076624,-2.1743967107547566,-2.4712865907872605,-1.2533820991874358,-1.2064260776740672,-2.5268070865927457,-1.3480753326635073,-0.27540850210953777,-4.391752255080408,-2.2302429226344085,-0.5009070550496405,-0.5666331241983107,1.9194397666341703,0.4515713402859946,0.2330612095108741,-0.23872172616386889,0.6265756450675175,0.9380552944279739,0.9927582271510562,-1.2089107448056498,-1.874122958378632,2.5658883681248104,-3.3037767906544326,0.3604666374021633,3.6657441134357938
2000,1,181,0.7890341603912716,0.5898014960711823,0.6288889289121858,0.8028359287872284,0.73581691765824,0.937018172736768,0.7242411347059049,0.6849890548742619,0.4519326809402034,-0.06411424658812909,0.9203346345939928,0.5309252124931703,0.4877924384169175,0.8759360090403314,2.5082706336001492,1.011635982977102,0.8869036592966449,2.8595387026426446,0.5964024596028479,-0.0806879061222625,1.678586676258263,1.6697064304519167,-1.505246784635728,-0.5376937538176962,1.362643651671788,2.2879525734083628,1.8950924935272608,2.081163286758325,-1.7690930477371278,-2.1316492293174787,-2.0067641100356863,-1.8567041344770079,-1.8809314654049825,-2.120415428572111,-1.0798646770113374,-1.0343181944398645,-1.5040864224884702,-2.9443937043901385,-0.7389404720554679,-4.5966959225162105,-1.8971187793737325,-1.2739264549775156,0.7226259784011609,-0.20003288421061774,-0.4534746196044259,3.2565238337001907,0.18170860124394564,-1.2829510793737793,0.6994560504300703,0.6543837454850406,-0.9166994065794816,-0.380113162318616,0.7658551457370084,0.6374878269880704,0.5375753876968403,-0.19230153241571113
2000,2,182,0.79824977637459,0.9265170134579206,0.6937613417461623,0.774916033246122,0.8292272290591495,0.8841320871100199,0.5461640885052106,0.7314803981719133,0.5589238671071964,2.2889062449207702e-15,0.4242692292547354,1.0591882105501678,0.6777472752684214,1.5392769065779026,2.4648312193500828,1.310538437984281,1.2879686163124058,2.192074991842272,0.3061948710759578,-0.3415300643516825,2.2882934925180587,2.471506823995458,3.2068484503402974,-1.639344261999995,2.952392124090225,0.92688758797018,2.0650197249817133,2.586793464344955,-2.0689716823090656,-2.2766821992296338,-1.1243063286498025,-2.289336020588895,-2.003671553691314,-1.8840507729884974,-1.3549706536250194,-1.6887348734456802,-1.893660246440089,-5.346177820933514e-15,-1.091382234099193,-1.33691425703778,-1.8188249102502305,2.5468233638966122,0.2124167030126461,0.06930186468004884,0.4855305445875099,1.3424562154446846,0.017766628188367255,-0.3875202594216284,1.1545320761559943,0.3966341099805482,0.007144464042062195,0.8196721309999908,1.4189556498760387,1.2546920602865153,0.8380526859548042,5.488197105772051
2000,3,183,0.6374366605446418,0.7069087478227802,0.675116942828444,0.38625431169849245,0.6425515266003883,0.7727690506213101,0.6573305603563002,0.6767975522734018,0.4747185049926385,1.9755449654645258,0.4963336133444612,0.2185771551063156,0.4694583624784028,0.46908151067258413,1.5641763489568503,-0.2293501837257306,1.0730629599947654,2.6179366880972887,0.5390357806512408,0.7991207748666052,1.8463158724585431,1.9153863603233527,1.2019255163458407,3.6376335970302853,0.9877243814359661,1.2183801567983776,1.9944120881255238,4.106210023953049,-2.1617094205999354,-1.6744208601210728,-1.8044937318413405,-1.8935555216401743,-1.737535850527171,-1.8843362178830756,-1.3341893896417938,-1.4966002254259396,-1.6492079556891004,-2.5066946221877844,-0.9735162945901452,-4.2277128718113675,-1.5075250777411937,0.12371112873464105,-0.022713192219895206,0.1276901520265381,0.2454477302060319,1.1090025482728312,0.44042816466047857,0.5252802786219556,0.8233274967752162,0.41778483892988216,1.1573755092171252,1.0139981410610264,1.786169201989636,-0.8413494357569842,0.3754230810772655,2.9965850646093286
2000,4,184,0.681321519596637,0.5396579716450056,0.7230768071744434,0.8855058755478514,0.6084512017001088,0.9622591951366524,0.7649224864072397,0.7219399461711818,1.5321373453909581,0.38035547812048265,0.7218872302328319,0.40875916770586584,0.5056982323551424,0.4041749481973776,1.461743559579732,2.2942065671465626,-0.12033134486713293,-1.2818142939136106,0.045866495987097196,-0.4644558690423604,1.9759209453428013,2.292701176310269,1.931653826608883,1.8319467874484918,1.5752298148355364,3.1790217832006555,1.7516752287164117,2.633235502699871,-1.8428593498377468,-2.065112877074575,-1.6879390129950032,-3.0859022194578865,-2.188338885360735,-2.1647114928005626,-1.210021237841969,-1.1998973610482961,0.34029200905322143,-2.4578220170480436,-0.9871194283731782,-2.8634130813266108,-1.7906501482550863,-2.1835789363758167,-0.44856807633814894,1.0846957476900143,-0.37713683671113013,-0.8030202938058129,-0.3553620183044395,-0.9742250713648924,0.8126878034815832,0.7359453916294008,-1.1209131155109753,-0.43189297861281506,1.3088708816111165,1.5872178910800605,0.13361617096248957,0.9755680314737354
2000,5,185,0.520483798991492,0.7216608862758147,0.708872886173363,0.8280932836034577,0.7195723449305169,0.5498308180008341,0.5487955291669295,0.48737091191040005,0.6031313797382746,0.8258521667270041,0.6485501637252876,0.5002673385651015,0.40815855976359905,1.3504279855779011,2.2001031637350428,0.704104378459293,0.41499718533657987,-0.15035460678806584,0.9464256346843609,-0.8160376739673172,1.4150269332730783,3.05902435861736,0.9783733951605937,1.5223858277942341,2.252516243500345,1.9834272713265482,1.6016475979121412,5.428520083344929,-1.8684150842222609,-3.3307087397513877,-2.272590438032672,-3.6333744745416374,-1.6247725873959808,-1.6959903990350214,-1.880816182533684,-1.6421427047700414,-1.2041543156681414,-0.4856433776036849,-1.2129632114203168,-3.988437249033586,-1.7009151697852132,-2.111450017103344,0.5457421448424823,-0.6871959968842473,-0.6683140637464103,-0.24195925182763836,0.10963050651652545,-0.8055515122778747,-0.0111311711892737,0.7817093107002293,0.8500734049643106,1.6825511297764777,1.5978196614817033,-0.5419303795254599,0.2491441401023352,5.452225882772021
2000,6,186,0.694769389063752,0.9549654723808884,0.5385395435573904,0.27841174465159635,0.49325605035618747,0.8206788179067642,0.6064372735068994,0.5203533242028907,1.6266245903773493,4.177330289037494,0.5039315811870807,0.2840744161897217,0.5334899446182187,0.5816080559806368,2.2898204952697707,0.9337572726286923,0.04108204417471766,0.3818236103916708,0.7743951202887084,0.7176470002947072,2.1343167437311528,1.8607169671401267,2.968125035025526,2.3045364679744313,2.7137515524027025,-0.44872655073376055,2.660575018069095,4.671434319767336,-1.7514418716078417,-2.9598990687415556,-1.9450162881664244,-2.3280715680960093,-1.8271918367354467,-1.396349673276967,-1.85279691356973,-1.5209560500499384,-1.4177267715915347,-1.3221638260531507,0.061538584576132316,-2.658508955667246,-1.5192987980832187,-0.10699673486386306,0.4608639794010216,-0.02194597580308963,-0.015194032789606148,0.2854423304360816,0.24834386108304743,0.2745541421631639,0.37158876952622105,0.27784336528708503,0.8661794735513815,3.871517105263964,2.276791192405268,0.8659367039982893,0.2824243316805964,2.1292718169347964
2000,7,187,0.5528583068768955,0.6601903053482805,0.6003218203487061,0.3890834274003936,0.574854792406431,1.1834818111217087,0.6722573165235199,0.5901681086431649,0.5818047761759108,-0.11495689267850723,0.6122607630412683,0.1648635239196727,0.41907905479303137,0.4451644559900937,2.306284437184237,1.0171382081776998,1.157540901215426,3.3138576004643983,0.6684677908159387,0.28107061345613527,1.9371302439446516,2.314566072307428,3.840879100988058,5.382230472491076,0.6720344123504778,2.457732693938348,2.3170384515939317,0.923477716051193,-1.7048858651943037,-2.190424022959372,-1.515237661365292,-0.46512616928405104,-1.8324948668868475,-1.063314711916312,-1.680788235387532,-1.3552798201429972,-0.3257608442812723,0.5755393018635184,-1.4952592610166808,-0.8731924486718141,-2.062532305988837,-0.7834590950572817,0.47084965613591195,0.5989872380091146,0.037696486010348786,1.8934284813763822,-0.10414488270613163,-0.22320812750979988,0.9736091760228462,0.4438902891880598,1.3256599153771422,3.3935083869855123,0.4945901496249039,0.40339370848488115,0.10628607523123515,1.1293944286339024
2000,8,188,0.5556895724806985,0.4170331164528492,0.6001306549603804,0.5325469628581427,0.5279427456356203,0.9541723449695951,0.6551192381720595,0.5762027231042517,0.7572120417242948,,1.0423225006718497,0.5992477383516647,0.7740076310145596,0.6688623165170938,1.814975489660959,0.40577739466387924,-0.5656784465321024,3.6908385007793454,0.7208365352789118,0.8098478792189419,1.545704031301245,2.703559820118454,2.2682765723464278,,1.5732548362267023,2.5148763944418033,0.6677817262833058,1.5480537608128921,-1.9174280929467247,-1.4908450235436221,-2.2453766456195385,-1.053480464713615,-1.8778454867940413,-1.4813680732877268,-1.6907409186238886,-1.2779458826440973,-0.79853242180313,,-0.824158797888267,-3.163199772515245,-1.5645290399471001,-2.1937960437736534,0.06778161403946269,-0.8508919610440769,-0.7154447810442299,2.88991132372808,-0.12098419535014952,0.4958085901111148,0.46551860458567373,0.9573564115411382,1.9631674773236463,,0.7428066284940672,1.1351672932938555,0.4222963629102429,0.4574483579265955
2000,9,189,0.49573002596874594,0.7896046852670374,0.6004671395685859,0.4457759272884174,0.590593373603481,0.5124786373987004,0.5356909840103347,0.7393398200335779,0.7333136908572748,0.19243882491706804,0.4905802287000717,0.7777482638259642,0.4884328420887887,1.0332645132211797,2.176709908473436,0.4019839647798976,-0.49862102411821374,1.457960926933872,0.6524772460487358,-0.13677349773970462,1.3736971355088872,2.3913068963089286,0.700604504905955,5.306181272844729,1.6764971909027804,3.039094339257083,2.4003243560830203,1.9312014258712549,-1.8544246790678813,-2.1143819287581986,-1.9433000010385475,-2.2480729619088913,-2.2336616980553,-1.7838341613829636,-1.5229770889122467,-1.678526353845027,-0.20411763840396405,-1.9442536488116517,-1.1075919745478242,-3.0393688888503547,-1.9022890824668648,-1.6903556665308357,0.3042836767758218,0.22955693339703065,-0.03002154177867684,-0.030402300389764533,-0.2737188072233553,0.02824649821747523,0.16323774826575344,0.3436850141794066,-0.8924085698101721,2.641420945605296,0.7896328938236215,1.1326464332609738,1.0642153169418709,2.8772193905501044
2000,10,190,0.6498223324646832,0.7132323585098296,0.7165022082555627,0.7969610340333575,0.6420480908747608,0.5842861139367519,0.5768230950038141,0.5033475734857211,0.3344158621826836,0.33480241987639664,0.4752043858201703,1.4839825538407272,0.4633032999041709,0.7379892767004599,2.2266380304203524,2.7542737274782993,0.11284535757129721,1.8472729954576466,1.223473294679909,-0.5755329871308626,1.8699384502908742,2.9032429492247034,4.762186314523337,1.7991554755877466,1.5476507584950348,2.5754674361698378,3.4483794630950557,4.6797135919220665,-1.4209677288249485,-1.4707873315751894,-2.2020428594944,-1.665927138734129,-2.010162785969129,-1.7906381326257257,-1.4301157978010863,-1.3270662477235553,0.1526705429118065,-0.98314404472568,-1.8649795517052963,-2.1490302883107217,-0.8743090833285748,0.026317166474295342,0.7373162714843431,0.8381776120704396,-0.6499608977739872,1.0864834170199473,0.6362918477281725,-0.33841827048587986,0.7091704710120443,0.7669285330916813,0.16420524258181451,1.3177616727946333,0.6873840259174026,3.8296753935017103,2.6080576390283476,3.2995691861246597
2000,11,191,0.7412507386375103,0.9802922424601304,0.731240771355269,0.49089080886895564,0.6487204135947429,0.9198335153590044,0.6941909671210942,0.6097956385035843,1.3706060140399519,0.5845634504881391,0.7328922384980288,0.2766806513670611,0.5284143270716766,0.35127482600394794,2.1115114978221405,0.33409212936064064,0.30641619725628966,-1.9971764638991238,0.47942150852944343,1.1061506561837935,1.9946785525625124,2.5102422285797212,2.0754733306741966,3.1354019465789693,2.074543569145888,3.8899403909082926,2.691073930795742,0.8458348374977992,-2.2652473139937075,-3.038784296367749,-2.0327749266146657,-2.7026538596979837,-1.9461078618724146,-1.3162647379838188,-1.5083319082198035,-1.727066007491281,-1.0411099227731173,-1.3194207426932871,-0.8998426548542828,-3.6281642475669047,-0.9482681204678692,-0.7903364232605556,0.12508051108186197,-0.3862311267388009,0.0935405291119443,-1.3554507836765461,0.0938662174383036,0.3914469365226949,1.021351459699544,0.7950359752163934,-0.4935385175444864,3.2729057557746644,1.7052550431240079,0.772283350609273,1.150170582328775,1.174546442672229
2000,12,192,0.6118394920194614,0.8397474773346515,0.616467681343915,0.7991048413579049,0.6776423119351205,0.7011541805099706,0.7536462641389592,0.6329173740360285,0.12268157912184402,0.5237400538990445,0.58611024627802,0.3474709763963696,0.5720277211050014,0.7774655766876428,1.600173999504136,1.6893238381392857,0.6010347284808241,2.3944407923826305,1.2120754667031033,0.44903165949266044,1.8853824173918026,1.8544366564141528,3.4359487484265583,-1.3631576903825169,1.293320382289608,0.8733307656735557,1.6492283809684969,3.0589494096952894,-1.8966766713424574,-1.6039660152307371,-2.01071010221746,-2.3408214763212394,-1.536390902814861,-1.8121920201740145,-1.8621266248818895,-1.85554223720351,0.06964700794671307,-2.4670523709239034,-0.7480776180946002,-1.6924704795252081,-2.1850292885604077,0.27944722761695245,0.015418536404907679,0.5680697453885266,0.008643665161165603,0.6699734727225355,0.3728659500992643,-0.08738162443875226,0.7179322420342905,0.10085935342147877,3.4461078332721624,-1.985085201813432,1.3898481020203761,1.4269004069628222,0.6606854944417447,1.2349284540731964
2001,1,193,0.7500588139536186,1.0592095243688522,0.5268362057380475,0.5285284518444913,0.8367850257684172,0.7864661872520964,0.7123227490996417,0.5084744695599901,0.7307950282172369,1.9852932235310063,0.9495082867060951,0.426158308205325,0.2668887488203941,0.9176007643706471,1.3332124799134375,0.8439140413173478,0.26800632385102163,1.3630985974729017,1.0687142249447903,-0.47720535786329493,1.5865051010323792,2.1895378233175813,2.8779300128694314,2.902769823851492,1.9106289554594695,0.8848161193357447,2.028699257508269,4.618509695530365,-1.9579524812646434,-2.061196107364869,-1.2078719720511977,-1.552433246152661,-1.7602674694889928,-2.036125479974807,-1.7087651140293798,-1.5855237524908048,-1.4153397059370822,-2.8830558138303624,-0.9935441778284145,-3.344293831317438,-1.6517177954087923,-0.577916999886332,0.11226445704676631,0.10882242548004215,0.22300404416647907,1.1435282306016992,0.20718894785575537,-0.8833156473389071,0.5954761574939821,0.237838862444866,1.7777338212159084,-1.545819714438937,0.5293108549157047,-0.052715488326094996,0.6489637351592279,2.9608124978740595
2001,2,194,0.5756099103029487,0.24860066094864258,0.4889086851172279,0.2904256405757245,0.5593900190956383,0.610411371458826,0.6567198137755083,0.4226032370959343,0.04532682025519455,0.6541185663113274,0.8930906522075476,0.3726318333554399,0.3560707618877295,0.5219930869320687,1.849752406152114,2.5388713139777557,0.44550349324897154,2.0001875004326424,0.798752307542978,-0.8608513511853477,1.4839249575582334,2.6083129650626717,0.20741200614258742,2.6750599356085947,0.9692911135370582,1.4107524551029524,2.2619133332096135,2.67833582448124,-1.8276713957725574,-1.8669881398015866,-1.2110656983867027,-2.3244404917553827,-1.7210711685993534,-2.0795015428860677,-1.9876610268965051,-1.1665975862483842,-0.8220809789105932,-1.420408590530649,-2.030313781988815,-2.11755971295185,-1.5019361031779193,1.3169334382710127,0.0702277089770113,0.8237888045188457,0.3126589002493796,1.1451301671860763,0.3649928269205843,-0.9988175906287197,0.49826858637791865,1.130960176852267,0.9511052467565813,0.9548562440208936,0.27581020979448184,-1.6933793313583074,1.1949288763505528,2.4093341382548092
2001,3,195,0.5894759848489474,0.5097934983703831,0.6706970135654317,0.4644416683728806,0.647294731554629,0.7155626895182282,0.7410578629998121,0.5602521946417593,0.3787091407627084,0.3873084240803227,0.7123299262188341,0.9607685444798126,0.6146621672510895,0.6067824010767879,1.441511815465318,3.3877282813753538,1.3597026341747833,-0.06264805901836001,0.4331895441644914,-0.02939552730056497,1.6000516301861782,2.0783982904497913,-3.5072456349410013,2.319564557798987,1.1595315125398151,2.4684088591786013,2.537291952994548,4.054542275712355,-1.824712158646818,-1.5389270174818888,-1.956316278753719,-2.6635551334199152,-2.110231828395666,-2.536938063427825,-1.842939847143596,-1.365350113786213,-2.230612900944968,-0.49303626653203403,-1.4637665877857242,-2.3621646527894278,-2.4203316404495228,-2.4979052583685175,0.13739453631341553,0.688448994548111,0.4243309551248003,-0.7255332541309802,-0.30068052226165815,-0.4160752482911041,0.4631023966375421,0.8652726658032848,-0.15775138147542409,-0.4345469727418846,0.3124010782164339,-0.22013301720503026,0.3271369830328577,0.07256092023164383
2001,4,196,0.7007641342296186,0.439647369233599,0.5572369784832544,0.8141419858139295,0.7399510857039459,0.7475950150094938,0.5827268210961979,0.5407128990873817,0.32725451069647976,0.4226106865950863,0.4996170828442112,0.09681837088550432,1.1218627230304599,0.2165707448609737,1.8233603182900997,0.06432334916571135,0.08988319327238525,1.018365634148913,0.7520128063203585,0.05775281005341817,2.2085626618049274,2.213224554034757,1.3395433722435615,-0.6896176758054124,2.252244733923729,0.40530922096907346,0.9855834655570153,3.2158445026222076,-2.2247865838567566,-3.6084654320711627,-2.0378233054455412,-2.0479211696648,-2.058066331551578,-2.204481364867545,-1.5560583868927063,-1.4940819325617574,-0.8050179736091679,-2.1064935434857666,-1.536249716287303,-4.339756897946713,-2.2838378528143344,0.4675712083201,0.2744811833929395,-0.17094301952850585,-0.3687142431514468,1.1361864539242292,0.10670655858874743,-0.2921444208815087,0.8210587249374612,0.3153572320221055,0.5928280608498044,-2.296308389249975,1.7738255191997938,-1.8857889622099202,-0.42783541493661154,4.192571424879613
2001,5,197,0.6226288005032392,0.5348572385720489,0.6390831703851997,0.9338685722058425,0.7396358821913971,0.542518933554466,0.7469008868775286,0.9509267926925082,0.30704407003347645,0.7253187913993765,1.376920429002583,-0.07475175962599567,0.6723055500813284,0.693086505664549,1.9443024744633322,0.7856618331630231,0.17384682236730467,0.035303666436035316,0.22741586463618102,1.0385564710534085,2.2197475871374532,1.853847446903423,-0.753503153837731,3.759052670524155,-0.044420925192136064,-0.08862990892034933,2.3761984491740096,3.100332166022606,-1.520889179778211,-1.614078900205667,-1.9137370357611756,-3.7272624597745625,-1.744437997848311,-2.0256936023600907,-1.4508795777917045,-2.0737936469206057,-5.953111859260093,0.3943372206275818,-1.6621977121766125,-4.201785607559835,-1.4723257323545849,0.13727818979023418,0.34051515629975837,0.18764905730890646,-0.24988051637206332,0.5278696237764963,-0.12993246854231308,0.4558234814949615,0.9772860863323259,0.37566621908117787,-2.2781598548632718,3.700797692593395,0.7269794164032922,-0.5940462032666529,0.9847821818267605,2.707277205540865
2001,6,198,0.7331035476054628,0.4809410640550914,0.7218605661377105,0.561051802288568,0.6246665119571874,0.8138287930057548,0.579196422383919,0.5581082528663855,0.8743833399445552,0.5327571483616541,0.8563318617371235,0.46498837440181934,0.5335272159157844,0.33582785044916963,1.5221003092437593,0.3924278886171921,0.07584023514829835,3.0158689259991815,0.48171993012156117,0.0026958582587264497,2.1296580122520035,1.781711171404842,5.25593718323526,3.8155972931405677,0.7131749128946319,2.1672627080937095,3.262942639197124,3.244925136434765,-2.4816322789735374,-2.6089683649299715,-1.9751572492168756,-1.9694331998349166,-1.8501195206651329,-2.294834383968953,-1.8086749584816995,-2.508765290308266,-0.5538660888610927,-0.6551390249024928,-0.8582033398569683,-2.1196990936473283,-1.3180256506139554,-2.427117619794732,-0.1253738734366342,-0.9008090109155737,-0.2967460032343302,1.4314337053920025,0.04473510846882873,-0.0903091492691845,0.5760486821029293,-0.39236380366753215,4.00840592392326,3.8797905671145836,1.0531107438162435,-0.1324244503482023,1.5266215272670438,1.2270493449402866
2001,7,199,0.6545786300902428,0.5619869896355499,0.5926081274508178,1.0620495560531917,0.6339720520768203,0.7296545633634416,0.6478524821289766,0.5247494523905054,0.8746131875408548,1.1517701516298535,0.7541034379880299,-0.020800898549070822,0.5164757601498605,0.4503036513924435,1.5725212581396157,1.476808728343991,0.2827366131638022,1.4343043723323978,1.352751362531069,0.3303893220663832,2.23865685353475,2.4749797418524984,2.508462300853749,2.801938544192116,0.6616755557981692,5.488605669022359,2.108493849943309,2.289356298277815,-1.7526414060941238,-1.2506104857811895,-1.9097599468651802,-1.7988860471615102,-1.8530037074656565,-2.6574065416772252,-1.9355010191336313,-1.8023281211965818,-1.1565351403640025,-1.8870077120613404,-1.3714369602072956,-2.3769396952359263,-1.5196139352007128,-0.7852650930493976,0.4531120865858605,0.6243066979511367,-0.20502547260398726,0.7073135899519729,0.4796392825730793,0.08016506562389664,0.8385642316022335,1.2136110762366692,2.658515858240358,-0.0748491315468205,0.9074274644739174,2.4201665901854144,1.5259309269657433,3.2938159560760716
2001,8,200,0.7194643916774652,0.5814650430945385,0.9741150020948418,0.5163312072014211,0.7407630457549065,0.6763672484233405,0.7414328114563874,0.4604026073617037,-0.23307716289393687,0.6500805003628691,0.4860697084949081,0.2319866049320487,0.6163310201575304,0.8512401812544227,1.7562720277236228,0.508785157976906,-0.1801774791277395,-1.1767198678729751,0.35188507917348827,1.0485085427874927,1.4114704666479867,1.9224140190611283,-1.7533548937191075,1.8945079761790335,0.7044964687781281,3.136307430745994,0.8570897820465286,1.8598925172782463,-1.9555994418459144,-2.3008585316290433,-1.7187601349351402,-2.463397273327295,-1.8007707025847985,-1.6040767818624468,-2.2748699547540943,-2.3606199747380243,-3.6540653476574803,-3.028069483611077,-1.4775908420323314,-2.8532503060674874,-1.812617455188392,-1.1727704568103154,-0.584930585210236,-0.7037740977568655,-0.11835287004076364,-0.23234182918109736,-0.06208007058774036,0.3395780930601638,0.22274459743713293,0.5791439370819417,-1.484226292118102,-0.5936965353719802,0.1409685163884774,-0.35498042464014623,-0.0912993659839792,2.8686719228233226
2001,9,201,0.7269426663710371,0.5663411772679284,0.619217198751236,0.6405541680582012,0.560015881215381,0.8406756979928072,0.9014091958482167,0.7478174925773222,0.511440738163422,1.536740592343451,0.95534525132999,0.5282143953020831,0.47833972932887653,,1.8369933842905537,1.4006557060790292,0.9219453825694148,-2.534527163816712,0.28849695828005284,-0.040967278679779374,1.3269404198789199,1.5932714195423114,-1.4381477935849651,-2.056954158042881,2.4030043582291474,1.8900588985531663,1.7156703206837656,,-2.2291317005853446,-1.8684859211303153,-1.7146595289770323,-2.7992148613510826,-2.0990343193716616,-2.1446012994914616,-2.035545417342465,-2.1378565706510297,-3.8165588994560093,-3.8089972305833846,-0.9238660061259695,-1.3553798305692764,-2.0145443016142774,,-0.08984059722596834,-1.4891398328526986,-0.7995830747663546,-1.0846001251304331,-1.0632088413659269,0.006502585452597652,-0.17823300443010595,-0.27997166801926804,-3.6916785500385423,-0.7158235786765583,2.033162487397399,0.06771581708885419,-0.08441695543102755,
2001,10,202,0.741247181924384,0.6358674183695914,0.4217730445817609,0.6148921536833718,0.5344182651031824,0.7453833576604896,0.6542641072344723,0.5149622318331843,0.6794370518859542,0.5037806045656877,0.7322154158374276,0.371822472294872,0.804222494091132,0.3469556188593016,0.7122737044606331,0.2437188921631565,1.3126655446850803,1.2228640402126005,0.6340906473699854,1.1199884984819284,1.2609671678658996,2.0108790738042623,4.999760014223031,3.297246617421265,1.6843321115366203,3.0692705448111517,1.4023286264676984,1.1456081811149983,-1.8826336942421402,-2.4651068081174548,-2.271882295267884,-4.241129153403667,-2.0348343619841165,-2.0110937493427037,-2.195140619205174,-1.6260553364131847,-0.806344091553243,-0.746034832519589,-1.4315784645963916,-2.433419438403756,-2.5717422957890053,-2.648719420367783,-0.6914029898994519,-1.101102834734231,-0.3704027809510061,-0.16085782479051863,-0.01076370179865546,-0.22963618725173948,-0.6097200387470615,0.5850330056514856,1.6915943144796102,2.9368149056686903,0.7889743979245418,0.01036406617065051,0.6809192884888815,-1.6234319337426475
2001,11,203,0.9102941163897557,0.7384438423103825,0.7028006993731356,0.20534783446532864,0.7391891567775072,1.1311258534157014,0.9340063523185649,0.829705345639579,-0.2303702213517417,0.6469380610202338,0.5354295738632715,0.8458924827058032,0.37601985726409376,0.508995919377729,1.3365232034311252,-1.0162742757097885,1.4488509828390672,1.5502937613283003,1.7410996277392172,-0.6613592604169047,1.2447064961504253,2.1392286591950747,0.23228390998504497,-0.186681695085768,1.4217922717037785,3.3593164081463343,1.240272556590651,4.632261047647707,-2.5560162711342693,-3.0256934242724496,-1.3744933009573082,-1.7384626282031577,-1.5669473942462087,-1.9119443656173014,-2.0144178634080436,-1.49877218455352,-0.6072705007074665,-2.035444799833425,-0.8465465210044492,-1.56082175423994,-2.060398607640599,0.7931305586850808,-0.8844327721050556,-1.805092390393635,-0.26404243173994474,-0.603029579944712,0.018764353854081983,-1.3732492176481959,-0.15780144851762065,0.4986737553114552,0.5676153757387978,-2.292100261019792,1.2163615108749934,-0.03792262105497541,-0.037533726833762715,3.1392126709820434
2001,12,204,0.6631803950402558,0.4662456716144179,0.7805391029707821,0.6420025048795168,0.7670396548340839,0.612296684721943,0.6542868430411456,0.6950886702298322,0.7954524864312815,1.6414709136168137,0.6521087866947223,0.18485255792590102,0.6167228769325142,1.1716310105088465,1.741595003166233,-0.1696077203654054,1.6800651014208567,0.5562028911422204,0.8652957664121791,-0.21627398163635192,2.1219982420936043,1.3708617339867137,2.5550841476903394,-0.043192392360148525,1.094211777443846,2.390438536354792,1.2912501020572447,0.23086882655645916,-1.8564835567687836,-2.9966527043777864,-0.7863283021582457,-1.4430761808337937,-1.770807702827177,-1.7642901622922997,-1.6832675357541844,-2.115728260429817,0.4237491361694538,-2.866446578078754,-1.491164704187263,-2.5236838634760557,-1.8325396882251208,-1.7213635876206437,0.5032516265500939,-0.9852265243455472,1.261981760929095,0.6994222231489836,0.13587608162546025,-0.5611160669615511,0.8771375606598307,-0.04924347078285138,-0.07240326309459633,-0.5499418035369634,0.6120683144904002,0.3041182519041011,-0.5070767745823065,-1.0101996953533676
2002,1,205,0.6979091990738061,0.7113086864346702,0.49588178103580327,0.6169020212475711,0.5671557534506392,0.775970907434572,0.6909209274103852,0.6278747341919106,0.542500591923969,,0.6099299724855022,0.6391691108010992,0.7138658306310075,0.9102166288981005,2.0647654202199934,0.4585546378161684,0.9593719077316782,1.325929544112101,1.2485862419081892,-0.17073236375366627,1.4067373307105087,1.2960836767105732,1.5556628166486912,,1.7648649491559159,1.0710433480261272,1.7429605999398203,3.1667337417218446,-1.8702977200916024,-3.0343791871373496,-2.7012767295095106,-2.7984051727749377,-1.995479913952034,-2.223703936432962,-1.8443721078143986,-2.189294033096116,-1.2500190935354933,,-1.4395100912211354,-2.036356676488388,-2.1272008956693167,1.74407243065652,0.517819508824192,-0.5796529265547885,0.2569920631682716,-0.47652456163676216,0.47021029704716294,-0.07337762259783366,0.07102926976497086,-0.3758106158202372,-0.0018138031802548834,,1.11759456599908,-0.22659989990957627,0.24978347423678457,3.254754309632212
2002,2,206,0.7890323341647518,0.6260323212089637,0.6657989433127108,0.5758715160424943,0.6859523075892333,0.6538973220281833,0.6201510615536692,0.6778135613937158,,-0.10434618807973405,0.8519219843596343,1.648657497023514,0.5582353931605525,0.29370617756476736,1.1954533916494943,1.5515276504629474,1.1104641193084732,2.1333178372877173,0.403139770509855,0.19323331566416396,1.8222680905869297,0.8813846899720482,,2.3569453854185403,1.4263103162949293,2.8446365551558133,2.402763024776994,5.1728372905551865,-2.0076597601428974,-2.1770683464494685,-1.4910405276826708,-2.0853706221788593,-2.3606161345533954,-2.1783931610452454,-2.251609104694362,-2.3030511569924195,,1.6476411120472765,-1.228786467776262,-0.9546989154550667,-1.4150440645884805,1.5796039805731932,-0.3448551553052006,-0.07665198433323897,0.1625644493346024,0.8819579370302606,-0.25985318332236057,-0.9122598755686624,0.21627933415165282,-0.6112490665487664,,2.088524187831036,0.4944056661134031,0.846830209177277,1.5388499302085914,1.0825243972155467
2002,3,207,0.6957516590769264,0.46766404436149334,0.5537725231416775,0.7340838631715835,0.7157973189620457,0.3630857777725869,0.6437473939987287,0.6592414631861,0.4270451346392324,0.7420685837838806,0.2069776791213544,0.11924622975505582,0.7400938635226099,0.13217211445504004,2.590579192812752,-0.2701224845401945,0.19942920305595682,-0.570735700560062,0.4311194570006707,0.5386795219196681,1.3802836173619422,1.371604362459043,0.3957136733346068,2.761230024022448,1.4607522922939418,-0.11860898363153956,1.3599802518044612,6.875449609863205,-1.6363372527860787,-2.219919373934952,-1.959742354895444,-2.3394247356903826,-2.1772848596569663,-1.9483632717099022,-2.2280235117427103,-2.2423561942994947,-0.6593121526267451,-0.0865190786260904,-1.4240748276114243,-1.846465042326748,-2.5030616099606133,-0.6548428089076942,0.48480466150526114,-0.7275258126496489,0.18155835120449754,-1.6803672734650528,-0.3416680835690152,-0.5028476494058652,-0.03620088480776446,-0.5045209961079843,0.8652709057860342,4.25994176366761,-0.11082226629581632,-0.3193439853647045,-0.490238330564959,4.849524883190911
2002,4,208,0.7543912808950582,0.6615858685580428,0.5432922132362034,0.5283667282207533,0.4857925606921766,0.7655320619356334,0.5445927085912681,0.7296661824121705,0.91900568473398,0.7628802651323875,0.62384409174893,0.8055329357223786,0.4032548891232621,1.0238756823177717,1.5516280602815435,1.3720203395004091,0.9234678344517387,0.7434944089656876,0.6394808866156485,0.5528529157041033,1.4143929281561833,1.5595684084013621,2.7316620261432925,2.0363722010070617,-0.09268625514543291,-2.059632435359288,2.359071214981423,0.36185790984448135,-1.8551055197014494,-2.599566856809188,-1.8262459947320466,-0.6333265590742031,-1.9613967318068186,-1.7276379373311277,-1.8922242366233264,-2.073131821194258,0.8054029039110829,-2.248666891468828,-1.1986901691290057,-3.993776767708256,-0.8509182246827892,-0.8312509400372385,0.16272402764418684,-0.8696840180701972,-0.22394732547776422,1.3303761052374148,-0.25179434638760595,-0.3414133223378864,0.12679424341979315,0.1265976964913013,1.4974478045676052,-1.3666170832455966,0.8921546066425393,-2.898519074727645,0.8833805422307873,-0.2712138745304271
2002,5,209,0.8172064174550024,0.5194336865975352,0.8344109254795257,0.40504621228620796,0.45184721587237625,0.8090132751505388,0.6918654718890419,0.7205169441701491,0.1303895442433414,0.6041282332803475,0.515765870277711,0.24185659686151298,0.3208851163390467,0.431128879823044,1.3669249375636099,0.7326762506023985,0.06079120028315528,1.4297849114055932,0.3359764669810243,0.1989066578600127,1.409109318912722,1.1353139333970714,0.2089360028973443,2.6613782658713485,1.675060287483015,2.599752960032597,1.6358580098761872,5.137861808303979,-1.6560285995930333,-2.5844928068475634,-1.705703839704635,-2.0031479051039693,-1.6526842251740943,-2.6954061845283803,-2.4311606322048265,-2.456739831839616,-2.8539955856168815,0.2989742197498584,-1.8003347685241855,-2.3657307252733943,-1.8390911113200463,-1.197350157079174,-0.08097078528323678,-1.611459361835648,-0.2168193307463221,0.03207418727971806,-0.1978860144122203,-0.9087556494287623,-0.2013000738662651,-0.5255900497441753,-0.6481310112018779,1.2579375904703107,0.7952234789742835,-0.47470099315687947,0.5431348263219882,2.566367185136571
2002,6,210,0.8038274380903764,0.7787613807126966,0.46070716262306816,0.24281058133977457,0.6370839151357187,0.6633917582253666,0.6272235415295746,0.5625664652876656,0.5010409914693108,0.2525214411676107,0.4233479545240495,0.10743047727062904,0.4263267676876261,0.5347500478473856,2.063225247405378,1.3324858612896335,0.022186754929922392,1.0884902645700365,1.2024543898670914,0.7070616803530052,1.7318726673766702,1.1204157157871917,0.9029619561512837,2.7713969653858617,1.5135430206899596,3.0249562633399325,1.6766458740662213,2.1571628473910267,-1.7345942617500625,-2.2587379039646454,-1.8252153038280101,-1.6227632292325596,-1.7607600651688222,-2.4615631824692144,-1.9307646351979066,-2.0237086785314973,-5.0745344147673626,-2.9088452196563734,-1.8941176200990253,-0.5620168642972883,-0.8813597459111271,-1.9955813726303182,0.17182004854000069,-1.240941416448577,-0.24666284183787593,1.6545436063062855,0.06538186779893002,-1.0799804469878327,0.14419039605934716,-0.12755005827892646,-0.6705530591747423,1.6317252006302683,1.003072139807239,0.838733887738324,1.62189443379121,-1.6092659226373862
2002,7,211,0.8330490698790919,0.43349024556680754,0.7148477038835681,0.16975058969882081,0.5820145784849666,0.6546370770581242,0.6197542290811866,0.6265139691384751,-0.048877004915161615,0.5570197293053342,0.6102684215752817,0.5964765306774175,0.5016585859235854,0.3210798445734014,1.5836075950561674,1.56136453559792,0.19443141659252025,1.4130961271115339,1.0175274039767215,-0.9557309111570949,1.9520156251457332,1.5488196077541445,-0.5671887515092224,6.345817570085172,1.5710884933103995,1.7007922096979868,2.7503452010679434,2.5646310862774238,-2.267830627001804,-3.3728467348753752,-1.4689275326943358,-2.3755861348058236,-1.6085004058369892,-2.4783218689728703,-1.8073601112535118,-2.1247535831449875,0.2197064809617968,-0.41625611339108354,-1.2371280032962602,-1.2315739267764794,-2.030191751467259,-1.3561353130661842,-0.1711357279996936,-1.398700540094379,-0.7157553193142635,0.12323957151668725,0.2879966507300551,-1.6574230913924166,-0.1876734913646117,-0.3043446171385038,0.7589509997957501,5.5762543666142275,0.31352748964526905,1.242148620712309,1.173121707998118,-0.44132448908561195
2002,8,212,0.9799836610551063,0.6191162013206222,0.5771661439139928,0.7044011914440325,0.6886670680635866,0.9296840905356452,0.701896605778333,0.7757442080884382,0.8771929820000013,0.0024723251606417057,0.7910932029460136,0.6873899212332966,0.5286716696688435,0.44837792919815883,2.328808408053436,-0.2787238385586026,0.44583489024697803,-0.5219436691555568,1.0621689188864245,0.2092466019222955,1.616726492894526,2.070232569177252,2.6315789470000013,1.126832588597989,1.8408434450415674,2.380808906654006,2.199651201808776,6.379489782275086,-2.038453206712687,-2.528504191056708,-2.3184642657334127,-1.80147190432205,-1.67177141594846,-2.286770771581648,-1.9865335792106587,-2.0985912834120373,-2.6315789469999955,-1.9184734650640578,-1.0085992064698348,-3.64746822275076,-1.34635829336512,-2.8968130743699327,0.5239033444942969,-1.5670931094084102,-0.5959648242718523,0.7242862794570952,-0.06299393787026283,0.07539025988974561,-0.0005567333065297805,0.2596593462158435,-1.7543859649999973,4.478254783516257,2.145632911332184,-1.2730042267330517,1.3733689792695247,2.7066700565082975
2002,9,213,0.5451805904013927,0.5938522177784854,0.4931826492641367,0.45996033180075313,0.47781657559504254,0.8445602007829318,0.6233168820706046,0.6055800718945681,0.10168880287282783,0.3894138845470057,0.6816532773058981,0.5057486843269233,0.44380456007005803,0.3150426804272468,1.6808837084333568,1.9068672625760643,0.2598851566984788,1.0132514544040723,0.8545705265948312,-1.0624371797181804,1.0867648955710416,1.8720541118318947,-0.993346799041556,3.321853231013901,0.8413628002926455,2.002692017958838,3.0448961003698956,1.4571024402958215,-2.1274442911653613,-2.356549089731455,-1.644886969188683,-1.5948480014714723,-2.180593861017871,-2.9364335585082704,-2.090862072286375,-1.981020343960645,0.2759209197290227,-1.180565475510768,-1.3278722969978276,-1.6486057236741023,-1.5489613010508565,-2.3237663579106655,0.14978806423151142,0.26494811223882475,0.5343431238685091,0.5114686492719022,-0.4105182653425348,-1.0983646920522243,-0.19656952319041499,0.24481461685680447,1.0996376454767325,3.2205767642329257,0.7112453476771543,0.3708430161180024,1.5119646095080381,1.197944600226246
2002,10,214,0.5138150862593033,0.41646364213563714,0.6307775887088344,0.49753349123970875,0.7356683707074351,0.4101441114644757,0.6373834762859314,0.47518455035594787,0.250659560617229,0.5456791191606414,0.5664680019111232,1.0515499403851105,0.6304776295200877,1.030554043513477,2.1567852498801767,0.9308875329797051,-0.4187858150133866,-1.180153724062669,0.46341922191604507,0.21335893706223433,1.727534944834345,1.722811542465267,2.940096163746604,4.771104982597992,0.3641034222592828,1.3241356968146458,0.7148659207964977,2.818843251977937,-1.9925637940905698,-2.233891128051283,-2.2121806093430227,-2.2296835829159307,-1.817761283996382,-2.7728902086255656,-2.0204554247013955,-2.1539731179087354,-0.807420840132813,-1.1234351700640646,-1.0411810380983886,-3.3403025395800743,-2.974394744956223,-0.3750660100750541,0.20019968837504323,0.4479801019834989,0.2730960060705988,0.5174023455493679,-0.21231367464648052,-0.6527941132037586,0.23206596241141647,-0.35868234458147197,2.931318712448544,1.2398265445162397,0.9305288626042931,-1.5481227479729671,-0.6075958953548447,2.9780726401065647
2002,11,215,0.4916971439818576,0.5821449882434879,0.7721783222175773,0.5765321194881466,0.6433227649866369,0.7642248083801362,0.6680128612296954,0.6886903323625958,0.37956850709880946,1.0951527823609288,0.8540717972138268,0.3798663069916661,0.3278044184970012,0.8956641277193429,1.6218844345547552,0.47774495471496736,2.248100182316494,0.8920840469935623,0.5227851144150417,1.2365616194314475,1.6929882999448036,1.6486863799060285,-2.928391465844096,3.4596735150387348,0.4138042676574908,2.2696710924044083,2.256760009903005,4.681228354591029,-2.316817529391733,-1.9552764895353523,-1.0710193218460362,-2.265634912907623,-1.9441507828620854,-1.9443580103489775,-2.1601470255524515,-2.5905943531764963,-1.7786769752417089,-1.2232083828750422,-1.5400402135124696,-1.0862579246191502,-1.9743834354055139,-0.7336926693447329,-0.2441630395915244,-0.18778896898812777,1.4632901469249413,0.21702794524388958,-0.0953069659612737,-0.26309390384949,0.35038042449075946,-0.4142939052629957,-2.027732786051638,2.1605077985443457,0.6988270918215598,1.9901053387297956,0.15861567858959533,2.212932418872277
2002,12,216,0.6281483001869199,0.8347390563377127,0.6663590139291278,0.2967899899848771,0.613105773537792,0.5658870674926917,0.6262157351155055,0.6803504507511592,0.2180295644429529,0.09764667163073838,0.6501997930823712,0.46739680139269507,0.8144479467867304,0.4030047765014691,2.0657565939426425,1.2237456479998163,1.0088709619241838,-0.2738026793475366,0.8344040053525527,-0.49209644482395376,2.0428167607339356,1.4216983185203207,0.7624876052482982,2.255643755352034,1.6363184823174084,0.6373503876766593,2.0736322979100565,5.705077271308563,-2.576041986574447,-2.3260359282378174,-1.5398866473702855,-3.871913269508235,-1.732974734304259,-2.9471829583731233,-2.019820875387556,-2.1929993825341727,-2.8286175607275967,-1.2910623594839894,-1.3203344309300578,-5.507651188827045,-1.536217820270909,0.2954642539364937,-0.0018546163824671186,0.17933486154114653,0.12047051689741631,-0.07523688115410404,0.20347628591852981,-0.9482793262730816,0.6013033905407142,-0.11893147210541707,-0.7081761545218829,1.9573244265583771,1.7996155191843393,-1.150564685976318,0.7596815506710443,4.0004729671000465
2003,1,217,0.8680999384067147,0.6025757486736074,0.5133539223022305,0.465898118081508,0.6777486658732674,0.6853072812648655,0.5400606388579131,0.5495080874479784,0.5604528205798105,0.7982720342353883,0.7057317095858172,1.305087251190576,0.40665159906240445,0.5193414165650739,1.7099457606105453,2.3933018564373754,0.22372763993290679,0.9645626778094991,0.9148217526750684,-0.6288961435567586,2.097990436719056,1.2773510562368784,1.5336642094240631,4.023930254635007,1.8177094141278416,1.9058713671122993,2.923138800316104,1.9212280419114116,-2.324709025577757,-0.9372278096910198,-1.8449316241774254,-1.8960692258815546,-1.7929571415268055,-2.7139258112589006,-1.7205425581680824,-2.3538236390734815,-1.7115904846288337,-1.669703815563096,-1.3356825172305855,-3.3303261722975654,-1.8482195400483212,-0.37520588032633106,-0.0318788202630299,2.393198972098482,0.028417693770521515,0.23613280147955934,0.497816401017484,-0.30790885003415924,0.3304330712151774,-0.47796185758518,1.4754454849981642,-1.6709999348427593,1.2822788054707333,1.4769585942083163,1.1224760630008193,1.6935492657928328
2003,2,218,0.8372569737314663,0.5884435857805712,0.5335594979165574,0.7987652199886621,0.7949773050565435,1.0339481005137823,0.7457690458562557,0.6969046138950123,0.14146796171617546,0.4614716547575859,0.4777459463776575,0.41394750844851386,0.46572841280923405,0.10654306523767,2.0889480172953125,1.7663679514563484,0.47840412163178664,-0.5263151248576384,1.024996053899893,-0.6586686130646858,2.2275123133991133,2.0352463628365025,0.30593308261747326,5.0666989422178395,1.3637029948982824,1.6140374959604893,1.8467371219659128,4.315052553425137,-1.8388431586011529,-2.1732253675809328,-1.3578332492762866,-2.686033700791455,-1.8954570954817105,-2.2421172437313515,-1.898091066930188,-1.774694437648975,-0.881677053895513,-0.9937978674375358,-0.8919566707622802,-3.0599076510006507,-2.1047101495209173,-0.7997710909550177,0.7975095515383736,0.6743301653049948,0.4115851089178727,-0.3276045066920321,-0.1778020045492071,-2.0763257755847224,0.11346750872017111,0.05151487564854198,1.9811322855266886,1.78210314224258,0.7348445434439024,-1.200865710677293,0.6618997067306515,3.310756714308935
2003,3,219,0.702172156282201,0.8372676561815919,0.3917770246578351,0.6717333575782909,0.4863695199959132,0.9163042904175539,0.7148683700264846,0.6922034169316,0.7476735583484787,2.5842981136870556e-15,0.7885100507181111,0.5846536244778556,0.6462067610792658,1.2269989965000003,1.3277610424264747,0.6209650644703794,0.776687753312459,0.2142959659650322,0.10603185309197248,-0.42348689078720514,1.5262636781191135,0.21988357095118327,1.9396082908360208,4.624277456999989,0.08296390777491286,4.899739477883952,1.8266308311198227,5.725995315999993,-2.2434359695262818,-2.431556339103996,-2.5449458616578924,-3.1854329155436716,-2.470095875541281,-2.2418542561675423,-1.9903676859048298,-2.982982151715569,-1.8189067856381713,0.5780346819999946,-2.7669557822141777,-2.41169229521468,-2.3063362219408092,0.40899966549999706,-0.1311163870926547,-0.4319009825051759,0.12602843126410918,0.29772633941096494,-0.7873644202129216,-1.5878505302775854,0.4235654900148454,-1.1499565353281829,-0.6211916423910588,4.624277456999986,-0.07582025707213884,1.7181429699118016,0.1855980452270331,4.089996654499991
2003,4,220,0.7645088913367275,0.8050388255981817,0.5992297698366797,0.4029401358993866,0.4587428799186826,0.8228393945770887,0.6130215384708332,0.7337841147341908,0.7810263970446342,0.5650595490636645,0.8061505813358663,1.0104520725551518,0.3301063798253606,0.34143796083627975,2.3333307181642446,0.23736715614417575,-0.24248278742001395,1.370299431229002,1.397326377237183,0.36156716019953483,2.297379095674032,1.875474621915656,1.2999390993830122,5.814329339156433,-0.846526642671309,2.7186635018288308,2.9012117855512556,6.084581801518822,-1.985275699965521,-1.7481998979412146,-1.503945310660271,-2.0657706767502324,-1.82405841533198,-1.1274394538412766,-2.0947902291007705,-2.415050699486878,-0.3208426140134695,-0.8988538756047358,-2.406722785215441,-2.5017011112544356,-1.205624939779148,1.7040705887931173,0.29144210547969407,-0.3259191444851345,-0.4904795322171017,0.6303545511108871,0.5047073567398029,-0.5139376209221682,0.05143831685413551,-0.2986653490216,0.8690554315156328,3.320414722162175,0.18050053580446274,0.09170158400237229,0.982871305268627,3.8504029408822182
2003,5,221,0.6062423663523183,0.5960704542869729,0.718366562216881,0.7701483536582442,0.5910417201770176,0.3905350526654783,0.6657527831039025,0.6090052026941428,0.12813021058533539,0.24524948172139854,0.8616623641597482,0.6876757821466823,0.35027284941244946,0.3918554953296653,1.7466796571671028,1.298997014630167,1.6361191559767068,2.673194884680989,1.2340671990040544,-1.343655029191979,1.8199124423206632,1.5308863980980512,2.3022864708747375,1.2977336292067154,2.7944686888119787,1.5575681992445163,2.3692769080693923,1.0720512817000218,-1.9027035601212117,-3.0191854067008475,-1.8869052698436841,-2.289090860730979,-1.5116133977924786,-3.312995339630805,-1.974356815504455,-2.4364851142425645,-1.1959609342245823,-2.1436676693089067,-0.7206803772431326,-1.8214760907460579,-2.4523376462457978,-1.5137283385133562,-0.15995337375617777,-0.9590664201618435,0.9393849361545723,-0.010209407417842618,0.33945600118275565,-1.5650506438382101,0.15679633366146453,-0.3379217173398095,2.420077598228687,-1.0355813493142405,1.379663854531808,0.3276798061528853,0.5086759158161472,2.3379790152489326
2003,6,222,0.6207634311026455,0.9395175364975762,0.6619574901418634,1.102577140903203,0.5724190293794821,0.6840608630840015,0.6032866578007717,0.6242380172769654,0.4148635008881647,0.450955327179156,0.7036059647435254,1.1909665942953638,0.6662084294201064,1.1762599662745536,1.9116986151907076,1.357909775665452,1.0197650437619126,2.2192559718567466,1.2272670856149475,-1.8079268437241243,2.277500113805532,1.6406153668684884,0.1498242766532146,4.417792108391409,1.4487550888194574,-0.6122102409650415,1.365581862087231,2.1745788390711103,-1.7260162325365216,-2.1698060870564233,-1.6375960220360468,-1.6308233676759931,-2.06791473441059,-2.344123155467698,-1.6427044916857747,-2.431060817527491,-2.648058764138841,-1.0066108232805435,-0.7615135577466235,-3.3856069003144857,-1.2783035773365863,-0.8097300995433486,0.7437862900671539,0.049031736389675985,0.22903948171081995,1.0559476416858726,0.8478113731943562,-1.1749657656978174,0.3402083550082365,-0.1990064863645908,-0.8421517194635242,2.4872705262053243,1.0397877643767741,-1.986776859638652,0.031038688651203176,2.4641617152927315
2003,7,223,0.6946762770457219,0.706763711243585,0.5366474780433788,0.5276886822583888,0.428087418929636,0.4996891471042223,0.5610523036655043,0.6009199643106745,0.5994682488290196,0.035946415030347,0.31617081246878853,0.768659351017914,0.4888115982191507,0.5910521911270037,1.4269637139165527,1.1395162931872658,0.4876668016213187,-0.5296407902934418,0.2644116009331385,-0.1756855825228781,2.1932767375303994,2.157546939321227,2.470142746819175,2.587633951871337,2.4694340541650543,-0.6479666574783266,2.282069740817153,0.43165902150349117,-2.1343945805254494,-1.8511705511035506,-1.5339017844445606,-2.613670032075947,-2.1084346684938344,-1.7253125873522357,-1.7614234975423084,-1.9029572921045113,-1.2752386428164462,-0.21048909375016794,-0.33394446503604097,-3.8052101154015947,-1.5890981903027805,-1.1173674180315956,-0.30428323521685646,-0.5114377811889769,0.5004341405767174,0.46236331468640757,-0.1718202568775914,-0.4264342340405588,0.6277629484434352,-0.13541136739607587,-0.37632682736670436,-4.168692268029718,1.5497863416341484,-1.80767929126798,0.8686552835749242,1.5929033711165466
2003,8,224,0.5494996142363101,0.3860022826846216,0.6192932725537958,0.5712036528863732,0.48347962338035483,0.6745547085504163,0.4521506466986583,0.4644625443546742,0.6935664868942116,0.46264559534583044,0.477465091572035,0.7150752770928397,0.8684481166635113,0.03328951089810462,2.4632499407261785,-0.7558699525905237,0.4275284716529412,-0.49640862223780974,1.2673889764635524,0.3207155282485915,2.0306408786907677,2.0702915569881912,1.780723198782331,4.193495544658155,0.3424387212397453,1.3998753341542507,3.151514608698186,2.1458410542218527,-1.382475243465701,-2.7876258074853806,-2.2113908145466388,-3.6083354832046943,-2.0323718701345403,-2.141782967525149,-1.83584446431574,-2.3647644203931697,-0.35997592876230616,-1.905998988684395,-2.907863416171048,-4.881080244796215,-1.240509816856051,-0.5245218590934846,0.7839121674456015,-0.8927524436585953,0.017660338362985587,-1.45184335292462,0.4387967535316834,0.1603917828506581,0.23443345917529612,0.28779550876796545,1.2552821024617073,2.0794161544213132,-0.17979191767431477,-1.04336965059869,2.544246700926401,2.9461123338822093
2003,9,225,0.7780162044835179,0.4271176490050426,0.6589389502495152,0.35269814079153416,0.6154306628075036,0.7996101805401084,0.5307324229229982,0.6728180188721327,0.4073650225478183,0.491717575743571,0.6002023168932976,0.6014456398194433,0.6662031114102362,0.35509087272073603,2.0352746848896395,1.1951662856968657,1.0883597424282159,3.7177778920809157,0.9724756415545149,0.9457109729031332,2.00516513225276,2.4822067283724407,0.9538007801957871,0.28260596257113046,0.7990757427529346,1.6693580258462988,0.8737658738432077,0.5518780885862664,-2.1946489296987144,-2.0036479037367316,-1.7194978733096222,-1.1662392352971411,-2.0013955550773206,-1.7509962039753537,-1.8011372363720255,-2.0067975558485514,-2.6137574697097454,-2.7243450729848893,-2.4492615059448166,-3.4103089586650195,-2.7738028901802663,0.058986518772267106,-0.14339797398910364,-0.39480089746468483,0.1488178633626201,1.495042358803201,0.296091728374626,-0.21632614885966947,0.3954531084060024,0.35005518378206363,-3.539570413093388,0.09092113051116121,0.5609016483131413,1.2067617566402677,-0.6934805131253209,3.450960368545766
2003,10,226,0.7152485148190492,0.5934531355870535,0.6331097320947345,0.5522714333689371,0.7522326430835239,0.5969556236378911,0.6167577115716102,0.5849291834617402,0.691780422617235,0.5741365819026152,0.624156919902073,0.26228753713441433,0.4425750618285139,1.6048049275358058,2.7302833701439333,0.5571361992462822,0.09245366188498252,1.106355414797817,0.7042335437750932,0.5465261878162857,1.842631318085163,1.8271677062206069,3.871370082024027,1.769359208669046,1.751222622998873,1.1696211351223134,2.405848485970641,1.5519471565576934,-1.6806080297381978,-2.9057561135435446,-2.044045445259597,-3.8235664909477913,-1.7187546897646622,-2.1246467947608236,-1.777244170539427,-2.7022898971317852,-1.769172578341162,-0.4456475720754288,-1.4060620778637303,-2.0640621790761724,-1.4688697455406485,-0.1693043689804886,0.9548945276024524,-0.017596154009983572,-0.5154722775691017,-0.22840472902276038,0.43072185463894,0.3795535221248842,0.6599979537797035,-0.5183195102633393,0.15368720090688057,3.574441734833394,1.3519080329931077,1.1318559201120735,0.7478041701690785,4.012061369124636
2003,11,227,0.8286739092022501,0.6202944238790541,0.636435520956171,0.38646484269891285,0.693887112181031,0.7418272202843887,0.6408071807971034,0.614311072285477,0.16142480754025665,0.41743481707091507,0.7051024580759971,0.10401162027823348,0.4029948205387626,1.165507724474675,2.011128931270268,0.8401650538174839,0.42596957288681814,0.8115230549651975,0.5447830619417763,0.5506105424389307,1.6080786400022158,1.9102127233600952,1.6483184340109716,4.038842310604888,1.3977981214094715,3.8498196779770923,1.1673505514751763,2.1849668255876096,-1.4948087097870548,-2.4177523884058836,-2.1760207730676555,-3.2235283710808242,-2.409871052464791,-1.489432203388198,-2.644521256283144,-2.8041404927209057,-0.6319277822251987,-2.274833151928836,-1.6256308802620116,-1.804227045477482,-2.403230943798768,-1.3368851188641098,0.36608677201307505,-0.3788736721892488,-0.29399493825125034,0.0497473329680059,-0.2726305055694127,-0.22957721161983044,-0.014389053160326796,-0.5659434637869231,2.0898537340290506,1.8004521789659855,0.002790859006387536,1.2220122222695602,0.5316914845004321,-0.7192261831850792
2003,12,228,0.802428277020889,0.6445320664300848,0.698262917458425,0.5069597026447974,0.6217618157225336,0.8292729504952153,0.6116935289164072,0.5913858909016775,,-0.03286765596727481,0.6122137894900211,0.3639833506015521,0.88668275638094,0.5455053663435259,1.5584419923776878,2.2326422399872237,1.2441422814739878,0.09990668096136197,1.0873091121524037,1.71851664835314,2.0030957761108676,2.086345426998562,,3.0321680815723853,0.36921591863222086,1.203629356939158,2.059105328552092,3.031188114447153,-1.7923183042635804,-1.8363657263733868,-2.1435790045622864,-3.1016507409416274,-2.2963650005732124,-2.1984913247510978,-2.450503135581567,-2.4985530435870698,,-1.555254256184481,-1.549637539284363,-2.5932361984203487,-2.3566976275469536,-0.9280918010725836,-0.2646419299744314,0.5061698043715768,0.02784243489387548,-0.7331716796453029,0.2542640505924271,0.4649823364041651,0.12622784343068302,-0.21409102336364838,,0.788994386734863,-0.26121786362605703,-0.5835219808958733,0.1187591603154124,2.2999252551341054
2004,1,229,0.6944777374286812,0.4949530198437207,0.8908957405137501,1.0326716232315087,0.6585551361007992,0.9380726805877776,0.5899616290403428,0.5560915219513872,0.35766315507170326,0.25050071497449844,0.3141089732695444,0.5753971970797341,0.5562112629394278,0.02219300726540285,1.2953856369305747,1.0704924291401057,0.13405789889576758,0.8401220284278081,0.9588349706363446,-1.1359265024711374,1.9837901561906301,1.6083987844008316,1.5236490776749072,4.3847720634283185,0.29452680894982114,2.8849407336720665,2.473901942280308,2.475726809814575,-1.7054518987742988,-2.750202839945759,-1.1244732400184272,-2.5792067165982995,-2.0313875322583748,-2.307535484648046,-2.3654513052476465,-2.311854915109477,-1.064147626671469,-0.8891683160512072,-1.6194878914239659,-1.1669804348915507,-1.5359337933821404,-4.019464444395662,-0.546559757718637,0.39160348459244554,-0.26106462308632,-0.06964919042339289,-0.024626699184425747,-1.00195673961989,0.19699107676153768,-0.620745516584182,0.9257108870727354,1.18442176449053,-0.0564942296665428,0.1773536543827883,0.49037464231322975,3.30252740392148
2004,2,230,0.6071539047918728,0.8094210956376148,0.6626704830955479,1.2958763988523068,0.6858486900445612,0.42461071050856275,0.6557815871745714,0.6398853744830044,-0.05677963091828688,0.19725027023458094,0.9244717376812561,0.4703780723203504,0.8401564028140183,0.31423174325442266,1.4282424445018196,0.7005632042536483,0.7674950385603658,1.7586296715202605,0.5961341010600797,0.8647332517912534,1.8177973189960368,1.6126113527504624,2.85165494320751,0.5991734122526544,2.625749246866689,1.5925233581131006,2.4391479244907113,2.7663355662782148,-2.3228768704267195,-3.3607122708782313,-1.2620127510232333,-1.6424606210468562,-1.961064098792221,-2.3295397728052927,-1.832617155178329,-2.7234241650471485,-1.538961267728014,-2.045797504801268,-0.886414446629367,-2.397102137492082,-1.3242019615104952,0.18753623568968272,-0.06720551350913452,-1.0893504746815528,0.1830629342236595,1.4905594860801383,0.13009754158767023,0.21578671550555692,0.43746756971179807,-0.4039610281937821,0.24761683798072667,2.309532608707066,1.6796514843818722,0.7568605250885896,0.9607242376168152,2.6386700828233036
2004,3,231,0.5970990135956297,0.727381692534221,0.7569188033435232,0.43427777785732513,0.6619767759252886,0.8815001705183232,0.6092873850013955,0.6015333442635702,0.4362635038657087,0.1580264717811586,0.5298795308067122,0.18275174895146795,0.8174277092362153,2.102255027898102,1.7263996561453003,1.8409686640632446,0.6671153730272942,1.543431477853798,1.2907789724766037,0.6683352448242628,1.8638271147902346,2.296835998473501,0.8547345576492952,2.8403902185897505,2.108339783748404,2.413970257588537,2.5602668076244526,7.978562991221858,-1.9578222163199501,-2.130564038470998,-2.262601031147327,-1.9659114522147716,-1.9360458884121579,-1.8232202348371847,-2.1222802786141606,-2.213946259052868,-1.74129770841166,-1.2028797488150498,-1.3048966563195938,-2.059586596809654,-1.2138489622882107,-0.8400024170934796,0.26460334076947045,-0.24054006422604263,-0.5932307050610262,1.035172189786944,0.06513589988636392,0.46213836886005316,0.182075021537121,0.09090500990855133,1.945500355361137,1.3510923443848153,0.6468769950633799,0.7809777967457207,1.2263713024276892,3.5770734498822176
2004,4,232,0.7277554309980744,0.6397703411775143,0.6770053233870308,0.8502951801244203,0.6153971652732427,1.3249044670243146,0.6960259631291058,0.708270906162694,0.3413782583967273,0.6626795514463577,0.5864272355463384,0.864296935394877,0.6875162624629294,0.4138385129911964,2.0670841410045186,1.1468953660708507,0.7763639138879146,2.375965556395901,0.43746977126913794,0.5037585988066825,1.8802927042607944,2.134151662522711,3.3138557253360963,3.17753199874085,1.7946686502272973,3.196531534506728,2.8541626210944857,3.2514953749722033,-1.9365205481842778,-1.9635138674616661,-1.3984254893474288,-2.1719447692690967,-1.6651094446201544,-1.697878548402706,-2.039195600091172,-2.4952717126569546,-2.519510699793771,-1.6209144034926333,-0.8823071792320216,-1.7611382782781273,-2.046053952111449,-0.797535533655539,0.008343959368598938,0.28581831814400804,0.08189601352265483,1.0165381763911567,0.29808704096110894,1.0892016032063252,0.21288562729941238,-0.4043938859093188,0.30056979845230114,1.4302849212305413,1.1924213897134226,1.9480014720218173,0.33610273850247013,1.1938915904609526
2004,5,233,0.6127741636951919,0.3019256088298326,0.6554188634897329,0.15496021111162883,0.6364941221603935,0.6157419614453246,0.6464560640776126,0.7118546033014669,0.5018269057624902,0.3759368128456962,0.815812945858167,0.8717166852134257,0.4506431421299199,0.7603268050389514,1.2777726634560578,0.4495879783870918,2.0152252256741416,2.3370906481179072,0.9717811215194149,-0.053154424310054765,1.8494886532946355,2.366238826307922,1.639535658460745,2.6798766350887546,1.5902231043103503,0.062065146985545064,1.8953850070163552,3.6807564784224707,-1.861746808305999,-3.000874119731789,-0.54657569720694,-0.06989102207544753,-1.582598101176865,-1.531758571225527,-2.3330817600786773,-2.320218726176582,-0.28249334957946604,-1.9758673179734736,-0.7116771164418301,-3.51638517359887,-1.9652942858642377,-0.5393695870516833,0.030933353610777134,-0.9373450532325838,1.588170658460694,0.3623678524333917,0.12915748794511928,-0.4799173873178388,-0.008245450480456815,0.06503225423572781,-0.7301494068430304,1.4713253843501037,1.1689222416150098,-0.7308528795089849,0.7933535679102042,1.7056657213860147
2004,6,234,0.7234875694382237,0.8683244538472025,0.5818252103905979,0.7347902935493661,0.7885372125655841,0.42832815678865804,0.7755759969567266,0.7292248924645404,1.3027205347334914,0.013535972399044357,0.41389676697605066,0.6104006685684008,0.6479140152873305,0.42752074628867315,2.2352204349864473,1.3555479342484327,0.7433187626187836,-0.11954534521605609,0.5753108077442421,-0.5129506552725157,1.4334123761438295,1.8807449297219607,2.3685870059543004,7.088127094617488,1.3606076891759935,1.0720596925839747,2.301815489067115,0.3627514970143288,-1.6411143287867054,-2.4805307920206388,-2.1607245748758617,-2.0057049104513385,-1.9047915428671642,-1.7070592177667336,-2.304062257116096,-2.5207388982014267,0.04767162014055624,0.6776098075760943,-1.287781176146901,-2.1802775349331145,-1.9375575609213616,-2.006339946242967,0.5256221967193786,-0.21683210792283883,-0.2637093783501803,0.3273223757809201,0.44517817655496045,-0.38968517346511816,0.2067467236365852,-0.3775796188696198,0.8874083166372274,7.141062926686573,0.29355747637623975,0.9702227921089248,0.4870194172009002,-0.22276770274908264
2004,7,235,0.6627671490445642,0.5585967315180302,0.6006976785142021,0.8901778818161109,0.5890218742248847,0.424426567870284,0.649526389246169,0.7596692110692019,0.3808248631431733,0.7233408013535669,0.7312117355163711,0.48673480804219593,0.5160163375152818,0.9754354651586663,2.328146078571299,1.609256664558199,0.4889514533889625,0.11566547171544914,0.6712726060422078,-1.04140685662965,1.744813326383573,2.1629663211204995,1.522737845235062,1.811582680247562,1.4316682339625382,1.2151702788994008,2.283821591302632,0.7669531245222753,-1.8231089193472239,-2.516936073719134,-1.9847843577926128,-2.5977831312907047,-1.7954334684088418,-3.4133141159372817,-2.3788334345424307,-2.430376861146511,-1.605235259560432,-1.41380678083343,-0.6513348283851808,-1.0746585440762617,-2.3683688670112883,-3.14825723739894,0.4561272126040235,0.24472631591308225,-0.5886132776992362,-0.9218281569297389,-0.20990548383425733,-0.35000511972634357,0.23050899397620678,-0.5098023805439327,0.1836977078614237,2.8253214866468737,0.5999582635565546,0.6963394540344724,0.5660207964557777,-0.750235376115246
2004,8,236,0.819522761635885,1.112354235008553,0.501950559328989,0.34854214307170117,0.7867949203572148,0.5809672844827735,0.6294227749680321,0.7362591064085735,1.2948914421634243,1.6998708391606454,0.5243598568563995,1.1214384144473952,0.6251801396310077,0.0332895108981011,0.9638660129133397,-0.5040046129136049,0.3515850420202654,-0.2942525945416617,0.3952226045957132,-0.06994922911951029,1.4987293343968968,2.322507277682,0.43685220641502165,2.44544322359799,4.103644964787988,1.6365210721220458,2.338574714858688,-2.117988732778146,-1.734536660478879,-3.0266058318315574,-1.3592756039357075,-2.6530544723395497,-2.000554994071044,-2.2470565721178857,-2.1518641064816846,-2.247034320474441,-6.483812420456034,-11.345288791064046,-1.1010105329829485,-3.456485378478162,-1.6352320552811106,-3.4606920720934764,0.15200233472822133,-1.501008843807044,-0.14596615320320383,-0.35582390640281525,0.17164800905168123,-0.8214340038063165,-0.042242256601901576,0.09796740655920363,0.6833214499614495,-4.970001362483723,0.48047290593702485,1.3200044102879982,0.43803751490440107,0.01845275988221199
2004,9,237,0.8141477322348886,1.1469142389427613,0.654655772021096,0.6538807148257344,0.5348892024843959,0.6708168796832955,0.6251519327737124,0.7144677144766028,0.5938472347144509,0.7380370294456925,0.5573338430540672,0.2820278298954688,0.655694441310324,0.34705099390942323,2.2910983915257708,1.8207077746217553,0.5648421858283701,0.2852726113167685,0.9029233672675957,-0.10976077668732609,1.7328707513776935,1.417917087986198,0.7112650321267585,3.6742365444887453,1.659828518829369,1.964192378992055,1.2659724312076035,1.9593014141971967,-1.8081730299493797,-1.644396319833689,-1.1754825462659486,-2.628523108705943,-1.6596953758521567,-1.8558532302946602,-2.7389936312780723,-2.5088514082803686,-1.5874171409009685,-0.027149933373470454,-1.3099522705600115,-1.923710927350741,-2.603011633114609,-0.7044776091942038,0.2125149268871022,1.6450007894806888,0.624059243878625,-0.605400715935669,0.2877940739908225,0.01212852468216949,0.10325636936652466,-0.4034614919864442,-0.8348986052929456,3.0825699797500894,0.7157333422710174,1.0946156190445953,0.49094696215193145,-0.01636505966026304
2004,10,238,0.8047076825851587,0.6141531238398976,0.6406750588105503,0.4300677500847966,0.5658253342821484,0.7576529134900669,0.6946314790197057,0.6425247182614465,1.038931048060019,0.3526897466631122,0.27060900709015023,0.3368007585321344,0.7137250274769662,0.389695699661246,1.4569775023658447,0.9121028237685946,-0.041776076644576554,0.4106267902325427,0.5889440446544132,0.7057115288299108,1.3925508923723038,1.6102318155604594,2.0473764766289135,0.7716189741198144,-0.3446772459541869,1.365961873154067,2.3796265213855157,2.6599931688302134,-2.7791117855813896,-2.873665905632121,-1.962419795205086,-2.0503521224376215,-1.8755980476186338,-1.6692016362309734,-2.4659371258674825,-2.977954715472477,-0.23193761130338214,-2.0196480714736476,-0.8720953797531217,-2.5102559736376686,-2.0636638827169813,-4.628204559194209,-0.33452652663209986,-0.12932684542741701,-0.38321202933171644,0.2952588216386605,-0.20323176269300558,0.20157539624373413,-0.10677942601077339,-0.5219956720493139,1.6726418989470624,-0.3026830843266098,-0.44755279850047536,-0.5867760842233076,0.7720390714485063,1.7254537185868277
2004,11,239,0.8555631579852521,0.6585830514046793,0.4550973979923159,0.622828157225568,0.8353614518997146,0.6492206960955422,0.778975253646354,0.7804235334801808,0.3306397430082808,0.4450451024094917,0.5043567314244676,0.4496492446965692,0.45267979853083334,0.27791389270315453,2.099954059077388,1.8313683124380202,0.6267500877193006,1.4550480608393779,0.5374189676036875,1.0502830077994039,2.4427026769944464,1.865009797406584,3.798434704128388,3.6253755488146022,2.4194166837673734,2.109050672595353,3.247017536573107,1.424418705832567,-1.6585855767386743,-2.0162453938469045,-2.2688874847469886,-1.7474745237127007,-1.7520470712493503,-1.46488206124597,-1.8477239401035597,-2.253982845143112,-1.255585114944013,0.45244381437754366,-0.5415684076238888,-1.5765965341302712,-1.3469711312872696,-0.34309199189046136,0.1711484116534853,0.6948528736445592,-0.013390309311993507,0.4037561290680287,0.1124987417696965,0.15321331516141592,0.662326371126476,0.0050606994683533735,2.2412964414605057,3.7609544192501554,1.0006032473845823,0.08373577144757201,1.1518154721504201,2.142533159992922
2004,12,240,0.9666445687883325,1.0127331488739715,0.6673850247148584,0.7151980872982161,0.659809963300121,0.5690316556867031,0.6246746618145653,0.9243277688925903,0.33624919419010063,0.4674354168571947,0.38395145677365466,0.9105689916305466,0.5154086434388985,0.6293040964312318,2.184880607881141,1.7886625607647604,0.2246336877133195,-0.18964701710389742,0.6618767664518198,1.7114161556040073,2.051655209127074,1.954060789192056,0.33034271100433077,2.6926693519928704,2.0217583284468317,1.8060169173773875,2.571340910255695,2.1338282638366315,-1.890413812047616,-3.5067144773110703,-2.667623783198061,-1.912203099855343,-1.925932361535211,-2.0194355753345743,-2.3064301812882966,-2.3356543826149974,-1.3107149190681637,-0.9152066439091847,-1.0447658152669572,-1.4447151274830512,-1.4577269783986488,-0.6508314604382813,0.0033197997296449066,0.45089694908371203,0.09661673243398652,-1.197711482020137,-0.0026601825154639732,0.9926672189247381,0.6263454825346267,-0.3366047092264918,1.3420246090392673,2.014421666988416,1.3149812923987383,0.770724402876285,1.0235100941169744,1.4570727978315372
2005,1,241,0.8156456709286125,0.9951490400196734,0.34056069962039703,0.31927447199249426,0.5805831026400392,0.4304430421201905,0.6328400100707728,0.6890956882079241,,0.8949109262209901,0.4076354991027113,0.1907855981412886,0.6324235518123573,0.44356420224272225,1.6993144255053239,1.1268263992137477,-1.409436463275166,1.7944445749919884,0.9384853048447089,-1.0714864192968654,2.4009724059539423,1.7576658746685396,,1.0794830862197828,1.1758736380800492,3.0111905167131363,1.1499034389163485,0.2925317432810812,-2.015521676686621,-2.542613966935728,-3.1353447148228333,-1.853574596370218,-1.760325696947759,-2.4156678347489353,-1.676038862178808,-2.606053239120765,,-4.3388796107172665,-1.464485498812232,-1.877805373848545,-1.6390567586864462,-1.475535133745005,0.2527319088968762,-0.3811512971182609,-0.3965075954670568,0.46693737525854845,0.1367733726244301,-1.5285675405829542,0.5504426741588729,-0.3141266628378032,,-1.3697309900636558,0.5567359623066959,1.3971512040956404,-0.4144082742808741,-0.1761535436090191
2005,2,242,0.7923552348070269,0.3446775317700639,0.5215472414730252,0.30475858920081267,0.5144881735706339,0.7599248241246531,0.6290079008656678,0.7123650092271847,1.3426838138042414,0.5470940128704832,0.7760655587347406,0.8688996847135422,0.45577697288512037,0.22961746690973514,0.7143162205162478,1.3680750603551062,1.080861038424136,2.199078539995671,0.45158322018719477,1.6118319672004118,1.3499606115207166,1.576037085073755,4.105269444765513,-1.1229936268015104,1.2853403148353162,5.700627963779931,1.7747956518029304,1.250321557628414,-2.314275654181244,-3.2452879815853106,-2.071100856968427,-2.914219093411302,-1.8165552535523768,-1.4225818640339938,-2.3864110566949406,-2.543617504527768,-1.4075509145752259,-3.106774010548049,-1.8094940281866645,-0.6830304444547048,-2.4695747522371696,-2.129059526107964,-0.7780182306087495,-0.3477983691032048,-0.7509747171666395,0.4629165643199971,-0.013147480393883549,0.3014091052304042,-0.17106317309166721,-0.4356758193912782,0.8185522842488787,-4.370305124612811,1.0498306530607193,4.360320077025781,0.039201346482938854,0.8865645757832024
2005,3,243,0.5870888935134329,0.9786831025878955,0.5866078150621339,0.8230239646113668,0.48791097569677855,0.5717829370667992,0.6534901665841644,0.8282145957863015,0.20416918116342445,0.9149642294137961,0.48560030125950504,0.4779133526819238,0.5959876145981714,0.5910853379974728,1.681453424345779,1.8089598782109637,1.7610117290930363,1.31907414811304,1.5647923421688068,-0.3840650648567988,1.207469016420393,1.5564441965833602,-0.6530770085849774,2.5074486233625404,1.5827452359894179,1.010395520958812,1.848044745437732,0.9044850503538724,-2.093379064348467,-3.0709281236536414,-1.8120454026821429,-1.3729256238154368,-1.6818569308132518,-2.206105134253015,-2.4389734152093867,-2.681835217122086,-3.0733156564560296,-1.5130078838487677,-1.517753473378929,-2.3063580724703128,-2.997336856291167,-1.9174219988029158,-0.3066941000186738,-0.7317551422312734,-0.10563452344540716,2.0256517390566517,0.24964457036218796,-0.7719025843373482,-0.29666562245021433,-0.41756733317406775,-2.441678550038547,1.319819491986529,0.42121337013094773,-0.15104576583648416,-0.6340321457833785,0.1501265552168095
2005,4,244,0.7301004161088761,0.5053263948946687,0.8346692270006733,0.8100951076135321,0.6622288741788455,1.313147405116574,0.6830907007980423,0.6869687736521393,1.1640985174960097,2.1248365248768324,0.4199546561325645,0.2012190386252403,0.8149240137731893,0.25190214386100934,1.605508682596186,1.6620625948846077,0.7404107259487,1.4027890999898383,0.871265329206937,1.0337429256496546,2.214882242683797,2.009494381171338,3.510770618626954,2.4358306551763205,2.1734985827154873,1.327978617210229,2.202571583624636,0.9967963214000377,-1.9712344726084179,-2.3970614883489363,-1.8933362450738704,-1.766604262028095,-1.9203689350844337,-2.539874989920501,-1.7410421538010454,-1.7072692746495448,0.28914517351963936,-0.5077300428480848,-0.615604608353436,-1.8579225809166822,-1.8712967911942064,-3.2665745875615246,0.07075825110188039,0.36717880092415556,-0.6353089316038995,1.2915115640025965,0.474441768214775,-0.8982501976005937,0.5102338345804924,0.25605286228837004,1.7285316465557452,0.5646678109823824,1.0434362211243486,0.21737153445132312,0.24941186886432037,-0.7570243519177929
2005,5,245,0.9103279471921113,0.7882346009471649,0.6377878164695467,0.5280716530735117,0.6985157689957593,1.1389244507197884,0.7506863759405388,0.8275516762426491,2.225799403472135,0.7811289365438047,0.609432299124172,1.3718168657666387,0.540360926557504,1.1509394035767866,2.223831432935162,0.9808459172954606,0.3480828579239954,2.553006739871282,-0.04235177485082231,-0.4157078087033504,1.8194831499979944,2.3961236939343955,-2.0894034319559167,1.7249480075115553,1.9888555962659042,1.1568497908961564,2.4921610527241014,0.9707381327123433,-1.8198992678373205,-3.997619143940333,-1.726456727051207,-1.5294829803204535,-2.424983359510916,-2.9207446059052593,-1.9574974990370566,-2.263791320690481,0.16214930805544578,-2.5397875078411887,-0.8190355049233332,-0.49342139674039415,-2.303445665292374,-6.068873639868506,0.8791117907348622,-1.235902376978958,0.32611202461711114,2.0037409487324327,-0.5604023980952229,-0.5828606470837697,0.0006834897492002576,0.27896108250599094,0.5417247116457672,-0.7952510908341979,1.1099937653284293,1.3610104247878334,-0.17308752493315213,-5.040309532768368
2005,6,246,0.7683225510179269,0.5124470434507524,0.8042763606094598,0.21992574647980281,0.518061581005523,0.8628018382970641,0.6213582937525455,0.6315655323102977,0.9843340992875219,0.7301416548160455,0.535910665475864,1.3852292304206804,0.4242680265120948,0.22148935355594285,1.6546812353585405,-0.1218302790426604,1.2428660740705528,1.270122731663579,0.9827620778404551,0.08857749198358203,1.7881026767937256,2.476264552253855,1.4299030921268845,9.56744130799203,1.1116975047205797,0.6007823459730505,1.9436404089842803,2.6160019080267705,-2.038130513930774,-2.8249196436526787,-1.5431192778457385,-2.8782252399055843,-2.3478845705953906,-1.7273805950214451,-2.421807686640615,-2.348924904191828,-0.8089137952203653,1.540681852599789,-1.1451377583745785,-3.221641602373464,-2.3403230036109393,0.479772313313834,0.1968803979162234,-0.8542233134667343,0.38756787533659026,0.4393343256125329,-0.03211920316309928,-0.6458316526059459,0.22373899632750577,0.15566837760452318,-2.141739938063071,6.603062997596293,0.479400210285885,-0.6405390938550686,-0.5455658919932314,3.113928647198509
2005,7,247,0.6204114336728307,0.6245742297814322,0.5512508530635759,0.3929654685294036,0.6631300668592122,0.674648862548971,0.654912806974714,0.5432560759007815,1.24368681353157,0.8154302297745457,0.6066754858119121,0.28592808502682426,0.8259310385153292,1.2221755783637862,2.8251362933274136,2.5515988743699523,0.2220399999489726,1.8110661291306478,0.9148944525642961,1.003467546240521,2.2340400363692043,2.403302667428021,3.8252321198684576,-1.9190063680707041,1.134095650961127,3.3702085706286526,1.7748068821999632,3.2453558911369607,-1.8033352860018608,-2.273359081686689,-2.4013464410800975,-2.6026920585107742,-2.0715139533440277,-2.288671586439577,-1.9015060680705569,-1.6669344373876345,0.44644089807113474,-2.542997404888361,-0.9180892715468545,-1.6908954106273744,-2.073178246079753,-3.380294633643365,0.5830849368516317,0.5521883206478644,-1.2100217997126204,1.3078513826463785,-0.1663336539359664,0.33924900344550085,0.7257351678675422,0.9158430373477676,1.820447957622284,-0.47954000569885574,0.24357976623170724,1.078522026570651,0.11169922235203002,2.6006677886904694
2005,8,248,0.8862992788701485,0.6467727596074863,0.7473839431939384,0.5307041251772417,0.8028089606756005,0.7445586470393334,0.696808641419326,0.6652456153926504,0.09539197091874253,0.473814207496387,0.35909506903042526,0.7743746093262596,0.5282295322920665,0.1923877616987388,1.6911664993697253,0.9798735616932043,1.3690371855888075,2.712461410054303,0.15693574058442675,0.6694709422976837,1.820510368565226,1.8337398051727236,2.724499364592281,4.5681007105588005,1.4145555122736093,-0.06574476981031793,2.2708652809129544,2.302928241135941,-2.0687659880881886,-2.9444877915728136,-0.6946945626519454,-1.9997318673534525,-2.0839426039325692,-1.368760995790315,-2.04476443423464,-2.597368533273651,-0.1459118780885924,-1.4554276558384416,-0.9924962580159983,-3.179142678850532,-1.7228270770066434,-1.0225390520876294,0.12664143452220356,-0.4026307346343367,1.123117222509864,0.7581649284115346,-0.16873330162602546,0.37282715049043585,0.23274062922883323,0.48810637926527156,2.4325255602685223,1.1627366637097545,1.1725883794783478,-1.3015897077120202,1.4394561829242458,1.8843828269894958
2005,9,249,0.8291261834418637,0.6462456473759484,0.7995740056309605,0.5897991636086628,0.5873339696518913,0.49844058228968674,0.7125706410550036,0.7749895548318335,,2.0721738905038825,0.49084533869237507,0.8230740618270148,0.6127229859996428,1.5878521153181664,1.2990542109115373,2.382872419081613,0.9569598453754518,-1.9497640133080119,1.0994328584991284,-0.915590286896125,0.9492363634448607,1.0318689523435878,,1.3638739413536909,1.796826051026562,3.5977908114424206,1.7150449075235996,-0.3527176293038559,-2.2293493203721044,-1.1991709791201643,-2.4603741312357275,-4.294922037458219,-1.4882930849502374,-1.9156797472747709,-2.3756487508166284,-2.8390239663752452,,-2.1776209238490716,-1.2004395330501594,-2.887075541877196,-1.8083118354918568,-1.612611126169208,-0.5201833654817339,1.2863895635008258,-0.7467795526841927,-1.504175684149976,0.16886283762120968,-1.2419538745118832,-0.1797668697987089,-0.6500347368080378,,-0.8827562182374542,0.1540037673927501,0.9541547245392599,-0.03352578003016315,-1.5401105131769854
2005,10,250,0.7068266171981022,0.8765074104128399,0.586890219231134,0.6190143773462666,0.7828704026416093,0.5914426443419677,0.6348235968515924,0.6953903444497365,0.5208249398438248,0.03594641503034637,0.9920936990143583,0.970475947476104,0.6938342095228226,0.6132104582879743,2.1966113833604926,1.288857123158502,1.744315448002153,-0.9645076638165404,1.186409981826055,-0.5056565227057286,1.973128543674603,1.5542241207665846,1.585708816630261,-3.3464319821286557,0.43436071444384894,3.4959418126236517,1.8021808820923055,-0.928294250400296,-1.6325317222716371,-1.3499427378334046,-1.0087384407582183,-3.48484206160403,-1.969389485319826,-2.3818998190280594,-1.457744515055878,-2.074923409144631,-1.0754377350443758,-0.2104890937501624,-1.7343565189773738,-1.4408319527718538,-2.2414011244202063,-3.239673432698696,0.4167547752239308,1.4050087362708719,1.280442770875104,-0.736383638559119,0.6679131342768775,-0.7550630471583234,0.22630642024737926,-0.17907085740164538,2.996122683858287,-6.036824136029713,0.546959655131543,1.1325438720678214,-0.3257893807572192,-1.4613481253943152
2005,11,251,0.9522540412063352,0.2546288234735752,0.7337734671885384,0.3581361322311894,0.6156883900811008,0.7758010458088112,0.4937334514049346,0.6158694266348311,0.5228571886678397,0.30943690589549566,0.7023419713814788,0.40526460699994116,0.5364574170857979,0.022193007265402912,1.35316693026952,1.6080936074778163,0.0002678136719939245,0.337695388969111,0.722844958636184,-0.23058860667461323,2.0634429265064758,2.6609084910655687,4.174231327562622,1.5700205004885057,2.0291580897943815,4.1518751980587245,1.8908622220660503,1.8086424321479004,-2.148241468859352,-1.1228107896254982,-1.9635861501736003,-2.3122679466460716,-2.0436410124197466,-1.949001545693357,-1.8021465616318233,-2.03842464120291,-1.0514539595530679,-0.3232588069886318,-1.3621865764166203,-3.780886424335731,-1.9574278227453097,-0.481731222395654,-0.38885472314178776,1.6454294963471225,-0.1709538279714447,1.14767556630659,0.16549653857768246,-1.0119431572939788,0.22033246599937825,0.8515235976524534,1.7596113346093822,1.9155559222084115,1.4400737931965024,0.15632385646601538,0.5274904511546354,-0.4940473664118615
2005,12,252,0.8459837659473767,0.645539261992969,0.45397969050952935,0.5136457684256961,0.6298040681344951,0.3878153152723517,0.5056158097410347,0.634838364819756,1.505933837235521,0.7769212722721993,0.47768314191636047,0.6371933959919818,0.4592698850453116,1.8391574289320702,1.5591719679563414,0.9111439588242046,0.9143855915524464,2.6323781858593747,0.560866132033177,0.24196412448591156,1.819429554465286,1.3271197764365303,1.5488251359558454,1.6251887299400278,2.286513247393922,1.6346176211047105,2.6634730098547266,2.872074833481234,-2.1232898352328027,-1.9938427426733094,-1.2933391482915668,-1.5915694979282284,-2.25560870585173,-1.4950739195502731,-1.9219832902340306,-2.1699000052103203,-1.0406852059057725,-1.8472552277086123,-1.2236831818781189,-3.3514531601029596,-1.4821214554795181,-0.4966969880623218,-0.379154037418412,0.42642091356421963,-0.16985650650193024,1.4509231472882034,-0.14576773867610246,0.6509999626463888,0.4609356787261489,-0.1876250854822257,0.4357394506542763,1.064394136584688,1.337334013937278,-0.26912779556785454,0.9578223724932997,0.12766234158813813
2006,1,253,0.6979363113483894,0.5720471702485351,0.7917889422226602,0.7267984532632027,0.7710066310098106,1.62905778291631,0.563196357929734,0.5606219144705127,0.24889267891465028,0.40710001990762074,0.7004198749731827,0.23516741656339932,0.672665670198781,1.9614771157631983,2.0748040376799803,1.1039226698003792,0.029464456370687484,0.6343858644967328,0.2143242240051774,-1.3998404454396522,2.2872635400131727,1.6470199087664208,5.2877471310156805,3.5373666296322304,2.022395698819202,3.1301724930920347,1.8819279887920184,1.1218044825697886,-1.8826429447009247,-2.709577140306718,-2.4899492828686225,-2.5085377592544607,-2.021994848087465,-2.436749597084338,-1.1236605792877703,-2.3331136265961816,-0.021175397321719604,-2.1950961861360625,-1.3106510473599688,-2.25963150680532,-1.4669771395045168,-2.0071773715163443,0.1975170887308501,-0.3331678244364938,-0.46175557102270826,0.8156906956309862,0.10151312167931599,-1.4493971623437558,1.0917374499710564,0.5371708105400244,3.3647533253272246,1.3679135562367843,0.3130996649896776,1.8382559752618493,0.8407843106554779,0.6497584164714627
2006,2,254,0.8470091200756873,0.6344175606296271,0.9045379032631927,0.6947066003851716,0.5753765837572367,0.6639633055037841,0.6862598971577346,0.5314012677297559,0.16172506807934467,0.3070840450053147,0.8466105155569089,0.46326295125790967,0.5332991057124524,0.46403315954337376,1.3340241062245148,0.5998505232036102,1.130712335743409,-0.26221683745762137,0.8731882004684293,0.17057190202227865,2.0552690169030434,1.899498145702241,2.327319282510769,6.392904480935738,2.3511593285648162,1.8928810131544611,1.8980344002579455,0.7020603874507141,-2.1213280608600082,-3.03784905204431,-1.8092933456352507,-2.7808421121837053,-1.9211020801978047,-1.2404203523317991,-2.0074734844864213,-2.209981344360007,-2.671203701313404,0.3328250698569534,-1.3239692658499862,-0.5772133562044091,-1.6606298611792845,-0.2732106068619957,-0.03803301794322966,-1.179130946013987,0.5688451601764212,-0.6199555340049494,0.08119715686676786,-0.756656104457462,0.45749176890988225,0.4405508605302187,-1.0396590028556945,3.9445208380247094,0.3987279895966599,1.211276256146163,0.23172229720043222,1.1879413277093545
2006,3,255,0.7509980437019274,0.2718833570584534,0.7639136269785165,0.6892398852959505,0.5908104981275457,0.730126700017907,0.54816073302852,0.44922723117716334,0.06195174845718098,0.2666936788000765,0.4027804041614945,0.6566398564735195,0.5203719481542711,0.19234539412265525,1.5105483015578227,1.127796611533781,-0.3926004576927785,2.131140238628158,-0.5154246526043448,0.1681825366202448,1.9174735694585057,2.03781881848331,1.2298374529759009,1.2506016933288162,1.7011190556877076,-1.329478004079605,2.8161156202397923,0.7277381457141647,-2.2034967742726415,-2.6504306018530968,-1.587861623371563,-1.993600639292987,-2.3797101501309714,-1.998886670220387,-1.9562107355547727,-1.80066038574093,0.18008927498394517,-1.8079486998970506,-1.559415094344863,-3.9822682526459694,-1.3255127174130215,-0.5528473617171966,-0.2926289475596004,-0.1918178654845104,0.006219788300223614,0.7422469586522106,-0.5793380685324704,-0.3301909802807501,-0.07335456849552852,0.4091126843719988,2.4637652622333612,1.9272635529884325,0.20431104004623288,-0.46814138325196786,0.6844353721376826,-0.6102077521282895
2006,4,256,0.6885696242031581,0.6444768019895033,0.7232560290447182,0.6857472980525557,0.712090450312094,0.5273984319255226,0.6563634508171672,0.6447798284741773,0.5807251632573018,0.536615045294649,0.3389381278079126,0.867595866570253,0.578404432356297,0.7730050558904055,1.7999071962687467,1.2619014534008433,1.5679908878232354,1.982282243294483,0.33931409559734305,0.6108272336632922,1.7630864354006117,1.8322432107960915,1.398703675648695,-2.9797795907069418,3.3832921241757568,3.458468731141453,2.3663355411733185,4.4619927724588955,-1.2523692179409833,-2.2363444995916772,-1.6667219062508318,-1.3159683230105292,-2.06100140475498,-2.4807882579928613,-1.6410245559557324,-1.7514218259437704,-0.04699055153549026,-4.020073888623016,-0.7140670082872178,-1.0875799601678071,-1.5712764617802346,0.3071581093284967,0.6485438862905921,-0.8865338308203956,0.11746066580304973,1.4540924646522007,-0.23448988772322155,-0.35990855725877546,-0.03352812810401528,-0.2850079109813663,0.5092159498197439,-5.982397980418186,1.876043957110721,1.7151709399066186,0.9574631880937384,4.430002424383125
2006,5,257,0.5823096069536201,0.7696654395029487,0.5969682332862725,0.7732549024439203,0.5988820506881863,0.6401165422004051,0.6171613141927896,0.6661422623248211,0.02215503131492481,0.528663230240111,0.4649538239216319,-0.10513817083943745,0.730861383614012,1.389235766508847,2.724204773630047,0.5704540655512543,1.4615875245732841,3.183816217116746,1.3074624827704022,1.3061012058971782,2.6179546425450857,2.277809001758837,3.567082796985046,2.824072630771165,2.1159999469238615,-1.3941949811700831,2.9179547902695786,5.50380357155647,-1.795861796667542,-3.374139734242789,-1.3060324713158076,-2.7810213731096707,-2.1845375253399517,-2.3879248699426343,-1.9704861348291858,-1.6200151436866554,-2.3515869310407984,-3.5836096353506743,-1.9180317298564682,-1.6088325151145397,-2.0207291695973373,0.3750724713793564,0.34026498564147434,-0.8734900322248451,0.5819762104549993,0.6305010586637816,0.3219485845344942,0.7951661962500827,0.5190420877963386,0.17894418678935506,1.6055397777387985,0.48199076823969367,0.2933841146617566,0.6876080342351246,0.19973683016790114,2.7793075096466557
2006,6,258,0.7160375242970783,0.6460104135356215,0.6734972549749845,0.1931093609227725,0.5317062509137169,0.6794824109770201,0.6819100664325699,0.6386961454310031,0.8083291012385552,0.03594641503034832,0.6842224150275432,0.5341208886881638,0.5864067806068317,1.4463794953392308,1.6560664059945016,1.7233191176614646,0.6620548790853428,1.980881621161648,3.5295156915425186e-05,0.6634002804062883,2.236748838422972,2.339507966435118,0.015640648102351763,-0.2695089051286563,1.1947125347697016,1.8289726071553531,1.575235275478891,1.5496073640376289,-1.870599031229296,-2.181562560359456,-2.5270813671754158,-1.9075168019555337,-2.1349362373217082,-1.2435805281928016,-1.9789122477861472,-1.585677947883807,-1.157817474920657,-0.2104890937501493,-1.1270785479950498,-0.8007661508243092,-2.10112174709175,-1.0209141487470943,0.09961330580658713,-0.02262308187705042,-0.6427260908534284,2.2595887189580024,0.035283604243256515,0.015257837638182479,0.5051493071990979,0.6463484213761121,-1.6819147538802837,1.7179441489703067,0.8429356252969594,0.7434208456404452,0.01696876509329066,1.0800143247644156
2006,7,259,0.803201517776764,0.8566193923018239,0.8617550293194531,0.5970611091206074,0.6399200337545607,0.7685825393155563,0.6248870271863803,0.48434413534587695,0.5665100256060547,1.8620957328264982,0.22437385778860744,0.27297547282263546,0.4548050323164152,1.3364742586185263,1.5862065312854947,0.16557515206653284,0.31885891995221133,1.4118924991996393,0.4878977240753827,1.3304438469628563,2.1162470943456078,1.9433938803022475,-0.7785907595168069,0.6338389625442749,0.5890137963050155,1.4436277252899432,3.783737364883954,4.488193260634136,-1.782060812291455,-2.6264584734528946,-1.8980005243648714,-2.410477898720049,-1.641401625400035,-0.782612083021329,-2.187131609515108,-1.626041417117821,-0.41195434708889805,-2.7341535139057185,-1.909191516729476,-2.9039205382323385,-1.6954901294018734,-1.2190710092921708,-0.22212772415807797,-0.14519651816206883,-0.80807751091755,0.40732342949709455,0.10671012613110853,1.3811425471323946,0.7041579131584269,0.2524882533816271,-0.7944575499728731,-4.849052136493945,0.17225835812615245,-0.5307418063283804,1.521425381991041,3.1298835889617926
2006,8,260,0.728931712419063,0.5708581639551984,0.8363161393152325,0.7198124081309497,0.6160562294306205,1.0625295144381586,0.6654442437643684,0.645330758614226,0.19661988725907817,0.6271637355624167,0.48092112047169744,0.7676455473181606,0.5020257467636451,1.0870967427409843,1.7157780953184625,2.1888397879185337,0.26852243475787857,-0.2664987747214865,0.4406431332476289,-0.8338302642545191,2.724995924998656,2.02986291776804,0.5079485372965006,4.392816002789402,3.265043822162008,3.753231386000209,1.3340139270409619,4.368028247101804,-1.7423229869886556,-1.5958756651616695,-1.3278824949824406,-2.358656692055211,-2.3476344078807303,-1.7274029488233882,-2.342624314439961,-2.4600855091780134,-1.7579974900370852,-1.6286287528224643,-0.6293121450887255,-1.0682041337897028,-2.526461283802488,-0.41423201406910226,-0.1021152160523487,0.9053818111751469,-0.3436908040376174,-1.2113914589065207,-0.2628288051878734,-0.5536827178099083,0.48650712732488527,0.07905725698157655,0.5322036169578039,1.6907484364878977,1.7127603774482887,3.0487152968459217,-1.2584600678110147,3.4704593725791058
2006,9,261,0.9288721337647835,0.6267359727513131,0.9092835367422111,0.46217240904108087,0.6116739235983972,0.5221712814679148,0.8752061515229845,0.5005930750244182,-0.1790777692466728,1.3353939896204798,0.6684022793357436,-0.03141161517734134,0.4981521590438963,0.8118993497981025,0.7105010719293017,2.4217508691699354,-0.10690158049795465,0.40316072777608125,0.9142013090663875,0.15795636240566593,2.45056028484608,2.9563849052813826,1.3048723707398981,-3.4603222668015086,2.9794667418252034,2.7774969842621138,3.2050979992204938,1.2337869502218461,-2.1631622979637006,-1.474611491080704,-2.0032900672936775,-0.6941407676237326,-1.6877590522593249,-2.1268727728361725,-1.6551528055105373,-1.6863573456016687,-1.0631613230320893,-6.186598389048045,-1.1165136260990078,0.6389624351879615,-2.091279220872759,-2.205773458093478,-0.2700576871697514,0.5349672616634105,0.12096434438824366,1.5910282311657398,0.0298609642678067,-1.730712967031597,0.6683372007984159,0.9182842949584055,0.7674277645454053,-5.483665272612808,1.7995535143404089,4.934639715623881,0.6694681146203206,2.4333755467822074
2006,10,262,0.7196727823089508,0.5374801213516293,0.5442721188994469,0.31459661142088796,0.5573983214476226,0.8771870473983706,0.6474351572820656,0.5320594755926091,-0.15428511511288762,0.01539639318421418,0.5509666226317999,0.9700172137946044,0.7946716069964194,0.22151305895259282,1.517433816305407,0.010114887929454378,1.3450870340865557,0.12396679435065572,0.5969685310352729,0.42771218801561384,2.1696300219321523,1.696389231223537,2.9909083284420737,1.845553691203301,0.9178191205771644,1.4569603287588389,2.120593054437409,3.225442480352889,-1.9372406656471304,-2.8842789653880496,-1.2669189994749175,-2.7879045844634893,-2.3138114433194983,-1.7386463279456987,-2.0674071556474676,-2.156678961489212,-0.5100046856131949,-0.673293474738899,-2.009946383766727,-3.533547681323789,-1.776607640547797,-1.4154152256032593,0.23319061964115978,-1.0459825690917997,-0.7498921710184475,0.40175131953197035,-0.4066701444877471,-0.5789490207094226,0.3433247060028759,-0.2541177585921531,1.8112758170769327,0.7970134400337141,0.28760573975814246,-1.595866217140043,-0.471992003969426,2.989572570445343
2006,11,263,0.8286520201509616,0.5940474285023603,0.7452227033852311,0.6617676374279927,0.7636040622259024,0.8017743997098403,0.6399222893568587,0.6824858094901435,0.5139997795490443,0.3496581632574314,0.5139233238144664,-0.010098195245373136,0.47572552935460743,0.384890614779281,1.1767718735412886,1.358059203239735,2.5582731294936667,0.5711613920339442,0.34640080231672,0.5266016605163509,1.919062645902675,2.2401350354903355,3.9999310996682538,-1.4653099855735723,1.0981111523943432,3.56619701719445,2.4482935797067253,2.482120322315905,-1.9551950073602677,-1.5790103508027558,-1.2455388869416009,-2.3738085297560754,-1.7942132575037117,-1.4124160586602292,-1.2144523539738161,-1.1413220363570435,1.226846720466563,-2.435999497268594,-1.572272115646022,-1.591538520568753,-1.3428267658102073,-0.49982294066626304,0.5032945975215682,0.33114615700511585,0.05300883002347021,0.6846410554430142,0.10562995832965985,-0.04703025015688512,1.0314500651120169,0.9268561635810381,3.9065326134825393,-1.2517125345568694,-0.31650922981772184,-1.0423940663424889,0.9502616017007329,1.8725434972174198
2006,12,264,0.7356768905759732,0.5193868920455914,0.663967150690925,0.7589654685475156,0.7036715650178175,0.7936898677683162,0.5128013378927262,0.658282235104369,0.43291314990885443,0.023796410379854856,0.5226843453086856,0.7505206583940086,0.5181056402619721,1.0400932812119383,2.4748550121753756,0.44932362662953734,1.2368078191655085,1.0856013248389464,1.6528557218060198,0.19940131433288263,2.3957176224344643,1.5278167449387967,-0.282376692365786,4.475866821942101,0.8105347233571786,2.408309958484681,2.1467054355945168,1.6307934330409142,-1.9539455851500034,-3.294705730604469,-0.8277633030661412,-1.4243318305691746,-1.6092134101115525,-1.763504021163289,-1.8452718795334957,-1.7560867420228434,-0.9157307514888996,-0.1786738578113389,-1.5746346665808528,-0.6903016158901347,-1.7536339219518333,0.041991602434047294,0.3330042033853385,-0.5480892197187074,0.17792111205791517,1.5847267067175166,0.12800061953169448,-0.46924611872796446,0.7704599364220261,0.6241747819427013,0.3492855298466133,2.036845059953176,-0.314430633725789,-0.45774263399059784,0.5011100610462722,0.8779955297878956
2007,1,265,0.8542966382160251,0.6576079657607956,0.6495815244410152,0.4845173492348937,0.5894071477221323,0.8026825063735793,0.6756098760058746,0.603936652324215,-0.014088984060863827,0.28431493813449105,0.3609177819923512,0.27117477481441027,0.35469015623726186,0.5330342269602933,2.0378651514304083,2.1874774972585147,1.4349702597334761,0.7651882046220143,1.3611645308850011,0.7261705027837585,0.9306471088575641,2.5822645441223004,0.2951875597068604,3.515097614116108,1.9181528875839986,2.5113230532507287,3.361849395836478,5.407828581794906,-1.832733751160896,-1.3949385153937608,-1.9674896730064,-2.490323275600396,-1.3527847582227477,-1.902795208583339,-2.2299292543011195,-1.5720593787910906,-0.8521469708592332,-0.5764664465807084,-0.9873455955064526,-1.9845924966103428,-0.89535319270421,0.093715620491422,-0.175689567912336,0.6409580943649255,0.3837277611685484,0.6315834400478441,0.8061550502838892,-0.5130107663309605,0.10083784482797757,0.7465118037364067,-1.924099217591488,1.3594275155907343,1.5483927637696644,0.46914702810841813,1.314315666272239,2.993023880435496
2007,2,266,0.7588614843209617,0.590426170439923,0.5146539920845442,0.5373659616962336,0.5425412704907467,0.7450925189749451,0.8349928581698217,0.5665601018864019,0.185418126774342,0.17574947880533534,0.36702810963379356,0.5289261920233721,0.6269466675628607,0.06569530916313018,2.3310140054486794,0.921574105215041,1.0090709464944698,0.6267280866271117,1.7658569501645565,1.1536092468146715,1.8584065218817558,2.1865736812971757,0.7883942146683344,6.564587707835169,5.137253868849999,-4.875485275677838,0.9465204306468068,5.905560886875022,-1.2472513136263177,-2.5387415905687187,-1.8217141717339531,-3.0119040092841796,-1.3153410012151905,-1.9376262179519679,-1.344716392518404,-1.6105962177987858,-0.6012420030414035,0.3307264723589151,-0.7054250750289517,-1.0738694834909392,-2.2881776899087387,-0.04261205510094496,0.741805808720681,-0.12234447728493256,0.24509693290397264,-0.06726157178657294,0.953243512692293,-0.12331813205062182,0.659185641715663,0.47286644116043214,1.308820762226949,5.758129516864221,2.1217753769654064,-3.028729133781996,-0.4133937765673053,2.199604587926384
2007,3,267,0.6222494069816599,0.6771061321973066,0.5517677163587595,0.666828274707855,0.830255327369238,0.8047154954637173,0.7455954497856232,0.6085334547300577,0.6571353645228688,0.36525478958032204,0.46366043552222336,0.40638970959799126,0.708987423906435,0.0808192461725654,1.7334298389189386,0.6156576212080476,1.7966312397339188,2.3163643943033656,0.1257159745146248,-0.2575848650164353,1.808070691435453,1.4960739514485089,0.6128254998407654,5.499945743799002,3.1501973752217607,0.7673561940080387,1.7695212794952788,1.0937453493561946,-1.6528993228972129,-3.2155078915943003,-1.0194051352158209,-1.7867598652214327,-2.092575757350194,-2.359344131411618,-1.9281906934036748,-1.9499120370624172,-1.3486481734843203,-2.3058450170320275,-1.3871989183473887,-0.532801716343421,-2.3594539789489475,-1.5881907109021869,0.0020983435137237245,-0.6691757037333786,0.8450750742926113,0.77207286443781,0.04175615907842832,-0.5366261178231628,0.16295183361124113,-0.04652664914330009,0.8211807709036655,2.143644383258141,1.2800248515122112,2.1330853024460055,0.4635161661351463,0.9812408976843249
2007,4,268,0.7839775300720082,0.8588713487578052,0.8687640953988096,1.1157246396386356,0.7565852067906343,0.6680064844200699,0.7790834667476361,0.5731364918224473,-0.0014524785104960247,0.7716316227057386,0.5811784853298237,0.7274706056803072,0.600535567973571,0.37839202446898274,1.3839223720033027,0.2534587168304736,1.3522567123180154,0.8401996863601393,0.695178179295522,1.3242646885849272,1.7154129011073502,2.2812303529428566,0.48880779882601993,0.91952024017438,-0.6912454775144834,2.8143138831896106,2.3237005585235138,1.7736171712594269,-1.9736799582740392,-5.1576501233507335,-2.4181387357976507,-2.3973360593891546,-1.8280528224440835,-1.8748631543851295,-1.7087475577222677,-1.7010802888911862,-3.4454738432305385,-1.7630746291649255,-3.0736783595207156,-2.132322688192591,-2.2621175468348187,-0.4934047205713721,-0.532532595155238,-1.0225144962261294,0.026466185384127726,-1.3729324506882845,0.21632683301318326,0.215429025525705,0.1867618152673365,0.437067728256467,0.08345205263179963,-0.2923055896817654,-0.5383094822429999,0.46285147547572775,0.614822378624974,1.6430678885096148
2007,5,269,1.0036476279621158,0.46053811786851534,0.5001833941009425,0.4693798015475799,0.6209736376363442,0.41866099874004264,0.6633500797338036,0.6931768918663669,0.27051925408171346,0.3661899132411015,0.6286212068960684,0.43229502658175495,0.6966036748441553,0.9221929088904075,1.3998180797921984,0.6053427586335067,-0.20405094097424323,0.7759411491794259,0.9461002635058874,1.1710806928452075,1.790936463603156,2.921453503656882,2.5754248488741833,2.986448224760389,1.5247890222559835,0.4170996421758931,2.709252411065557,4.973003253958913,-2.1240566288621663,-2.0846373018622026,-2.034429244399929,-2.725536302939982,-1.8304311706975824,-1.6641588903106355,-2.0756776278451072,-1.6371158468977263,-0.8820558792280159,-2.127273435268331,-1.3411739705408947,0.2014473052474676,-1.5764229009749828,-0.023166465421493837,-0.4792184772368678,-0.18336209359995714,-0.8444650869832407,1.5032695954787132,0.1860472311452994,-1.7000842626871062,-0.0382748518677122,1.0124934496749116,3.64907112531406,1.3627782315763812,1.2029320669467893,-0.05909357722924824,1.7011031282925393,3.7352419178831275
2007,6,270,0.6664173904972027,0.631076074515964,0.8100756500632281,0.8566185835420596,0.7093939684551197,0.4046944179085857,0.6761250984582703,0.7417344007392748,0.5143875308504219,0.65441725365304,0.42794320296420735,0.208314002167681,0.5686392305644755,0.06401759937107206,1.7377010863450804,0.33688014795230586,1.3172621990179971,2.41370875413933,1.272089166594828,-0.2621373181340756,1.6090216998379145,2.8087361248430165,0.652242162551766,1.2218693815218242,0.5981528025809094,3.7837880743150087,1.6872427693295133,0.2477059360767421,-2.056544739164743,-2.9537869771018057,-1.4115597454663957,-1.7181846969513643,-1.782099295856836,-2.3276070884023836,-2.1564666784394055,-1.923659755412297,-1.4214385677264954,-1.4437287288635037,-2.946816451655173,-0.3534070619798541,-1.9902266399666435,-1.7061102323000128,0.16012998211202556,-1.7229185630071844,0.34810364755099016,1.8431878334403766,0.3223846941582898,-0.8242041493755302,0.04911725109991311,0.46171984040302655,2.4468977792066005,0.8590923386213586,-0.8474393516017952,4.502506411530985,0.43945957206008696,-0.7363440087423271
2007,7,271,0.6136185270025094,0.6587794343975254,0.5547188033901712,1.350852290681319,0.5708030853286937,0.44294645590619003,0.6840322593727592,0.6940510458199878,0.7012342643878505,0.3703398200838973,0.5656766075994238,0.7309653942356943,0.5918785431672998,0.3496761761582989,1.3862265564837204,1.550038134967735,-0.7628169063236718,0.6359069630635156,0.9782380781258787,-0.7190733244681002,1.5763185357573206,1.1928177424132909,4.137421735978429,3.3696038977826235,-0.7480366480208023,-2.3185843064600875,2.609969968635906,4.278286611311404,-2.2927895975589943,-2.0350764463092514,-2.363489252757652,-1.7106700045838061,-2.046690414513903,-2.9857270508970832,-2.4115884876717306,-2.1501469756407734,-1.0176899840017655,-0.9332810469363234,-2.5022932312775295,-3.821867383595271,-1.8508058135861483,-1.576302859987326,-0.4106912973791931,0.42288549946730336,-1.0900671969069984,0.10135117493326182,0.06836413713475051,-1.001932438894374,0.020581331636624855,-0.03574691005310807,1.0327204532053598,2.6423857510474127,0.6905733497997174,-3.3525157401665315,0.020591799888955604,3.4537862070379495
2007,8,272,0.4944371109424254,0.5163802266984852,0.7544970664276507,0.29055423963841465,0.4523883733827183,0.714301579530145,0.769862296250883,0.48607193076309946,0.06637334005681068,0.5364080223635682,0.4700406185456488,0.5102677154304928,0.5979994304729597,0.6421069981154977,1.9921009631703381,0.4083391131674874,0.3036877826882336,0.792163924681294,0.6464189211929477,-0.3838203114131161,2.2169924820185964,2.8009477559430476,1.2919490774614049,0.369267554476282,1.0113688959281804,0.050932505090332064,1.852790659054958,0.7380473443466566,-1.7601690131568368,-2.9439910958739097,-2.0676371617424834,-3.142492349265134,-1.958875121401099,-2.2528960607617936,-2.3570994315746208,-1.5303844455679687,-0.3793700345629023,-2.4854040998971,-1.9937644222114281,-3.0628818384974017,-1.62299880734344,-2.3137160729886626,-0.5008110377558608,-0.6127856631774097,-1.099306957549843,0.02916295115236947,-0.09857772058844398,-0.6260645102772374,0.20598814700694337,0.4713070560148962,5.0698545744547925,-0.19349403124005773,1.0077493245075986,-1.049424566363372,0.8993041029981077,1.324941161958883
2007,9,273,0.6531702767740406,0.5670066077798834,0.648040749692688,0.40336263689050394,0.7136120401657274,0.6920993953149686,0.7808932311701481,0.5622947318279701,0.5676869892114893,0.28240838729952905,0.8844256438698898,0.8818232621613282,0.6678862360411592,0.14928938894917074,1.543936224492024,1.5706800839585084,0.2964385006402804,0.5825517981298226,1.1639956192702912,2.047165969946709,2.0395456195336656,2.274053616878102,7.597605008108898,3.0129552533930997,3.0052367029884945,-0.2412626278689497,2.372490336004833,5.331303785101432,-2.5115817339717985,-1.9537154721831145,-2.0211025397046285,-1.756973816099315,-2.3354566100327645,-1.7313984773928934,-1.6254205396148278,-1.5340918442449902,2.5746246942441426,-1.7662846430293095,-1.993545559056473,-5.48533396340602,-1.6592893867950829,-0.641448112794735,-0.0964517229344372,-0.06926449080311929,-0.07829140523762115,0.23439392673536788,0.1752499043564078,0.4203927674285898,0.6054845401381059,1.003594088242684,2.4182953144233394,0.1380578161950371,2.7098028369438034,-2.5974156496880596,0.8710935136425136,3.2666884259402895
2007,10,274,0.7386197270445574,0.6375096455962895,0.7250024063896426,0.5392731426541248,0.5892306120397051,1.143898224193431,0.8018534105558353,0.7484052142174641,0.26419102358867225,-0.18692161383935602,1.37149962086484,0.40824053582448894,0.6172512934827223,1.065291789949475,1.6385260761228857,0.9749122321004189,-0.07879410121092896,3.030811994253187,1.7181245857425618,0.9626951764470354,1.3439061919820001,2.4491310207977497,0.22839404179954356,-1.0908968789019966,0.8358675477482099,3.187761892621228,2.036007927555757,-2.7158431146001294,-2.1704780508270796,-3.047030458812858,-2.3174228872426426,-2.013265124846289,-1.7500659047719243,-2.4455817647771,-2.338129704744142,-1.5783124887247362,-1.6698469995737424,-3.736016283064049,-1.909878672174501,-2.244134920596677,-1.9672951094971598,-3.263647667524873,-0.16293127587175518,-0.20922018450496,-0.6473764532862019,1.8878450075960385,0.34778904842416075,-0.11421301510143497,0.3359804817106284,0.7233037584641202,0.2911181453969784,-1.7839454789837403,0.4959756730305816,1.559096837609419,0.05625011319145071,-0.1285021892921352
2007,11,275,0.6605600285059178,0.6751667462203013,0.48873806719131535,0.39252680731866846,0.5489288490820065,0.6653915313894982,0.7545110723328469,0.5115075952409947,0.7306219440817111,-0.09158479504177353,0.46384413303267497,1.0102814371457507,0.445258995927265,0.20840020627967282,1.980051389578896,0.06636428751728507,0.25505780729453703,3.982493167447271,1.1289870395075514,-0.123792202720561,1.716671191639175,2.3247255085738026,1.6325350542075132,2.433097834225391,2.6555961197504283,2.1210785468253186,1.296852314071976,3.4022486568593715,-1.7633938574044614,-3.1207525470247237,-1.6983258755002824,-1.4052236602053583,-1.9762025050682412,-1.4698968794035745,-2.0287161125338717,-1.4495648638605372,-0.3474868257280148,-1.4834975007216582,-0.756488527912932,-2.198081005162583,-2.436839543113232,0.4134520923561559,0.2891024462949756,-1.2582687400113286,-0.2758314876591941,0.8721888070658683,0.24323887084299972,-0.5399491768913796,-0.005721037014746056,0.33698731835736484,-0.28504665101927423,0.9703447336926861,1.5495509733282415,1.2098498327629916,0.19105118095238313,5.7866921649011855
2007,12,276,0.70158092335179,0.8620348311717286,0.6212832055354238,0.6713782031576105,0.8091973068252736,1.0998620455374173,0.5624996212803233,0.5374044944591723,0.5331244751484464,0.676958227555335,0.5109920896640285,0.3514499965318585,0.6124641688215653,1.1163256451016854,2.167432927216522,1.5862474164679874,1.3472445326863327,3.7764974740286283,0.25879325949197524,0.16463766570769978,0.8646566451486504,2.8392747412291333,-1.3863796671224018,3.3169339658351515,1.7487267180860435,2.1724585528857054,1.8272603402722212,4.965610694666721,-1.2767730463112543,-3.051984930151611,-1.34687811272248,-1.3221785521486507,-1.6997064239046482,-2.3878219237558005,-2.231596411221197,-1.0728053747484119,-0.6757350397831962,-0.8787502391410924,-1.3353917437883318,-2.359211270221073,-1.5196597096745244,0.9005383597308012,0.7956384943889612,-0.0954086235137711,1.1775490262556658,1.502284413207621,0.007780510600092654,-1.411463796056759,-0.11123363551178032,1.906756015936995,0.7064181589798343,0.4796291981142027,1.359713331473563,-0.22190986593846687,0.801421194496085,4.970729242470349
2008,1,277,0.7681222123925672,0.9834377945602647,0.5654034030424405,0.646294500203213,0.5870980421683326,0.5747970412740406,0.7729411204580301,0.8518359799536558,0.28304528372666565,0.5532126931280692,0.6703598095949707,-0.10865488242512646,0.6486263499495536,1.5083026413024354,1.0586493781486492,0.4384472550210664,-0.5912936895788378,1.0614664075956257,0.7762779240749201,-0.3674853344285878,1.9621688698634978,2.210145266792315,3.162372127303238,2.0131330254163418,-0.2875859597946354,3.005370740385561,0.8031775390689825,1.2089574162499468,-2.2580933192904964,-3.326761648076285,-1.9317984867359672,-2.7936059242700515,-2.2105675728702057,-2.4331240694603578,-1.751351126073854,-1.6538605362942986,-0.3071325305101065,-2.3743905604855806,-1.0595309207180956,-5.429579006677827,-2.4703692051260564,-1.2818670698193666,-0.08451522255709451,-0.3675652329299265,-0.5236796721142577,-0.2876688851109858,0.38575218282872226,0.10999855364205331,0.7750210686920893,0.8066551557423454,3.120318541386649,2.5130359463797856,0.36509872922853026,0.6889091498298363,-0.5316546575621554,0.25787563034213096
2008,2,278,0.808181384368653,0.5861078038741886,0.6003406002581229,0.6417194063452111,0.44151903522488656,0.6881741338324957,0.9082618875549647,0.6834201245119605,0.8386808117948027,0.4989728653990451,0.7659139386065428,0.5016676197351209,0.797037385848089,0.6296146098784797,1.3188641918357609,0.567436143973484,0.909940656859742,2.358569815514969,-0.2428177135420223,0.3719094665871816,1.5548665125353867,3.084724056038337,-0.2602514091640376,6.389172831617503,0.7751223823035066,3.272861982107336,3.266894726977556,1.782247499262904,-2.0763337111055304,-2.809544359271575,-2.810812438798163,-1.1741243313235008,-2.0048986725390763,-1.5635056146534443,-2.477522268793782,-1.54607495383461,-2.085287300310065,0.7594605130760892,-1.3872459290707637,-0.7122542691894793,-1.1414196469266407,-1.956450078468369,-0.056744479935943004,-0.0329681513458146,-0.2860275275227096,1.2547325122963309,-0.5847329334763133,0.45844235359047986,-0.2613333048324238,1.0482689122896036,-0.4287750977092722,6.787653483186577,0.9003530891964959,2.049331222933537,0.8525173572770892,-0.12820207577568468
2008,3,279,0.8028770630201991,1.0789569714034284,0.5913765457525391,1.0639851159538112,0.7397091608759959,0.7859320137216248,0.8645350158471273,0.7614821420606304,0.31986619739663796,0.827766543107094,0.9155010327477379,0.6605047437286823,0.7023287701112918,,1.372734053776051,2.40035921299753,1.062889552240199,1.9836551033033285,1.1898569091258513,0.7055220206412557,1.5587265935881573,1.998835871276263,0.8824584710545447,1.249626829731992,2.8597888478682947,3.22941947070489,1.165757626703055,,-2.2666790671535826,-1.5371178662530607,-2.225963732062153,-3.5864094637188195,-1.6901766175733492,-1.4723624713552088,-1.8888570385163537,-1.7881245653104245,-2.6241061466039035,0.3094584886239602,-0.734108936171638,-2.367978166506484,-2.6520460179992877,,-0.3500966628360312,1.0613136405395238,-0.1900600502586293,0.654702903550562,0.6623353391617779,-0.1590555003926931,0.14009266629966263,0.7276297412542615,0.8420102772246838,0.30987472367749685,1.7384641630361788,0.822000379094863,-0.2596058010986133,
2008,4,280,0.6784322846903778,0.6772466903201958,0.636841713459606,0.695102984731303,0.6925760614573792,0.916924230140514,0.9085847889668577,0.7155829224514214,0.5099756838270829,1.3025883220339183,0.17991437729139906,0.5313609562142632,0.7553696944981595,1.0753434716406576,1.4731067547752248,-0.5136732570692968,0.10530298592009965,0.8526405581935903,0.5618701671787545,-0.14561225578109227,1.5521606055513462,2.1883212827860477,1.386694037407663,-2.8887412215771073,2.8299786504214,2.9504916625836044,2.3071108346169047,1.1742694779655827,-1.9976843804057964,-3.436399823569941,-1.9066925990041628,-1.8400132813614927,-1.6460216067636428,-1.5259674923479976,-1.5175746289264194,-1.3563586550675835,-0.7785093445780947,-7.0125239519016676,-1.1868647538999428,-2.315773714451209,-1.984622704648229,-1.6026706783135474,-0.17143598876592586,-0.8950677756110832,-0.07685443949712778,0.958496508294671,0.24790378135887797,-0.11605565230502263,0.3460192345067943,0.23621122480933035,2.0524542707103075,-3.7247804363828885,0.6498918723946326,1.6683927635345375,0.9084274069677737,0.8756472707073536
2008,5,281,0.5769615275236576,0.6021592614365868,0.6389785805355354,0.802822145258084,0.81198566415716,1.127774881223762,0.8843243965507191,0.8588365648265422,0.2747303137722109,0.8396033190859007,0.555254283770841,0.37541375318976744,0.6952589191467533,0.8050023582202489,0.9060870582789203,2.240064822019378,0.9798068519732543,1.3791033028051818,0.6306955825938584,-0.31861979627930626,1.8087325127378655,2.4100239088273425,5.041475143632831,1.5186997820321353,1.63653276404544,3.0198536012566906,1.0116438846413025,2.4210238344887776,-1.5874258636506102,-2.4251479493601305,-0.9231665233964497,-3.134451896612527,-1.8992285302679832,-1.98784999780346,-1.7620396781884737,-1.4814528193593963,-1.3052588250609776,-2.846344253452587,-0.9163621256969129,-2.3434214781872194,-2.0581949466495826,-2.592902561798911,-0.3422879400245253,-0.14929203079988634,0.7804961127109692,-0.7984323333075765,-0.13229173665750757,-0.14828782856678424,0.47657026013949233,0.6418708473436168,3.6588819349351245,0.869269774422059,0.31238064023827233,2.1563962885533905,0.10197432408350234,0.8289699206350859
2008,6,282,0.7973522312051453,0.994752616656677,0.9750219859750179,0.7137669997084989,0.6009362710450148,0.842926362175705,0.7412033847066938,0.6780856231356587,0.20199146341076457,-0.13645297843733753,0.9275777059243865,0.2073176574193855,0.5535279193917368,0.3938037885270781,2.106904930656344,1.5032995351488199,0.4538834708997566,1.083034641491644,1.7948070282909014,-0.32939207585350516,1.8334299614709144,2.3007698528573037,1.5242758316327618,15.874099296683148,0.07640454643292538,3.587520901494106,2.23538157423871,2.8892364941748614,-1.8774470611134786,-1.9027378539806759,-2.4512032992453614,-1.8851644657872861,-1.1440752619507777,-1.873685819374911,-1.9940953730658884,-1.5087891700388734,-2.3528008259000126,2.842870937259069,-1.6913826163156513,-0.8488861912637401,-2.3798120045477607,-0.6120710757818181,0.38666714681848396,0.6634827095948067,-1.1867738812105784,-1.2227169513328293,0.9418718732568991,-0.2284258509565989,0.2681588371080719,0.3806262897280768,0.6580446908874528,11.761171579712897,-0.042972577126205655,3.2794913366357648,0.9440495044167629,3.8506495514959576
2008,7,283,0.8756621422757569,0.6482913217577274,0.6733937318257752,0.5617354668825597,0.6953603787397182,0.5945169710324147,0.8733680175385913,0.6318450672239707,0.17179323543128167,0.030308310586930218,0.6161319171371085,1.2774798652434651,0.733732694378829,0.532108672949051,0.8484637218086598,0.013979299279634747,-0.4605619132232669,-0.7976814354270446,0.7217687888125436,-0.5481104313128337,1.6342191998237359,0.5969124439150125,0.027673272190329022,2.450208453751865,3.0018632340929874,0.6409269839795131,2.152752509965152,5.080705398610925,-2.254372522012732,-2.542397127943684,-2.8158914969792677,-3.140103381027313,-2.088612833259031,-1.9664600500922886,-1.7436583791162628,-1.8670472182440245,-2.8090079198305515,-2.0419272116193965,-0.903766265865521,-4.814484960652249,-2.2750596497123423,-0.6075390185467415,-0.3561292840694705,-0.546097345779219,-0.6052262317269813,-0.6097682301187702,-0.2141401649096316,-0.46881909754621753,0.4511844295415125,-0.20999292444005482,-0.895839786094602,2.128962776497699,1.531231743910858,-0.6692993791230817,0.3722107876444521,0.666958338941103
2008,8,284,0.8462553178307353,0.9296237075087708,0.38489732043813707,0.4315094195599552,0.5989737176236545,0.5632416260826686,0.7213054470413827,0.9603406513214964,0.2541679863258853,0.30913880637048025,0.2992590897903524,0.812425298486824,0.7826211038061551,1.2435803129562106,2.606045568522574,2.0728642376933584,-0.4232747764028989,1.7134229380825867,1.1897273206937171,0.9475875911589471,1.7064846081730471,2.731510196342347,4.5750380445812535,3.49230581294849,2.325272611445601,3.5893011446898435,0.9965074375571739,-0.029134933086609444,-1.9279129016811076,-2.809764491047575,-1.7488841232934875,-2.753314087440047,-1.8600882784369592,-1.0579957838805467,-2.0385020378312695,-1.2095664282736234,4.804944685403386,-1.9833238692980437,-1.4606383494047275,-2.3275454169563456,-2.271768294465339,0.08887257079911146,0.663557572994661,0.2922515211847,-0.617456728963624,0.9226515804413404,0.7635579006786094,0.7711476429111657,0.08882223075930187,0.7428116104804695,2.2029892702689406,1.3630181813871889,1.0155910897743323,2.4406081021675563,0.17207530949180097,1.3167635062130558
2008,9,285,0.746329294197287,0.835397062330125,0.5361390151331052,0.5194075061494254,0.6008199318869479,1.0598146580566192,0.9248046383173979,0.9391521805030846,0.4833126047568135,0.5397514780642602,0.7926290116309446,0.8283819016386175,0.8981893835341588,1.0608962029490525,1.070948984515228,1.2052166014680659,1.2635789688539332,4.378498707520928,0.6882823364705734,1.3641168071738599,1.233448891810179,-0.5215113921009745,-0.09875405353858682,0.036253131683499716,1.5569763946780968,1.4984684500030654,0.6450539367684216,6.923691048610923,-2.3544874642179123,-2.254509532958103,-1.7870055352943892,-1.1254418414804581,-1.7309712356680271,-1.2716377330991608,-2.063682618130819,-2.269850117791195,-2.656274237862902,-2.7879982272045307,-1.2692396246899345,-2.529608939747269,-1.8183087365933484,0.055978750453261686,-0.18811272375058372,0.07973311547746388,-0.1722846532945461,2.163008442470861,-0.17569456281364398,0.23856219247549346,-0.06458229982320031,-0.5957436512502035,-1.980645221545194,0.11373036931534225,0.9383180607674083,0.08041749632062693,-0.24945205976541188,3.683282072941106
2008,10,286,0.7005140496151009,0.6063696346546785,0.7053519449089587,0.9488804383922409,0.6307044387078367,0.9264058509401689,0.8356767265271139,0.7242763921816632,0.3495901429343947,0.8440062211606416,0.9263042334245875,0.3408875758418981,0.5093313769439309,1.1693135784207906,0.8695274200146725,0.5210841080660632,1.0147655567363347,1.5864340237595878,0.6349096526927815,0.6263980705113666,1.5308979111145629,-0.07786595951948681,0.7639116669613282,5.7132899455979995,-0.31769394332355505,1.0549964466504942,1.9970058522136431,2.1800426750430826,-2.2026841957776004,-2.5508160944484572,-2.183215265614318,-1.7913942451995082,-1.6269734611403175,-0.8234957067938492,-1.556284224449103,-2.480707043663663,-1.6812233279419235,1.006393763935934,-2.945048545702663,0.07845031019254162,-1.6349891870491202,-0.7542830431109957,-0.4572730685365691,-0.724219518730714,-1.0692639012597516,0.40918428496712056,0.4308133383826269,0.9750122733284768,0.3787235474016555,-0.45733455203475126,-0.3639294756893754,6.8759430055162465,0.09304678966030006,2.786882419435044,0.801363675205529,1.978530328989152
2008,11,287,0.7543865122428576,0.7049474339586306,0.6416893589218706,1.2937156544135333,0.5728146762652245,1.3430236128250135,0.9025911000812286,0.749585119827287,1.433710115676198,0.5978588431606424,0.5497543364320105,1.009646451023101,0.5204952602377229,0.6728913371080755,1.7377842434673074,0.5786874239971866,0.4268499690446959,-0.09994779226340214,1.1677869424029415,-0.06827888734339681,1.594257506686658,1.7080813228029983,-0.40746038054565126,-0.1810346249020209,1.5321892509399029,5.24646664909002,2.4337804488686454,2.468926899112234,-1.8576437939721688,-2.245305010216169,-1.8495021853447353,-2.6685001543091698,-1.402669223522152,-0.37862977275219967,-1.6567153001642532,-1.3392147784902115,-3.6071723383347245,-1.1278558300640644,-1.2913200342249282,-2.164910129687217,-1.1524693993435127,-0.8951949408447096,0.45699317070386447,-0.1315033406504516,0.38890144130540133,-1.096188896763391,0.638679991008384,0.2914830739250016,0.6003321794072016,0.9279243996869279,-1.900225537974078,1.8838878777662356,1.1057797122638564,2.0367723027200535,0.7041396885088496,2.6523775958684346
2008,12,288,0.9650556694878168,0.8336483517686443,0.7207503895771994,0.36169800706691413,0.6104216251515504,0.6389013979984075,0.6238056179741767,0.727185788514219,0.4871914502902862,0.013535972399045484,1.4635780262724818,0.37909671363346337,0.6081016218349012,-1.826789466695388e-15,2.664368532529626,1.6920171300301583,-0.5764973703415304,1.8900467730780062,0.5578179627134389,-0.709870167414389,1.6692302366353255,1.876377501674327,-1.6383951775738514,0.18283026861749593,-1.8185394854074721,-0.577193076746987,1.4582298758280023,4.545454544999992,-2.0094283024516413,-2.0815734716343828,-1.722022765042847,-2.388218016448717,-1.8103029989784787,-2.598190253316848,-1.8378996611625047,-1.9087932253870243,-2.7852292660788103,-3.002651885423903,-1.0998585172676676,-1.5291690095090853,-1.721643862461683,0.9090909090000011,0.27296467153112675,-0.0994834959856053,0.1826149541649007,1.107304814794395,-0.04215885127106601,-0.4040323464717246,0.25813037382403364,0.4537538954186978,-2.391384926629811,-2.4037637068134203,0.2033436263068234,0.641003303478623,0.7694911303618136,7.2727272729999894
2009,1,289,0.8682338604962827,0.7526638068742032,0.4375569970416651,0.9044827886976055,0.6748803868487698,1.1243228016777835,0.7626005039368157,0.4759860811101294,0.6193233807337593,0.20735416454362635,1.0985584132896111,0.8778973761292224,0.7772823895373498,1.0532385229949512,2.0398275911466666,1.1194157802879046,0.652632384434348,2.657017017047719,0.692794093460331,1.2436515996130904,0.9184652947370061,0.9181240659654637,-2.5784368256483754,3.1303618048189628,2.210104402580507,1.285065206412944,1.7687036492326749,2.1381046060410758,-1.9270331808292118,-1.3436290939131434,-1.7300431965376828,-2.1462568316204083,-1.4957132634596246,-1.2189407040982054,-2.3658504809956047,-2.034255023426498,-4.051289807375343,-0.3327902943987523,-0.4440947446079311,-2.894478176723701,-2.234299154235211,-1.0296721369391595,0.5299058518494537,-0.4742462161207443,0.22952058304732842,1.0294283161840296,0.6754669258622973,1.563895651131327,0.08645949188361106,-0.36029732529411884,-3.994570873284902,3.41200799910782,1.4755748482932718,1.507440751688817,0.7638147428503322,0.8840966141002861
2009,2,290,0.6558932580200878,0.8907325079450202,1.1652363758152546,0.624734468567676,0.4907810563751283,1.0707990863480454,0.7470766074608168,0.7213476988895958,0.7410008860193551,-0.12461440922623931,0.5722575383399396,0.160467343558598,0.5569887669185002,,1.255881563557757,1.2214875097923001,0.8959078862003895,2.2760149988843383,0.708933003037071,1.28007597325901,1.3019488364799714,1.8510610381931936,0.5786795414371186,6.860506390065331,-0.5219166255325626,0.8901816944158591,2.025480361563732,,-1.7758814493098465,-2.4773322361214607,-1.684262530121873,-1.994749517120255,-1.7032492105275818,-1.5672356174780013,-2.1977514664911775,-1.4054997194699326,-4.638807621232458,0.18720247695729936,-1.8709036826970098,-2.317484704866317,-1.9638313210049763,,0.34170226374426627,0.9851530983978429,0.1791696713204254,2.3311354807385194,0.3496823300548372,0.02975472761146553,0.036879639256247626,0.25168938402832847,-0.19087832203274271,5.121448901344167,1.2005273506114555,-0.4593065685539983,0.39863970605264565,
2009,3,291,0.5239445654175607,0.6253249687425707,0.5427610179698661,0.4143467524092358,0.7085055699133826,0.6196994783659351,0.942838018686533,0.8195586048454044,0.5273652261282619,0.19290048983871907,0.9834359585701045,0.7641472505100407,0.5738087165089721,0.844614273852358,2.284568089326837,0.026208517599512204,0.5145985308100754,1.1334361401546234,1.0866438146715467,2.1915145257424347,1.3796171774502486,1.6214620822842725,-0.3466243097681949,1.8482282744051206,2.6362114123792457,4.361939235056724,0.8022041807717392,2.895550383953715,-1.9072255873361028,-3.8135658628484723,-1.9407486130788103,-2.32161485888073,-1.6004813587741158,-0.6280036152309468,-1.9866488714691668,-2.0176445309174516,-1.2362494806101352,-2.842801880731943,-1.7633862360084789,-2.0733990781161276,-2.4621025586154635,-1.534881939523466,0.9321536605253881,-0.7713781540298373,-0.5351889266211182,-0.5933645880938563,0.9710524481098206,1.466267135414765,0.2663064072888444,0.48983124841783054,1.3996954506407362,2.173162987116512,1.3802192819839942,2.6679145786081797,0.07475086643816288,1.2161880707236123
2009,4,292,0.5960393179160282,0.6254919154860697,0.6242373202971597,0.5445410973192885,0.8244209536013349,0.7120658040925767,0.7556892498174717,0.7174946085411898,0.49363182150651813,2.141490257795372e-15,0.36994668642102807,0.630463533225801,0.5603273651791468,0.9127795761545768,2.3597925813287093,1.9860520734611988,2.129007774409123,2.9617911653939655,0.5901535408187277,0.8484146242048255,1.5913409844572015,2.083232616518385,2.506228483470745,3.488372093000011,3.6155078145205843,-0.18020890648654156,2.2306105285289575,2.200208754263537,-1.4620011300919782,-1.9984459573305786,-0.837381084616592,-0.1618895716289961,-1.5148802851644727,-1.9048258198254617,-1.933411490670742,-1.3359754389175293,0.4700337808165824,1.162790698,-1.0968720936318035,-2.502938548415119,-1.7829005706689365,-2.348187584573008,0.7357389773386647,0.2885072858469806,1.8600513342332277,2.1824594378018816,0.6945086784498664,0.9992962865998957,0.6114852968768737,0.688075058162066,2.227953140335963,5.813953488000008,2.1462084847599225,-2.2042793675678167,1.0554942938622922,2.9189629301563533
2009,5,293,0.6324998263048275,0.9783107201386763,0.7850289591707086,0.6096613732765873,0.8383416244468312,0.7297246164714795,0.8522166198652862,0.5682660488703705,0.13332640686256172,0.7998968667948607,0.6468071880511647,0.7489191407760905,0.43622782017865247,0.9235933551299901,2.2610628729234623,1.0160301820677675,1.7989381550328876,-0.44239058851981905,0.8889105753450383,1.7465236401351478,1.3376211649187468,2.3259523823745667,2.838845241380664,3.1945938572568973,0.43583755001452734,3.194498704813321,2.0040267699534864,4.561137766155731,-1.3602077311002334,-1.705712851482491,-1.7269871302950608,-2.1084470235758523,-1.8132717182951832,-1.600222456439372,-1.9155340280299802,-1.4876446615618995,-0.47755719366109234,-1.9588126001879176,-1.4340405933609,-2.6079204689495192,-2.7036695003321722,0.8417073878717374,0.6782671618047349,0.45106027824649786,0.44505903528354807,1.078002118606334,0.394416619541987,-0.12791957139705168,0.26637269288996834,0.38496486859764284,0.08460763481079257,0.5072299710089123,1.1442635141823114,0.8858125969967933,-0.1691078917336271,5.1171989842541565
2009,6,294,0.7080425396941439,0.7948422157784021,0.5657132386151531,0.3725370259865831,0.6991737482509724,0.6646995075624347,0.8689778306829248,0.7119460039396969,0.9415535443340454,-0.17049579796250747,0.6865147269651476,0.3191431032040411,0.46636369634369,1.050468373818052,1.7691222445802608,1.4990458988938897,1.692637679663799,0.27655548488057946,1.1062369870969868,0.6421944834749282,1.5615570168390662,2.308692868433941,0.39950149802975454,5.674538213974437,-1.0320993668024654,0.43853206365875513,0.6679374294953777,1.766615154252627,-2.0209452888217476,-2.045855702090264,-1.603026004930328,-2.346846517019128,-1.4654378937893475,-1.7801517252881291,-2.0635575817915637,-1.3624614984513617,-3.835529452306984,1.331930812946839,-1.2617654868278017,-1.0067264846844837,-2.3919393222185388,-0.045923165095951304,0.24864808373655609,-0.17306557797237646,0.6251843079797064,0.17017499294512772,0.8288782963825994,-1.2235609243703962,0.08617128658781939,0.6294498954334484,-0.7741869615680139,5.79224348826396,-0.6554483127631043,-0.710671554076868,-0.32466678779827995,1.9956930331046632
2009,7,295,0.6509715092989008,0.8034481848620038,0.7959487850419666,1.1995013819879274,0.8814589327997644,0.6769284540596533,0.8766012069023603,0.6982969885540993,0.6219980212518254,1.1365925713872007,0.2962232558311041,0.7530862247543311,0.6878749268654383,0.7923783449272147,1.9330315282113573,0.788015598577976,-0.3570486198729388,0.47213747312202736,0.7616296662120355,0.33878342411707413,2.0155898399872134,2.048350190831454,0.7073427376111827,3.335596124319681,1.1564978687792222,5.127608071027854,1.6335460839567868,2.197337418729906,-2.0737950690066507,-3.896270359312477,-2.0393351431188713,-1.3493882379460136,-1.617834683033639,-1.0683436370890347,-1.7606113371935233,-1.4493778053022817,-1.6014088236315747,0.34383857099149373,-1.2960022886978877,-1.3171064972582383,-1.7189042030450403,-1.6845458020667712,0.39105553997430614,-0.3589982934859005,-1.2008243322899552,-0.15027611016213777,-0.2147719742904985,0.07444327295329435,0.14728390194301208,0.202590665444691,0.11943996182994157,3.7359571917570435,0.004223391322710497,2.2413739705390063,1.4790935754699537,1.1786626284873034
2009,8,296,0.9768048339474142,0.6563466739459737,0.818822235564097,0.2054640916180062,0.762383741168979,0.06483114763857538,0.8276298312028277,0.5205251341460536,0.4408231177801567,0.23391240202632915,0.8794491493959458,5.349986645926875e-16,0.5610019460930593,0.061706490754423096,2.5672387091236635,1.8215460232506722,1.5240400756663823,2.9329743686219834,0.6720998126954727,-1.5305156262792232,0.4691688803720466,2.65289645276296,3.3155185154729963,-0.7389133035449355,1.3712546174752143,0.9803921569999988,0.8582645935218839,2.797505327778227,-2.033703314676356,-2.473279949654161,-1.6462039466275542,-2.635693283410468,-1.853867738514552,-2.9362356553110533,-2.1722183710993592,-1.7316078607945635,-0.17584353433962716,-3.9654634324641185,-2.8325390336460794,-3.8027332144999995,-2.6570465168959707,-0.28416187731031667,0.20533611041528785,-0.10615116189688306,0.2705996584817015,1.409795704932403,0.48766635308419926,-1.8675093776717229,-0.2621037887861892,0.6840179137716781,1.9074437318281363,-0.17845958012545665,-0.3432022650196523,-1.084373143,-0.7477476727756956,4.403295011323315
2009,9,297,0.5252448296969171,0.664934350792638,0.8298054575416084,0.2246244681994359,0.7368754839775127,0.7281785947184672,0.876984221708919,0.836305124725544,1.0912339469146497,0.3434880414529242,0.525209134602308,-0.10513817083943888,0.7717146874279762,0.22926693018113556,2.389271086510023,1.1674413209933374,0.07486852226805898,-1.0539778234708035,0.9160760335258328,1.8988353310997244,1.2756605516261275,2.501089953286762,3.5598380433013914,-0.4926538169431768,2.6986751167430674,3.0749408208299673,0.8429828086540534,3.1155047155882674,-1.3037632140900874,-2.2996488668628925,-1.616075866319977,-1.8435331141341893,-1.9197949025044734,-1.2845306830701029,-1.696468763383475,-0.8975980815839567,-3.109009660750295,-0.18629976039376112,-0.6601239094089546,-2.0779683171145265,-2.3593088016484964,-0.146670717571651,1.1316262623869737,-1.10620518612738,-0.03324588134505169,-0.8393742323565813,-0.09636898582575396,1.3681273073349023,0.3593188319887461,0.6973161025488473,1.399472319898653,-0.3656019089011703,2.5396164883909975,5.62587963923515,0.36484427642353545,4.138321131348651
2009,10,298,0.6835050309159972,0.8143568888471433,1.1070312618113798,0.23998291797785443,0.6923529727019193,0.8518729651712519,0.7956973523604529,0.6157362963540883,0.3837291271577815,1.0362694299999986,0.5963064742141131,0.47944861391288973,0.48324145042565575,1.6004279855779058,2.7452605870824986,2.3490270450226878,0.5057556300495988,0.4552780183489967,0.2032948724586818,0.47050857726472906,1.2703722037254248,1.6294840057565747,2.633332244038186,3.6269430049999842,1.044469416450826,0.6857308913267244,2.2961682353421784,4.428520083344955,-1.6536141004790634,-1.8342217793088356,-1.8242783947110226,-2.1593310298377038,-1.703368875297078,-1.7547792604059465,-1.8343579996698258,-0.8986891320568533,-1.1563570676776023,-0.518134714999999,-1.0353518265616308,-2.8463866784589396,-1.5852574398041615,-0.6114500171033657,1.0952212318921135,1.2394230056891062,-0.18954811081893713,-0.2526637841709991,0.03326279268237015,-0.9064670535438552,0.2740934923339385,0.5543414831792806,1.271672476015065,2.072538859999998,0.5435698023921072,-1.4468039566295006,0.22911976513548035,1.9522258827720416
2009,11,299,0.8111721693775902,0.8974348351495677,0.6123543468787487,0.5593188733317986,0.6905675510028384,0.40789642816475186,0.6931555051548571,0.7911766726450135,0.5230635474542132,-0.06822648921866942,0.29049762634128823,0.7103374333073598,0.7968792996625222,0.39258460494905206,2.705585288075518,1.4023744283002595,1.602327698780884,2.316448820827395,1.1552764720442346,0.3669096078314588,1.2504908830790558,2.7796018522124215,-0.48163728051816396,0.633299526841572,1.9714309209836312,5.337367584329146,1.7912281739911786,1.042258766610928,-1.7266956926801555,-2.5270594439733918,-1.7783409731429787,-1.2666532035847629,-1.7714823198583947,-1.2072596263677597,-1.8960543928380997,-0.9645996188981888,-2.531470383051189,-1.8455906653704675,-1.1817573345611423,-2.5089041027430667,-2.225896732286656,-1.7353585675467393,1.0159126287560678,0.04152456953841162,0.7536364851814488,1.0018778117925182,0.3537167254485353,0.5435211523589287,0.21723472855726939,1.652652054197147,-1.3106916088224234,1.7663819618564471,1.3627231946122529,1.4352560568504598,0.17953126070124803,-0.8439064520588968
2009,12,300,0.6600566635634766,0.7525129477923069,0.5066765741986368,0.4866874145123938,0.9253339028171662,1.0191340278516965,0.7231562530317889,0.752282198436547,0.5155306022062578,1.4149986585954937,0.7857316550840883,0.7916602657124472,0.5970888971907498,2.504365362508847,2.2448767245886456,0.9252077003170815,1.3162394979412222,1.2501911624169173,1.035134301784545,1.169265884847532,1.4939949901552239,2.1566057910836656,-1.4393671857843502,2.0896026452346628,3.1885913790205045,1.3466883206623654,2.397488545198895,-1.940439948443543,-2.1287106181281095,-1.9766000727008017,-1.4446062516619196,-2.79172977682221,-1.4700691037089382,-1.3733762645005456,-1.7734384796476388,-1.4155650490327827,-2.214624727591044,-0.5720570369071017,-0.8095445718067215,-2.257144992053313,-1.7651215987046867,-2.0058799096206394,0.5608745838861459,0.4033226478886145,0.2955865167801318,-0.03092497658575892,0.5789235750121654,0.2912529622525015,0.8216421223878251,0.4440507320574441,-0.27775000779896936,4.547462220243285,1.5493562322847179,-0.31430905439607076,0.9962269338930034,0.2476619396466425
2010,1,301,0.7796887169043797,0.6825973629837652,0.7532521294918815,0.5633421409043458,0.6671630398848172,0.3773756445128657,0.9194904644249013,0.5379152297555779,0.9086843315297559,0.2629824901070949,0.37136246328949335,1.4209799338462172,0.6369979012776561,1.1195878582059813,2.1913268707231213,-0.11675414836311458,1.728628574375625,3.0006234000747343,0.4616949162843664,1.473424472974723,1.0568717710526696,0.7078049949081683,-0.819126077566581,1.2849651297319806,1.6354494848956493,1.7650380100556085,2.3339070927956445,-1.7525843614042784,-1.3904789148984191,-2.5384922049041236,-1.9890406242204326,-1.4575055297850532,-2.036438202585941,-1.206758173855224,-1.510443743065699,-2.043767399695881,-1.7096105000488298,-0.5412904307093792,-2.459960912014805,-3.6327691654307768,-1.4271081158428889,-1.0695256013994074,0.03540229427316946,-0.26675078150879694,0.3044314078332779,3.0135895006084317,0.17677774022918538,0.39732298197610494,0.27085500446427047,-0.24157396836930478,-1.234687899893581,0.9607694940108276,1.022902224290074,0.5834097281714803,0.41584791933116505,-0.3471922001838857
2010,2,302,0.8182884443152423,0.8217630937792957,0.89674523015278,0.7579156048245229,0.6219519573533483,1.3687710040066041,0.9195945776994934,0.9214678456789681,0.5702308110576694,-0.07548759940450737,0.6677497645401408,0.38481946543892465,0.8601164346665314,0.6976578958281303,1.4193688346285522,0.24689732128099276,0.14628597693124107,1.9170538483758128,1.1045848964968346,2.065433067390898,0.9853892834712251,0.7794833170254597,1.1023512933596862,4.748754690234684,1.6137747103817843,1.9815927877101267,1.9953493475178592,3.1534579825626388,-1.7003641193891437,-2.711026952868421,-2.724312410746201,-0.15387783460787424,-1.5374838192533185,-1.1968628482371337,-1.7266103083350666,-1.9960122367042508,-1.309811184389367,-0.11751158240709557,-1.6424534723764384,-2.8845764175463864,-1.677282805691788,-2.532337841604836,0.03570973349062985,-0.8531930322489096,-0.2692218412694398,1.2809177208352973,1.2505985080750435,1.1349873616862174,0.2493629951901323,-0.20173347039918374,0.8365418789267324,2.0341337892432816,1.070971900450779,1.10408095799594,0.6892053239839628,0.3449676365689912
2010,3,303,0.7026222349894665,0.7095327932458831,0.9029821840638732,1.3026880872495248,0.8297177143345681,0.8973825541700231,0.8575368025246889,0.9089247920034595,0.9120498350456601,0.06168223866069052,0.6553507042805924,0.679610921525669,0.6496325885906737,1.2017356494742681,2.22115280808454,1.1771351341626168,0.7317534856001945,3.167024450515634,0.3128322800474917,0.5918415016932158,1.1236119094798265,1.4402312778478212,0.589634761267929,6.149474641278541,0.9662485712031209,2.4416562016216496,2.0540240543391786,2.2496134383919912,-2.0819890612138456,-2.199526339489755,-1.432125036106892,-0.9371236552278724,-2.0878481554805313,-1.9419929667051223,-1.5841665427898193,-1.7475418873349893,-1.4504235847355855,0.3522041872052581,-2.4845666938398856,-1.3786833191780041,-2.7108125470899713,-0.3437053176571445,0.020401035827407526,-0.10745756554721664,0.13942849977902388,1.6012094932009977,-0.05879357796948484,0.12662162574251498,0.23095433185545008,0.10250886539302574,0.8112457079876702,4.6225812776556845,-0.7766041152760789,2.1823721299624523,-0.14959884442923807,1.3903024802635802
2010,4,304,0.6963296400962472,0.8004696613553285,0.5998209685319822,0.4178319546327332,0.7311840462651074,0.8908873313277312,0.9781420148575765,0.725610335973133,0.5521818877732653,0.5396354341042822,0.7213759919603048,1.1603187920910314,0.517901919622965,0.8980570365327071,1.1990981068316724,1.15233692370755,-0.31272603040507313,-0.19926829073202046,-0.3671975598384435,1.1891579377300243,0.45467326022876176,0.464453277049408,0.4473405797533045,1.901606476303219,1.5681992687893407,1.506285798382678,1.253019282473923,2.3266801737227527,-2.2706432317238057,-2.824139158333825,-3.0339714011637873,-2.8096300673431083,-2.224852095401472,-1.8731488818764748,-2.1139644154341513,-2.3653413425061665,-1.045327790069396,-2.9808964665305675,-1.5355252952825857,-1.4159288361536275,-2.399764308171273,-1.9040941603185029,-0.6067062795349241,-0.8275744789145114,-0.6563114896148562,0.069541947300421,-0.5414601612854603,-0.7326232004799254,-0.18112188140097504,-0.3600118948928424,0.36217249704159676,0.09662266252045126,0.37713609657438074,0.5121937396454181,-0.41398544665376374,3.325157603730055
2010,5,305,0.8027558312655567,0.7713167840913614,0.6945719476390063,0.841639711862697,0.7590759777617416,0.6768821402229555,1.025064963184481,0.8806112949813415,1.093215389018563,0.5613979750303483,0.7360978408954026,0.3904210124203639,0.8588984852876395,0.47759664493718257,1.9958550152357444,-0.1842390532168782,0.08605949844188958,0.5032392178790925,0.16942515319871754,0.457280291239877,0.6359061727918421,0.5527190283764326,0.05403676507168456,1.5121002903713414,1.9860710348177828,2.2366578597515834,1.2931322102705898,3.3480275565486894,-2.2429128926036754,-2.627467028547485,-2.5127741276694433,-1.8096505848873488,-2.288468207448587,-1.3857616993710495,-1.9977033746729462,-1.8750884659369764,-2.772348718340625,-1.975677927750143,-1.3381617568877873,-2.7527791974886964,-1.9023520502936657,-1.9329104526340128,0.07003617384240125,-0.08202603340243864,-0.4015876690897865,0.40085807555934183,-1.010418288389976,-0.0027460505726285603,-0.19868087120847425,-0.09986274588716007,-0.9174259949423291,0.2648052689703114,1.044496392583234,0.28403152825084876,0.2909738077721003,3.0551274277902296
2010,6,306,0.7324932765341838,0.537621082064763,0.9165968146540355,1.0005718103909405,0.9064946774231865,1.1480140487039932,0.895539682865819,0.8226116941460171,0.7075059625132788,0.23015278511137907,0.7194155202736161,0.5483307562229988,0.7771544409250973,0.9838732947913701,1.9580770729785926,1.1829622768113914,0.559481864191961,0.9522660366577415,-0.836766875221675,0.05639950283666087,0.9961325116031465,1.4260034079256154,0.7737308949079811,2.9454167095485837,1.9067587495561744,0.5125769238383879,1.033931098769401,3.662463949596223,-1.742581780137544,-2.554495274626682,-2.488299449008296,-2.4275405961199366,-2.323126484226191,-2.8364500912923627,-1.7048173899305725,-1.4701029144106699,-2.0175819606169942,0.6395119975402985,-1.1667274528606877,-1.6923591997889091,-2.046180875549167,-0.9738902824301084,0.43700496366804764,0.14475098693617205,-0.2667278148338883,0.7073298181620055,-1.3828918316728904,-1.3416075925058715,0.3359678557827991,0.38096727733179164,0.18342150292067902,0.5226364318153405,0.3902847401247597,0.3432383975554837,-0.055810158591435746,2.9599189418454825
2010,7,307,0.8360967144452679,0.7783031929660978,0.7097142142694954,1.062016899033096,0.7438816130671928,0.6638250057118684,0.8330968871877994,0.7276609368049792,0.37544375311002587,0.7010905855151734,0.38593633169394614,0.2113463630099818,0.8245100408275928,0.9733644005519145,2.1408251901120314,1.1210011951208063,0.07855179435345051,2.0664386832428554,-0.25819079829851027,1.1678490373641395,1.060052878823751,2.1401387138784886,1.654071380916863,-1.6467590255643274,0.32873697948474967,-0.19213036251696036,1.7989897877134011,1.2697837924495885,-1.801186433952116,-2.5393903856902025,-2.3697885987672174,-2.196094249903789,-2.1359299418107596,-0.8704005047206737,-1.6074691302386623,-1.4365072487076722,-0.4191116421372558,-3.423651558875069,-1.936985767042065,-1.3928586324963768,-1.8301199087231574,-1.183688654045968,0.28382822213084724,-0.6992043519821747,-0.2838241602850246,0.37568861883616145,-1.1214968987873946,0.8430042269565957,0.34181185815135945,0.5107112754361274,1.7573481496358927,-0.47788380801484936,-0.691445861591122,-0.5722132024004711,-0.028847632606956535,1.5228916011509919
2010,8,308,0.7927627996934946,0.5068773471505666,0.7416431989251002,0.5925099581798141,0.7415687591165196,1.034251725197524,0.999469362096145,0.6427599921040866,0.2950013666539122,0.31397478232377796,0.5296159215498888,0.7690671583244486,0.5998301268503909,0.6369235895216874,1.8586839880259771,1.5782652611048487,0.6430432462354428,0.09206975282451574,0.19069794877064178,0.674818565779856,1.561739500415445,2.527807493645752,-2.336406571470085,0.07443984260491139,2.346010056609252,4.245536838870474,2.1331740045754373,2.28694555847536,-1.5746388709467884,-1.6294826961777338,-2.6956753946379695,-2.2229809189455434,-2.5462452318393005,-2.9987205994389865,-1.859003943393618,-1.53195422990517,-1.8801005978748837,-2.801517337805278,-1.5457906389814957,-2.097358121188412,-1.8320795601855184,-2.1760864419309955,0.38160001170493507,0.14263772759434643,-0.3890703332883827,-0.1215639004824712,-0.6660169165444824,-1.9807207776322031,0.50817028048006,0.8886751170006018,-2.6815279607723284,0.1970348550390166,2.245042103941239,1.0728979391632718,0.22877675383146678,1.1834482628546716
2010,9,309,0.6963481827100843,0.8506051141147175,0.8098616139143778,0.516922076129271,0.7606618402055364,0.7046040265386158,0.8502244272375217,0.796701992513442,0.5384626031156379,0.20355993376114953,0.6178355753492606,0.7676569557467439,0.4693735518957984,0.38060697422117773,2.3738240192934827,1.6708736812963931,-0.1781170971848901,1.5924111768795215,0.5115293948728936,0.7130579887851848,1.2523276576042741,1.5962344323127118,0.6789644689178556,3.4867366331192855,2.4560516940751187,2.969089089584402,2.59066976482098,0.8114782478712437,-1.9087555912049687,-2.15604191612618,-2.720572804525653,-0.6049044858488347,-1.8961002458486929,-1.3999547760007427,-1.5610181572630963,-1.3268561680903115,-1.4909169728149212,-1.957688973983276,-1.8039115038835558,-1.783385971763018,-2.330665847796374,-0.3917513538641699,0.6851822700137425,0.0403727038341125,-1.373602302458019,1.2454454451693089,-0.13794952590634993,0.5493881917716119,0.7819729241350202,0.6539109616549182,-0.7498334505252728,1.056225216065422,1.044287740300843,1.8935163650019562,0.3748745730285734,4.693198234550101
2010,10,310,0.85857427670138,0.7888118030976781,0.586267367071012,0.6910988971288639,0.6248603907724823,0.7558104131779806,0.7549357949197526,0.5563069726462679,0.5186955049124087,0.0864627785954968,0.7609731419707797,0.23953430345487603,0.7156484329054773,0.12341298150884376,1.7848684944332163,1.408716004257119,0.18004280156675903,1.0789860501988764,0.6385122921518439,0.07921828349333342,1.1272949434001611,2.2175701332240507,1.8588833730629333,2.277047387484674,1.8750547849304102,4.322817539268057,2.7927011200029592,0.44051243255646233,-1.6501656788651928,-1.798270730564401,-2.5512104943780076,-2.1759344049771943,-1.6695332675896053,-1.5600665055532514,-1.934906399443752,-1.5089712834257358,-2.852871036630192,-1.6109978381571082,-1.3420165383087104,-1.7013521605489053,-2.5744820256238485,-1.5857118426206382,0.8338618494585799,0.13052195172069372,-0.5306016050836863,0.019864823168283724,0.12058223648523578,-0.41226725222005267,0.3772929230168229,0.7872202030183829,0.34114567673384877,2.6559138409932834,-0.16347938444570465,1.9045434201747506,0.9976081695268403,10.051583508646626
2010,11,311,0.7452672927988324,1.1285081916175885,1.0599791648899992,0.2980721385003262,0.782376227059746,0.7025662755653986,0.7523484159519137,0.5617886528111552,0.5977801101571969,0.9142995544517347,0.5749093329971979,0.4067540734558653,0.42279424624518275,0.9502327012492908,2.569746219901293,-0.15329798338237793,0.14099117933132674,2.2547971121844252,0.22095673530184995,1.2946562112000628,0.9486480827703461,2.175037338466929,0.6901261524823007,-1.3910513409603713,0.9922384012068559,2.714458257200641,2.3910742530956037,1.8721044861759684,-1.563067161993106,-2.912891711092298,-2.4585030383012922,-0.9498402484046041,-1.7303631649586968,-1.8220679561651665,-1.8377881153037152,-1.6683937879047714,-0.9600809514284787,-2.869648764676597,-2.090403899504687,-0.7048515720766363,-2.061794441001016,-0.9687406785832822,0.4192106170117338,-0.573377457208965,-0.8680844122788225,1.7266412611929838,0.31693410995566057,0.13369374129608552,0.26470014088476496,0.7617130770663728,0.2677152719087965,-0.12506235345012234,-0.19760652625618919,1.905920797580043,0.7085220199358249,1.5100557670025598
2010,12,312,0.5602339697425697,0.668740174745942,0.6879248465073765,1.0421109226445169,0.6990834857403038,1.0444644428854661,0.7790136592993592,0.8355077380511065,1.0434380324111092,0.6502668654295874,0.579660299977985,1.286779520963323,0.5226683522902321,0.19099265479965954,2.1628994226566274,1.5302261231960657,1.6488801895624345,2.277727138962775,0.038399412071095464,-0.5630240569056061,1.2867224506082993,2.331924581177077,0.7951129244335728,1.7053788594802142,1.4488581587429246,0.8588248456477845,2.1354627649226905,1.645620018119137,-1.9832389778741164,-2.6434437732537037,-2.3910733679731675,-1.8859524302071022,-2.345233431794689,-1.8886519703619309,-1.8133553785715444,-1.8044075483264008,-1.566727767697517,-1.9246016574932379,-1.6104769522218942,-4.24435222323618,-2.143762174858572,-2.249144957629467,0.5153520903440286,0.10574624391561072,0.22706416677969068,1.7261215033004458,-0.380492492440941,0.05386165776844325,0.3908299965149654,0.6588953452476332,-0.06374271915431177,-0.4401646887227455,0.6635272386201745,-1.0422536180356154,0.36197806075098005,0.8403180991618815
2011,1,313,0.7384912507943898,0.8611417878883175,0.7441498253598319,0.5415495157487616,0.8159313209324836,0.7165284833164921,0.7977373756090108,0.7264263917793282,0.011773843377350525,1.405686265595495,0.4887105800780728,0.3751804375638675,0.7962414478433795,1.4508592579449178,2.6224553719394725,2.148547683811892,1.3035359586774118,1.7154170529228048,0.377769437838217,1.164859883146495,1.7989295569130286,2.3415127427842024,0.6161614990255281,-1.932341367515329,1.9780129001082656,3.4144572056600686,2.658644282255012,3.760107114587836,-1.1673181755002584,-1.8177816683187114,-1.8769022760910725,-1.5709712256445851,-1.8426289785311518,-0.7818535638799106,-1.618727367874734,-1.3705067584696278,-2.7753955182582004,-2.502299905157103,-1.5983069334795186,-2.685224973787776,-1.5959528636349174,0.00022663989267101507,0.7234289587456069,0.5250507805262348,0.29226571945827173,1.0931498503471275,-0.6306903567314064,1.243942891054853,0.2811013500017468,0.863889315174136,3.195085220884715,-1.0602965102567163,0.8982949318358062,0.77252918368083,0.6723368597547841,3.764217995488351
2011,2,314,0.7474989022075331,0.6721304012015713,0.7552639617853171,0.44828722887805766,0.5496650368582985,0.784365058202535,0.7222849736838891,0.6545834832178767,1.2214753417127564,0.4506280751038819,0.9067528508278858,0.8268712349500876,0.5939114945626767,0.0633306677683486,2.1535502883652984,0.1585300855052633,0.8021724102263855,2.03625916567686,-0.18543949494949102,-0.22966828821648694,1.6442875602676283,1.7035768780579927,-0.2541178713875015,4.589810286953696,1.3693750567532719,0.5167565193335926,1.6947347584573775,-3.282501830666617,-1.2831021706467676,-1.9521438563927578,-1.8000844098399655,-2.0093365826167986,-2.031671479893698,-1.7954337015948665,-1.8646887416097382,-1.2292284107681726,-1.2903546510548793,-0.7318329224490681,-2.3693503097353927,-2.315540428749066,-1.7001764081754933,-0.06188531160253029,1.016056311009282,-0.3746324919065484,-0.2931760220068119,-0.37353442800921954,-0.20125222787930494,-0.14371850960064825,0.3194865394941428,0.5690139992937128,-0.8352441024261652,4.432769504762545,0.7055578532286783,-0.46823203331746066,0.48954888743461294,0.48091945547034587
2011,3,315,0.710971135680152,0.8264017357172097,0.7520117109090487,0.6389510588835356,0.6497779423206868,1.1628223799884405,0.7553695957514374,0.6879307377588951,0.30909174525955774,,0.7918334100748028,0.41736328392324756,0.8003759004240752,5.655983541577905,2.036199855436797,0.5908465242893718,-0.2529575111506986,1.011684688769337,0.9177439427315034,-0.23735584511431465,1.0329488411999026,2.326033158479165,1.7980162874331562,,2.2777665145970722,1.8987051520802587,1.685186901877858,-2.9048132496550445,-1.943016948917076,-3.223007002190553,-1.8853327987841162,-1.71267037121285,-1.803558658996532,-2.1515631369998403,-1.8043084845563078,-1.269249122638274,-0.6200835001165311,,-0.5049208216730093,-1.797143120630155,-1.8030863045651127,-2.944783350103367,0.3755327933904442,-0.7064987056688422,-0.8666071265563643,0.8090849372580803,-0.15696784870752287,-0.7844540038529524,0.28076476213902263,0.8207538174696197,1.7122589632020537,,1.4396760095083772,0.555777237568088,-0.13815693324459713,-0.658885228227968
2011,4,316,0.8617454152854185,0.8448422814235775,0.820858225804166,0.5729691484476019,0.6040045035265914,1.0475900798948192,0.723711822197987,0.689570277998519,0.2631878268625605,0.7172658402645409,0.5467196289129419,0.016596554195608723,0.6672701709348158,1.3902883323777224,2.0933728021127473,1.2402930936455592,0.7390370205688307,1.2414781738225567,0.44613713589009607,-1.3952887224102994,0.6445972653983657,1.7569544169542084,0.42057939404731753,2.1136555436023756,0.2688942639566886,3.0598896171420362,1.1936233214178604,-1.4986016067668486,-1.6190381204796334,-2.629665546252506,-2.4649721871026067,-2.3305264768057707,-1.746989651725032,-2.751146676204663,-2.0549082902876847,-1.7977676933233284,-1.162598201327759,-1.280815821008104,-1.9528224946666641,-0.04398535400175286,-2.436546635796339,-2.3775604086705475,0.8463200475516108,-0.04110885071217717,0.16915933346169038,0.9674910464502569,-0.28767355715581094,-1.4272489523078526,-0.16257816346437218,0.4975475803807887,0.21732524681079032,1.051493038507833,-0.25305892345067993,2.5774143858170353,0.05898784377838755,1.0819887424286307
2011,5,317,0.5913339225581812,0.797464865604495,0.9168667244583284,0.6078264836927081,0.6778404492694932,0.8737107345850119,0.6039591597980063,0.6869389153891158,0.9663715907719188,0.3142674567085253,0.7512365719187923,0.4886240921498817,0.5406261827643528,1.191551517470922,1.8847430050308325,0.8210550421975108,0.9747561952152046,-1.0224585463219176,0.3676776479321608,-0.8199600092322862,1.556685429506249,2.5585721232692356,4.360123699581105,0.8521870863073427,1.4678164277613013,2.296193185752979,0.9783965889203741,3.3340107659289986,-2.0344333389776734,-3.31053385595878,-1.8849792628979343,-2.472527704225395,-1.7159255678439849,-2.983711138675014,-1.658508361448371,-1.0223517255502896,0.5385739221585515,-1.2652463857384924,-1.8950298011083568,-1.2653841523672948,-2.1633442592925416,0.12301742968129373,0.1310675864552177,-1.3362239553987028,0.13628964760418083,0.015854719926845673,-0.20456622008303482,-0.8694178021988677,0.6302734808936133,1.1111000256827643,0.6666338334804424,1.350915209097879,0.7535898383154462,0.23064506268193044,0.14968917673044219,2.7155897066269956
2011,6,318,0.6764027035491785,0.7776648898946331,0.6642569484499886,0.3140473040166376,0.6303383205510027,0.7071212298884862,0.6717453131554056,0.7980749431092133,0.16147990318777838,0.5027757581376942,0.8541766960398923,0.5341074541019514,0.6118302419245452,0.5725076929774554,1.9824352561035814,1.347146406668912,0.4174607405909338,0.7509794086148599,0.41491244223262436,-0.3020165803985344,0.6422306574937521,2.1850611529792463,-3.3167228276107514,4.739879084798281,1.1992917417741027,0.7931469142581932,1.0841811875542173,2.2465677368919086,-1.6390394281681302,-2.9418888134470174,-2.189230232795191,-1.4799065777982134,-2.2316760309760193,-2.9585953990238814,-1.8033741947020896,-1.836115218512525,-2.447024455109833,0.06515463065937806,-1.730433061388288,-3.2769858075647083,-2.136692189689429,-1.691816867609421,0.7353726967394129,-0.7591227593016662,-0.47462795242904415,0.8134439237028525,-0.16379543192980422,-0.8600301682141711,-0.10912352717607028,0.401883342785597,-2.517511161151539,3.951384656728213,-0.5076354632033987,-0.7467800328427519,-0.1578790353835042,1.084399268355879
2011,7,319,0.5449560656854681,0.6429956440294483,0.5733999859840809,0.8495034011962294,0.6412190353147498,0.8982495840492368,0.7833886511939909,0.7243411347940157,0.47121364742098765,0.7708377793490659,0.8986371789790755,0.7548240359254865,0.48121897527943797,0.3929010009808352,2.099963776486315,0.5732426545511881,0.08934980848441493,-0.17346966275567283,0.4353988245058385,-0.4802973050392334,1.0716791324251052,1.2139357894216867,1.1336877064349087,6.274577131036218,1.0170016217455362,1.3153546733859263,0.3484170196236151,0.9844497322868663,-1.7374072896142192,-2.9942786165421733,-1.5312492489257692,-2.6421536029933583,-1.8295103828137573,-2.314132270501698,-2.04285506162986,-1.5352101063644301,-0.2854348665776253,-1.1707240968086203,-2.140522091401264,-4.406767669297365,-2.5835705543158247,-3.6678850234954163,1.2106078565825724,-0.6247978590713048,0.39165342359899363,0.33091245400291475,0.20601090258701207,-0.762250128339041,-0.034201766942967025,0.3160230948434455,3.004956058930332,4.7914345228901025,0.12652341449069665,-0.8528739874230464,-0.9795058757598734,1.0397882460418226
2011,8,320,0.7862835940749067,0.9308146078226524,0.8331467200765467,0.5724796979281901,0.6589102159662933,0.9571161541324914,0.8016526680459147,1.0552276643446852,0.3849489126833894,-0.13645297843733648,0.8977136169244943,0.7917305730918097,0.7513910385184566,0.4173183869785828,1.6168807012566513,1.2944528155930335,0.3112912366790579,0.6683704869662452,1.3735832160238146,0.9191646609987248,1.3168641311302465,1.1584415281225424,4.821496872239897,-0.6028445573168328,1.4038398016044853,2.249885086290173,1.9275596979368153,3.754988477919771,-2.059637176224388,-2.8469601060088046,-1.7001201460960829,-2.4294705676252275,-1.885219474876279,-1.684679505568572,-1.626825052944995,-1.9374050674464482,0.1513852094900151,-4.122207202740928,-1.379110713998567,-2.5306922668785754,-1.74252851967988,0.03423325485650132,0.17421050200535268,-0.4364501002588894,-0.4505956488314048,0.8072796010378517,0.08197618281583761,-0.5872867763633324,0.3612548127890961,0.27829679006124125,0.4112137565501942,-4.831535347287102,1.5507326930061367,1.2216284060873255,-0.05500509935914279,2.3332973146129983
2011,9,321,0.7809684079369091,0.9320959353236855,0.5692880706405508,0.5593361393452838,0.6367226566045168,0.6426968872215199,0.6440047834470457,0.544311605491669,1.3946941009879257,0.2311063625038823,1.0371712817716847,0.16971250907344024,0.49939240662822854,0.17273176457174508,1.1415882321755202,1.300117193232643,1.6615898184586841,1.248734567486207,0.3757417275169791,0.20424629436868832,0.7098496978015334,1.5123710554082905,1.1939594343675872,2.7703936267536817,0.24468635687659784,2.3107062410948607,1.0862968892039209,2.0238031682994064,-1.8035829411084527,-2.247446986350038,-1.7743528955108112,-1.5889817051875825,-1.8319527456037286,-2.7587699577974467,-2.043447229496327,-1.7088666634607368,-1.2179856084514835,0.49995633895092334,-1.4832909308141242,-3.41627610719763,-2.604927670588471,-0.0027014662048655616,0.2805619915818365,-0.04518737155375333,0.3370788117171123,0.2060960335786411,-0.029751407036864443,-0.6740754854879089,0.05910058621521368,0.46946948024894436,-0.3319593429875028,2.502926476762533,0.6736117631596391,1.5010264803964706,-0.23369408826971602,3.1275511181431175
2011,10,322,0.8254243567084594,0.8449256578283386,0.593752955100106,1.0550925061820047,0.5271876659674798,0.8555352637396395,0.9813527776037033,0.6402756699510272,-0.12310336871683558,-0.16148918097158624,1.1597882273342517,0.6462678176727185,0.6737639642308357,0.9436088745713376,1.1164022167001475,0.18931621733708268,0.4956280964280351,2.3187160185815205,0.5539097457398467,0.728177115343343,0.5465762640184656,1.3326233756877144,-0.1773031264266377,2.135968640397133,0.43730141088091984,2.9964605120467263,0.6283439754991333,2.24415283978341,-1.7670899516644354,-3.766906895819283,-1.950923364543714,-2.0896987939968406,-2.277350463515853,-2.2330031923007585,-1.950337317428512,-1.9285439837002807,-1.0957995653867907,-0.6761175056613281,-1.5491222375627627,-2.235445080632139,-2.037259228228472,-1.978517684265086,0.18032560838586212,-2.1167308963222737,-0.5616088885502283,-0.7216217385470279,-0.2048438557852946,0.18260407029961684,-0.2506433868079062,-0.14212038103620322,1.8330918485049903,2.520165805570903,0.7224044578429126,0.9954800834510376,0.01624903429244367,0.5128487926604555
2011,11,323,0.6349205669165118,0.6553857568144784,0.7120997099438168,0.6645866408454453,0.7700810248919219,0.9909774995340591,0.8608709186570263,0.6019083772084707,2.4759837488625585,0.23190478115003593,0.5985510759856135,0.8302983857995523,0.5967078683610256,1.8455741795166645,2.081848189449883,1.3555292757373438,1.3116985490319553,1.2366365976149805,0.4571290301342724,0.9140755491811615,0.32834296490999143,1.9392792294893277,2.314369716880657,1.7597205016644013,1.8824112251629013,4.513446852786793,1.2046977308311493,1.0740905784828627,-2.224282000448911,-3.172005009495531,-2.690359062040015,-2.0071563002695734,-1.4913877561110362,-2.965647784204134,-2.654557733850223,-1.8882829564609511,-2.890144606161093,-2.444060319948524,-1.6410138796028253,-5.14357769281924,-3.0471334150574707,-2.3447840051744313,0.45788009550325875,-0.39241872705315106,-0.5454004881442472,0.41021661876327203,0.2649735861069721,-0.3390276890460877,-0.4725963096373165,0.17179769273635584,1.553139103310797,-0.5118827807557862,0.5838575801987759,-0.6862868016953367,-0.9605521425109312,-0.25990279021439
2011,12,324,0.5535467408374904,0.7156880500890641,0.6238330813197653,0.6090328080786656,0.7414778619869085,0.8840784131586593,0.780512856846738,0.6368747690836243,0.5424278092121175,1.2167870023780707,0.9036023425923884,0.9911438666212768,0.5623573661400327,1.1728068169289836,2.0720118224039883,1.7621720897419761,-0.7359852441131945,0.8337064387405863,0.5078571748737193,-0.49924761180255495,0.9772752810530042,1.9037206721256854,0.3633057171403699,2.7784251099163404,1.0514378763020522,2.319366553622235,1.7618933271035842,0.7631376570197695,-1.7521331608529982,-2.744645412896727,-2.6966975140821163,-2.481605737196953,-1.748674451764247,-2.70521910514052,-1.8538138478746276,-1.4628194484984698,-1.272092342323249,-0.6634398882355776,-2.7064678983007133,-1.1034389038379864,-2.00465362875922,-1.9705585851065028,0.15972859791137586,-0.3701311223987705,-0.47805897270735287,0.3603462982211179,0.14901481513732398,-0.7035861392271316,0.08951984549898152,0.17920396860493523,2.2163612575601297,2.7660451018797767,-0.8116581057679647,2.515850562087923,0.1393651109945478,2.2288810255674214
2012,1,325,0.6914045433490218,0.6756630243607384,0.7444240840928383,0.47624364257283336,0.6539047702180854,0.6454028845234484,0.75920839817278,0.7672601197260701,1.5567257018625622,0.8582369870699113,1.0510753673109094,0.31969818449258436,0.39608785536576196,0.8921671882098783,1.7150816450568624,1.6684367533083244,1.251349435867538,2.7050795146391864,0.6934751787216029,-0.9683166951816553,1.1487171324016365,1.7436702838341511,1.8097325093806558,-0.5675791766811419,0.48247978237904804,2.7270410951545747,3.604543497859827,2.473155746581639,-2.3448067811205857,-2.121484445736612,-1.3935035289298179,-1.8552047116405685,-2.0524168654210353,-1.6502526901915984,-1.988931167564247,-1.9695757998285253,-1.5562657186610982,-1.1252445702802598,-2.301326466040924,-3.6591434036555768,-1.5630313555219613,-0.2589624381511842,0.38195293733756314,1.2030019708219974,0.5564979471885193,0.6346059540025165,-0.01549045170867619,-0.679591194702145,0.4440249821022478,-0.04913715064919434,1.4931281918107888,0.9645010670395164,-0.37895368923619027,-0.14495354736571794,1.8581843674730294,0.6553817005634037
2012,2,326,0.7810992737821896,0.7202436481416905,0.8139809213843918,0.6858646405087603,0.8968078611167388,0.5480422355234702,0.8066411293487722,0.6007164517613687,0.054922481365677046,0.28604057778625686,0.6667739456959957,0.3638074491035581,0.2631423023608303,3.2177243384580363,1.790037083784455,1.6669967880064842,0.315647558203471,1.987353003056151,1.4811800676025533,-0.28310425336224904,1.213556207523706,1.7660793324585398,1.150533057698449,2.175521791723475,2.099162572802559,0.9040652886178437,2.951742411111188,0.16150190926288818,-2.1531894820808755,-2.1339211454125153,-2.659734049088492,-2.574374281404979,-1.463872234735688,-1.536592611424675,-2.2515296224087624,-1.2325151102804623,-1.756158969670031,-3.0546774127270986,-1.506179665881957,-3.7961975960046757,-1.4569212071586406,-1.13588982343011,0.05227064468154072,0.384310824200508,-0.012362681624556442,0.3560261213910213,0.19098677753116894,-0.07790075512814355,-0.1599069523603854,0.2932873597688976,-0.2703594219029319,1.7248729487654761,0.3233597106275333,-0.3482266442505562,1.0244412979387971,0.7842120048454868
2012,3,327,0.7060159923228626,0.8255072091452171,0.6542077368263569,0.50764834158825,0.5839464143349312,0.7906583631016973,0.8408499213103036,0.6388567617326006,0.0292309033269767,,0.7454240570113466,0.1806033299433202,0.5466762112318962,0.26670039915867017,1.3019956869579774,1.0628796522401365,0.9259999188407718,2.4906219082402856,0.7951118665797592,-0.020287664149584012,1.08907011668616,2.2449783805023884,3.7396312340033684,,1.5133690186210373,-0.3689522406682779,2.8455649905469014,3.848797631188933,-1.9935993549284092,-1.9765639636565975,-2.253076614337641,-2.752320964137882,-1.9284991837241292,-1.753095433238483,-1.9412393343003307,-1.3574829410344031,-1.4419738635026658,,-1.7329074013978154,-3.911222936329671,-1.6658436259049838,0.708454975601056,-0.22089685835601847,0.19016933230573854,-0.6660024852773554,1.5875696930718364,-0.2493878123177206,0.03854892129006735,0.24486991036151382,0.6426107564126212,2.525933081437583,,0.5058548044242024,-0.40777722011995476,0.47081595633691237,1.1925182345514127
2012,4,328,0.9880068859591722,0.9387110984295093,0.8588492684274996,0.4906990628394368,0.9017732356466883,0.6964587351203975,0.7992166669727903,0.7314074386664702,,0.1496942698780694,0.6089650871092521,0.3755444100481965,0.6206702154992385,0.83467060384063,2.7670747757661376,-0.3277685191116631,2.3155831259190673,4.43209729888731,1.39953938384221,1.275665836698305,1.0382001124911744,2.103591267171908,,4.725358575166325,1.3906377164852357,3.1134708157659707,1.6095080505018882,4.270342823644406,-1.7316562852328303,-2.785740583711431,-1.5334322179511348,-0.9776124254844933,-1.5939502252111921,-1.598276626419927,-1.9462605432722508,-1.2775603238028566,,-1.1946183322355728,-2.0058991178320382,-2.418392857058025,-2.483293138914147,-0.07822120998021626,0.23087270285649347,-1.1383969088300987,1.080777477864062,1.9581263779638765,0.42325567337523057,0.13641817411166066,0.15549053966724566,0.2048868854838585,,5.762677177879771,0.4081402025732034,1.1267403755812777,-0.29245358697809587,3.478236892058651
2012,5,329,0.5321668566363259,0.7571391393878086,0.7265759817557017,0.670196976894471,0.6749678781740318,0.8332989740567174,0.7656435707988382,0.6719719438525963,0.015424891140960403,1.0274535770954945,0.6544928440265362,0.7634032106964196,0.9363313047788151,0.49411900389810254,1.9121427182303508,0.86406490502194,0.8144286527625952,2.709267850074511,1.1556545767198372,-0.3480728801546733,1.0372044974509285,1.8897691643202978,-1.514367744391116,0.7384623352346726,2.131736142735927,0.7806809408067346,1.7624434514748375,3.1664113357218446,-1.9029721325440108,-2.6938183187049254,-2.2444629031630385,-1.973970249261051,-1.8229837086340979,-2.4966518413747845,-1.7869451969274712,-1.8208294827195761,-3.2350157849467798,-3.1435296819071032,-1.3769623409903466,-2.8331701755462295,-2.5509279436242567,-0.6127658045934823,0.31798582500171346,-0.22300466598215127,-0.347782377611374,1.8901359082175462,0.09536070407352192,-0.4578032855036294,0.16168391391188836,-0.2013000604888321,-1.660400634260974,2.3267759297432775,1.0269526994526705,-0.8468035473639081,1.155369104729236,1.0531344463821988
2012,6,330,0.547951137765757,0.7284693296659122,1.1202729012679928,0.7091652481156927,0.535416704304185,0.5934707361432834,0.8214005820863559,0.7723837601731309,0.7494568304193586,-0.008874470232255278,0.8017356879404706,-0.0671087619993108,0.8146369398057325,0.4859855435644591,1.3029723795211872,0.18060324891210683,1.2866572553442273,2.07574220445553,0.4074506826727409,0.06768049105271035,0.8639462656075024,1.657622025405236,0.38347066683710807,-2.3564882946363808,3.109867146036921,2.889609905889934,1.4357451553664218,2.754464113660673,-1.7640520066388072,-3.053074928209796,-2.175272022064287,-2.4870062785290603,-1.9787070409279128,-2.383776299125711,-1.9897264733018565,-2.044358196727372,-2.6008541052324836,-6.501645629097686,-0.41499470188690063,-1.5577841130196894,-2.1808756361337704,-1.2836882420540858,0.2121420580461191,-0.4633533264651882,-0.3062594014877621,0.2451368426741016,0.0852213782136297,-0.07565685592764083,0.2138560335924812,0.24797231298121897,-2.9385744518327592,-2.5749887315971836,1.5523314089134939,0.9948389912378843,-0.10360312134659472,0.7524505229116412
2012,7,331,0.5647481317402928,0.6715755102342522,0.6395272173535935,0.601048143679403,0.6254578479035932,0.7318617376709036,0.824891052673441,0.5794655166986286,0.7447382124733156,0.8130783861606447,0.8305208163461761,0.5772608574620696,0.8100355088206956,0.567498013051748,2.3114394826696762,2.508776285063799,0.7881609108770805,1.811915284232733,1.201334504942714,0.43623698593671784,0.43270256061644047,0.40001785003133783,2.895198610959551,2.1039046335979927,1.9647786627704356,3.5225098698502535,1.3892204995192927,1.0526523726245318,-1.6462330080721794,-2.916838840583266,-2.9297380839693927,-1.523935030130145,-2.1200046607123806,-2.066474973944905,-2.687834029619859,-2.400061454858619,-1.5994195083920986,-2.9075362787307353,-0.11320598365768611,-1.6801214796760706,-3.226058743466474,-1.9400493656964335,0.5492804829352949,0.035996163594654774,-0.9778518701053109,1.8745271420265737,-0.1605368439774185,-0.672277754179276,-0.5237631811510661,-0.460275427486265,2.1417496472476425,-0.42220678581707893,2.2996863156127403,1.0173832621294059,-0.3358930465498161,0.4835090980912884
2012,8,332,0.6210952438358508,0.7786460864346242,0.7808101771220989,0.5676417290898745,0.6832229177130636,0.8934892225701593,0.885404484653589,0.7346470668029269,0.05861875729680289,0.495207330912922,0.43910453613971046,0.7223419661767706,1.0940609138228476,0.8733103612380025,1.445406366554251,1.429092449439104,1.2107646051962246,0.5802080688036791,1.458333793444717,-0.12789434582932632,0.5710445293778692,1.6646030327939971,3.873257456582939,2.943431166810697,2.2517426302529913,0.6950826402631164,0.8802899060485125,2.708281102783397,-1.9036613892121714,-3.117401063598232,-1.5463936863084724,-3.0230387280295448,-1.57864670708984,-2.0293219419336883,-2.3052350140197713,-1.8038880219770757,0.5241545899853306,-4.422577991991686,-1.378708323498265,-2.990181572169266,-2.5467676603591634,-0.18123233509842276,0.025337038305948235,-0.40777210478684955,0.1369468137555771,0.2835945615652497,0.5909199601987353,-0.13113059894552773,-0.25601921937584926,0.170782557131659,2.8255228114919437,-0.9273948337129335,1.1993444621793465,-0.24271647456334447,0.8714100309193126,3.4544136553271194
2012,9,333,0.8317847265892631,0.5163507493805052,0.7339799768555048,0.7805949308880337,0.7062982227093889,0.7489001576044954,0.8087276055007676,0.8307463677203504,0.7351324109485209,0.4335025336089973,0.7436999152567629,0.6329861486447325,0.7954432479492564,1.3698630140000014,1.7557448765512773,0.9532123482652238,0.7525720441990166,0.9318725744047023,1.1686207765015804,-1.7763276621001443,1.078406328840362,2.7974598858900066,-0.31902830118094483,5.400491373702588,1.502391940096493,2.90017924616757,1.440896707948375,1.497167279378434e-15,-1.8470836021085741,-2.8134345620817234,-1.5203116948941418,-2.13706653596749,-1.8220136304351888,-2.5410941941951157,-2.1548106760943377,-0.9453982074140918,-1.2998973023167877,-0.6548485240550213,-1.7917533219036261,-2.2041528579961547,-1.3199415744464775,2.7397260270000077,-0.11035437910325183,-0.27631140344404154,0.25995799014707077,0.6008979174541408,0.37585140867861083,-1.2783468775703835,0.3740529294594595,0.9449592717900164,1.0065429002824153,3.2288463967210013,0.7244208774449356,1.6244149962798387,0.8992772895818789,4.109589041000009
2012,10,334,0.9407937286912081,0.6419774570770588,0.9956511423403351,0.7583911485906794,0.6003369831310067,0.7082898363609987,0.8127362791144569,0.6182185873278441,0.5022803199022376,0.14209629533373863,0.728319597278872,0.641908358457823,0.487599141960203,0.356780809949052,1.5469545513150376,1.4692382438379277,0.948731479351849,0.10010897088114211,0.2152350904247196,-0.17303855067672502,0.846689077360569,2.028981546331345,2.6929585112487873,0.5957889366770033,2.5112812984015704,2.6530207298708146,1.89659617089651,1.9459154236109224,-1.9126406548891697,-2.5958935694642222,-2.0287964688174185,-1.8577353984680507,-1.6612254654486849,-2.6581447298295084,-1.8597691864011983,-1.7646874471433232,-0.09928569267654719,-2.160454915747853,-0.9892410203859247,-2.1338940932444057,-1.796094558829599,0.9499260729532559,-0.6648814472544606,0.05750427179823446,-0.3790856246154035,-0.20094614759384988,0.2183350476269916,-0.5294518093373808,0.06896488176704871,0.4426671395603402,2.3087075446756855,1.4299024489375467,1.5220187639907803,1.4468552470959162,0.4856699850881804,6.709137648441095
2012,11,335,0.6722827669365472,0.6863807422343913,0.8260970233313216,0.9126080171933092,0.6390287677324845,0.5478624897334333,0.7341812552914602,0.7281708997809991,0.03090517635822787,0.3918050321280661,0.8762506814635005,0.6200244307353499,0.8388192514493048,0.20252345609352704,2.418832101802921,1.2742539191894655,1.1763504185624638,1.3609762382613475,0.21424264442790955,-0.12365966371059209,1.0001905873849697,1.810945007212074,1.9597517376474844,4.411197810166323,0.9779958060196721,3.970491590083415,0.09599887762018328,3.9053205294471556,-1.7868533117230547,-2.164358632808513,-1.3937006563964414,-2.790358746617271,-1.668907321738161,-1.6681875358437461,-2.0353411299500723,-2.1081584449992388,0.07566917734132077,-0.8823493627355763,-1.3593124426716405,-2.8930670251268897,-2.609453355542721,0.014402317427420278,0.6804840582047273,-0.14252835927394766,0.20197657325761226,0.058070929378659625,-0.31628773297548324,-0.10153362794422778,0.3346291216365888,0.4819028979872146,1.9728850295248703,3.4100030381297652,0.08339985317139875,2.3356017046540227,-0.39713442608399685,2.942582459134103
2012,12,336,0.7365178115939122,0.4702406277961656,0.7257634672134081,0.6386153889495325,0.5134266796635117,0.7087011550822542,0.747555597800431,0.5452526878584667,0.5733221927778701,0.6077418356629224,0.5781556995765404,0.5102206350886034,0.8859877782094422,1.0848726643180506,1.9384680958450828,0.9028080956320066,0.6670410023292934,2.0169696421651064,-0.5868758880794245,1.5217589213501395,1.4605887195483793,1.6706648939887123,2.8028847430974526,3.913868078310686,2.0294073369221084,2.07374476193455,1.6251093996107089,-1.571565123497374,-1.6326186544779693,-2.3342381255767375,-2.161456977380712,-0.15052225643733763,-2.482756775298932,-1.3142160890389436,-2.158499708965255,-2.0935550620116063,-0.12045027982421545,-3.145585792991688,-2.095924697043879,-1.4726416312518364,-2.4709466342108173,-4.305434970095952,0.5912417668591806,-0.09197732296750463,-0.8225470095474132,2.8295535658339985,-0.4255790052123436,1.8809567373881952,0.3900431405312591,0.10933527146700794,1.177745991706455,1.4403091582870622,0.41391829869693875,1.0896962348771089,0.18650737383124116,-2.2118125373953372
2013,1,337,0.7900490102493507,0.5508675767205169,0.7047835679690279,0.5473635837447308,0.7570534511773649,0.4152652069180189,0.7813974176834227,0.6566308318641199,0.8587823090331156,0.7332069953000785,0.4878254612516923,0.45045914959698485,0.5365105343358739,1.2663869123997276,0.7724068220796467,1.2773330861873482,0.6010856269373823,2.9676485248249835,0.31307909817368607,-0.24402671680856114,1.6877260210798999,1.5522195003973462,1.539952545900851,4.0570708598288014,2.4750000654925395,2.4716682806523287,2.0316472561476324,2.0863461420468687,-1.9980600725699,-2.065791554647639,-2.073198007502241,-1.9156924084769607,-1.7219403286387458,-1.538947693746507,-2.008814337725629,-2.21612570910206,-1.9587466568754153,-2.2027525713970517,-0.9930554467939872,-2.169618602277796,-1.72175053227441,-0.8649325125229089,-0.7037427389706123,-0.05947564905471618,0.3130828015760447,1.2097304492118106,-0.16774043286873802,0.45300858566227914,0.46564841979319443,-0.0775556071746311,1.2233293820514715,4.669809713988422,1.2386145790972043,1.7924289128728894,0.8638636448824996,1.181310939417798
2013,2,338,0.7316213803032154,0.6387293278357042,0.913927653088002,0.7259035616521222,0.5156818470846259,0.5508495367318971,0.775858290991618,0.638748577332149,0.4342722072434512,0.0359464150303443,1.0217151863483902,0.7372056050018735,0.7818133866102921,0.6854981383837634,1.742392929993947,1.0772957007016197,-0.16728084988867903,2.2787089274101424,0.9715047974190094,0.8988144232908422,1.4527023465494922,1.1546831061264564,1.6138209801157704,-1.4459794931286558,1.642839538374308,-0.15036104380143905,2.4869935589991092,-2.6488318867712155,-1.6437479208648973,-2.488191075296607,-1.8457453556779986,-2.1814059990470778,-1.666733569988129,-2.7488522075874267,-2.161678397057308,-1.9429976685301649,0.02359023020878223,-3.7399008587501528,-2.2982880239464105,-4.268727424280423,-2.392868912281571,-3.082194493554146,0.6976856776429337,-0.2286503662760902,0.4415049035660627,0.9676334991001647,0.012780137099857439,-0.46013603024135635,0.3409415170720901,0.41779110884836845,2.7250667352797424,-1.0594485700297074,0.194431427564825,-1.0803264094023286,0.5469164762177939,-0.6558068876883905
2013,3,339,0.693241637226651,0.6651500416074317,0.7690574327557312,0.6253290942952076,0.683097590372633,1.0108649944655614,0.7618451732874754,0.5157526294922898,0.5418361084791659,0.0717757968379051,0.6181260789548895,0.5049048793226275,0.554049385946769,,1.9376578951714374,0.7564540753647518,0.015413732821899026,0.25541825010429736,0.4369626822420758,-0.3017985508263618,1.0450493986417375,1.93647764793034,4.677978230391424,1.2936789282668162,1.8589742812573489,1.679689056839537,1.5020401064450455,,-1.5866869450915113,-2.449447104941204,-2.3961606571989833,-2.80450439792803,-1.9071017898811122,-2.129062275825784,-2.387973887622704,-1.7342870763036262,-1.1575483358625815,-2.2644085397195663,-0.9821052228005365,-2.1791244300671746,-1.7429590042672214,,0.5730527295200042,0.0022048717244336213,-0.3460090504265102,0.3513283777769744,-0.027554641966658213,-0.49992460872392247,-0.022089925745726668,0.3582898418020047,1.82328342197492,1.6244435022506936,1.4713211771713655,1.1717396354922516,0.0076450208045048835,
2013,4,340,0.6041041105327373,0.7488412295566405,0.8006619393892628,0.5700148853543187,0.7906512144861649,1.1893863160711362,0.7374319163144141,0.6385736973624387,0.2607224919014357,0.5809458362722589,0.811456048561751,0.1363024488112782,0.5967871698688004,0.9871831332314362,1.6876741883870583,0.2651126957870694,1.3543731714236504,1.0788269307393048,0.34588056738735873,-3.012734757379933,1.7001831192081802,1.701449373049172,1.048421809871814,6.246145236639914,1.4462260364899648,4.624882047264458,0.409293534990244,2.5538423422218517,-1.9471864426023153,-2.498481007939968,-2.039973529898684,-1.7003233167002758,-1.7430572617179627,-2.772100057714841,-1.720652112483947,-2.0075332629796674,-3.7537527794188037,-3.8731292700564484,-1.9742562496665568,-1.1063409205710304,-2.4672793352027265,-0.09550541042681748,0.20290432034261435,-0.5628635945872994,0.5476548515079286,0.08741214473254783,-0.10107799056621718,-3.885484977424702,0.21963983496912737,0.040465288680581885,-2.8687346471362494,1.5428407071088441,0.49067849501939065,3.278409800942874,0.10129026635675398,2.2196979258822065
2013,5,341,0.8164300915414303,0.6353140781729298,0.6876026372194812,0.7849280029697892,0.671873997541587,0.7569337138935448,0.7285534856454872,0.7976720551869729,1.4359104702830119,1.1987371130303452,1.0409068456683046,0.5364035900503501,0.6604869121783378,0.5530189312340614,1.776689762729893,0.815912578571124,0.9002867583587202,1.8488001165043562,1.221225829840666,0.40914959687763336,1.3494106921821762,1.3586633836207451,1.1609273187691436,3.2188631878713507,1.2929821275689908,2.8635462451984384,1.8095432286186894,0.01320688064646825,-2.0842322666393955,-2.899926075986362,-1.8755314408780681,-1.1915479913886489,-1.805683972503308,-1.92538814562807,-1.7921541256900257,-1.9320568832595875,-1.2833851606936508,-3.698861186750148,-2.1141012825081194,-1.5891898672841598,-1.2826240107029603,0.057032368504543754,0.16230252241765183,-0.44297247637365833,0.16614153722532524,0.8358408979184659,0.03216229239421709,0.5697714865061967,0.29235660758455156,-0.04296544599383677,0.13210633291353954,2.4426034129702825,-0.24716345567646625,0.6789074617192886,1.131733593994973,1.965439093460173
2013,6,342,0.6052936447819167,0.531888144414658,0.7726963686237284,0.4704696827313042,0.6195574372325934,0.6982985577147552,0.7686699459357903,0.7097731366257929,-0.08085088501406575,0.5956793995713545,0.8319916439349679,-0.02140531286342954,0.9141277192619571,0.23323824790781306,2.065394232475167,1.6894460092261023,0.08440084717651881,-0.5844233941293214,-0.019172110386227053,0.08722047258596849,1.431360999552914,1.6839940695482989,-0.42771345072723393,-0.4410160776153503,1.6133461714899222,3.1270182831466533,1.7549056703709647,-0.33768271588989096,-1.8561847519122128,-1.7343647694255748,-2.2470827308004124,-1.8190673471806318,-1.9538892608515663,-1.4386725225460242,-2.074155321436624,-2.107547228943573,-1.0773596278555586,-3.2222675700646968,-2.2866484862698644,-3.2204448471720224,-1.8143433136331237,-2.8084565493215345,0.3504900916248284,0.607603117428387,0.540123486714832,-0.6543103412943475,-0.3539140540700598,0.2302428878655442,0.11300371441847118,-0.1816496341451382,-0.9850631442997456,0.07877140716763377,0.9586372655111485,1.3037185524925567,0.48446359820723245,-1.3450705097679623
2013,7,343,0.689394705215039,0.6933515925879143,0.6000365129563483,0.40375855501201224,0.562751521638017,0.9843244174326711,0.885365342281244,0.5369571024768431,0.7253185878042415,0.9431330874672013,0.7789191504875257,0.37417897862539895,0.673371578337495,0.7818499103106381,1.708521482293176,1.0847788348972398,0.15501253040368576,0.8411831017147873,0.4169850949194865,-0.5320822050746837,0.7517627507540104,1.9376366161808944,-8.567440455234468,4.583997692998323,1.9485955950660285,2.8534460434539906,2.1546928632027718,-0.21119771610216898,-1.9393489570504368,-2.8524435404820747,-2.5509648980743678,-2.5018410162769538,-2.0707055272509485,-1.7879516452498727,-1.990502344513529,-1.7420715208632178,-3.1711380695752234,-1.0841688928867195,-1.6943461120432224,-1.1100094808808174,-2.718221413980735,-1.5429670549826802,0.20962792997044682,-0.599911775595349,-1.2097350936729854,0.02434304076766952,-0.024003733081800486,-0.5909378635037615,0.16870514234150802,0.29828521285078785,-5.839235513751111,4.1494866787635445,0.18637596429461478,1.9920837833248906,0.7289209397111123,1.2589406567406909
2013,8,344,0.7344019476149869,0.8805568767854348,0.7978456219837178,0.6762189448019074,0.9046744721146823,0.843999051953096,0.7458528819958377,0.7049227322939888,0.6470703856403386,1.0552821616240866,1.0401136336228842,0.6011180370055244,0.8066282205638059,0.7168318849108634,1.9107901899047113,1.9301986918449903,0.03054229247280419,1.4188412861648907,0.8390792793947098,-0.6865876752343669,0.9982439053700177,2.2614979512224482,3.429044109158441,5.702253826401303,2.376437012781028,1.728526847361788,1.7672777111367748,5.701316676467415,-2.105004702468689,-3.021183091826593,-2.37835543174607,-1.4446478506352465,-1.955157847820032,-2.8119842892260762,-2.0618249664848154,-2.0221279598501716,-2.5163619377722006,-0.2865598508020952,-1.6938685807113718,-1.628189447311339,-1.808124998941313,-0.01529483235841795,0.497982569910524,-0.14523873389071304,-0.7308993671400992,1.0371112805326468,-0.1810085241584181,-1.5661696259480269,0.05041781598938693,-0.1531307484339866,0.3792816795885832,3.366439641998315,1.5271694357893772,-0.9253088602838115,0.9855278036576096,2.042910740258568
2013,9,345,0.6814858605180055,0.5420034737546073,0.7525222100699136,0.31580856448721295,0.7790381860708631,0.7516130593462802,0.7894622651213635,0.681482822251048,0.9872746042344639,0.7947859723990436,0.7210541693209535,0.5483880062699658,0.5068622208413525,1.4702909995779034,2.3031432318829563,1.9704523370723745,1.6974737785795213,2.241493554237983,0.4541412469238043,-0.14956349136694036,1.007152246530564,1.905719070566775,-0.2656434684066759,3.1398222296174794,1.9404485237824176,4.944897882158779,0.5563842615518145,1.7983830973449417,-1.9742824616326378,-2.1128344988845766,-1.9871388290799756,-1.3440160297539325,-1.705754458422922,-2.35744049295911,-2.2833249226671137,-1.629325183973159,-0.4434859963875111,-2.567564066923919,-1.3986916844627926,-3.5388074864517125,-2.464118390108389,0.38854998289663817,0.6255941366314972,-0.52586839417245,0.41851533899053256,0.9882169242834065,0.04068582532137471,-1.1554017896767523,-0.3298363460442551,0.5089024933458509,0.5367915344907852,2.7942552621865713,1.0317585165422292,1.6865925166064717,-0.17775059947929564,4.561814923772031
2013,10,346,0.5852571014831037,0.648207645555715,0.7861832463874322,0.76290923522212,0.6234877241627546,0.6989869537488235,0.751273690543837,0.7832081247626583,0.5920752142201369,-0.1364529784373352,0.8633113434093453,0.4912970472170187,0.5652108023446263,0.37127463773715,1.4094288328171334,0.13032183055492472,0.5854009038479413,0.09789488075683475,-0.025065017048352,-0.19607499900945366,1.1594335736686532,1.434437384670447,3.1791530697476262,0.805606146683153,1.382823909143468,2.989305786936252,0.9892097856327716,-0.7037558616119003,-2.1569347544054414,-2.891282165864072,-1.1965160689076462,-2.1294542271717964,-2.118863214980388,-2.4960222278984734,-2.074441590414749,-1.949323454902287,-1.1375241920186459,-4.696855089740942,-1.609715723320924,-2.4176163264126456,-2.6037083511946086,-2.3424354294958105,-0.04166524770703723,-0.2443330667368506,0.009179436587138191,0.1789531590250762,-0.3613544821321426,-0.15707229706294937,-0.1255975259857521,0.29361444598419995,3.329379136069368,0.002267469712880648,0.540342011219065,0.844379844825654,0.11210705113475,1.077532833421387
2013,11,347,0.5323285642214491,0.6493422086536129,0.6864362325349063,0.28648123920601126,0.6247779302029691,0.7368373112142402,0.7310403982527851,0.6262520869570009,0.5816821395352626,0.3303153830867511,0.4290885136014065,0.745580840412778,0.9882331289652839,1.4984909758981027,2.234442709807515,0.4941956304853712,0.733443643958481,2.8400559500546234,0.8168246002204572,0.023836508245283654,1.8027839835489279,2.0712397501918343,-1.0487688815801206,4.105412601423867,1.6684316508555403,2.0776728496414734,2.0556392773452794,1.0820112672218516,-1.5567928735437575,-3.0811609547124355,-1.8076887416137692,-2.366163377892108,-1.7918415708526967,-1.7461071516292603,-1.3944980597474417,-1.9464961718369953,-0.27553324862276635,-2.1364630400575386,-1.8970524346641593,-2.220043250493479,-1.7059480493620942,-1.6584942700934817,0.6718955150251524,-0.7430386659832037,0.10234022144739693,0.9524358274710757,0.267790890689152,-0.05234285626691344,0.9586657746172097,0.4901990222211487,1.1703823405767457,2.027622524564853,0.49433239759520453,0.4240831300471321,1.3785711945698065,-2.111950170117784
2013,12,348,0.8407238762441411,0.6885486083723158,0.7013892300775576,0.45159484723885707,0.6148865151880402,0.5374331408913038,0.8488152156033726,0.8369506217359,1.3488588462770608,0.09320414588675012,0.5962792362675371,0.5294533105143687,0.45108470659847777,0.06624527005156308,2.379085518031906,0.946602980365372,0.4973382379882712,1.2691207114813667,0.5919451047494311,-0.493141792014102,0.9543848898003278,2.5305186031551625,2.9596443576807303,3.7446645450238627,1.893660280637509,1.0029159490144337,1.4896208519201781,3.273240416019095,-1.8242163648704102,-2.770894090779885,-2.2574291034339695,-2.8762976412585943,-1.8887827571300102,-1.2319541376269552,-2.2423439126576117,-1.6065052304796068,0.21928972967343957,-2.7703162826575336,-1.2823408748727976,-3.2350462978936108,-2.292593731056047,-1.3191713396572877,0.7401642086750946,-0.37804909040259155,-0.5674073817059455,-0.36473097670454874,-0.34669073201996076,-0.534671444537106,-0.10276161717431521,0.9608654617581093,4.361031447834491,2.5429769091648575,0.9484733489713028,-0.4888589410346712,0.226398597072515,3.149339830334557
2014,1,349,0.6995201456096548,0.8784217106356043,0.6047108055921468,0.8609195362533836,0.5573382121467712,0.7081284307545825,0.7086156378078144,0.5002338186529154,0.5642956694863923,1.08546227861424,0.826664703036133,0.331565880094714,0.6329483431972855,0.7838940786690676,2.2984713395343834,1.6815317659083528,0.6592595752984753,0.8727369525163942,0.9984433882411795,0.9245656801806749,1.4023383926931956,1.8973507492173385,1.5832460410353915,2.554660227104198,1.6702536123459926,3.284154780814676,2.719864923416138,4.614240279843329,-1.582901039417083,-2.7314025414508794,-1.6671416152236318,-2.045553569045438,-1.8763317488779143,-1.4149500958938495,-1.726165214071009,-1.4835403978689714,-1.032862235199753,1.4791633382653246,-1.0724083918797611,-1.893492072904123,-1.9625783076311076,0.3852733472522706,0.5974888630785624,-0.5041452759665501,-0.3263490976078126,-0.7203200730818945,-0.03981954971006005,-0.9657483083261443,0.43803150650907513,0.3876886854077636,0.4687333938093319,5.230859898976913,2.1225148314847124,1.336627953082005,0.8360116011254869,3.8665397959348287
2014,2,350,0.7217499739388831,0.6686362269171537,0.8688530440515243,0.38657507529006635,0.6474930105713489,0.706712609848472,0.6490000058589266,0.5830979536901525,0.6207484586155501,0.1876102211606458,0.8426616655866989,1.102982916692602,0.4794722563052527,0.8456365615773439,1.420578834111715,0.4149793837431444,1.1231714708278457,2.8563027757763804,0.597363991775332,1.1495832667316268,1.5237600571872514,1.7957575702851147,-1.091296398176087,-0.9394765704020044,1.4483288722889576,2.0608452072492587,2.011929023207304,-0.7707418094713505,-1.6632249176078113,-2.329551972640766,-1.610925806668776,-2.069218102795514,-1.97160624765102,-1.3391879250056193,-1.737884158818688,-2.0964222770137995,-1.0163827505957153,-1.8971932470640587,-1.4264505097548104,-2.6780049253346387,-1.8738544026197506,-8.112886273485945,-0.10691375817209742,-0.4475867391960075,-0.2173996187747244,2.0739580469200205,-0.1867082715928151,-0.6728532616617937,0.6920422590565284,0.6637847314680705,0.23016742505771806,1.439439665516254,0.6829722968907818,0.15368037380823676,1.0084687102070453,-5.076741147998174
2014,3,351,0.5939566190645963,0.7470921300726384,0.6578640662762176,0.9983879190310612,0.646365743033181,1.1496741380390176,0.724540138133492,0.5347855318442203,0.8889888329462381,0.17870541690738817,0.5165933388419633,0.4785777407542249,0.537791087750459,1.527782677834063,2.1544653876608364,1.4723765653150631,-0.6537590963347023,1.9984730418565106,0.04703751634427699,-1.3001575756920971,1.5905885462231408,2.1444750833165123,-3.6366243997752545,-0.3798347554064447,0.49695958760902087,2.7224095283912706,1.3139688161628253,3.979984163046479,-1.7988365707022547,-2.5935922467584103,-3.268033742185649,-0.49185869236893376,-2.1045141345884066,-3.4294251770528845,-1.8493773401703038,-1.6350540272392864,-2.747322195488311,-1.2845375043360858,-2.2777956421276775,-3.2807443713348685,-1.7991051798056628,-1.1023227876954602,0.18791395489315116,-0.33671746003966696,-1.2667491917310898,0.8306777355872911,-0.4168337604538001,-2.0126806378577586,0.5961941202096065,0.5159325731855,-2.1140956622218314,1.7834928533515215,0.4768167119176566,-0.39698915160361625,0.09143347468862142,2.763449868660175
2014,4,352,0.7134209247391052,0.864535887133548,0.5461138668315766,0.4798549160425646,0.6345056944948558,0.5858907943371294,0.7892458494592912,0.6800980430010307,0.061159627260446985,0.3155082515992469,0.5290115991613664,0.7091243402052451,0.7052455571467933,0.07804849401796914,1.0776129121802753,0.13441483148240385,-0.17980003878926146,2.916338465502595,0.6283915255272268,0.5546537650840838,1.4128932042269204,2.023942950243913,1.2971420579907866,0.1987887386614926,2.16658281050121,2.4377679560031806,2.0224203364823095,2.1637541693039126,-2.0008068068023763,-3.7857091959510734,-2.962912513670825,-2.2472477588040336,-1.6768503690229914,-2.077024482941019,-2.051563013967151,-1.730049820633565,-0.7417573267582362,-2.1392599362930147,-1.8152322633212545,-2.9244361075208944,-2.034604477264573,1.3093116178999267,-0.44850163229408785,-1.277707326350203,-0.8793310213650882,1.319698552189053,-0.15372746761537084,-0.87113817356674,0.26201436193959726,0.10617049105194327,1.728896976762416,-0.128594617369328,0.4657062339670275,0.0652310663283367,0.7013024929185414,0.5137823174754155
2014,5,353,0.7016439018738075,0.8821070610559079,0.6193305961510134,0.4469629237191597,0.77215706260727,0.44500161831330287,0.7158123633823164,0.6976375144843213,0.14261801246711148,0.44902893007853845,0.7864225147136936,0.0532875562196684,0.8039208541232471,0.3703219956659273,2.1980083917901188,1.0630615238895929,0.5679219917075936,0.21635815662275554,1.2303346849447399,-1.0741404941970703,1.2880406435643572,2.1026049542461314,3.2984342718325923,0.6058072885156298,1.879541024600529,2.412159566763826,1.0825378018951892,1.2889150503984776,-1.7390924483317354,-3.082794554909755,-2.5753467259521874,-2.1649837453464618,-1.4386339158268135,-2.4697993361896455,-2.151320193766093,-1.6352021675639585,-0.5982034802011778,-3.9538021263901397,-1.9382740073390448,-3.132023417171003,-1.8707558675793587,-1.7929270190454547,0.13761016675279994,-0.44682500455644797,-0.6555296757096792,0.7836196249813873,0.30060389306448426,-1.6080068535413392,0.0594146556453828,0.4522398326836371,2.3685141714352067,0.07162022301470754,0.7266751420010097,0.06228863395398049,0.24338598039137577,0.8995558540765871
2014,6,354,0.6973902661927316,0.6287992872445437,0.6435523461036269,0.8279679711048301,0.6261716008835935,0.5880453033869112,0.6128257662194806,0.6010075445311026,1.0459266150223725,-0.11896374156671861,0.7901755481837188,0.22251625619122228,0.727867020910877,1.0904505074202508,2.0871834767307957,0.5237431496190453,-0.25488817736598884,0.857419086599559,0.14511738557125162,0.4619191548991624,1.5350022342136984,2.312555268224653,0.7439940065644004,3.9747645918532513,-0.05259224356619549,2.4173417040921668,2.320840285746191,1.9880512884887718,-1.4388873405455722,-3.2056159161315407,-3.0521236470932185,-0.9923217558807731,-1.873556900898447,-1.9804599142180381,-1.9125171162112093,-1.4668198990156267,-1.708742931009296,-0.8682344207736044,-2.7094717881168706,-2.141621884739299,-1.9510194558473606,0.25200170440108666,0.5581820183412722,-0.43248592856081836,-0.6925403471389816,1.1357733836049895,0.14062350786530722,0.041006079500122875,0.5950217138295081,0.5443214168293254,1.2868002476263394,3.6466387257870885,-0.5043987131188771,-0.05267780283870309,1.097257019809172,5.175499252435092
2014,7,355,0.9859551466095496,0.5284451910114155,0.9379706150701038,0.4957376609096573,0.5801586283583685,1.0644849614259195,0.7995929059908686,0.59510809697703,0.236174995557159,-0.08524789898125565,0.8172958282750263,0.7024799911212868,0.6871980715510994,1.043688563216215,2.2521346049436257,0.7575342988824212,0.6902103107092228,1.6194438545598284,0.7889908674451577,0.738433872377939,1.7351389912275221,1.8079239626971575,1.679965730687721,3.4086603634872334,1.3404658798827078,3.5245977040043335,1.6461961831654548,2.977777444135657,-1.8977355055879017,-2.6973733367617556,-2.3456968672586065,-2.2688546900588182,-1.8701987937746807,-1.5915559578334817,-1.628826164671858,-1.506097658357402,-0.24413990810751432,-0.1396962645265868,-1.8289617845366313,-2.0974709114062695,-1.653055086141728,-0.10580070348069907,0.2591788168063756,-0.9214308596684879,-0.38135389087456517,-0.15897816931711367,0.0625803709353194,0.17266413728053334,0.7169396444983447,0.7123075575492145,2.923326645105368,3.7610992696319703,0.7713673405836521,1.8992155496909724,0.402438350134647,2.038375773836133
2014,8,356,0.627718237685349,0.6414450302544568,0.676563375157944,0.8509148260532273,0.6758602277302209,1.1020998373370976,0.7817892136848801,0.6824268977767614,0.4614998186726166,0.4032997419430424,0.9715547212689722,0.39448398618946373,0.7610424071497239,0.4355218927170894,1.2602313696424625,1.638734060521018,-0.4172629289164235,1.1326409005251978,0.16551243878015565,0.5023956526342243,1.506947143917208,1.7830168743490156,1.4932288642905696,2.7511231093178425,2.3325637823047285,3.6846496925071053,2.303941391282957,1.0075263391890656,-1.6217003844151616,-2.5141869580989433,-4.061595712285806,-1.784211984476433,-2.7665078653395048,-1.5014016404540909,-1.9624391542710427,-1.8122921534207947,-1.176698781191682,-1.944239843595446,-2.338136609532544,-1.4106213930257256,-1.7260050459143559,0.65647346239709,-0.09760481661259109,-0.16492637507890912,-1.415448451053419,-0.22052435256621772,-0.8358483591254032,-0.6342559506069635,0.18801017712195736,0.23251288328572714,0.7465023091064209,0.6415449294220593,0.8111408076659481,0.7270110604703737,0.9781044531943863,0.7544281673490826
2014,9,357,0.7859989509164639,0.8026038548968576,0.7220428907201261,0.40901392293582506,0.7047429697336114,0.5060398537507781,0.7296006594308746,0.7535250423395073,0.6218241891552773,0.03031578106827407,0.8247629800241771,0.6079129618448249,0.8661312176717749,0.8286284101516393,2.1266192519744327,1.7637208748180908,0.27831130658598485,0.28287205211271926,0.9146167231253053,0.8030017932324319,0.948144458674358,1.8723806130122438,3.841096667183322,-0.9864017601196637,2.1010535483977946,3.524525052195424,2.3883810402797123,4.0873802468044715,-1.5329716693177962,-2.852244925023564,-2.1844364149467532,-1.8047062887954217,-1.8677278836243774,-1.2752394248987138,-2.0497468023825207,-1.6347043792278144,-0.4121624413003358,-1.247698261555898,-1.7027161150017263,-1.8988752837193759,-1.8177541502919037,-1.4900297718664366,0.8111567053622505,0.19247137285669147,-0.7350301220911581,1.2558142533943397,0.6389760364821774,-0.6229455545987366,0.06035705476345487,0.5755335585006592,2.2410572719482826,-0.7648234826729737,1.0491540672363178,0.48539826479599757,0.271759352244937,2.0990801496124654
2014,10,358,0.8311859061683952,0.576772288004942,0.6816612594840473,0.6562135786920282,0.604481694461574,0.507418810285874,0.6609315601800111,0.6576558332791278,0.6511963680607818,1.2015537843559452,0.4142899020331627,0.5218389116063188,0.6466586785399836,0.8022231319245161,1.5539472033205681,0.12059397487181231,-0.06464052898673782,0.961976379718433,1.1412983557887397,-0.1585860697920861,1.0863963586274323,1.9330227510071425,-0.12161212569909431,5.18223038528194,2.015660608344621,1.6030398311257916,2.0605425020765358,3.432574863502,-2.215321219221253,-3.0083176772461373,-3.5995184268210485,-1.2947017609641012,-1.788134523717401,-1.5843055507250077,-1.9387496308445558,-1.9244381642301431,-1.9727748515340795,-0.029157855934446385,-1.8575153133010116,-2.3564511492281492,-2.239052186159292,-0.08136490808347255,0.049124739167441055,-0.5901540196599245,-1.1852026994224731,0.33295469407473477,0.21545708600533764,-0.9340950012694331,0.27740324994176163,0.13957992387601267,-0.5180876972133986,4.210401811744755,0.7813658127088087,1.4377318674759911,0.6316578276363412,2.6133107160532494
2014,11,359,0.5525538329299874,0.5474455317258238,0.6905615068717897,0.41640817263885177,0.8000523770681293,0.893764985760017,0.6745788853152865,0.6817901151518443,0.32994062872137864,0.6728387207657224,0.729950932558802,0.18040997456460747,0.2605188838203719,-1.1211640991575809e-15,1.5386012423032756,1.4725324596042513,-0.3666160913840875,0.8097917040798621,-0.24893296572784254,1.2432409797418533,1.182893235817605,1.347317115126246,1.2833209571998123,1.6735835120202995,1.8904159510558725,2.49639332886225,1.042684700074163,2.500000000000007,-2.1024378255232468,-2.0958834529100963,-3.525565226069814,-2.0517601754910926,-2.2775555240091623,-1.36080301904575,-1.752869604013086,-2.089830417706859,0.3865806624033622,-2.235514087532283,-1.3055964792202148,-2.9349532231021764,-2.503870835941698,-2.3392773621793167e-15,-0.3324853619184261,0.30974858461582544,-0.8986840771181035,0.7243048629928055,-0.661734408389215,0.20143552797376535,0.349029182178868,0.30306407307064387,1.9999472177828406,0.7485175525454857,1.4455191394598907,1.5473021837570664,0.4004686701618337,2.5
2014,12,360,0.7970682410651543,0.49583712751381487,0.6612593036502256,0.3598145759886847,0.692821908283379,0.8365737650556824,0.8832311071948882,0.6055854315068491,0.8557697011026181,0.652094983815773,0.47155512479540573,0.3041751338663677,0.45858073025350404,0.5132110728346986,2.5052983162783065,-0.33510471847843426,-0.6500510230057215,0.1460275671740464,0.22067513063249053,-0.3876859523540483,1.4589260230276324,1.536269242986024,0.9693690138675807,-0.8114218881088893,2.522037282960681,1.2786408474134106,2.60638693297713,1.2045014257605584,-2.13319242714979,-3.208546496275655,-3.5373516750590435,-0.38878024097386166,-2.315243093929731,-2.01498006998038,-2.020514435551516,-1.5704947857471507,-0.7200924058064014,-3.9436641237227903,-1.8949473854257675,-2.8757941671017146,-1.8973488242866694,-0.4572024792895953,0.537778285687759,-1.581066260041294,-1.2659889144217973,0.3178012585926449,-0.1412574661600673,-1.1644620952701286,0.33280659862084117,0.6585967222539838,0.7351147611641493,-2.145021230814385,0.48668402929300947,-0.8996015319080083,1.9641115167548326,0.04123210336746967
2015,1,361,0.45403142418734865,0.48802277153443546,0.6807155396550064,0.4486309641663634,0.6901200345640427,1.1192940985982,0.6209690276074442,0.8680588260451076,1.1883102663688703,-0.17460225193172124,0.45943252894462355,0.6290551708663484,0.5266064172290664,0.5851272460519372,1.6859711885440445,0.395561648447914,0.11719864112001806,3.3345491021706075,1.1711477205646144,1.3461094133722291,0.6081675754850474,1.359186135123969,1.4331248875424885,5.044133371380346,3.1118262321234305,2.5145759076048315,2.084689621833552,2.6692826265633034,-2.2324329383205033,-2.9834697021774597,-2.2836323446900857,-1.285846364918726,-1.3877293066468857,-0.9765269434365584,-2.1645807755296,-1.9015811261763058,-0.3050168479467976,-1.471431293555897,-1.5364444946259286,-1.7952629556034319,-2.198128915323191,-2.336566425068907,-0.13992872680990426,-1.0460530387097582,-0.2090645240107405,2.873703318086867,0.6491121812489862,0.6204147598855582,-0.38480300503860687,-0.5056893744807005,-0.35719877759403407,-0.46047596067297125,1.280497422113296,0.8004109683208406,0.755158953123295,1.2079390635146878
2015,2,362,0.7034063508097221,0.7582851788411491,0.7910542632578643,0.6696356409131171,0.6216535094935062,0.3150398971625208,0.8314501212549309,0.6744192314630827,0.07354188220183315,0.015274910559653548,0.5701626782755798,0.38993834837259916,0.7413993694858894,1.1951471260773443,2.5316212842488888,0.5826727205073677,-0.24696548721777836,2.8469957068054477,2.4072929748477607,1.4468294617456274,0.5989215813900407,1.6965383959798122,1.3067415155839501,2.1333732024460055,1.8356739892665137,1.6679521447454866,2.256189084051666,3.5405381990286453,-2.0034211321184214,-2.5625896262134624,-2.7056007681205148,-1.1003798104434102,-1.7346113423302998,-1.2533361211033585,-2.201172296035137,-1.6795091700220237,-0.7491957159458771,-1.542290740782266,-1.4939478595983111,-2.5503997542373713,-1.6302095077573062,0.6424082330140576,0.5122956968280769,-0.3320978171226451,-0.9583379928677878,1.509766212470827,1.5938589447903582,-0.5815798607303858,0.04909870134090392,0.3417107006936376,1.3876119295068048,1.744947251351408,1.3025305937934721,0.5611817330951069,1.1577443329654933,3.1365801845018306
2015,3,363,0.7872132931756415,0.46906103821260436,0.5136488785180721,0.5007381504936039,0.6416527987255246,0.7088403221102197,0.7041629858071092,0.6474018905367968,0.011640784222621808,0.5751553691606407,0.8279207142440789,0.8771306182293466,0.6251295325216926,0.39706303812314536,2.587517692084118,0.8691503692412,0.4461009174557134,1.363248466342819,1.0794088732606169,-0.3183045188946184,0.7519768545033225,1.5327689578657318,6.561838110451995,0.840662309598006,1.733685853141515,1.17899771590492,1.957273952348214,1.3005706555117826,-1.2777711116077843,-2.267621870518511,-2.119580832205345,-1.4513214783308772,-1.6693527753222197,-2.2027923413360395,-1.9523465289506088,-1.6576352977772728,-1.0562920263746431,-1.290356856064058,-1.530369525408222,-3.092588091050298,-1.4727406138752948,-2.0711172558008144,0.44118037894761647,0.1300957488838783,-0.127715695182171,1.058379981559995,0.16104063273650746,-0.18661345023522344,0.25611795483822825,0.190652412538399,3.2532031944963102,1.5579382105162702,0.9457159731496888,-0.78487586687448,1.2255587936099346,0.16087076385178564
2015,4,364,0.7946354713267488,0.5750463000043372,0.6657316483559661,0.686954789660457,0.5999521557708855,0.5677120255178367,0.7218862051259062,0.7251284377117301,0.3852734889710556,0.616225782317236,0.7727413854482447,0.16823615841508155,0.6604552117527465,1.0012872755433746,1.8513092154392319,-0.12316990189115598,0.3707269152053523,1.4159776511645652,0.2467019342600112,1.2740180421455451,1.508355900612019,2.276498775399325,1.066217513795662,3.4394632710092026,0.9697933029647477,2.4475051142783757,1.394435738025133,0.8862621602006981,-2.0290059907603237,-3.2658599817894265,-2.2710617586830693,-1.9191870843458,-1.9364662615918018,-2.0597927900556474,-1.5820509347643563,-1.3235336904828694,-0.2843080567021006,0.4417978965492812,-1.972182248381617,-2.5880156407546187,-1.6496798256450698,0.28471767113799784,0.17421260192450638,-0.4970552275132721,-0.5146671365204862,-0.03231290819593499,-0.2079042942785964,-1.0369254229765612,0.5804365131059521,0.7989697068060148,0.4598093392361059,2.1115840188118873,-0.6981312296123162,0.9624022038526513,0.5160879639225635,1.2534357162093284
2015,5,365,0.6326000839639486,0.41901478627726585,0.4694057934728519,0.7412393939637756,0.7551373564433415,1.3569209419569823,0.7529785085192794,0.5775113939633324,0.5405135232684394,0.7030317422471246,0.7829135331031668,0.46180550912038953,0.6605537234194618,0.7416460731391452,2.6791063382977542,2.2002047310800013,0.8272609703527345,1.1807365886411443,1.422145109949763,0.8525398966874478,2.0303724094707354,2.39494569236391,2.4802283829067417,4.875671279709383,1.9637374662475764,3.1903230264311877,2.638420120069445,2.5375332576229934,-1.94038845035836,-2.7004181030285173,-2.3130935998474222,-1.2048810161306285,-1.5377291775257949,-0.7330645537526729,-1.5452566381930908,-1.505480146489097,-1.252071896088514,-1.4453970626340835,-1.4035389526896265,-2.9216025224001387,-2.4675311459544997,-1.2920032376815882,0.2493901039592276,0.18964530153834908,-0.3996440755640599,1.01260209073159,1.0320334592980767,-0.8477872296537983,0.6785766434934108,0.6697508559838516,0.5874121552291216,3.5603997150088262,0.3449646332092398,-1.5859090367147657,0.4007867290920439,1.5078336810282922
2015,6,366,0.7307919777501827,0.6200493451850944,0.6618480029472059,0.8637699768934827,0.7160517079296902,0.8295997438000707,0.8896472266253517,0.834235491695745,0.9010122679437291,0.7511209256951986,0.4443265903650293,0.41083407866441646,0.529741059041095,0.16235812882533382,2.1569144859325062,1.3223672889839608,-0.23713756504079936,1.7162499376989007,0.4507678608081164,2.680128631677807,1.5354456380893369,1.883585159477148,1.5955504310140738,1.1405643187904029,1.5742669257098123,2.9991531371882614,1.165137203220029,0.2616292451889337,-1.4811988064328931,-2.7323987768519427,-3.0072293522655964,-0.6853864440956214,-2.1607448957066886,-2.171661753284574,-1.8123831491653295,-1.3614854958867295,0.8717122146734445,-2.990960538579495,-1.8262599146747596,-2.079539137051714,-2.127160967725957,0.1851903956010517,0.5879812999109273,-0.6803736891735648,-0.9260663923678673,1.0602814072780864,-0.2981469887652792,0.7723899451541835,0.5686314094485915,0.2577883829549109,1.0344096301678327,1.2651496542223022,1.5049209031314374,0.3215147041035693,1.057777572390807,-0.9986840357819226
2015,7,367,0.8964335157328922,0.6570683322012382,0.8307120427094348,0.4373692919956436,0.6255720117730347,0.37390406541959936,0.6148745914859619,0.6304899813392671,0.6412473461808401,1.0812401910316283,0.6044053952719205,0.4723184606896642,0.6316143755560986,0.4406583425897674,2.1206155029582154,1.6555868364881752,0.7892030598131899,2.8054026995097616,1.1653579297861685,0.5654900150827619,1.4197060963426125,2.0926076004485576,-0.9030978353059657,1.5005581811335236,1.537435457379097,1.5858312944766915,0.7865359247266489,-0.9158427059345908,-1.4981464762217123,-2.629899246571965,-3.006215387888706,-0.35534450906118564,-2.06643817349325,-1.9394660900788818,-1.9368276338689598,-1.9430678043356104,-1.3957641719182334,-2.489380816069744,-2.0242834178304934,-2.2961994346513928,-3.186856354835832,-0.3721915500285091,0.4575847242102919,0.09346847924087678,-0.37337812083199645,1.5701051344791033,0.809312590591933,0.38384292966054684,0.5510274433480081,0.4152922946513005,-1.3120146939248953,2.599366470924828,-0.2305228512972235,0.3193403225832844,-0.5642582875290285,-0.8006414630983145
2015,8,368,0.7630362914666998,0.5345115662534027,0.9522849533839404,0.9306784351531866,0.8068754427942166,0.6750553942332602,0.7513735535946666,0.5601597754334587,0.7847689579282895,1.6998870440990628,0.5514968533667476,0.6033669118105346,0.6856669140753439,0.2853262425465433,1.806220889680941,-0.09865402053011373,0.3265144972037659,2.0601048904814365,-0.08448980641207737,-0.4626270995787901,1.635080456576786,1.2502381175345747,-3.6558470749369625,-1.036615741713775,3.1579983245138443,1.59306840989551,1.0123446197265964,9.423868355763029,-1.7873531494741914,-2.7007797205033564,-1.913807026608864,-1.120649631605875,-2.0882737300571597,-2.9535451789630667,-1.8071494373976045,-1.8034411407595785,-2.378393812342181,-2.2088967785586218,-1.9672183911965755,-2.7048903310244237,-1.8630825277815077,0.9162939244630542,0.5970669122831306,-1.171798308599598,0.3807713740518827,1.0072591233209627,-0.37030964510480746,-0.8075993227523173,0.6180953149845219,0.04818016186456062,-0.1309218202956305,1.7298747808901016,2.293120821521341,0.3362802113425851,1.0178717621489626,4.134579216998771
2015,9,369,0.6504505895399922,0.6661655493580064,0.7688511258101391,0.7880690272546714,0.7537320906607721,0.8182941304476217,0.8192933468243179,0.7091159686786084,0.31141784497003155,0.5603299001967861,0.5751903176721762,1.364628240543166,0.6671115105503395,1.3638524183982297,1.781230226808397,0.21495890916396743,-0.2069141727528321,0.7441706794538208,0.5225056517602428,-1.9405540649175432,1.9517566546055136,1.6745762631010697,3.0782915355006772,3.2874722528526332,0.39993278316508624,1.593528539112033,1.1733325112117503,3.310501292992367,-2.238856221078778,-2.4643460154644012,-3.0512022989221483,-2.8015872734307794,-2.4644239133456876,-4.0781033664276976,-1.9391255007363437,-1.7853297597138806,-0.38223469959962414,-1.4724883221047416,-3.23831687135466,-2.293928088602114,-2.1758909010759284,-1.1421450369443193,0.16849594876981971,-0.4557768850699198,-0.6718012159615028,0.6514389884217676,-0.5007202931093303,-1.9870083259435738,0.5424921407536677,0.6096953338422922,2.2229537102179657,2.666554927061544,-1.0052857503418324,1.019594074984904,0.042574250740704145,1.49121376739176
2015,10,370,0.872217944728662,0.6431019812106152,0.8838977292455426,0.5499764366431423,0.7581557243066047,1.016626764544299,0.6902117798646772,0.6017811128287732,0.43755353668279473,0.553002801358326,0.7830776767309425,0.3051236215015573,0.6520207766260468,0.5126899233973807,2.509205051629552,1.8517911267930292,0.30002177440294525,2.166321278801712,0.5985298600750868,-0.07397331407789369,0.820261963194266,2.4189029921290084,1.8276980070588786,0.8969714563163106,1.4471059826545316,1.8958398609770968,1.174741564500842,2.02228790249986,-1.610601942256315,-2.33485141886273,-2.5577152073408245,-1.7839716183898877,-2.177235031185837,-2.382880015531237,-1.9201032337614405,-1.7881583162811554,-1.7796272683336352,-1.5753896950354571,-2.0566111114335612,-1.4316192896456514,-2.3315155833895305,-0.6965513081758105,0.5452399679816203,0.08073609586478388,-0.5125518709536672,1.0202341980289522,0.10355168929202621,-0.7074985913771585,0.21271714523660729,0.5789635524180784,2.1748210515264406,2.3087749725092976,0.24159506394123748,2.3289936027035942,-0.5694818861406705,1.7374568868737414
2015,11,371,0.6730733017406398,0.8133536456281563,0.6320904932650766,0.26354341940578285,0.5807437818801756,0.6383026119170331,0.68299099701801,0.5703035554880641,0.699233854485278,0.34592346869533686,0.8076486422054578,0.5904263885988887,0.45968379673173926,0.7800205057776779,1.462393027361433,1.4852988715176167,-0.09764619514260688,1.1452600165140354,0.5822252728504613,0.2385704176197177,0.9505572386980172,1.954930765754079,1.3494773715632387,0.9859436724306434,2.5807045666878525,0.4776129662740844,1.4550095768210973,1.6964197250184245,-2.109131472426742,-1.726470115362001,-2.813976058860156,-1.655581617700952,-2.7598869312645355,-1.280440473872556,-1.7773791094085503,-1.51266400893736,0.5930650849103656,-2.810477639502724,-0.8131486670695663,-3.786467518801514,-2.098345912848187,-1.0540292610563942,0.5699746305651222,0.5663032096758212,-0.4857187202674883,0.5390046427267183,-0.373071504212101,-0.6808012404957631,0.44335700321415444,0.35414366642510925,2.64151230555338,0.26386243898190026,2.1226652013065674,-0.4849607234610136,0.2417628349595387,1.4489382500639507
2015,12,372,0.5539155812516331,0.56522320676465,0.7420085757130483,0.5297102992663154,0.7927064361095507,0.3573889712266061,0.796547885624581,0.6619425136276692,0.5753119263130101,0.5812779193535658,0.558676781232372,0.3889268886999234,0.6405216098406328,0.0780484940179684,1.2831644130990594,1.5135295188245994,0.2484809054809012,-0.5409942680526778,0.47276997175461327,-0.07201128732273589,1.144070445082987,1.5033850488672458,1.9240075862108081,2.5583084732475654,2.1998348935259635,3.761535414677154,2.2537252680974653,6.27576559797058,-2.202289863060068,-2.5621651211376615,-2.737767785531242,-1.6335194881220743,-2.35261144830327,-1.8888403450935312,-1.8988980374497293,-1.878345798734994,-0.760665032393052,-2.2719268808334228,-2.431284487343323,-2.1904077617545967,-1.8938297631785115,-2.6896252571000723,-0.2703110147603559,0.06712204760424911,-1.1309397210072527,-1.3120973752417053,0.03398509752030293,-0.40741197082259567,0.23745599672901183,-0.04283858679825876,1.6444737887100598,1.171225265313544,0.7797763582451064,1.511875931822733,0.8861002409865457,-3.4930935158579173
2016,1,373,0.8210624012137859,0.5730932700216945,0.8586919248118121,0.7870696336346212,0.7302746824427738,0.635611971818605,0.6648045946374074,0.5126490305016566,0.05668145446044658,0.46902878785527957,0.3921458717253302,0.48221131098587666,0.4304511427863247,0.8872705016277233,1.200525653822314,0.9430039173993313,0.15181680400894415,-0.759227971528652,0.9268599049896535,-0.04580357388216469,1.0991596736169709,1.7761031444724509,3.8077366885907837,0.5229590631995392,2.511786928249943,3.50323482644748,1.7092008712576794,4.461236095483137,-2.0339956377728248,-2.4467542893460505,-2.733427316516839,-1.6628564288791174,-1.8899206188781985,-2.0927901337486623,-2.024846280043957,-1.5655933217755358,-0.08788260795823222,-1.7665780769818298,-2.2201294680268155,-1.3110077380033518,-1.8862678773389154,-0.03640474392054656,0.39086434948001797,-0.21513700301808836,-0.8172702700444106,0.12940583870412706,-0.0677935735171052,-0.7417409714650712,0.21625347133394643,0.2816720564520889,1.201423745762422,-1.3893918574079973,0.43547985262655003,2.2971586502054837,0.23038146662039694,4.857575799428616
2016,2,374,0.7497465608418786,0.643416825294896,0.5771292005510427,0.6817005866967031,0.6154020624878931,0.5875550316460818,0.7614398235598967,0.7261405738808505,0.6139143021322426,1.1386757163086632,0.8660607809761681,0.5757333187332285,0.6245052971708754,1.1873573906781367,2.019124674794622,0.3075560944321411,-0.5588650394972645,-1.23870856558704,0.9194929659497176,-1.0527826302908352,1.4014407262745012,3.2933758942433036,1.358633888618361,-1.1238382196288552,1.7514644789546603,-0.7437015481008241,2.5587870143082156,1.288634607853783,-1.8866357338644388,-3.607277953673276,-2.598019558900617,-3.500990181944788,-2.0515169786837895,-1.5434974447945387,-1.617301451195605,-0.9020133082652015,-1.2228845804801862,-1.7852431182948665,-1.747277951546762,-3.273180945601614,-2.1073241711202897,-1.501307617259348,-0.19461352309983648,-1.2328397663554473,-0.6883081359004612,-0.39662255161418836,-0.34377715840522594,-0.25756360420733426,0.4278954310946999,1.0696010153762427,0.2257043865437986,-3.5490651889262477,1.3277634884738425,-1.8128638800166148,0.7514199695145315,0.10380264865786148
2016,3,375,0.7332008390654251,0.613134624561594,0.7105191005136683,0.5659382560816483,0.7117699646755054,0.8313271212251577,0.9193152932083833,0.7448624565992079,0.19459790002644742,0.15588452387203042,0.9348648568004562,1.06602687688825,0.42916204131049007,0.7453222636844502,2.5011124256478308,0.5463502541179331,1.5640326364556858,1.1421108430999678,1.0353600032589358,0.739554128189812,0.8840013709125899,1.6795016346704756,2.223858668435444,3.258474568808065,0.46948483083158227,2.237990629978397,1.5676512437391454,1.644181253698488,-1.5997793071225765,-2.7765942849145695,-1.5678272031108962,-1.6387739237818653,-1.7302492866847108,-0.6297352132219887,-1.932739865388048,-2.082945334601425,-0.8025633493477107,-1.156566321840029,-1.253672573742817,-3.0685384110492917,-1.6092273638092178,-0.769617554394261,0.8555936919108232,0.12449772419430327,0.2660031526788778,1.004260035999546,-0.1595851245177072,-0.09825905504526547,0.01690883245960438,-0.2142523757138428,1.1387982624633728,1.6321612710263518,0.12985203266654122,-0.32998776206751906,0.6479100373305252,2.1326786208853563
2016,4,376,0.6349586585048519,0.6857881545854494,0.6665394140170022,0.5499773844860395,0.6464188253548719,0.391497884753069,0.9053536295673325,0.7957534477017646,0.5203657134279469,0.867745329644267,0.5948695914597651,0.7078313808066492,0.633092839015282,0.7628741982674385,2.3724169415044467,0.9494636856745318,1.197079758638741,1.750953502524361,1.2716540306205877,1.4538946207031738,1.0595448813175543,2.1723593600399074,2.203333316214435,1.5023062662681395,1.027399681081219,1.4698186081099163,1.2711433929333678,1.6630545153087013,-1.8832265196843598,-2.081791119621325,-2.2630936347645525,-2.758325109530585,-2.080644032558305,-2.319515858693035,-1.7093541759917004,-1.491233449563025,0.2996129062146259,-1.2002135629128678,-1.9320334840998574,-3.6512051779992563,-1.937280700498641,-1.8671636671904577,0.6663231230386303,0.18049461698552505,0.11243630683565924,-0.5847867973928743,0.5553966547516076,0.8084757683744893,0.10525726501636595,0.7537366239857659,1.128838644295348,-0.293238385308623,0.5222189078262108,0.06492711465245551,-0.2530824568558304,2.5327360266143124
2016,5,377,0.5791650483091636,0.6717720944658853,0.716165717235532,0.6885266091622626,0.6616637499275144,0.6615548516207287,0.7776322728534999,0.7839352494213979,0.6744308215730545,-0.02732225094537913,0.5261809572196136,0.7487753159225469,0.49704792298132916,0.8936094866775436,2.1695673189552984,0.9424716842672878,0.5802605641794891,1.0743760565048988,0.4680204297630169,0.6476245040205243,1.296489808213168,1.730450301431479,0.7201595642033101,0.8795714511042659,0.5410993285907206,-0.6764048581515338,1.1905813660919815,4.0324617251213315,-1.946483813545048,-2.392096980708606,-2.9131147127955077,-1.7838590497899556,-2.141321358297515,-1.474706043728952,-1.7020745507087924,-1.8124194650632848,-1.0973149915903708,-4.830194689444719,-1.8243569778911601,-2.8982517606693605,-1.4734359167142803,0.06604195626226411,0.3983211748456847,-0.34026440520776813,-0.2910662294194318,0.8199897987788405,-0.3385894414910064,0.023981848966231463,0.674657991356444,0.17036239231982359,0.46505462956923577,-1.5489112585383853,-0.8160338723622299,-1.1431650552798804,-0.1812434858472263,2.321425546085208
2016,6,378,0.6750681025900095,0.8310998674290999,0.7137629384622636,0.5471471518972139,0.7083261097194936,0.4868747917112934,0.8230371065265987,0.6800271470392903,0.6620757168471685,1.1335938824519494,0.5644334588930848,0.5796250225401589,0.6721758008414455,0.5754001753872323,1.8974640287655848,0.12775834970585287,0.9997481684108787,1.81221523243539,1.1459483600717326,-0.07211438748382665,0.6823652267715548,2.0123605887660956,2.1763594098957255,3.8538872913541917,1.6614617777946918,0.7480341317604057,1.493474321084199,2.504706270464731,-2.0067579334890726,-3.0356817237972833,-2.9782804507222163,-1.4156609587280082,-2.342633109966691,-1.3540055339554924,-1.8673582972932259,-1.3976951045498944,-0.6077470967225541,-3.4267963913246473,-1.5685855540121552,-0.7678774165703366,-2.119618895642277,1.2244590772376185,-0.10932513449194974,-1.0325117374198158,0.32307084650497647,-0.3003630720068564,0.41507790882038603,-0.05036117698263731,0.12975867908206712,0.48114395169923474,1.3653696840352276,1.0107909651354146,1.131685752151,1.0557738016355225,0.5791372117419342,0.6364111114361635
2016,7,379,0.5894787979932025,0.6586067697788418,0.611067018402382,0.651023005179102,0.6579208596949112,0.8770545030873518,0.7294626632234277,0.5105447989381905,0.5316129243945229,0.030405873717769066,0.32260592432684293,0.2878064714159659,0.48026552080752916,0.505455170078284,1.9860324694967484,0.24061075407447483,1.0704443750244725,0.8910898663166026,0.3335831090968991,-0.5142397045855709,1.4458542842277655,1.5311794993389771,0.3173930628646576,3.488280945551489,1.1578523590569225,0.5202554230388784,2.9386182683699307,1.1402012067779195,-2.2052587452464802,-2.8251183633543024,-2.170791686621166,-1.9358819859155374,-2.35074249232126,-2.5293660850519095,-1.4603763422095382,-2.195537901125091,-1.365461695501058,-1.0339633921732154,-1.5855019636857601,-1.8946455531673851,-2.191656703022151,-1.227192197787791,0.22025762262566798,-0.8650380104637192,-0.228135528679553,0.521606009455799,-0.6299223661140482,-1.6577691391823048,0.7081489218927336,0.4754587763542697,0.40725154697629296,2.0212769831061324,0.25629388976331957,-1.2481461127570859,0.17716341315980408,0.9258095496379448
2016,8,380,0.7881368073645757,0.750428859559624,0.6468241243996081,0.31780753558246255,0.5681305901337841,0.5031949506653174,0.7042668500371053,0.6036793398917892,0.5526477388942783,0.6821716911775996,0.5822936192593688,0.4647252804174305,0.4377251909981186,0.5922759433803896,2.3701472906471914,1.5356018569858003,1.4021617314860566,1.9891696625531212,0.8751664288360154,0.19375768277278482,0.7962680140680023,1.610228785336717,1.3232246185481473,5.253380803779634,-1.1683181776698806,3.215449646658622,1.756710055337143,-0.07537755989917658,-1.5113335873735703,-2.3376199334574235,-2.1130761543466723,-1.6112984136939639,-1.718402811757054,-1.3217829498190306,-1.6480269542117543,-1.036138882776057,-0.8948660451172608,-0.520403386854934,-3.0519644341709484,-1.486341095712949,-1.6799217232518127,-1.1337532109913837,0.8392553352163954,0.5695009950222994,0.3149533238370491,0.6734279955778204,0.584724922318404,0.6933308862897624,0.6078091439083894,0.9275392158534164,1.0111900982976103,4.750170895615298,-1.056085929525303,0.8440427362213366,0.4223349109461439,0.266344592416356
2016,9,381,0.7262439124112418,0.6623187641151632,0.532164871540114,0.4986334517830602,0.8317914463223232,0.6665371850929027,0.8706534180087957,0.5910577136992977,0.6801616284944004,0.5127922473164921,0.8527942455934928,0.7002643998739116,0.9093157009328877,0.0780484940179676,2.169618591313342,-0.0012484073380664464,0.5773750356656447,0.6797696341074979,0.976127412424922,1.5234079958225768,1.3199221027394914,2.498913791347634,1.4344064061157347,0.09954894085455739,2.94707060270836,3.1054661404298525,1.4326311602679247,1.6867923286372524,-1.5113878034857742,-3.0451469630383556,-2.5727186496082997,-1.5102768761104024,-2.0325738166255882,-2.006193677498764,-1.7898481634516779,-1.8883886498409528,-2.0754072820404454,-3.557506812730137,-1.4515359387771434,-2.8359139303656695,-1.9915610387517235,-0.6816455481000709,0.6011228952560367,-1.382374220582751,-0.48656776072784735,1.4509965186331728,0.5228033690347662,-0.3826444319309333,0.3517260537266501,0.7660330475742462,0.38465518115976055,-1.5938107609963963,1.4062339176551972,0.9500240984311523,-0.040690586697605134,3.0727463291420904
2016,10,382,0.6605545234020288,0.637217836324652,0.9266943518696569,1.2279050898763713,0.7900975171398921,1.0635246694729417,0.7242511766599364,0.6192997425468126,0.8543462080039087,0.04278322131242112,0.5125212058285052,0.6207669800395842,0.7818929770666637,0.4613706880849841,1.5096327551922522,1.8823217393277718,0.9176473585368663,1.3780501678840351,1.5732206776468662,1.108018327558319,1.1454448691204537,1.8639823507416573,0.4617565288164589,2.168119036018229,3.634430488372388,2.200327839824673,2.3641403760913895,2.757530718091481,-1.8845717255683545,-1.8405568011069715,-2.346044595108833,-1.655396854560519,-1.6405323108734664,-1.0992487901293004,-1.5602393935547723,-1.590548887990718,-0.4806983448733403,-2.7315790788152228,-1.2973585973596338,-2.0978221485102626,-2.549291208348476,-0.1464262525732403,-0.1788458456106455,0.8514376077377598,-0.481607642374163,1.9880177849592582,0.8261151414511819,-0.1655057917206416,0.42858134885778637,1.0388404504822888,0.18682407291909156,1.5465272501100338,1.6788801697454707,0.5205338810834989,0.29594520035855143,0.8250652741178264
2016,11,383,0.8382133663921847,1.2012713339054923,0.7018026169773391,1.1749795270646388,0.9023517150368972,0.6815246955572368,0.9612852864013347,0.7733976469520161,0.48045912971482685,0.3208627296260888,0.6675525478265182,0.8095149016127959,0.5215655551774323,0.6468889465390041,2.170310255566944,1.057075189036278,0.9677289587647427,0.5372437548721999,0.41307454600336463,2.02247187890129,0.8908570524227107,1.454518994049575,0.32345384586614123,0.948453886234427,1.2655265522590728,2.0744733383795455,0.5448391611019663,-2.255528111878286,-1.881938725053027,-2.6914935246733718,-2.048048588528226,-1.3854301939797062,-1.9852286185542147,-0.30190081616356357,-0.9987687216885076,-1.3843565846932926,-1.36411872918488,-1.268526065695087,-1.286058757221909,-1.5639952671997142,-1.8348181365761553,-5.496964220953681,-0.05471993938896411,-0.8176520033792708,-0.10649871358356136,0.14417712749257583,-0.26646383951157,1.1670942833612996,0.9332907409586579,0.42932511580076516,0.6575955979296241,0.8648783634211971,0.45332457719422486,0.778330838350074,0.3535413131180394,-1.9097921210716502
2016,12,384,0.7320228025368278,0.8221212509695617,0.7785816391222584,0.7880263501133778,0.6702011302300455,0.8390881983488997,0.96161240319732,0.7047423755724316,0.599166199219563,0.27398318667940375,0.7039017886047241,0.6404712705775869,0.5537773185765386,0.2676298672911814,2.1103974845727658,0.040917485269596335,1.0044129138024138,1.4922724002059393,1.1481759166790848,0.11108519207252036,1.6133034717853667,2.0612770779769667,3.7769275821944746,-0.2243407511578152,1.310080526555572,1.457417963475768,0.9550355439762527,0.5021134353241199,-1.2409320961809716,-2.1816751163566583,-2.1507421805497446,-1.5340367051862784,-1.46616916913153,-1.3176617169308922,-0.8961839971832556,-1.1802106320030716,-0.3834854851528574,-2.2181580620037225,-1.4755441654048027,-2.844261046823389,-2.285648667368118,-0.48792205205762773,1.1477660313497766,-0.5505786710844858,-0.6989778927271265,0.6989584160655431,0.5630312380165896,-0.031769139929282444,1.2168358208673669,1.1071960408732933,2.7923821385349017,0.37004794791042683,0.4582799464177909,0.5364083060855289,0.05485681617140796,-0.27026272991124606
2017,1,385,0.782636216566695,0.6104752346119976,0.6847244121687763,0.5338204959060798,0.6715379022150944,0.8794624070374804,0.9638154254926374,0.8317951102688824,0.2907327187105606,0.5374833866736882,0.9162485363212794,1.0631429361118707,0.6644385436185519,1.3243904027847424,2.49837913995431,1.687197268907654,0.17460437947471472,0.7182540457955219,0.2941853924189304,2.1612526991543284,0.9184581362580827,2.5163743666901253,2.360898745125432,-2.5248338446449448,0.9815812916441705,2.5723594612678147,1.941406624204644,1.2808194543521398,-1.822430668155966,-2.0175081755195245,-3.145002793341106,-2.230949926416923,-2.705105538491352,-0.6072570774402924,-1.4893770991762716,-0.9832540227787693,-0.1561042613517414,-4.528351106623808,-2.2283008066257857,-3.327828424088854,-1.8688958005398686,-0.9943552451766557,0.7332602760016177,0.561474375938489,-1.0258874738923034,0.6264982676450495,-0.43239497327764814,1.6610305109375194,0.790010908676441,1.2873030670035002,2.7098383043327243,-0.18421721962018428,-0.8782056790908147,0.4402589285927199,0.7266134388431805,0.2292584176936602
2017,2,386,0.5484692460241454,0.5092977772382109,0.6217560748526997,0.5474068283777618,0.6796827033991042,0.36357409107352906,0.8636524673207111,0.7537321794823484,1.1170093898625602,0.43147439497421686,0.4921046974717141,0.6535920166648707,0.551961151132405,1.184050147238002,1.6207788261784573,1.0246746034159522,1.843634347944294,1.3322243924482726,0.9023134308706974,0.6626691888126741,1.4747815258191237,1.6199081071955033,-4.942040539619339,1.0217505143652603,2.758480355266273,2.2934640279700975,1.5359545749644254,0.41176723928339476,-1.752870530877158,-2.686566347479245,-1.8364596147858763,-1.8305998615593873,-1.8917456791320497,-2.368019814887875,-0.9093295609525842,-1.3880279777425473,-2.0952728116610775,-2.0378669013482873,-1.1907593971854915,-2.5811507453187796,-1.5228980060192685,-0.6578579793484216,0.023416705202707663,0.33603246741355275,0.9607448108798305,0.9421730562202897,0.29269619738039665,0.7650846443408184,1.1752607139389186,0.8255117717076917,-0.5494249991891917,-0.09746668122354404,1.1515606511769287,0.5345286768056436,0.06175940566808267,0.7726101160771215
2017,3,387,0.7235800693014638,0.5648421283910786,0.5633886182774782,0.7752297166074898,0.5537325297548836,1.0415034355660084,0.9130011609173895,0.6422854789028853,0.24850620745104843,0.6812842630442048,0.6214113021314926,0.5807430665560213,0.5329005809826347,0.3729530780287828,2.0195261543624734,2.2946276374065464,0.8772106043640727,1.6240872504761528,0.8811715765795444,1.540090240628564,1.6031822198272625,1.426335333415483,2.958347662367779,1.7318057621490413,1.9568035534027606,3.8909752360067182,1.7604113596518631,1.0535069486694681,-1.8458742956866385,-1.8438552260675356,-1.5630300116874827,-2.0485514107608416,-2.0909906649583943,-1.221600046447636,-0.9941937718384088,-1.8495766969365592,-1.7627047680242158,-1.0450357557244212,-1.6757137500349577,-2.109688779318225,-1.5270855547230697,-0.5889068859675978,0.7827473323460449,0.749170820089139,0.34962298035214373,0.6231025805741073,0.15091699847882742,0.988159072440656,1.3482481547855978,0.7439969167621184,2.440721539273824,-0.34535872333052525,0.8759259123213206,1.407997694831164,0.9739355080236347,1.600792742298402
2017,4,388,0.6194952667836282,0.5963982740129468,0.7135664375865478,0.8169526776144979,0.7218378426413851,1.0776979801297055,0.7731156268719815,0.6032705381184776,-0.1296856856587677,0.8228186352414644,0.5768598615044697,0.5245357272511986,0.7100683954724024,0.6276640926701119,2.2435065987327723,0.8949650974778763,0.913324082019653,-0.4108551778449875,1.1580994265727935,-0.36669178676296904,0.9495588919527044,1.393695696050783,-3.2876431163755346,3.2064618538506515,1.3854358519862298,2.104520372642345,1.571503305811836,3.3516540170387485,-1.9826600858854126,-2.5446990617515968,-1.6126307416228989,-1.2049479786044033,-1.6150456051617499,-2.0454588263413176,-1.6037106240724082,-1.739646870246252,-2.5478680123322164,-1.729879341435133,-1.8584811638272924,-2.098549435639554,-1.879791157235463,0.3950818104784084,0.9004679401475357,-0.626238160004004,0.2172307434999997,0.025258197555214357,0.4982572065064387,0.09651695588756586,0.7069973046535216,-0.20556054176976044,-2.913706751559409,1.5678406361877661,0.7456871977378073,0.5258819963770631,0.7008417691057699,1.6684681971480915
2017,5,389,0.9599215055561762,0.4842796717474154,0.6316744718042537,0.913816944530285,0.7124861269537436,0.3934086310615356,0.8589562705697049,0.5832908688735773,0.5738586303653059,1.361976412814751,0.6036909657011799,0.8127118666166797,0.7463393045383333,0.9493066791231443,1.540010468359812,1.0289026562909716,0.6999717213333668,1.9324490558802072,0.8149420936738714,0.7666361644175821,0.7863121165854718,2.7859806396053264,3.9691249574988947,2.2468876487335288,2.5025172971632457,0.7638687295135609,1.634632269530751,0.33661816951177254,-2.079663088687376,-2.465731841674492,-2.612180306884616,-2.8154609472991017,-2.319237970381872,-1.3079300037534909,-1.441902034072696,-1.2682852723432192,-0.9952447719464143,-1.6906078969652134,-1.5127555176706151,-2.8494009349800558,-1.8351186965631539,-2.015785723800812,-0.2743474325058529,-0.4775484749135551,0.08679801774315549,1.0333901634989904,-0.12600766054445084,0.8482773406736976,0.803976951385411,0.9582467349560181,1.6023295901961268,0.9310904944293825,0.816116567013777,-0.05309547738494288,0.7420200268261866,-0.4283879306482233
2017,6,390,0.7331116723883634,0.8871513769560008,0.6893412112379317,0.8787539342821716,0.6763522674694321,0.7516570818704066,0.724995624537064,0.6735323360146865,1.1624763752319789,0.5195357107220514,1.040283326709565,0.4484618480045132,0.4628287958101366,1.1616815347901979,1.8556741508263077,0.6786181080265886,1.2810843376427514,0.3551340757976773,0.7980882001836251,0.9131926090286815,0.8456223417543488,1.782730163681359,0.17356527488894666,1.1999206783616112,2.574965052399307,1.541155850558144,2.3253400179460733,1.779974247364843,-2.108783583034844,-2.7455355135939854,-1.3386835247828637,-2.8595234454978304,-1.7120725376934036,-1.5358978993449177,-1.6989977986298646,-1.5647794563457307,-1.8503372850315056,-3.199042358168856,-2.0145642372018613,-2.6803935600262165,-1.9923499308108954,-1.0974078192674617,0.0494314707766948,-1.1463532680198456,0.3589002112094003,0.8683914751043956,0.7910962177753411,0.5825124215211284,0.6472971748158475,0.4072561106877293,-0.13641533253616892,0.005161016343783065,-0.3788326202019122,0.2393128644326883,1.0620198906786085,-0.3679321064705367
2017,7,391,0.7168966775976152,0.8946108599089723,0.902739037986489,0.5323455387022703,0.6245936058809709,0.5123326512692401,0.8449797334408126,0.5911996200188538,0.8106068310357721,0.6283725364826781,0.5933755376174067,0.7017193754903783,0.5707199307983435,1.223304484902178,1.861901488115053,1.5831788793130068,0.15625527424329014,0.28141820245950505,0.18252292847128412,-0.7464180233710249,1.1466428234668393,2.4156872212857503,2.7124326816745365,1.4148311678925776,1.336758429639809,0.7599690344831493,1.2626389916200769,1.8471221647865104,-1.745703698406304,-2.4738359173961726,-2.523248048093882,-2.1981056800292755,-2.5010460950037885,-2.9108535201304537,-1.7498705977715947,-1.3195610641574675,0.24330436153306598,-3.764475764044047,-1.630357301292274,-2.391257015160831,-2.614444554630619,0.061041029463563226,0.48503444769063503,-0.4369544012694404,-0.6311211110980759,0.4872238066349402,-0.6744757445390652,-1.1714268922690056,0.5209960384489445,0.8546102727013817,0.9289748384462494,-0.9078811919932633,0.7384645362167578,-1.036892390055552,-0.04955813581146555,0.23108673894289547
2017,8,392,0.6033704315165227,0.9133911384169179,0.6016275015508401,0.35776599038539453,0.7507858788898191,0.807673801053232,0.6235353626728535,0.5447248308092033,0.4763332947796822,0.22059640030797847,0.8601980415543609,0.7974499636191473,0.5020763039029765,0.4549783499325482,2.3456107355940747,0.5360454441624255,-0.19135009972028388,0.6213636902121192,0.5678912673841,1.2754101336018044,1.3279438046024132,2.6529156649946053,-0.8496891539717586,2.574117147224204,1.6784386549471146,3.932847292428806,1.123549880702022,3.232006772221727,-1.7438551420131534,-2.388423924499866,-2.558284936842173,-1.9364371818314339,-1.9447819827177328,-1.9622811990561697,-1.7343504706736856,-0.7816515159131124,-1.3873013180615665,-2.122803287331202,-2.6701064495845546,-1.9731395115108454,-2.7248317616189355,-0.6136802865183943,0.6145778764575387,-0.348627727067824,-0.2195978384479418,0.19432331981300202,0.17989917997737115,0.3348690877721418,0.6989101226882701,1.3133518671037228,0.3482547405132635,0.4635068343041134,0.2574018721083945,2.4481148432570423,-0.6835987822399754,2.689997308743199
2017,9,393,0.6855300858367115,0.6026205917579421,0.8271002229176168,0.6407675307331409,0.5861343286535012,0.3400708431137001,0.6750573215777528,0.7457028613243831,0.2684120264544807,0.5690500244257,0.5210879128287124,1.0168759334243713,0.6570408929324726,0.2530753011117254,2.8080221411402313,2.2266133150138976,1.3918124416458983,0.9889178232329685,0.8035362137947599,-0.6751732209922272,1.488149271804284,2.1344411225545348,2.7646803770307837,7.586138895456355,1.363803907572887,0.5765091007357703,3.2665647776181657,3.837680874483974,-2.011971020507645,-1.8972818801015374,-1.552061713078745,-2.6734757693628306,-1.9931854177134587,-1.831348877339477,-1.688400277684353,-1.867387109161773,-2.012004944032976,-0.8165412749372843,-2.3695391664022525,-4.538851797930001,-0.8651282630172783,-1.167266635660781,0.7561404023049417,0.2696806145884658,0.53752738600774,-0.15629490885329245,0.21128854619738288,-0.4010690807709612,0.3742223717798825,0.3294857745971701,-0.14541094363356982,3.9669559618977805,0.39458558231641616,-0.5067651932973772,1.264451828328253,2.3066006891321584
2017,10,394,0.8016233734777403,0.8072276603722944,0.6796792443692592,0.6188050693813566,0.6175348387025811,0.6025315639532682,0.8598132194075643,0.7794696288913961,0.8090922244658281,0.3723213298364847,0.7489898718111575,0.42801905162516024,0.7127073278456968,0.15508932761296734,1.5244932864382983,1.093509072148223,0.31122886990179766,3.3826319642589415,1.0036515644119561,1.4328656590617668,0.8765486052238675,1.8565700449882607,1.4515965733574976,0.060054146472652725,2.5505180667288014,2.328300705017517,1.7272740923046546,5.508078244872761,-1.745563048670676,-2.3580370804112594,-2.132476003455903,-1.7427255663712458,-1.5534156284712572,-1.2354397989161323,-1.5952583893308978,-1.720220620089867,-0.9937107848890167,-2.840536005372798,-1.5811322052236414,-1.7909664312755205,-2.0898292459204866,-0.8434104973617723,0.3121045499890811,-0.05274064049085113,-0.4724052513511521,1.3167282166712333,0.6439807756380689,0.9508726110435646,0.8315196623505282,0.6738400229419197,1.419274072423501,-1.195155041076298,0.23119777759377114,0.6721152524885818,0.39379841841142216,3.61923607624786
2017,11,395,0.7894078120347291,0.8669219715265769,0.8618493448175626,0.780797659729733,0.6803574129462255,0.7231698316828964,0.7471213163549041,0.5944830333096031,0.5955886771518157,0.9348030261802082,0.6764074757075796,1.2804258426409347,0.4267621645275974,0.4498262787695753,1.0652560264686255,2.3447473293809855,0.6853604674176687,1.3958153930189348,1.552898088691792,0.8807945995782407,1.249535814858049,1.5262422903484114,0.2816766134320488,8.02686096623358,1.4235922808930195,1.8261683414115943,2.2162188467943453,3.385675258418058,-2.2672833962301437,-2.244339179166208,-1.4562258193341018,-1.2601879504977678,-1.812296971740815,-0.9957205105887486,-1.622331903469658,-1.7960315644804254,-2.0769689472527553,0.7478524648463127,-1.2825277208408474,-1.9816612542995744,-2.205528408195985,-0.22520720580349746,-0.4654669991525154,1.1417654219946212,0.48396860394126917,1.1226091082795229,0.7523546110633621,0.39700387121735414,0.8549282757606992,0.6598317931786631,1.0476897909690286,4.538779146811578,0.9598510619679305,0.9663988486873075,0.588878920618997,2.2513844786219743
2017,12,396,0.6880808387913901,0.5938618179110292,0.7000611001031205,0.5586578145216023,0.5915892849970497,0.39201904165115653,0.705336564134765,0.6906563803373462,0.7532083408582291,0.39697614416165267,0.8126846751754123,0.6435840228116763,0.6566557670707602,0.09901454491049114,1.4344187178247119,1.7347155378563328,0.17292222701302842,1.0991034869863894,0.27579884497924345,-0.266139241213743,1.7114198442161364,2.074904880610375,-3.0152513635191873,2.2929869100718436,1.4231134667880472,4.348117026432812,2.340592078582723,-0.019179961410133155,-1.9931549729755418,-2.3214213094574614,-1.5039409597255837,-1.974701256950551,-2.334833223664878,-2.640777625884976,-1.4264805176701179,-1.3968457814831958,-1.8049773468253494,-2.019835690181579,-1.2956607464841803,-2.6331238598689772,-1.67350262176728,0.5276215810532037,0.04608440742283315,0.5417797073603822,-0.020990408186600508,0.6311345150096286,-0.09305319769558132,-0.7481806084270989,1.1003047541656243,0.940226208987884,-0.6339151683084707,0.7716321622168166,1.359479611905008,1.3122085651599569,0.832641643929966,-1.3137528929215738
2018,1,397,0.7182043534890562,0.6108400532286427,0.6307531751017509,0.646063643425571,0.6001064317580909,0.47358603462427556,0.6092414548589082,0.6242324287870016,0.6261905628865146,0.3105908238273107,0.3321592200772474,0.6136838867462974,0.6502365567748053,0.04915391228839147,2.455538739530261,1.2118008283074848,-0.7073250122279434,2.877056360191859,1.0860249673536908,-0.2681991948957664,1.0150234632795105,1.9934956491669245,-0.4856692982326057,4.196689947931336,1.3142811853039462,2.101765660769556,1.601675943462122,5.1301778093561605,-1.587598365563304,-2.6505561082173146,-2.0657601164346886,-1.5395112886953224,-1.8280606612381345,-2.7853130287595036,-1.3347250418418333,-1.6434968722047165,-1.5945124250421077,-3.3914561913973897,-2.0424486796563373,-2.4465808876199016,-1.661757159294964,-1.093162352934261,0.9281109822773028,0.28991985807427983,-1.2202267354370047,1.7126091973383462,0.28502478521769076,-0.01719420645655149,0.9718710029710066,0.581261957161592,1.153660138918275,1.6783058958496002,0.7579057796777259,-0.6390711795952824,1.3510517463776823,5.133048765615809
2018,2,398,0.604786853848072,0.8414392252552132,0.7947779952677974,0.6888216712715757,0.532555936218674,0.31810429944388635,0.8713012464414385,0.7967697131556987,0.7694364197613779,0.4945194734797493,0.6050263112247871,0.6167124032217002,0.6072086899619346,0.11192048354337715,1.5369780126150703,0.727359186563455,0.5036693555200111,1.3518169996107317,0.8604425585353717,0.4028504606134372,0.9831371024912129,1.7606251288858632,-0.45869622468790333,0.5247254159161954,1.4595277179176798,3.510212392262757,0.5224139250073332,-0.433475075049309,-2.0618477190795703,-2.708056393513238,-2.408546204726731,-1.724310668586306,-1.7772336175282684,-1.8982771219943881,-1.3698479268110495,-1.9411802184607072,-1.8582372924324877,-2.276148326102785,-1.5236526731814097,-1.469358117333512,-3.0205222217116896,-3.2645450588620015,0.20704733243345846,-0.3611437971656552,-0.16476877061376194,-0.3355868819633513,0.5268255128519929,0.4997744318096464,0.9520937257284492,0.3068263916550965,1.0360563059247303,-0.09703423862457258,0.5735017546471881,1.8831007708559582,-0.3657253805999607,-0.9117482092906656
2018,3,399,0.8200632628437673,0.6845113122740919,0.7092721328334146,0.8996885097298823,0.5830107385956337,0.47919689613271493,0.6126134383887536,0.6712517792863062,0.06768473444572976,0.32716697724287164,0.7864674919778399,0.1879308274441945,0.6134345398093903,1.123740285435018,0.8452449961420603,1.434718938559528,-0.292058496975688,-0.08010868851274358,1.079263250624821,0.6913032847087441,1.0659628320321204,2.1627772177497566,-0.19134259966989106,0.5916237381851882,1.4595910304814952,-0.11784663794381754,1.8071278870499488,2.5415702643333904,-2.0782844844629236,-2.476539354192437,-2.8580349621116743,-2.421058829746072,-1.863075905929573,-1.8532363935887728,-1.6317717641190779,-1.3472104930342457,-2.27901013873482,-4.299234943141537,-1.771993166611471,-3.2007160820465774,-2.3702256141700517,-0.3689030526025292,-0.03731840234814237,0.13949281482372133,-1.1867223281600965,-0.1930634083927334,0.4957118858067262,0.4905550613327858,0.820122365872899,0.1338598320621558,-0.03468505901107108,0.725064433372232,0.09223940813214271,-0.20726289932131386,0.8506967943517725,-0.3494429485296442
2018,4,400,0.6118265873974816,1.054672080757949,0.6926716505501288,0.623147437975063,0.47270801300958126,0.6140960903926762,0.756481485916003,0.7248682450951266,0.5885591167503125,0.35895210093388824,0.8220313214152729,0.509463526086401,0.8925208729253682,1.1184675490777176,1.4109847713455443,0.595464279499458,0.9264382899911509,0.20324227849248536,0.9843821978196798,0.3852233478461806,0.9638571630239035,2.6096439801214264,4.091199979326627,2.937831074928843,1.8927452556446092,0.6849554358111642,1.3930654655442622,4.156798096406191,-1.9156140794988603,-3.4298281650824194,-1.9180691378848709,-2.130729198304989,-1.9901988037143872,-3.464035907398722,-1.5951043500013846,-1.6830776783067618,0.5901351404281079,-2.736935718666447,-1.900958686392094,-3.0880509113601713,-2.4635886168471406,0.8992178757691113,0.2720453431614122,-0.9644343992612022,0.312318119250663,-0.5484593737022898,0.47268090797795237,-0.3790544411411073,0.5323582032783675,0.7226061545854848,4.7348888205925945,3.4150971931733225,0.6532860618076161,0.4388642993894289,0.3198025775987762,2.3821679328486347
2018,5,401,0.7016687624482435,1.0255073566425559,0.8241119600306973,0.8852097558606192,0.8396926091443951,1.2577867537747571,0.8674082483300409,0.7382304730554431,0.33933130107023135,0.24191774024989388,0.7978876119117738,0.5431755666493997,0.7525902593402473,0.033289510898102614,1.1329393880566299,2.0467478140085458,-0.343086142492651,2.7926409620269124,0.7252525104425626,2.3220180874556555,1.6652464672426721,1.6585477987631718,1.7745688445835006,6.298618992819361,2.8299421877839257,1.5673064681971622,1.2144067952750188,5.147051917221856,-2.475146705051529,-2.4412111916511536,-1.617659372334196,-2.2780407767168738,-2.6436664551590394,-1.2333177167617224,-1.6781834383634615,-1.5582633171032163,-2.108960015287683,-2.0853499637587465,-0.7148913434681741,-3.034523911786826,-2.059974934378625,-3.5257327220934807,-0.23647757309992037,-0.6361074912353041,0.17868559396602912,1.6586730239391583,-0.877795529454948,0.15743972065702516,0.6111878584299077,0.5137400734407253,1.9908525880113386,2.9582322657550764,0.6206683349023663,-1.2233684358285668,0.4037835599672987,-4.059596020117792
2018,6,402,0.6681347436754177,0.5790199166504753,0.6983681735140158,0.8632166707032944,0.7387317921913271,0.9293642599269378,0.7230356526785335,0.7507427532481327,0.18743998410914947,0.17190330418861258,0.7477251264912278,0.690651795810533,0.5378617668870728,1.4578940485779028,2.3754395770988346,1.907002173373952,1.0372770529230386,0.3277315490332382,1.4597935432095501,3.6244177376533107,0.8099805179133321,2.2661943278356507,3.1875710317708426,-0.3988209258004632,1.1785405291510347,1.3796503523929027,0.9993124595538065,-0.9289459796550491,-1.9166602158915795,-2.2789946412850224,-1.2699484245352508,-2.4898998700290473,-1.7766676787927564,-1.0634623624931185,-1.7071481055177906,-1.2127289300339874,1.8877000622424833,-5.033446042981833,-1.4357141242890052,-3.1626840901120725,-2.5778391658161652,-3.683848207103365,0.23495438131564161,0.04245000122195915,0.01114132708334022,-0.40515225167439095,0.6786364625502804,2.110872087734915,0.31559615641268135,0.7666241166395863,2.9396077057766448,-3.4872359700746776,0.7613250222150136,0.5842999595282591,-0.07669260952207865,-3.1676836192279523
2018,7,403,0.6874920456505401,0.6272118788478185,0.855375228386625,0.5637778353254315,0.5638235985905957,0.2956272862611347,0.7406041789196189,0.7710225962116863,0.6279402462447491,-0.08009332767509805,0.7813659718095048,0.554502115100054,0.6778844774087373,0.3954724894704584,1.4651609689141794,0.09767188437015693,0.35645219966413183,1.5406783917127884,0.05829878611527535,0.3013854201199255,1.271061133676938,1.6576564017889088,0.5405610808722053,0.8661009122573788,1.7981045883844469,0.7715961542446532,1.3134334102948333,1.4500032576781319,-1.8250304527516772,-3.194691116351144,-1.4751022551018445,-1.896359264880414,-2.0686334487509943,-2.524882312728346,-1.510464780678351,-1.6983338102075187,-0.14894945262705597,-4.5263627354842315,-2.359928872489318,-2.411540111398088,-2.0019594701508825,-0.09874668466902986,-0.2386441852348018,-1.537431401483252,-0.28355498866381224,0.7680647163908565,-0.2240936228378708,0.0846571468069748,1.0559775553243487,0.30548190608897774,-0.38464942057645346,0.2976471746482031,0.3008725348535598,1.0778405171833763,-0.20997356778343473,0.30466386491067105
2018,8,404,0.7152552687623638,0.9100498073714007,0.5907180391593084,0.8854051878581484,0.7194787781617823,0.6088567630054422,0.797410651707209,0.5010584845698095,0.5706573528756732,0.8962184812791094,0.7526434333709208,0.5798275881328901,0.4665226975864109,0.8471893740217499,1.4342565190519307,1.550166818627178,1.1833775938712687,0.8328852500346506,0.23297381828221062,-0.2675734161718944,1.3479207835222464,1.6626742677050323,1.0852202001055749,3.885863435924665,1.018723947849645,0.9232954254932257,1.9536828329547902,3.083270948575979,-2.2384165586749236,-2.030249918712615,-1.7259458826930947,-2.206567870485202,-2.0854463956125295,-4.582215318862506,-1.7393744061596839,-1.6225250644329239,-0.8293100811135939,-2.337944121297109,-2.221483015828959,-1.461810520038802,-0.8962159194251768,1.049532786857867,-0.06680041112170432,-0.1294367307255493,0.1496679329464623,1.1087515710328584,-0.25630928852814017,-0.8840820212542982,0.9639213165119299,0.526477897523442,1.022022570757874,3.563283437252755,-0.547441550967733,0.1838344952161902,1.808224423783913,3.5630830755037453
2018,9,405,0.6069499038690271,0.7563178558507189,0.795162217448482,0.4310341631746346,0.6011370170203172,0.5293015921643183,0.6486553953769942,0.681728101922794,0.25454250423138325,0.4305424891852675,0.8127746917556005,0.41386981189871525,0.9915617562741287,0.7425869298562748,2.552217006419177,1.6053074999741992,1.2190740655959076,1.4717959620953438,0.9428832123845436,-0.280631221477837,0.9820491454671569,3.3437934010112715,0.21891118450337996,1.1029463699254363,1.4169065110182852,1.7949914777404097,3.1165193731254575,-1.9226782466334964,-1.6078659874825425,-1.8812334229645227,-2.2799242051016715,-1.7626985694765418,-1.5648850682667748,-2.224199989856312,-1.8647940504608613,-1.346723887467051,-4.387381890087486,-1.6344517170736594,-2.4055778500269622,-1.5491209195758049,-1.470581297385927,0.9532957895642238,0.5843880988090654,0.4777100680097968,0.7160594665937833,0.13791789997050574,0.27345999106654917,-0.5224038313083271,0.6513432478078295,1.1923211063220274,-0.4595286048039629,-0.5298662726290903,-0.46692915182926026,1.8058285537634347,1.3465965997095721,0.76539593892612
2018,10,406,0.7753555704631596,0.7916984332458266,0.77562086434508,0.7255665950726227,0.729147725194233,0.8059765643865794,0.729348071988309,0.6021316588502539,0.9055751976295164,0.37574851649930857,0.9061920051037655,0.5496202483128855,0.47831959083942494,1.135677053873183,1.9453982299804806,2.2862896234705277,0.7898047175494101,1.185870696233785,1.377937608896773,2.179409602714038,1.2791446015494334,1.8772776908142021,1.7619406787254523,1.8252975994586633,1.3592285941641626,2.255903213854186,3.0818365492730524,-0.08617043037250909,-2.3020958264218923,-2.7671112380527916,-2.1929583231803416,-1.568355771004478,-1.6638881365722888,-1.2606864904104664,-1.5286146252253001,-1.7931296872267526,-1.8648461344260747,-0.17866508199434636,-1.813293079234457,-1.9320676964437473,-1.228238784516872,-2.059737204509581,-0.17489974116244802,0.2482271620921745,-0.005219018933297334,1.5157986181470804,0.3691133918603191,1.772588491395266,0.927315034732162,0.3797042023727351,0.6422488283610165,-0.45821149415221374,0.33783807416407163,0.6990463883812895,1.0400847633281063,0.8086105465332551
2018,11,407,0.7444539934513035,0.6886243293312835,0.8511160800837091,0.7782679315994637,0.6575867902974063,0.733271270392149,0.7906346895593565,0.7104023070973112,0.34020515663785145,0.16359124556994367,0.4245122560772475,0.5661941444164464,0.5220942519515366,0.957788740898104,1.8074417803364196,1.186600897580475,0.7902884921466142,2.5645233974549315,0.9639414894479772,0.7114670802923301,1.2389052422393905,1.3665235706831398,2.1000150989784143,1.4777793139941824,1.4259764372548265,4.352445640933766,2.5462921122800966,3.23917613622187,-2.0807575615066494,-3.5110529377144197,-2.4575299396104247,-1.7413155050137177,-1.5034190389531417,-2.490798222364329,-1.8011385164949385,-1.8824370487525912,0.48295464799823173,-2.123520970572141,-1.6837714370280152,-1.9572058364909088,-2.4292296985691424,-1.1556073260934812,0.21175817776327951,-0.7278507500049112,0.0405792414316337,1.4853919501771045,0.3376311899026618,-0.6642494523977757,0.8313728886704795,0.4591610374092068,0.8928899377053376,0.08345852721589585,0.041398859066400666,2.002786362582243,0.6442617076321939,-0.2601296751177724
2018,12,408,0.7598636148796002,0.7882068991731856,0.55349221911206,0.6036624527981145,0.7979239341777167,0.2687393071299101,0.6422525592378452,0.6732722160325474,1.148916319174825,-0.030639488421586734,0.4592792052508676,0.7324023391172095,0.5189507092548528,1.1376665144668077,1.6738753283462187,0.9104176806347872,1.0408956704864476,1.0757034764116264,0.8225488234641892,-0.5463684335184379,1.6468667106280703,1.8259196756780127,-0.5914826526103516,-0.04044777270336094,1.149964475698996,1.326194584042861,0.9990469937121038,3.5170650661559106,-2.223682568295019,-1.9853753581398388,-2.160739803528373,-2.1741196498445814,-1.8287929860626246,-3.4312509015330943,-1.6771152057213905,-2.14799910826459,-1.741917840940053,-3.399018324593875,-1.7449018753162049,-2.9558179643741815,-2.0792144339320764,0.9672695777058059,0.03203761729402728,0.057521837538131323,-0.7415073374952247,0.594425999644282,0.26338589441280524,-0.8259611954342179,1.1755892794452598,0.8529951487474583,-0.5347346933270628,-0.49032109361790804,-0.027569104095522913,0.4952665910046792,0.01717487102836667,5.065955968088979
2019,1,409,0.6425959126826937,0.658202651486622,0.7381883806715286,0.44847003787274603,0.7626463504935894,0.8222416073018995,0.8030902587585227,0.8647958185910238,1.0027088468682859,0.5636873935917852,0.5887396975790072,0.5985581968729762,1.168235833874655,0.5807828652234255,2.849653534792447,1.1144214499726959,1.3501350065530344,1.3953615481952264,0.6571499975039016,0.49698981463640113,1.9245518379928188,1.8134333814089165,1.2530415783080027,8.5440984483656,2.029646323707402,3.6741823148637156,2.244627345581847,1.8354880628527117,-1.9973067089289982,-1.9976285759595083,-2.056710746219306,-2.8183924306439065,-2.092156368799614,-2.392683487622766,-1.6328790341662716,-1.6992992816217292,-1.9722713328258066,-0.4895975989950845,-1.4391484413039086,-2.572421136986963,-1.8484445081572811,-2.3855039987330087,0.7084433634457958,0.11875037704056812,0.5937876630384592,0.1343585420056873,-0.24482383930743526,-0.023396118905951748,1.0484985158473745,0.3137502001582949,1.6541098133564787,5.992013997854646,-0.44813426110891685,2.0319950641660767,1.0478200856128896,2.133504052573934
2019,2,410,0.640117817015154,0.6513843869346394,0.6623236576987257,0.4297338835850371,0.7749391777028645,0.8651057186984205,0.6696626429593532,0.5617931687582339,0.6506777468463147,0.44628691716882,0.7147157837995319,0.5762881877176543,0.4097844580320723,1.245861188557316,2.224469124669821,1.6585808598114031,0.3345075015162561,2.774233002338306,0.739138828441812,1.324378647901103,1.1154480096298887,2.268391888764597,0.41176631911418343,2.2525993972141656,1.897969689928157,2.7902210814884136,3.1788294096970335,4.6860795262973065,-1.962817421305257,-2.3172288781502424,-2.2957787468369166,-1.1087778590183557,-1.96005624261407,-1.894668860449849,-1.5619484666076708,-1.728202642705304,-1.2510094258209767,-1.4771796524405467,-2.5354546844561137,-2.3392808893551615,-0.980740139182468,1.1564360167105192,0.4203471737089124,0.31213088859853844,-0.7476861562232642,1.724157569220704,0.25107086189816885,0.7636978453699131,0.9707612651631877,0.5913243283017572,0.37735936743534054,1.0713907306350006,-0.5809619502710242,0.7866982620050365,1.1144899983025744,0.3701753709805383
2019,3,411,0.6785631968229878,0.725575347253096,0.7127738019392794,0.6898972433535208,0.5115450200241796,0.7885606315389324,0.7176457210870617,0.7779203553945359,0.3232175019026146,0.6913132580885107,0.7562470391661502,0.33171574494115225,0.41212328472264087,0.27924959601082266,1.5497081911210135,1.5637590928485527,1.1424346874596718,1.5112783630187565,0.4734972817063944,2.524438605015231,1.09091268660622,1.9688460253216462,1.5397588308935724,3.7470736590333216,0.7221894458658189,3.6273183327428633,2.8491207041212836,3.4272458447515346,-2.2348315363701023,-2.4628083074309473,-2.1087472723533707,-2.3646739726839865,-2.5146855688593592,-2.2691727090624627,-1.7599000171267511,-1.5133156384451627,-0.7377686421926626,-1.6880481138151777,-2.238463386152073,-1.2473697423672954,-1.4653211129805834,-0.5007217049144869,-0.039515172616900816,0.1843629099056041,0.37625390373874285,0.4389869572356303,0.05247751144165948,1.3674902149185642,0.3559534106853606,0.4251007750690789,3.0610710539439077,1.8425084881866964,-0.7698555520111411,2.394314090407249,0.42694441206640793,2.3611133131757143
2019,4,412,0.5560880739259977,0.8302012667742839,0.6942150889777121,0.7128775718087016,0.6464522457961249,0.7431238253696643,0.6463404348897306,0.5907738013636922,0.4311984227639207,0.5090550503035413,0.6552281947672335,0.5347740202393136,0.6119495532597256,0.73585447263708,2.191796157292697,1.7116851546030307,-0.2562718341055103,1.4414355290106062,0.9681737994259524,2.4101659778501348,1.9016839022485224,2.4840954590732207,3.983955214434073,3.9104769472394127,2.0324311681758807,4.450879749550124,2.0463116374016326,3.275128343166896,-2.0459481705650897,-2.9217174237472037,-2.45923567633956,-1.2719895921129905,-2.1488543991966758,-1.951497545050362,-1.934439833132098,-1.4219298255358725,-1.4209894286914577,-0.9614949681390829,-2.156896563358246,-1.4194079457922926,-1.304017883742631,-1.371499612910211,0.4543849031614719,-0.4617464602053681,-0.5430212867243496,1.145275916544999,-0.4323674897240693,-0.12166976250520951,0.7082727059959354,0.5639390922630989,1.6789458020825065,1.4903350164992248,-0.05856838244346559,1.8216636431543465,0.7256591775050593,0.6671697357716754
2019,5,413,0.6126451414419662,0.5949746754150935,0.8138670414794574,0.456634693546138,0.6461603663318952,0.49711608331844076,0.7675716924956959,0.7487840545427413,0.9443897140007124,0.5109559524701518,0.6159363771105578,0.6335308711277149,0.5874082605250536,1.375808234421441,2.263780204679091,1.0307766998234886,0.8280164578126341,3.3002133258173707,1.387005658683372,-0.13675615081858394,1.0758218798551962,2.3916963190189544,2.2376750753630867,3.445436610699656,1.3624056781362972,3.211364329294209,2.4383180433743643,0.5885973338372057,-1.63014277518688,-2.5103484315428872,-2.115089517461264,-0.8613191315258959,-1.9094844475656991,-2.016081326164939,-1.9957083702983616,-1.232993661440164,-0.8910155799736533,-1.4610735129746244,-2.6759950570652817,-2.248996533718982,-1.9646950529685099,-2.940594258463385,0.4605521094428854,-0.5880242984572468,-0.01491745337934846,1.4207550186838063,0.5750295426100905,-0.6754734236657279,0.427346232030685,0.34053396721030094,-0.23838511390134795,2.6530607698634605,-0.7875359016796012,0.21918964824005926,1.15985631711133,-1.5868429065783023
2019,6,414,0.4880871032085157,0.6616062597812493,0.9105153415586961,0.4274421096520368,0.6340402453599098,0.49473952719777353,0.7506607880359193,0.7134173056971203,-0.10217372353355673,0.20241555902125902,0.9734609502202843,0.5451795328483712,0.660626782982703,0.526640539826263,1.9997171462295982,2.206649564550674,0.6500610692957864,1.6792584233527985,1.0210775894399786,1.0490376296888357,1.2265358347715858,2.7288848125099965,2.0614535120700612,2.6817346420371684,1.390868410272706,1.8079072610470037,2.2257003821569183,3.991232545750035,-1.7891983996744534,-2.471323224078267,-1.932194188890897,-0.9744872591947088,-2.050165139673662,-1.7788840933181405,-1.6822924337449883,-1.2534914216770237,0.30386097215526775,-1.2984619985600079,-2.5199843222943326,-2.690071768544485,-1.1964569494673565,-0.9435803369518962,0.33125241344200124,0.5979790957669241,0.228644932372893,2.5664188591360437,0.28969075603305927,-0.3905657065012752,0.3794335364352989,1.1385913358142772,1.560215615585914,0.4740230946975466,0.06619981616581014,0.6907772553093641,0.8534433810056098,2.0741287338527665
2019,7,415,0.7060506685326408,0.9472169847667733,0.6466941166064836,0.5460606343243144,0.6709227107455702,0.4033219738896899,0.6762840711900987,0.6359724607822974,0.6772563466301156,-0.1364529784373373,0.5827125236941055,0.45902735886872453,0.647118621090311,0.8450299669748467,1.7553086226071484,1.1774233275006798,1.0972379993670995,1.5676651490981612,1.2397367516132494,0.7841465049410924,1.2624493192528292,2.5199386825239305,2.601987788712211,7.736299215683133,2.0324960601149797,2.3551246057939346,2.269679829442461,3.061092126159603,-2.2864264544766204,-2.4419165648721872,-2.232608076805456,-1.8541595382542158,-1.876766644141315,-2.54034697930864,-2.143874154894889,-1.3389713524960667,-0.830730041558163,0.10314491025906673,-2.078360362732157,-2.80429798853063,-1.6973364222868907,-1.5962194666608793,-0.6395985002364748,-0.006275572625803402,0.1428559298207753,1.1949570075118277,0.2163142143277997,-1.1057129358511038,0.6238872014848702,1.1602508035752717,-0.6477082508980736,1.792366479712885,1.0856242832172105,0.34852725367600984,0.4615187940135397,1.8700205100108134
2019,8,416,0.875181502609663,0.6714104019002313,0.7059158724399097,0.8140151842228011,0.6707369781266714,0.7058732616854512,0.6661141800096533,0.6994475837042652,0.5405163962722087,0.9585114479626019,0.6423944888381083,0.6491634172588335,0.7900260240377432,0.7808767309242413,1.7548396388189884,0.9077087127817749,-0.5331039246299113,0.9675995067029799,0.8519879142444197,0.0935829167759918,1.5090899439564178,2.4454591639532723,1.787998000632836,2.7390545785255584,0.7484575272240098,2.212072429226978,2.9246325760749774,0.12182242716326355,-2.2606995948805344,-2.743117479585541,-3.190510928168253,-0.999240760026751,-1.9061030083866184,-2.185386610532211,-1.723407341414779,-1.6145096896740885,-1.1895042100609785,-2.9256505279156078,-2.6958294419171303,-2.287201703426616,-1.6105816871534309,-1.7499278840315282,-0.25889152375826957,0.27810343679676347,-1.0988203595006292,0.5890177973472644,0.09702930346013244,-0.7787703875035773,0.912925872234385,0.4830768891541489,1.5727121529351251,-0.15607547385633003,-0.6173212116160294,-0.38452326363960065,0.1507309358911538,-0.6092274192320895
2019,9,417,0.7584503513369074,0.7640484578573439,0.7464518757217389,0.8763811909460337,0.581730518525599,0.45992577794840883,0.5943068887809285,0.5786283672285654,0.5089953248470652,0.5919876824547269,0.504083199504772,0.6831222456532349,0.737638530610714,1.3034909273004596,2.021398316121983,0.5654352793913311,1.3996702010123936,1.0178318744322168,0.6441934856545806,1.6576294724455802,1.9670382783793816,1.7868654032110662,5.019187319109945,2.2212853265692516,1.5516725841204144,1.0835362318130737,1.9732691362819144,0.3224630940478953,-2.282445362416532,-2.9784485378265217,-2.126222516273483,-1.5691067398737257,-1.849717835481859,-1.4045787290519816,-1.8152939965541162,-1.929898586436532,-0.2447050624838752,-3.0468168775382165,-2.4278320476669455,-3.1260208235728,-2.294503101966159,-1.4998715369288145,-0.23918688312861525,-0.5845018924411873,0.27872275333977425,0.11127802026490224,-0.06432682484297697,0.8169458125125627,0.5243329619187928,0.1504201499103841,2.3057826517984688,-0.8408070800495718,0.1348235019862174,-0.7800233728602957,-0.09406097248133194,-0.12170491669406591
2019,10,418,0.7221114671893366,0.7596513514025827,0.5665028500066112,0.9041247955153152,0.6008261812944873,0.7053792729720694,0.7780956942139088,0.7069161543009156,0.3088803388920583,0.4050492590346301,0.6479061934200021,0.7434686807656795,0.7258187704769189,0.8965600098627942,1.671285119588065,0.8883164091299638,0.5107643272018997,1.726111887006684,0.761877654373655,0.6579263189782233,1.6698220424568764,2.985018637325424,1.2175122955025002,0.5171712209332158,0.7486068712688688,1.6360561744933946,1.5344820286932506,3.426638003077076,-2.404890773679534,-2.888155952708763,-2.3548626332528313,-1.7471681798137118,-2.3619505254298176,-2.0818391425719396,-1.8900742052838522,-1.4232202589927097,-0.706478297514336,-4.254329124331949,-2.7495091442676154,-3.1567267746362146,-1.8489218467990685,-0.965007109629674,-0.365054241575364,-0.6886167741987348,-0.04611588435461454,0.23889591913697159,-0.4123420104543888,-0.7263373782418091,0.7318057893807519,0.49756611625317176,-0.49933787683587516,-3.0712361996534985,-0.3594867490074291,0.32149189854523463,0.7043110738382802,1.820483820953025
2019,11,419,0.6255182334317074,0.636011018693934,0.6803519598582703,0.47620791835374027,0.6899479347546487,0.5644291279112305,0.7368028864650427,0.7396953237910021,0.8032733329588089,0.46446439893137786,0.6016392096410683,0.4473003518473744,0.4845577639679272,1.0166447554490496,2.284622255120645,1.4984322945508572,0.10878654995008344,1.8498836355218693,0.6908071566358497,0.7193902861952108,1.313054581679808,0.6349944871299394,1.25986399298332,-1.122806965518891,1.6141961143041992,2.1775811426004488,1.4725732910952123,1.7910056336109297,-2.2069301385257565,-2.295123513810693,-2.2786499751626077,-2.1644319059029065,-2.5476985503537066,-2.053376059389823,-1.9273627154504405,-2.112108349517165,-1.1454877598871527,-2.8332468230058336,-2.1946420132906477,-2.5745630381977165,-2.271686530825034,-0.9671881415467468,-0.04277641565699901,0.5420311285073419,-0.1056242787654062,0.24631445608974206,-0.22862701464889912,0.0037656094683237613,0.2654895554332992,-0.13530745169250866,-0.8562623139021277,-2.3114898182660717,-0.350099789450838,1.0354134054982211,-0.39946432509893326,0.9881737484410982
2019,12,420,0.7225332056749252,0.5420720503279568,0.7143461214025278,0.4897171441368998,0.7732171261608641,1.016098199807995,0.7677568182201893,0.6717651694254948,0.5214645506409591,0.3679255263342214,0.9412774227857804,0.39637830114838735,0.6954242885640239,0.9788138632883713,1.7099253003093964,0.7934345967233577,0.8430168126843619,-0.5697428666947104,1.0460261836593934,0.01848698836683941,0.9573374798901333,1.5730221131015885,2.592896332608889,1.7553029410073775,2.706119363790523,1.9252156731172858,2.190805961248059,-2.2869341344701186,-2.1145347231401614,-2.2951740319956895,-2.280501453809946,-2.827335808576424,-1.8391221238586062,-2.4290402585710127,-1.7791588975204338,-1.551332663109221,-0.9974297334467781,-1.78169178099531,-1.52879598298974,-2.4702938322506798,-1.784178912821796,-2.2309999830743594,0.00022846364246186353,0.15413152475965597,0.09106139349806618,-0.8464214621476245,0.34527432603706903,-1.3045964176222096,0.7277161293997193,0.7977729600199308,1.8202025549890333,2.1847847991624336,1.2315478105867947,-0.06393930859342889,0.44784185188834524,-1.937402892975745
2020,1,421,0.7198798630253632,0.5605391801524966,0.7162140177433978,0.4564754729749223,0.7291229244483782,0.5596913497681035,0.7474962498301885,0.6583947220896034,-0.23037022135174223,0.3421301823673006,0.7668174582419506,1.1800373890150402,0.45138439950178505,0.4690403086634498,1.9259754214328582,2.1020881935005065,1.2534899707634246,1.8716659501455872,0.8911968620985945,2.3007320139220684,0.7849098412934592,1.9632766947154692,2.249574363318374,2.671661235380962,1.9889474227000628,1.7350059312157635,2.308845496597025,0.9022894934045358,-1.9424349426960446,-2.4934510571642443,-1.717818890795048,-1.9152042846453476,-1.9581835811867963,-1.2824900380080202,-2.1875487632874218,-1.8250301791480787,-2.5695241567074696,-1.922436944602191,-0.9842081774335464,-2.7859983910391244,-2.372100042968358,-2.063968831733294,0.29215297770747517,0.8082654192549044,0.26988060383176066,1.7408685495593625,0.22530498572934138,1.2960884921104951,0.5053220183207785,0.032294312675921234,1.2150621107387996,1.3369487887817952,0.38607781169152167,0.23136207376251397,1.5940869741382402,-1.1993100259993565
2020,2,422,0.7636951101491959,0.9258036007180372,1.0011211205515158,0.22492556158745391,0.5159611014097548,0.22758600240375992,0.59733601271968,0.5793658793298879,1.170930080974113,0.5050505050000016,0.6601053025954945,0.7102073042310507,0.511932061635744,0.7385706140219437,1.6939380345236503,1.0053700709024285,0.8356557252327184,2.498438806100153,0.38577090717059664,1.585562061225648,1.4809072357790447,2.0600969097917834,2.24293133736007,4.444444443999997,1.3242858332218665,2.8267406280366196,1.6376981440831726,0.7475310467723721,-1.7690377524460024,-2.9330502799597395,-2.4335883984450724,-1.8438106569555248,-2.0501604997457683,-1.4781581677181077,-1.7289371273926677,-1.3471316295727345,-0.7212693543703581,-0.5050505050000005,-2.582856566771285,-2.159298706710383,-1.798023406016869,-2.6192244975636902,0.22581301813736268,-0.48421244366560645,-0.1548021833004128,0.8860520221473194,0.0832168283687575,1.527387372848436,1.2851100341770543,0.8067085949208099,0.9545892550476979,4.141414140999994,0.0372696459949563,0.5955410461176396,0.596318260004689,2.5708434741131523
2020,3,423,0.6091177244341545,0.6502032213603226,0.597789815893792,0.6398225165603174,0.6211363771438372,0.7994652747713603,0.8356431996279053,0.7135555939721347,0.7690392035815518,0.6131702352591696,0.6863128391664318,0.3516709971848421,0.7773944163947301,0.3387679127034734,2.116577086768986,0.5056397360853452,-0.9470133601528868,3.74595941078529,1.3091200683175808,2.6081328362615297,1.1540668545567134,2.2570238575104113,1.5731420963066935,2.978271757758841,3.292314948490012,1.161833500959731,1.9659420056712549,2.7833206733891576,-2.0065988214679535,-2.7575273250985584,-2.584916825318644,-1.7462263422687676,-1.8769242878243757,-0.9390808785465266,-1.973344828437921,-2.0770838760767996,-1.6611050171556236,-1.0574989544997726,-2.3418520522972766,-2.234901155680357,-2.6635531447973917,-4.138398035857054,0.010352167015387676,-0.6931868723433792,-1.4472585417325947,2.3438224546935973,0.3799047157110004,0.107284727935757,0.5161934386561199,0.5201494983978403,-0.09576555468702502,0.8524591522418364,-0.1749363094055944,-0.761213279508589,-0.16900548899101095,-0.2175553952355776
2020,4,424,0.8959897755356424,0.65637441461963,0.7391353116397696,0.6335469515428264,0.780090770163791,0.593424736716474,0.7318000171679953,0.7628254868023504,0.8549759262705131,0.7645607117838795,0.4657788596833502,0.17992854967068644,0.7907420537717884,0.2583967851556115,2.0451174500464098,0.3485614292288924,0.6897106591136314,0.6004613590962777,0.9016487488000491,3.0627919784498534,1.455321393746725,2.0090487231935414,2.764345423000997,-1.4717884193108879,2.938282879209126,0.4677426737098645,1.928505578855951,0.7397289498768054,-1.800540454773182,-2.894179946381299,-2.0653285651799336,-3.327838293544083,-1.804378443592066,-0.3981889220332883,-2.2865740983982863,-2.140460105472438,-0.6416211142613543,-3.4756737836260867,0.5589459074250304,-3.2563429371366737,-2.0571976984142784,-1.4347812388261076,0.3486075164316965,-0.5322231578255848,-0.32801168851116363,0.3678358280006952,-0.11969789124687569,2.035892444704112,0.0738012406225706,0.30359314890945244,2.8911878880468294,-2.2519381693323957,3.088149187321854,0.04803865868506547,-0.08518545501083422,-0.8438694887124463
2020,5,425,0.8491999031943642,0.7279978740869589,0.7056436615011862,0.5889577696211705,0.8241051445144868,1.2180739884354994,0.652026339105983,0.6291116057795135,0.1034506379938139,0.3901445880081268,0.6546970531710332,0.4207009031833232,0.6187971680655309,0.18570559321653013,2.7933507556284316,0.929544449714276,1.5712349833992014,1.1417213903505574,1.2629940504666661,4.880122250239428,1.317343298400696,1.3427145444809097,5.050774270404605,-1.3033923620107042,1.3899937336783428,0.9228954366093617,1.6177569571638015,5.578054573872754,-1.4206484929159777,-3.0400693702835304,-1.1213602899373878,-1.8274725298883128,-2.838877338356402,-1.446875293940442,-2.1531559479649496,-2.094832718854456,-1.384173080775294,-3.998884552895079,-3.15877534537236,-2.5088783573130087,-1.6214905190517288,-0.6630998309854852,1.0207302293712135,-0.8610801954153997,0.9902740929126341,0.4393198873506783,-0.33922893960812034,3.222834338221644,0.1757484622120472,0.5292056774067767,3.1631618127568975,-0.2831500164250037,-0.6358308428153594,-0.11126034868935505,0.9757736184132505,2.7691508295788787
2020,6,426,0.8027965579581525,0.821513793106724,0.8996789998536548,0.7910025497576065,0.5230828464194369,0.6957193143527151,0.6869699584662127,0.6426520937123884,0.11906660233404592,1.0057183830141094,0.5295606470880527,0.11861367802133568,0.6263633827909532,0.7462627878057303,1.9281926629254627,1.7519467902854966,1.2348476937698107,0.8296844926527561,1.0172221359890585,0.7551004454552679,0.690543594444027,1.3622426933139822,2.9334986930297515,1.3569346549069545,1.4570762183187482,3.1369160151326567,1.0810529029060962,2.882925186240678,-1.5214580552139638,-2.364249416756119,-1.504019511568537,-2.927721862820492,-2.154950381691312,-3.136504405830153,-2.3634280610368865,-2.0195657236775255,0.30599228502634684,-3.0084063284567986,-3.148653810448801,-1.551568529648606,-3.0660786026845166,-2.321140077263116,0.9227073232663323,0.7119938224834162,1.208392481443689,1.067700805691494,0.3608875553275972,-0.6224580734645319,0.7082923069135477,0.32985438588736915,1.202164783431985,0.548905791629481,-0.2855691014448171,1.9798875876843478,0.03617695025189784,0.6212425290446117
2020,7,427,0.8804143805579884,0.6983811522241449,0.6347185506372716,0.6705634718301617,0.5783547775334026,0.615832230419229,0.6135018149059984,0.603930172328379,-0.2290167505806454,0.21072798596462602,0.7975178314533015,0.8682687065145526,0.7632450651621172,0.8323516278671373,2.535778392482423,1.479360437288492,0.49672057474704756,3.640637781343529,1.1472796237857437,1.1316656082233636,1.238750624112556,3.308690156636274,3.985244304837122,1.1089631278426895,1.0967674489469714,2.5483429722956705,2.095796768378105,1.8899166404860077,-1.9677201505421273,-3.1089336281443964,-2.493727125213654,-2.03908409228843,-1.852316869891594,-2.205340436946985,-2.0870617931559274,-1.4271060481313427,0.3345666387675495,-1.3401967694474608,-2.127626193015358,-2.072524604458558,-1.9123385605530403,-2.672468232540208,0.2665043101433542,-0.28897674007817337,-0.23034050547559853,1.5107929393955906,0.359934333817442,0.5566803803495399,0.13998394354392318,0.8829865316783,1.6540585091672695,2.6039908164249543,-0.05570802691721532,0.3558982552771002,0.4793638236479018,0.6801303948527433
2020,8,428,0.9989302834901524,0.556804120026396,0.7634615596791104,0.7785570055162914,0.535598732361845,0.7094235844082241,0.6719316180448878,0.7192133496134511,-0.012878931284939726,0.39295209476003495,0.7032863817439012,0.8649631491362051,0.4175595596454614,1.7695440351340335,1.6404095928791802,0.45271019216805103,0.6029949623279621,0.38888398659484696,0.47893140380053295,-1.9940463431459263,2.0957263701376148,2.864980790809196,6.904928623390244,3.8443246919689744,0.7460625128570085,2.3071633477911893,2.748745130555072,1.335333845417959,-1.8795407574018106,-2.4459612926630787,-1.9376251689942607,-2.153975302496447,-2.3516087258376865,-3.652043138833861,-1.807164699361749,-1.0500496960834282,-1.3779831599067727,-1.6835163636865491,-1.8774308429706381,-1.4266517408622743,-1.1456445934820874,-1.5739851143061343,0.30001439035236294,-1.0902412450565058,0.007562610818155194,-1.155797945457818,-0.0866095148630191,-2.064629214156911,1.1760391827609022,1.3762933431314535,3.666033643989245,2.3126010071879346,0.023599295190068086,0.007567381159289066,0.9364474204293473,-0.71952676500324
2020,9,429,0.8887774721069633,0.837439217135439,0.5780814406955291,0.9653831201397683,0.6511103002170016,0.14163415849450742,0.6585141595436328,0.7963578790464393,-0.2343872000061861,0.030405317029676873,1.146303774801348,0.4457690227111203,0.7011285795402362,0.6056879722544217,2.7277750904706703,1.5034424932404358,1.8259315840685968,2.3872805853955446,1.0758472863086397,-0.5599544504533713,1.3266133346540576,1.4395323514712366,0.7396320904046056,1.1774070281865385,1.178112079423456,3.5963481919988465,1.7965606056501158,-0.5934378064717784,-1.8431976607173957,-2.1216227945162314,-1.7006905439812905,-2.5454589625766695,-2.1066987686870284,-2.9495600676301885,-1.7993154050138542,-1.8608387633441228,-3.131779007775296,-3.153842878408602,-2.9961181795912863,-3.5488690195744397,-1.6855210277922115,-3.099646934310316,1.2284393210762046,0.07854451739012741,1.337327960022155,1.8277913493726616,0.12980947320856778,-0.1440454409006922,0.5988539393502902,-0.45906590470946607,-3.093614977243099,-0.3493939055215512,0.5469732866174848,1.519548972086252,0.9369160249533647,-0.4604405724266913
2020,10,430,0.7171020129357338,0.716602848734163,0.5317245011154432,0.9711062427845744,0.6883458729049886,0.40988711047221593,0.6987554423293298,0.6344583161869877,,0.8979975913905169,0.504295985429362,0.44515202330543047,0.8610589274528955,0.8616602145923125,2.6195819264196114,2.5379808752434823,1.1430654998759704,1.3622434731546533,0.6883316232367466,2.846584565765255,1.2799688668599898,2.9254564571794726,,0.918099134143714,1.3589551853330228,1.7883857259625218,2.428204929415747,-1.2244063149776252,-1.898818156386343,-1.4581484943944585,-1.743596971900924,-2.207190186065621,-2.1150376830803954,0.46153849048258944,-1.7732655437087184,-0.8915846573574219,,-0.5370175936438131,-2.704702067055472,-3.2465151190438992,-1.602768386270543,-1.4624136848182108,0.6074758449379349,0.8162841953726175,0.6910858252109524,0.03009645277168982,0.00962771545456563,2.622280828969694,0.5739602858152365,1.09297502260868,,3.3482148385679946,-0.14441733085850586,-0.12349745391194483,1.0602274524222,0.272390911662583
2020,11,431,0.6113113690317501,0.6052791889396558,0.7696248667668315,0.8476779972112398,0.7386400825351925,1.4568405292360644,0.8244500304636918,0.9284136127281093,0.5309987556634255,1.1292390168166873,0.9139569171687768,0.3169430730328593,0.5256386145429883,0.8994217638207342,2.825719953712984,0.8625862945371344,0.6392629580951232,1.4238587628524155,1.5573495586212212,0.4696360923634182,1.5947960485733084,1.7802930706414801,2.796662622415013,2.2662308435308964,0.7217793002665427,2.3908187630755218,1.3029991340518525,0.4110381982436079,-1.6584049734874042,-2.47041472894242,-1.4857597192417833,-1.5995046179255226,-1.3960999522933568,-1.9527082626759555,-1.1085534468180527,-1.539872842092545,0.27435019154395784,-1.97890079941163,-2.426825672651279,-3.4309957685876915,-1.347155977423847,-1.3071216511191783,0.8363446044249851,-1.279239357507343,0.3405426522610009,0.6349154155502563,1.2174150244576447,-0.5191227201106645,1.1296827373804796,0.05349141363235382,2.9339210389614414,0.5245832390421343,-1.1258588634871511,0.37059249603762917,0.7050147282728495,0.4365020828892999
2020,12,432,0.6241600979948857,0.7175689172612069,0.5403707144289244,0.6252679123688784,0.5902221336424864,0.3016823145091504,0.5807034543648695,0.6935059984798728,0.6227057377521582,-0.0800933276750971,0.8504638315642236,0.27103277866982356,0.527866399748577,0.7729358029353712,2.3185906389837143,-0.19837273540182715,0.7619408013283102,2.463878748541223,0.8589233761351878,1.3723839833637992,1.3982041241876662,0.8727269045414586,2.392846295498631,3.1641402818573727,1.1388880841264302,3.0261039652176676,2.0971454058188406,1.008769222513068,-1.6868832390536106,-2.509549476723764,-1.8909103562639475,-1.7397293519429524,-1.420866979409647,-2.6041840079665453,-2.0500423207791356,-1.691603563841482,-0.2518658674161622,-0.5673236270842301,-2.6811339135293064,-2.544084110031157,-1.8261558350975926,-1.1741788153911876,0.5007673714112075,-0.38356825813675044,0.34991312211013,1.1470948422892757,0.3363876145679411,0.6168398821911393,0.8319824265912215,0.09212890340326758,1.861454709443057,2.056023530048202,-0.22613985670113396,0.4114035483912967,0.9521025437644914,0.8813040770534006
2021,1,433,0.7093626216138401,0.7696442639798349,0.6111773835339523,0.40373547348290967,0.6995373419423431,0.8431128063258078,0.9094343294668673,0.8151266110168931,0.29767361054335584,0.668083006939525,0.6963684230913706,0.6072182230721498,0.5002634513737946,1.6913904596784168,1.8618440515864596,0.9992950264258497,2.403894996269022,2.831309827857404,1.40316838682674,1.7345669299382764,1.429946055437795,2.233727998976541,1.4055929443183448,1.435545961831042,1.7915313328293907,3.2169454759067335,3.204110691841534,2.0689235115579603,-1.6431275712944466,-2.460693565520175,-1.0856229180931478,-0.8199893838401687,-1.72193997762137,-2.5557501925066974,-1.656838021051151,-1.2795289490453532,-1.6955614362133882,-1.8991204257054406,-2.117621417417665,-1.135906526462813,-1.1395226219042633,0.3456105032880087,0.478185838193508,-0.03907247809290239,1.7876428768854167,2.651415834693208,0.454423954123876,2.182252203263399,0.9144386199129294,1.3765674657666596,1.77573975704303,0.5221262883777967,0.14762145135538768,0.8066036496710038,1.0585915751040234,0.42777346398980765
2021,2,434,0.6610763777223975,0.5675800329533647,0.5275577696400132,0.5164300426404096,0.7169496665634963,0.8620200333875524,0.8533787981982277,0.8247728572738181,0.31616822370113334,2.4026552101010763,0.7419866407334044,0.40994092925593917,0.6304636500628715,0.8609053766293954,2.289798139249342,1.5066145449464887,0.4613552459955852,2.262469191470342,0.6859142783872937,1.7532140568547423,2.090327477017394,1.691257754651249,2.03302482921577,5.979379779030295,1.6565694218971172,1.0042907739857683,1.2695157973804572,1.2381488343555498,-1.4187009998780344,-2.399006157785093,-2.202504599701299,-0.6522399285618503,-1.7127947184792458,-1.6927456595050152,-1.41997261950981,-1.7536605850464095,-1.2376856974057648,-0.8608993750976747,-2.248323743940252,-2.8292732678317516,-2.600849025070785,-1.783240368955397,0.5742052630258229,-0.12288514693035009,-0.25655706250974614,0.8936617280664649,-0.22320412633022874,0.4154186828148418,0.39283076972833564,-0.11329508916400692,1.3818186610191652,1.3748098807361835,-0.13051423431688397,-0.027948401219178808,-0.49023135985987176,-0.512646126315473
2021,3,435,0.8024836887788821,0.6479506888892304,0.6427703011746906,0.5258142388660418,0.6540578450637171,0.9698006652939448,0.6528860670554628,0.538120567319436,0.5679768406769601,0.09200043567061153,0.5682120400433501,0.45232545705801697,0.499214864991817,0.3638641157896847,1.9167862461640648,1.1592030080985756,1.1033978134016418,1.943658042295739,1.3763285048447655,0.26418817076276624,2.31635438157144,0.9763477086508605,1.9460047589201743,3.484166672149648,1.1072815283770454,1.4344436351859464,1.9462827439859853,2.5625807696242853,-1.7357862876065304,-2.6605960390793233,-2.3529982687650226,-1.3246597020548947,-1.3854567353605969,-1.883400470343922,-1.6778029958347058,-2.0508933034107213,-0.4482483293944997,-1.611032432294093,-2.943958959618697,-1.6825019580525786,-2.327119163314598,-2.9246851004630914,0.5274889424553506,-0.2939915713794397,-0.06918288096624797,1.5135265497146269,0.7909509886470825,0.4608848692379024,0.8509740341049049,-0.5300503911093767,2.6743270555829213,2.3755214501073296,-0.37269226506505904,-1.0002385307278165,0.9036337982419044,0.0807617579281357
2021,4,436,0.9624830300682511,0.5723946324441916,1.0447168685530195,0.3894061576923985,0.6293054102682512,0.7613498150495103,0.7278385776261473,0.6792935715098276,0.0956590328637437,0.9416089487378323,0.5370019300083928,0.6257171325502742,0.7168417882698833,0.9728685673771892,1.8900505764781703,2.632577385189157,0.44214315678901883,3.8009088289168647,1.130019219226163,1.6166036843377278,1.3756300847615035,3.155446439655508,1.4505397712778492,2.62577529284343,3.028098413428268,2.1417189536503627,0.7332901333370379,2.0486053101275132,-1.7942902559216505,-1.1999792415628128,-1.932274859089301,-1.1928998405408089,-1.5768149004275573,-0.7704965931682076,-1.8941529180624064,-1.4321211711017465,-2.2485495344237214,-1.9674258851039717,-1.559124436344732,-1.4874939488857752,-2.981419625780341,-2.454949345097967,-0.03258976509717295,1.762099892488931,-0.13979071131603077,2.2080608720932147,-0.03464905672572441,1.213439505124471,0.39923520476644886,0.6649402915288203,0.6008308983822099,-0.21760442411756442,0.07755462495496696,0.8363765604886516,0.46815709577210746,1.6468437219041703
2021,5,437,0.6870625576832956,0.7793617799183462,0.6077504341171855,0.613352096570041,0.6676953673256255,0.8035886175802436,0.6948684970429738,0.8469252538319316,0.6931426235166799,1.3691429806747868,0.6061973893446799,0.5780285375864112,0.4617562436734213,,2.5771990132130753,2.692804179780517,1.5080280132572552,0.9159894080606351,1.3160572894912692,1.7492556866333204,2.10920560869418,2.3839546984141866,3.1917130408918415,2.0684282948611856,2.5519134547680533,1.3012717224307584,1.079670062754643,,-1.1529860285267395,-2.2357952307823505,-1.853422113434715,-2.285683407735193,-1.5158528619317364,-1.1088185202633367,-1.6388544001947067,-1.237695739400241,-1.4319005034595311,-0.907576376468967,-2.009024422965494,-2.7931533836309006,-2.187532711030692,,1.4418313454927705,0.6471436082319928,0.182475280853465,0.7878799527150672,0.5740420852818975,1.6008985470517794,1.134166906952236,0.7534824997792983,2.0128012541057276,0.6820424682267328,0.6036377658348333,-0.3582943635597868,0.35185559986431,
2021,6,438,0.8967580879435063,0.871445609091776,0.6114881495571995,0.4916070224891173,0.607619450641232,0.6546924772812267,0.7878724267386071,0.7713867755949959,0.7884719957170169,0.3952820544551456,0.7611139249749513,0.7261377909521102,0.8329041316920501,0.23488047212470223,1.76622211245105,1.017483169818539,1.3865876942167574,2.5572795302186995,0.8334704548333741,4.079760578388002,1.8498986225791691,2.255275689698979,3.941729222408071,0.5382808358251785,1.062370714787047,1.6385285547071335,-0.5615476315194265,0.5353185882628904,-1.962660835698783,-2.9824339322084623,-2.0738158481876336,-1.180584058657102,-1.9982357312288852,-1.416693939937649,-1.7126394438000312,-2.2793530527750097,-0.3969871833355448,-2.11472655781489,-2.734582950530907,-2.619497631185251,-3.4467494400341496,-1.9312233294301075,0.38266669056165625,-0.10986735375014886,0.8602349615479702,0.6668210734728675,0.342195559311222,1.173475780981477,1.125981993753282,0.3182548095993256,3.4361132364917464,1.2720946610989148,-0.35436735363593463,-0.04013611854327116,-1.6805853309046312,1.5628738271788247
2021,7,439,0.7533068361816558,0.8561737708946605,0.6955797393899061,0.8316890231611672,0.7780481912880636,1.2695466417235117,0.8144445894553506,0.7048380098703758,0.2515092320246879,0.2595893712088117,0.8682100138325207,0.877021971679699,0.9704020129215645,0.027741259081753816,1.3103471090086851,2.3713313905773927,0.029613439473519278,1.3830830285819147,0.8254496289160204,1.3457997631195744,2.178685867515224,2.4218828734559077,4.600960851694027,4.689173905630673,0.9167231564777656,0.9054619419758289,2.2639629631347837,4.807571918518208,-2.206424117440965,-2.453296854052459,-2.2397988540095146,-2.151712874794189,-1.8381070824010648,-0.5696361139878834,-1.6779796993784661,-1.9399405321229504,-0.3619957168796415,-1.7229864225506948,-3.3543514045665654,-2.837822346951891,-1.9850335720677326,0.16091598792210343,-0.19514868040842828,-0.30023577183305644,-0.7333675935958335,0.30206454459133053,0.4227334486179518,3.039997801280457,0.4275863565501378,0.12598969654648168,2.9836487460955325,-0.9425782625113812,-0.4490206231578471,1.5108027101823502,-0.40051202303114436,2.7400113899018397
2021,8,440,0.8150874948534135,0.8590223781186168,0.6306732205681618,0.4029147286654589,0.61698173484078,0.3657972777497242,0.8015285319505574,0.6266389233397781,0.5801331556506389,0.49456066713784463,0.5370650979753973,0.6465446179735984,0.29281920317041393,0.04849911138376188,1.946989895795408,1.644276580244889,1.1529865198493803,2.320043763796053,1.2859047286900978,0.8797086940355633,2.032495927853076,2.3860559469702536,3.4233915790862017,3.4029545415341635,0.8761733628645079,2.969330089268702,2.104152683659083,5.66013826189545,-1.8943650737150286,-2.7239438934303077,-1.8705381168692599,-2.8433431791326083,-1.5619181811612584,-3.169340322824063,-2.041875235923046,-1.4763008331378735,-1.0916165846005221,-0.1103960897080088,-2.9786110616367703,-2.57054326144882,-2.086722989662234,1.1066147704458604,0.5624964313764437,-0.04451909149377301,-0.14752167963331195,0.03378872852857018,0.7041994128528258,-0.9172906815030962,0.3049327170627652,0.5794009603245972,2.2214261043752983,3.021782808380627,-0.8327601417042095,0.9823452899882571,-0.2636272790989934,2.6210517633116104
2021,9,441,0.775896439984785,1.0600454920044056,0.6271484285386393,1.0325495540391918,0.7294202182718256,0.49741785731351124,0.8921224643522947,0.7383301566372292,0.605252069137806,0.7564640240474609,0.6988638112042462,0.357003010458568,0.6214416859731097,0.2731033618562758,2.060135676447522,2.006501445546863,0.8029304702007323,0.9041154365073552,0.9645097044092334,-0.26641831476297545,1.8860512513019076,1.968223577081326,2.1608645799385284,3.570173072100441,2.405294843360493,0.3674698452925312,1.3802424318217668,-2.9666085509668205,-1.8549861311975455,-3.1243085607343,-1.9801052609269603,-2.9372300343794913,-1.6004308888157288,-2.540310441167597,-2.0013493712162362,-1.6847409277649417,0.4461691462941114,-0.7038557663608903,-2.138640026231143,-3.053784284401345,-2.1574759189419477,-3.021391358102443,0.7976413745298327,-0.7372304175905627,0.10100134196805474,-0.8343787339552415,0.5534698681813236,-0.005351664482584608,0.12411621321549239,0.4544813257542023,1.418265815536891,1.4154258965535287,0.13794683077398395,0.11614702459328469,-0.6442461397057768,-4.613295779073866
2021,10,442,0.8115813982596447,0.6710863733485778,0.4085596868967605,0.7011359837186568,0.6326052534476548,0.8690233046165049,0.8268233777514585,0.9086699814533904,0.4307281274575736,0.27684294378680663,0.5844362285575285,0.681015539396022,0.8655455989213754,1.129253995466948,2.5451956247340957,2.0511246419054157,1.5541863389390354,2.626087527755396,1.0615899439687377,-0.6142956083312124,1.8778659881801136,2.9921588015884963,2.613032370545086,2.462788470655716,2.8525315773627025,2.9946226412700376,2.060452856792246,1.3924233774849948,-1.2958169963541513,-3.0522989353948793,-1.818118102264858,-2.3426579194363066,-2.018381124586964,-1.9908251299374784,-1.7065659765405674,-1.392042708370162,-1.8859996781772648,-2.0874134864357945,-1.9582091276077607,-2.8296293529232313,-1.5267159974692746,-2.1083803196985462,0.7901857281996053,-0.5553458046028912,0.5987300388275782,0.9200579567620287,0.1187370380899963,-1.2823420833365817,0.6280315491818356,0.9511727147712772,1.4687760601456754,1.7420910753743857,0.32945414183224636,-0.13561800838541904,0.9010764895277041,1.0523454955315368
2021,11,443,0.8833332305949971,0.6330919597584447,0.5105764656785471,0.8577167835038808,0.7499672137683985,0.5313911337638709,0.6286029700328896,0.5403032691042119,0.4723753205624198,0.5296954758933291,0.5612790622734655,0.9692731873622905,0.3625179090559664,0.9015540448783599,2.6896135139053783,1.0340826048783365,1.5426245746491687,-1.5773417233714473,0.9825248922568127,1.089664805924821,1.9631802438832544,1.8656089624517007,1.8664193788225019,1.7773105227550132,2.288300065159484,2.9822531125220055,1.9323701993136264,1.8675067313803129,-1.3044679643710122,-2.899516611119254,-1.6994372787032428,-2.019881098013996,-1.6363693679449847,-1.93417046714926,-1.7795514171024964,-1.4165843466666481,-0.9577188627739145,-3.556444693137387,-2.0921169981580996,-2.1954398022181216,-1.8087900901095637,-2.237810413306318,1.1157267345175648,-1.251180883726454,0.33008275568143886,-1.560829421579137,0.38413682578897496,0.7621891943186089,0.6489694571038723,0.706745342665438,0.3779937193079683,0.7959574615080932,-0.1680192243319053,1.3602479726698595,1.0975970310830274,0.06785840616593901
2021,12,444,0.8964152939317729,0.6283258319821462,0.8051853151170434,0.5539962764091416,0.7261445485595424,0.7345853200918145,0.6142738581992495,0.675741391456379,0.4746519052941513,0.5358701135187436,0.5388131094377694,0.8271999370551895,0.6798089856625514,1.1275760898512852,1.7008920018636993,0.5627302388560458,0.4380400283317833,1.5103306481581937,1.2004568069707227,-0.7108714796266034,2.202599281397451,2.2404227731546515,0.8248031466501542,2.8118179239872365,2.3652966768481223,1.392816417917005,1.8593007752745043,1.4845765197607068,-1.8817718301774509,-3.3829152500131148,-2.4284770881866304,-2.5716641425010986,-2.2817787567565837,-0.672549670497281,-1.5500361854450688,-1.4268682808223148,-2.4779158296479085,-0.35699288602658763,-2.743003973331943,-2.845054450410915,-1.8366001078508556,-2.5407032293452203,0.09691734324728063,-1.9777822372674558,0.06359845815762795,-0.04598332134727445,1.1362200719583677,0.06136689193397071,0.9826380349824005,0.18839696165889444,1.5077605490977264,2.660396233631977,-0.2801247076661152,-0.8533924633467604,0.6890287291730536,0.7333928880705767
