Year,Month,YM,Uncertainty_DominantDistinctArea1,Uncertainty_DominantDistinctArea2,Uncertainty_DominantDistinctArea3,Uncertainty_DominantDistinctArea4,Uncertainty_DominantDistinctArea5,Uncertainty_DominantDistinctArea6,Uncertainty_DominantDistinctArea7,Uncertainty_DominantDistinctArea8,Uncertainty_DominantDistinctArea9,Uncertainty_DominantDistinctArea10,Uncertainty_DominantDistinctArea11,Uncertainty_DominantDistinctArea12,Uncertainty_DominantDistinctArea13,Uncertainty_DominantDistinctArea14,GI_DominantDistinctArea1,GI_DominantDistinctArea2,GI_DominantDistinctArea3,GI_DominantDistinctArea4,GI_DominantDistinctArea5,GI_DominantDistinctArea6,GI_DominantDistinctArea7,GI_DominantDistinctArea8,GI_DominantDistinctArea9,GI_DominantDistinctArea10,GI_DominantDistinctArea11,GI_DominantDistinctArea12,GI_DominantDistinctArea13,GI_DominantDistinctArea14,LM_DominantDistinctArea1,LM_DominantDistinctArea2,LM_DominantDistinctArea3,LM_DominantDistinctArea4,LM_DominantDistinctArea5,LM_DominantDistinctArea6,LM_DominantDistinctArea7,LM_DominantDistinctArea8,LM_DominantDistinctArea9,LM_DominantDistinctArea10,LM_DominantDistinctArea11,LM_DominantDistinctArea12,LM_DominantDistinctArea13,LM_DominantDistinctArea14,LSD_DominantDistinctArea1,LSD_DominantDistinctArea2,LSD_DominantDistinctArea3,LSD_DominantDistinctArea4,LSD_DominantDistinctArea5,LSD_DominantDistinctArea6,LSD_DominantDistinctArea7,LSD_DominantDistinctArea8,LSD_DominantDistinctArea9,LSD_DominantDistinctArea10,LSD_DominantDistinctArea11,LSD_DominantDistinctArea12,LSD_DominantDistinctArea13,LSD_DominantDistinctArea14
1985,1,1,0.8844837026619479,0.605347946733998,0.3861768238885345,1.0643309181949345,0.6186402964445501,0.8724465019057686,0.6923290427396148,0.47171112209394506,-0.08784250001045903,0.14794075877678928,0.7306228169245829,0.24059827594176886,0.45295353237185615,0.3663908464659461,1.6442387957999447,-0.5331705519218906,1.022583489097945,1.088887333994871,-1.1670595765999119,0.7731521409662913,2.1759352620546277,2.6774422955498367,1.522028968553854,2.213629470575829,2.604503019610607,1.224823148055853,1.164764210290579,6.035029290977516,-2.136797655430782,-3.32283023259453,-1.9738282131883842,-1.6951558318034072,-3.487420260891989,-2.437917441251968,-0.9971416824931719,-1.6990879792637466,-1.2770135891061876,-2.549961634573808,-0.35242937877952196,-2.6681147838739068,-2.543708542155075,-0.7003722996720078,0.3684028050510515,-1.3352793726434637,0.34276300733063164,0.46391993858473257,-1.3946186401411242,-0.19130729488917844,0.8005295428267313,0.8859736168502367,0.4740389968975675,0.8563106289490794,1.3905696249190962,0.6399586461296275,-0.695218884247824,1.2767046492010417
1985,2,2,0.59173761767005,0.4536507149441706,0.594688620987576,0.6223824012451944,0.7655469452748707,0.35547498939464345,0.6714898929886073,0.8142639374291532,0.7625313566442045,0.23119408056266355,0.23906998123275713,0.6564404893704248,0.3346136605291533,0.5968803430773472,1.4545985801444308,1.6733195519300357,0.6384369082398477,1.1240842712342412,-0.14694501786856828,-0.38502403000910074,1.566891011987098,3.1230574753665485,3.216339317144931,2.2761943816831263,1.3047667614093206,5.446613825872459,2.3583273806007643,-0.046639548471338735,-2.2414299434121094,-1.9818428181716288,-1.5733358494308145,-1.901511122542904,-2.8656799482648974,-3.1344862115416947,-1.9475684576800476,-1.9168312709184623,-2.1788623933006517,-3.5733256777409337,-1.5109071763967592,-3.7530640148359122,-1.6659436587503158,0.06897668951405908,0.27462080413430645,1.0443349548736556,0.16016130262958878,-0.16538145006667326,-1.510509361656624,-1.523227621631265,0.5285499335807149,0.9080376257628097,1.0544143384606999,2.272855704712886,0.2855082361962832,0.9543025169263557,1.0212401537765492,3.153425457501843
1985,3,3,0.8606837020750903,0.7516656127205849,0.47446719949430954,0.5473427450596542,0.6145696822336876,0.6287571075038136,0.5337679387201291,0.5881113246430829,0.8497178887721499,0.053494316443469164,0.7735802315626698,0.6618694852680735,0.5837454014483882,1.2837375893550849,1.9696199964493326,-0.38451909891770086,-0.3222955815122986,-0.7542752311716777,0.14099091697150443,-0.6339626741146416,0.7972635491250286,1.760813034989478,-1.5566272168433706,-3.6606733116510712,1.4223883522608138,2.449346336307819,2.356397928628312,5.60852003824264,-2.7487180336252166,-3.838531603188757,-1.8400734392065263,-4.381175718896882,-2.3984818510113155,-3.1936561781080246,-2.246527035007056,-2.2006610353147638,-3.51939362504187,-3.6452382326128725,-1.4909072465454432,-4.485453981566945,-1.7578430273131032,1.7793810655245397,0.34482728997108264,-2.257015865836445,-0.46348218070086555,-0.6373915674369134,-1.196011204557231,-1.459736947868374,0.042313424452193854,-0.3809701246619778,-1.9174805596482245,-2.357913465628092,0.5849671265221116,-2.1806609309011873,0.7646526683998027,4.84070760117042
1985,4,4,0.774086286765946,0.5838681105470261,0.6685565554555118,0.7314384389399163,0.6742009488687625,0.9390088764237728,0.6337318813387954,0.6825706189301541,0.30061113717071763,0.4862342023219574,0.5140807498602273,-0.1488014825441289,0.6807044350796919,0.09936790507734704,1.8857909301873454,0.6644809019517456,0.6949551909122899,1.0035218222440467,-0.48035566259824763,0.32631143793993655,1.7892487030706457,1.545297783397777,2.0665531633996475,4.063983240978688,1.8946496699105355,5.214458257200653,2.7303966659976378,0.1619946995286488,-1.841552708675227,-2.6291695791103686,-2.3079654230483855,-2.400923252848278,-2.320824493554464,-2.514094411833879,-1.8382052273528666,-1.7949797556453344,-1.6250540876807327,0.5929267049283616,-1.0443794783448384,0.406259538923371,-1.460549073876658,-0.7053383929859468,-0.17721237399237194,-0.17055663481735345,0.154920145318744,0.384814602999275,-0.8873293768008877,-0.2775232396749054,0.20435430222111325,-0.06055444372251815,1.22405855900379,2.1015997630610075,0.9302333241088794,3.572587464580048,-0.03690384483407965,-0.939571244998168
1985,5,5,0.6990341979282787,0.8495847446015956,0.5054473352542018,0.43900678826384837,0.746935626380719,0.4973771932653811,0.684749997287055,0.6987148688437932,0.18950426993663438,0.4752037885826025,0.8512240152440999,0.577738516867788,0.6178489087548394,,1.4834790113332488,0.37047599957324573,1.2114548670028409,1.0008007010972098,0.3821854907986526,0.2315832949103442,2.3906837571190813,2.1197391959406007,1.985966512294685,1.2686156160116975,1.5327439526164868,3.5968551058298885,2.5059233507978114,,-1.7882170096463303,-2.629089155042381,-1.7944147855515,-2.3060837981850004,-2.328649579119054,-2.838579964756904,-1.3879810323569273,-1.2662389166007955,-1.280895203625303,-0.7193253379596518,-1.726059502155543,-1.3907013266652248,-1.1128358544233283,,0.3237088364334616,-1.0111349582478413,0.7037993402140741,0.5115452459543429,-0.5329573837233557,-0.6233897115011985,0.8443207840344829,0.5813761503277523,-0.18832701558553264,0.24577250227892994,0.5436509828973151,1.401305814023019,0.7823425535415116,
1985,6,6,0.7839098430636133,0.5149634674864201,0.5859199946187549,0.4844186296412833,0.772674563212653,0.7110204231079625,0.6951762798683236,0.916823344345891,0.4590931481318628,1.2092737144970132,0.6051437616377245,0.12778817146362917,0.6488247059050469,0.6694094687713643,0.922421538937061,1.9220692015488183,0.2691844971290642,0.446455590644473,-0.0700971131914898,0.3258792262554273,2.3761734265533745,1.7641783121148877,-0.502573900046596,1.6160497242149297,0.7236746416703869,-0.0031838683597422562,1.6643571992776356,-0.2519627579050689,-2.412831702012668,-1.5667529778446274,-1.921319683863259,-1.7079036113208794,-2.595666291913587,-2.6398758015008545,-1.541168156472362,-1.8634752956496017,-2.3468338289860653,-2.4652278709675546,-1.0824117752204192,-3.9433486346335886,-1.98784019516222,-2.135284349770259,-0.7687017874953721,0.45762769088490735,0.3373279065547784,-0.1474205528130953,-1.4374880335935771,-0.7236949723854473,1.1031729307670215,0.4855959958211479,-0.9646948802807838,1.2420167428773328,0.8585877564022104,0.14108626412350495,0.3660557327252255,1.5144741644663364
1985,7,7,0.6201511929905068,0.7593301521201663,0.6116379677832784,0.43625743695291613,0.8100091810261671,0.8814226672705281,0.5771753840065916,0.5389073141892033,-0.11653858144697149,-0.06822648921866831,0.5184513582870505,0.6045942950336041,0.5141723809286676,0.7565757214098803,2.437307569489793,-0.1768117572203673,0.12286022154957438,1.956683006353086,0.2113761842309687,0.18788418073598484,1.2351066447078671,1.9802997370218933,6.042677391640442,1.16410362834158,1.659698139131661,0.8932305136869918,1.8647850838654525,3.1039190051816385,-1.4256886535657407,-3.826146708346854,-1.7029217463695465,-2.2268288121586735,-2.5874155357388315,-2.2118123433744588,-2.1279509001519887,-1.618118003609543,0.7697415196712636,-3.548744753370455,-1.3568441892377314,-2.645311180180879,-1.7008181811886947,-0.9275331685511815,0.10452514566172975,-1.5860225397185386,0.17094229506828335,1.371585311600311,-1.1774674362101654,-0.7181845524385215,-0.12616770581779896,0.45204126257947214,2.0643384669409444,-2.945416621643546,0.38286638058850686,1.272189912935698,0.5979842465733364,2.199231587963406
1985,8,8,0.7059262624129179,0.4686641140448716,0.675681878652203,0.7074500264788834,0.6563977824060782,0.3975330178807053,0.6772119976647788,1.0399204728363494,0.4014927925282483,-0.16168729613834465,0.3543625888158215,0.8779802112279326,0.6737582150182843,0.5913589817722945,1.7983150498477924,-0.2190246287878539,1.2332497736831414,0.21487357639754545,-0.27921037091138107,-2.23835565623948,2.2037546227691833,3.0437013063790492,1.2532190890120833,-1.377668970359443,-0.42837129286360953,0.8413561126003316,1.1859976005972084,1.594606081834331,-2.8038351532698185,-4.217408189946176,-2.332774984827176,-2.62391906220872,-2.990498290896509,-3.986664512862791,-1.6895858706100875,-1.4158275648777567,-0.3417807915467915,-4.888626017902511,-3.00985890529091,-1.9397273735383054,-2.17287778212441,-0.9619737733226832,-1.0835632827811317,-1.6592572374262546,0.47075310724674385,-0.688504372387703,-0.9743318518477998,-2.2366335592707562,0.8802689303304013,0.964943355946697,2.0224507462147137,-4.658820456885451,-0.9774017187527559,-0.31688087120996267,-0.45831824537064414,2.0430414300551267
1985,9,9,0.6549343255176475,0.7441541106009889,0.5954973927298779,0.6454004805188613,0.6784490947603068,0.8979669279419019,0.9484963412960977,0.5032125502713793,0.8163995564634976,1.3888888889999915,0.4489516940238302,0.4360553181328876,0.9565503961316669,0.6816352591247052,0.8200517907707217,-1.8032006211990068,0.040648746324087555,0.19707137536888739,0.39046639380720993,-0.4346151685902592,2.3755914988502016,1.9446250309636761,1.7082345099782055,5.555555555999999,0.23159689403177552,0.883728925453457,1.9850608676328503,4.145660433596212,-2.3268890324993454,-3.423320612655335,-1.777914676811961,-2.553422826510932,-2.7031056784173413,-2.8661951634737846,-1.552077664107205,-1.3213560519365501,-2.0495506090896334,1.388888888999981,-0.47868467454220603,-3.579353743819252,-1.8529503446402964,-0.6660115060967745,0.024815497741451246,-2.4238673420972034,-0.03711275622872965,0.2646372033340706,-0.55987912661289,-1.1365803918387345,0.9585544068709098,0.5626082014617602,0.8326774295337779,2.777777777999981,0.048221504723375753,-0.8511413826953472,0.63946899244996,3.2159663368454785
1985,10,10,0.8344115837531084,1.3206205861537987,0.7037825359536203,0.9217413310861068,0.7488976405368885,0.9751134588438481,0.6870561487964838,0.6710552071331187,0.4735725879164812,0.3551714322411016,0.8927286471872004,1.1137267598574245,0.635319800911866,0.6591337068365931,1.302649528877407,-0.8714954677474054,0.6744299903132744,-0.3248867332687358,-0.855351261529291,0.11265851466175038,2.160510095204544,2.7387656781783583,2.057636065278813,1.4666330177603857,0.13434882101993686,1.4695628665296625,0.8964678272273939,-1.707163535233344,-2.2245148077776182,-2.99527122171367,-1.873026314432305,-2.3101666280018787,-2.7114968061080083,-2.5831666762364853,-1.2077966731594463,-1.3435753936564931,-0.41318915398335765,0.6051838920650017,-2.021706982684275,-2.5900854176713866,-2.413083710881996,-0.5643628571491275,-0.18559539927278237,-0.9581437544156074,1.061849240447639,-0.1408535526783943,-0.944309421549516,-0.26548028194623985,0.9159252323155388,0.8562275905264909,1.2640983285063105,3.532083656409713,0.02608262785455201,-0.9598458847280753,-0.14519604795459434,1.4478952813913486
1985,11,11,0.8709570189601425,0.5631154331192377,0.681015859278596,1.0757944645308888,0.8195808435640412,0.5488454456034557,0.8281390693371251,0.7822717921418988,-0.06041596850432873,0.4865230829621608,0.9207276372913753,0.26779590774346507,0.7488826680738248,0.03328951089810081,2.160501538441169,-0.3567171408798644,-0.14575094312383519,1.0055673376898473,0.20067334463123826,-1.1305923617607048,1.613522884815469,0.9372043832698108,2.2340215289220713,2.021739415661866,0.473531314834988,0.7879999134795225,1.6216436653771251,4.86989005522185,-2.123178015955782,-3.111585373607388,-1.7905263382950407,-2.4008385341785594,-3.019673802712096,-3.02732993304427,-1.740227329815313,-2.4739697288737656,-1.0517259737735545,-1.9598950160717319,-0.5235630117759175,-2.2602668226522526,-2.258465732956351,-2.4909951020934935,0.19082205576146535,-1.42460851477282,-0.39902023988486973,-0.7748849530784497,-1.2146755598254981,-0.7577992504800173,0.5115797788336294,-0.36032885372662216,3.132412430517635,2.1018224344137346,0.008626482763369185,-0.0961697136230767,0.10203100726706685,0.06087700188219699
1985,12,12,1.10406863219065,0.6008789463683141,0.7410134153986998,0.65871478141644,0.6159097471239602,0.5200893959481407,0.7480263274095346,0.6324140051622726,0.6161106472866001,0.21647319826784392,0.6981508412784965,1.418319776471399,0.3911123964352641,0.5457452844490519,0.697296876571601,2.559983808642627,-0.623513251905085,-0.28265977218229255,-0.3812426116954718,0.7189271207572997,1.8341914414781861,1.9864532849753231,1.5852282626880507,3.4763350007359484,3.376765750011145,3.4292659410798465,3.3581037936688567,-0.9019958093890622,-2.115818087950241,-1.4806177658542814,-2.443731894233437,-2.3471702554967147,-2.6756468922734222,-2.4950675913694282,-1.8127011089724447,-1.6723433313567087,-1.8774324501549813,-0.8662493998586732,-1.3868024179126293,-0.7045495211905662,-1.1854562917543843,-1.4980228035467313,-0.976714474218574,0.6871972459202179,-0.9727470604483603,-1.113901095909338,-0.7751750595048446,0.7123394933930248,0.47823197686861785,0.6217676168600619,1.647305620278533,-0.19134649827746322,1.7582908870346294,5.725718602666944,2.594062943111262,-1.4185754475588856
1986,1,13,0.6605457339865459,0.927378387633714,0.6230883484863478,0.7274526626403152,0.4962911089747107,0.7136210017134954,0.671607620361218,0.8469275164908479,0.9143605976855983,1.8325894636830264,0.6297623222826301,0.3214532848289759,0.7239539204889478,,0.06758745852139277,-0.03734166869619571,-0.266603736653666,1.4135128426287846,-0.5555770304264678,-0.4379161559314819,1.577811883724851,2.882647892130328,-1.3418537974549838,0.3695988262350682,2.3889245813431277,3.6759201529863446,2.7864764335711247,,-2.898160857298062,-3.3911203544330926,-3.0799129697981003,-2.1887477661655574,-2.4326203315146793,-3.3910870682910135,-1.836785214796107,-1.447139201883207,-2.3946949335477146,-3.246816080322723,-0.539729420516401,-1.942706499768176,-1.954119328702071,,-1.0850402336111074,-1.5006885174836553,-1.127856601293294,-0.2176022602199303,-0.8539804755868589,-1.4630191866489133,0.34240007580703563,1.5901581689613593,0.6477822095111627,-2.8218461807469093,2.3904103737679203,1.0622947534179383,0.04600402191069956,
1986,2,14,0.7589420871135326,0.7503364140412384,0.5495789487701148,0.2269222815225155,0.7653233376986932,0.6483422113702547,0.809448458949711,0.6840094714096691,0.1380392760320016,0.2575228301606492,0.40056756357006196,0.35125792048693116,0.5949451320319826,0.4565687077910013,0.7566795478334477,0.48199355611594746,0.694975315814796,3.6516211158273335,1.1555459364997893,0.15734759608057658,1.4269960382838693,1.9670992941037502,1.2223685391487369,5.003095214597982,2.461351477101131,0.7730674119590141,1.355605419468043,-3.0771235079479746,-2.469042487958157,-3.244423319455559,-2.0086067785555413,-1.6734870755122087,-2.0279951047336295,-1.9233317752847827,-1.785845126464759,-1.8201379747871864,-1.2042431729309504,-0.9134229600640681,-0.8141560161114414,-2.2178970753045095,-1.67015774474929,-1.8283479820184978,-0.8801581617607339,-1.0981929250232714,-0.42378760135437,1.4129257012408698,-0.06926963143737454,0.007575497541113678,0.23797808042166185,0.6179594089744973,0.4220854580850254,-0.19851289348376155,0.9556396425177058,0.24625706375383183,0.31304376613729495,-1.2213065866679795
1986,3,15,0.713330718235875,0.5714528650857745,0.8035690382152967,0.5971973363930735,0.6428953421425092,0.8120146396969252,0.6833952944667853,0.5987299007931411,0.32803678846211587,-0.15327585690467826,1.2910136517284352,0.5978980074584767,0.4491151966912788,1.186238044905536,1.7976045366922948,0.8230391593480849,-0.1576707147643266,3.00330072551417,0.4756672012009987,-0.6183020868910041,0.5787674951369058,1.9477382105665784,1.5824517868122001,4.284541249321432,-1.852928863395073,2.997510973963108,1.7371051476009587,1.2973201960426701,-1.916592239697347,-2.7164750547227325,-1.8699106931773326,-1.2052199242145563,-2.325378897149502,-3.1327598566206767,-2.018898033800115,-1.4130133258801778,-2.272251965742391,-0.7120988561819819,-1.5844534554614962,-1.8897757341524628,-1.6274684127052754,-2.6055241252054726,0.40309934701877065,0.2608379893006427,0.2488340836026414,1.0759476474756102,-0.3234343928097413,-1.5342529347277714,-0.03278236533378256,1.020138414832197,0.6976491777921067,2.4830053629806805,-1.1219641655713646,0.6846893749263364,0.9457466802005114,0.0916063779999477
1986,4,16,0.5840189541288745,0.9988317535980712,0.737483468610499,0.7216957100636356,0.6407423900926864,1.0343827178675165,0.6989790994539695,0.5404543138788996,0.8338192934739359,-0.09346080691967702,0.7127273816272428,1.0059729401605666,0.5519707659654288,1.1392448072380015,1.7055782665378,-0.18617877855221476,0.8781106265744418,0.5961343249555779,0.3161546924792392,-0.463865264829996,2.3800211361686707,1.9256154898317333,2.242524885826785,3.099646574299,1.83759847949321,-5.505306092170058,1.6162523387590693,3.8687261452833885,-1.5800976630229073,-2.2599732592757946,-2.0828689002888816,-1.9917491883065608,-2.304657717279798,-2.6903321204888546,-1.1834415488361907,-1.5558237623175284,-1.2384300799770598,-0.910345752782026,-1.862438172789689,-3.4977214041145612,-1.8135430802506594,1.144287091901569,0.526664857544384,-1.1327112750752848,-0.10846559735518468,0.987422563253568,-0.37105286955207095,-1.2592899097039956,1.6046767654083773,0.15724381204397606,1.138728585949141,2.2880012442581323,0.5122210221957689,-0.42350307676487237,1.405740260370601,1.0526593678271023
1986,5,17,0.8458186141175095,0.7489191492050945,0.8091990045327687,0.39847111243900196,1.0063944726147933,0.8008084072187431,0.6706051321304648,0.2792548780176035,1.3091200977727286,,0.19581502556191227,0.7469120905705189,0.5839978339349151,0.033289510898103856,0.9478083963251817,0.9794810826876356,0.18475282209842117,1.3463763776092987,-0.0012191229301402636,-1.031685112726699,1.9859079548770364,1.6430134312003777,3.3773796889475602,,1.4373838163815364,2.375987012358354,1.2350465853469936,2.8061491982218554,-2.4489629547301663,-1.706411225384644,-2.0845500504402206,-1.94806152161991,-2.723345458444094,-3.0139319577902075,-1.9936934628369158,-1.9719978811733567,-0.1758544446574745,,-1.9186317177453671,-2.7097405151761476,-2.554431586788001,-1.1848300030934813,-0.44911935257353036,-0.9783313868163189,-0.8189714233044796,1.9893655971933777,-1.3982563829293788,-1.1592612980606192,0.39654578508131233,-0.10584140684935289,3.78182127154856,,0.3571320750807676,0.7566486458538269,-0.5884324194899341,-0.9056851711177933
1986,6,18,0.6404359488272633,1.1124573315531516,0.5620349308952935,0.9706424964896113,0.6683011611219366,0.9972713918305406,0.7389898750958681,0.6566235904614167,0.10306255214095815,0.3399849448616543,0.338382005140876,0.8602769013062186,1.0051970851672485,0.34909252752164405,1.0460885736226753,-1.3282149751521009,0.45475257754763115,1.9145501596957675,0.685742963360568,0.3185485728158166,2.2302407059516063,1.7212576398310857,1.0525938486088844,-0.6556641833594165,1.2163273180762464,1.0093445586023735,0.8744626329655842,-1.5409433537469348,-2.636803019947151,-3.921391006796961,-1.5497206750690178,-1.2285051175809079,-2.499336016875208,-3.2138252491026584,-1.41084683470271,-2.243390590041156,-1.6130108254467752,-3.2457187349024967,-1.415877929452488,-3.1096931028514634,-2.0499836351601037,-2.0726111530789764,-0.3149390801331449,-2.104570664764228,0.09837885302687241,1.9421439633401851,-0.5667883160823807,-0.5065642103744936,0.6439584459597486,-0.07234715425984468,-1.9172456210109778,-3.372035755385413,0.5016963104764681,-1.4217325921425987,-0.3361354417074882,0.0652953918514177
1986,7,19,0.5614028080453577,0.6992102048927514,0.5204487075962292,0.7196528935691983,0.7480954146510989,0.7947933356408319,0.5231692144212634,0.5101239237093512,1.0355906707014315,1.2256934307677487,0.6991830698211211,1.6097740246541108,0.907043025009138,0.5137009213550852,1.428899364717335,-0.843997152113566,-0.7033358741890935,-0.5915120089470634,-0.3836843833870476,0.7291469790472184,1.895512377955266,3.2791824189864114,-1.6170223324014268,3.2340078623636557,1.0019501626138265,2.4023943525076565,1.4045926831536457,2.52837336524264,-2.247288713600396,-2.6868372875326108,-2.448759061332679,-3.3315037039846334,-2.5540647164852395,-2.6623504100802653,-1.6929170085039371,-1.3427274551607087,-1.8476095575027398,-2.681473255097682,-1.484783485362363,-2.9333750297978027,-2.0551829623776094,0.13977917952452917,-0.6652421449340742,-2.1960184828921077,-0.6741143186437291,-2.407633101606419,-1.2454537048625016,-0.9650244596418268,0.08824551900667499,1.2550520340301499,-0.9868241331464198,-0.05926546159715229,0.4576634344810096,-0.8392633150462067,-0.39090426802555234,0.7914671611704138
1986,8,20,0.8222694637272939,0.3759876256461709,0.6090470270211037,0.9389598083944952,0.4895586986148196,0.6500921868871304,0.6646998553664765,0.7600561205759239,0.11066298664095993,0.3399466643000744,0.9716464972437113,1.2677150542797329,0.6807677440961215,0.7514674385055401,1.958552388560497,1.29805504922695,-0.5148937472331907,2.042487872384334,0.20378636702390274,-0.4813781548353396,2.1986832314171307,1.841752618780771,5.050441876108885,7.77820077332879,1.837763803426135,2.469415695672076,0.9530220710325936,1.493114436442689,-1.7022259792823407,-2.0232868654073264,-2.4227837073573237,-2.1144967820151654,-2.4043056470683655,-3.5012821731078168,-1.1526531599899679,-1.874151699381518,-1.260806838446778,-1.200661250397055,-0.6522681779124269,-2.0741057678915524,-1.513396814088259,-0.7103137636054623,0.5851816559861249,0.36087562209558,-0.4694656598674571,0.7346498628509012,-0.7797503192089275,-1.1358868072718369,1.370797790051764,0.6688917277215644,6.0607666189890255,1.8445547239884168,1.8070272339024744,0.1766421161827828,0.15987024226915147,2.6160117515999546
1986,9,21,0.8128449742504478,0.6274508481919664,0.5327424657530367,0.8023041825375246,0.662964814145873,0.5497584606159841,0.6904114592110036,0.6678084095059514,0.5409027602263061,0.5205755820296775,0.6178827433196449,1.4574978776913476,0.6247263051585277,0.9481134024920035,0.9450388319483959,1.1739671570524333,0.17026893416251285,0.8482769656869011,1.0450187762429684,-0.6452794252224314,1.7048726109683678,1.9042498981372389,0.7338035157388088,1.996035830519886,2.6507857888808575,-2.567501404426331,2.3126874806261055,2.0506271871889377,-1.7762193040314829,-3.070098582439152,-2.351463779566249,-3.361571815715753,-2.203685456140064,-3.1755857129195038,-1.6766859258554032,-1.6004709910960955,-2.115040709669245,-2.6508548320752667,-1.4443851933895941,-4.697711651307135,-1.4210009635783547,-4.197599549398951,-0.25797825409648756,-0.320223241206407,-0.2937914706510839,0.19858423578553722,0.005162443678706755,-1.0232564869125786,0.31290950913715465,0.40320629001047437,1.6218716448271604,0.9651868678117921,1.5779118456071952,-5.130472168196193,0.36904696593799463,-0.5884804517819212
1986,10,22,0.6891517655729831,0.5208848586501293,0.6799817140389123,1.060513787446189,0.5873728500962119,0.6012407467097608,0.7323921155031562,0.5418918786475261,0.5711986113274412,1.017897663160644,0.6294330669446493,0.23636224991686233,0.7301153552842167,0.07891831235509048,0.6869044168303182,-0.6314307730574145,-0.19348930612574727,1.598838951777141,-0.12706763679767125,-0.317872000885275,1.0954956231100161,2.0032296729664836,2.6909522288964878,2.003560845597993,1.2317810643255136,0.5668775544052623,3.2539974533430946,-0.6922385507573539,-2.3507227507231017,-2.512966221292986,-2.1885890576431373,-1.6246421987236197,-2.702025088290007,-2.0999974336781855,-1.741169135599084,-1.9971378821634567,-0.376277763569118,-2.560765955064066,-1.6654693945710553,-3.3001279710775875,-1.7099608197873404,0.5745617885245295,-1.2108767633238073,-0.24570802032108677,-1.4513814497552475,1.582074895618814,-1.2812829209156424,-0.16975856505260556,0.3398344538723842,0.2814756726668267,1.7359770591607757,1.170557591516249,0.6046773724766619,-2.0713190586294585,1.2799471316645554,0.48550902917040695
1986,11,23,0.5194518446627284,0.6253710834966129,0.6213165856623092,0.6854280020599832,0.6454115759929662,0.8678517637024725,0.7939635459191366,0.6650945542915033,-0.060826089641772205,0.5414366698749462,0.5016793898737703,0.9854614463426682,0.5101340604634623,0.51878706154627,0.647714483794424,0.2796641175844231,0.24248790041326312,1.707732502297636,-0.13338110449494167,0.34263032336931454,2.844437550060357,2.77151745762758,-3.2314547873525203,2.3598767516929344,1.5001428159865553,-0.07283017209138014,1.5465130185372304,-2.0904538871451215,-2.3719770490214143,-1.7944016084461674,-1.9223887726398572,-1.6994661797586486,-2.3381663292120503,-2.315331874386327,-1.3331071998424795,-1.2472647846747815,-2.7656991773253514,-0.29350658521497214,-0.8849629843140933,-2.8405442632082556,-1.883569846254556,-2.584057543228239,-0.36016816945002395,-0.5689275292504371,-0.2543420386250197,1.3919542954357478,-0.8540462658310984,-0.5369005950385957,1.240476134445784,0.9407679906754498,-0.6227955744751423,2.018430818491932,0.8702030504712029,-0.5754769518694371,0.21231010055718305,-1.0477380113863286
1986,12,24,0.5249749510768646,0.4381620868666461,0.535312443021523,0.6877581171361689,0.6156648004516104,0.8260357307890552,0.641381258019746,0.6535087380543606,0.7542119194726009,-0.170098735372016,0.6864562339705683,0.8579238615823467,0.7960802889731682,0.5122573673057617,1.467819965678504,0.3551459677958594,0.5932204992551825,-0.5012931814168132,0.10791066463266856,-0.1678505564877884,2.4732478644109404,1.7931471334650124,1.0819284944372107,6.121261680293052,1.2139774812355797,-0.25627081391973444,1.3984410955456217,3.6944005469691916,-2.28420190090872,-2.3922840692507163,-1.6332293693434106,-2.0146034363234118,-2.0782632401058185,-1.9703221685154035,-1.821834121408546,-1.5286547630127276,-2.425238212761001,0.04585396404364458,-0.948145845636631,-1.7274512918306546,-2.2457435913155206,0.7501200477475506,0.3465849048946353,0.02148795562870122,0.6382944898100701,-0.47720314268966224,-0.6072295130805255,-0.725231205449124,0.50959103504699,0.43419209398872305,0.30156024061895603,6.390114966915133,0.3644700161590339,-0.5602455827679798,0.16957548687248952,4.088320494308022
1987,1,25,0.7203815269245415,0.6389128406595208,0.7463036007675269,0.8224140425397345,0.5233657125873891,0.6640337984715504,0.7168549109185236,0.63647306923329,0.026289099522363787,-0.07866792458707736,0.42592398874431964,0.4184085245644853,0.6579796113359221,0.8020701933876614,1.8983848326777364,1.3179607394290953,0.31738291215161996,-0.1032488584409654,0.09983947856816171,-0.6980670662134225,1.5397074227389131,1.8451451488786945,3.347292914360974,6.589746633060695,0.9893668694209343,1.7912239599743078,1.3487162408346502,2.63026320126583,-1.951147677598938,-1.8660270152565184,-2.3581091473365423,-2.4353955391616418,-2.4593150729948845,-2.766292140106943,-1.8052047778596196,-2.0200512041374807,-0.6969278472825947,-0.6144345189916817,-1.464680639034018,-2.3054789530494872,-1.898896907135029,-0.7934896491583697,0.23118228061832197,0.5130533943148305,-1.2180489513926893,0.00016088094394151042,-0.776834093347532,-1.4827229629727081,0.41361893509585557,0.6276847939300028,0.8315845193250209,5.022992529787062,0.08483148753506867,-0.8598907244164959,0.20866506770377616,2.0618132477933733
1987,2,26,0.5714806099586895,0.6952929960135545,0.6346500056629977,0.5707209150569684,1.0059311517197087,0.9228739082750209,0.6386849920608696,0.7344712571718527,0.33986216236675354,-0.07548759940450543,0.7188557050140159,1.1270366017165605,0.5784403732363137,0.8861299637380013,1.644024407115728,0.08006585583302168,1.3574167415235763,0.036814807286874654,0.09223773286376317,0.4684689532740777,2.2944012918582857,3.029325095290505,-0.12680148171892852,2.624729662734678,1.2083489557245126,0.2764572329570753,2.192380763931504,1.8190954622834015,-2.015774222593703,-2.7045016395584183,-1.5226359360528088,-2.2007816033878322,-2.3156555373077214,-1.9617528063049379,-2.096169400563361,-1.3715839525466973,-1.8674658679356857,-5.87147983640708,-1.6962030889478694,-2.8801077077297594,-2.231324176022565,-0.11078368809842666,0.048729040429678835,-0.6209825145608382,-0.328353521846117,-1.0201454249882334,-1.0447849812359569,-0.4373040862599266,0.2689060857015998,1.2761769264567204,-1.4242144104479149,-5.350269247256699,-0.37333459229590776,-1.1946927912233987,0.4971324049334392,2.0293231803271183
1987,3,27,0.789535282004944,0.888234635111409,0.8401953976954154,0.6346108271947448,0.6844436937395554,0.7274270480010725,0.6402799676026062,0.6530008345435553,0.2616595787355221,,0.6550635281496405,0.9362921187563847,0.6065432377400409,0.5808643563347102,1.739123715951733,-0.5682562860364586,1.705300424791097,-0.26089756453953034,0.24494820408823145,0.028987542261439788,0.715788610835784,1.5781565595171754,1.6117820349558434,,0.9679386977696076,5.022258460707411,1.3516829872150735,1.1274617886833265,-1.790745378984465,-2.8867414840287955,-1.920399915845271,-1.8792403862362814,-2.395285081301384,-3.019258324377583,-1.9104935931762481,-1.7873391722159322,-0.37940646990576415,,-1.4754460006714567,-1.0432422672285253,-1.8932531055082393,-3.391449718264537,0.5043892389996262,-1.1978487157576552,0.02548457414976145,0.28665549214519925,-0.3711924836830812,-0.4627319789399163,-0.013674095797980575,0.6437784610436095,2.528429096154287,,-0.02328026095320268,2.1315367661463664,0.5634680503516197,0.11876043598272142
1987,4,28,0.7318444552492892,0.8251675024333452,0.6440112714873084,0.7530176655007764,0.6892422865382082,0.5939134674733335,0.7912907148677645,0.6125787086626954,0.24890559278076588,0.3842485154026136,0.4921101435922848,1.484827724447582,0.6965675681446539,0.894567462708031,1.3341447686367838,0.7405827919074737,0.7023313855556961,-0.06674555815974048,-0.2196012266351158,-0.7986072876415148,1.6649591537875157,2.285692162649887,1.1446778109777218,4.99291166116904,0.32695453488113063,-0.3025480155414756,2.7572453760771767,0.4284167473324343,-2.291924709464924,-2.551703835275049,-1.9109486921527978,-2.2324742154850163,-3.076951808684556,-3.1870176376022954,-1.735046127600295,-1.9333614752306212,-2.0685769305678514,-2.2745675005754302,-1.4990588296540346,-2.410462198181443,-1.6310986781171655,-3.539452613077685,0.029025973532064805,-1.0206742895405243,-0.028010895126696054,0.05416063491767098,-1.3684799784615218,-0.9385791334409227,0.5544153045006573,0.2755935379237183,0.19207544098939192,1.1429376533333895,-0.2121146580391156,-0.3833971825532546,0.8539070275659368,-2.3011079628749833
1987,5,29,0.7924806572077802,0.9614394645496899,0.761857704761273,0.6570432544599876,0.6246616216704409,0.34125224120827635,0.8070275295807209,0.5054198572012798,1.0887975475055125,0.4068204515192384,0.8304757088797855,2.7377710485582125,0.5055851960260259,1.0795034359949527,0.7562061085153016,1.2626342615457544,-1.0210326831591503,-0.5323583473650653,0.15608340316903946,-0.7214285132213925,2.102715348226098,1.917863197429754,2.0335650474507934,1.305233346493979,0.559658551005466,-0.3737545622346888,1.4085541842688267,2.338836260374422,-1.8806920224755077,-2.4798616859365317,-2.0974259393364667,-2.847971350105027,-1.8435426543249656,-3.106257438026087,-1.3480534581314174,-1.703538006518586,-0.7921533948463706,-0.2553900097391348,-1.9931494286296685,-1.439988847345583,-2.1584069706696165,-3.650762713605827,-0.1455932482289884,-0.35697745486894256,-0.5019816187814506,-1.238840063663714,-1.0366523518827833,-1.3375192701504355,0.5292806229882958,0.7551130777522045,3.1729330709662955,2.923563999149249,-0.5010528220042589,2.334734100657601,0.3366048394131562,0.30161454976696367
1987,6,30,0.6471285429424655,0.8524654531621177,0.7578570482847169,0.4427387119990309,0.8311401196733291,0.7753618755218972,0.6974864906251397,0.4635411896363716,0.5223456805675162,0.5615596109785738,0.6846838323726075,0.41473173260034096,0.8142081834755365,1.2424185094659386,1.3766136464538168,1.0486454541575347,-0.4214021544705242,1.4113179308743695,0.4241766128812311,-1.006004666522158,1.3295085642644116,2.3719709134916984,1.1590035968141765,0.6144073844376213,2.2587495978186203,3.669542900492832,1.6406701136508934,1.9305886049774998,-1.859781152064416,-2.0145993372586624,-2.314668337266237,-1.4877577078200668,-2.524338840588975,-2.758136099800545,-1.6387550441184506,-1.6216842596985357,-1.2988124618888974,-1.0018295681547984,-1.504850081594578,-2.4146786854859252,-2.2197051666195073,-2.338811310671995,-0.26923208125565423,-0.3399995255627914,-0.8222645229578572,2.0042543118939524,-0.6358018106679558,-1.448127822111139,0.28195806735923584,0.3223799990036142,0.0693120413193905,-0.3924102025710717,0.21290292597320243,1.1946399126650915,-0.38438394976158724,1.0576818347010233
1987,7,31,0.7170020196940838,0.7540818016055749,0.7246580167097937,0.6034433357826554,0.7713190171314793,0.5711381959527979,0.6468276951487153,0.8369177074223355,0.8578011948241261,1.0064110304970157,0.33627794792790056,0.8605649048398415,0.48706565606210916,1.6096096639433295,1.079267096182398,0.36434059046904005,-0.29806233712948743,0.24766259651718625,-0.22630946664772705,-1.0553191078732276,1.917368367115617,1.9229116164705666,-1.0528677212215984,-0.19673862178508517,1.1175985088366516,2.1786761944717945,1.3706474785592,-0.2814908489410471,-1.9401750560225888,-2.585165620447857,-2.5886286573603248,-1.9940109749528065,-2.507756884766302,-3.1424512314459783,-1.8503033922747552,-1.7950783033218747,-1.7517394164716897,-1.3380492793008902,-1.6308974940322452,-2.106658120263938,-1.6324763544323604,-3.291883590479156,-0.2077333423907528,-0.7366643545385457,-0.9307569104373169,0.25304171307293427,-1.000940370067349,-1.4312237777529768,0.5649224031733826,0.7526474234061726,0.7740541642625159,0.6609940342106534,-0.2248387938543664,-1.939796211425559,0.14794210038406616,-0.6484600212385783
1987,8,32,0.8222135334766599,0.48572284219198064,0.5125509192736489,0.31431493557205104,0.7464235514618701,0.5049708079262323,0.6533571591175001,0.8063506388398701,0.7864835249182147,,0.6762290345253287,0.9702963637489757,0.6309924157043492,0.9121155344677693,2.122467728979082,-0.536215259453985,0.3177663557337297,-0.18692026933795508,0.77741470865169,-0.0910098462374032,1.9587238723850953,1.16456307827191,0.274928562081163,,1.0943078758594234,3.3598733143712503,2.190048105559387,5.598077784346662,-1.9316030240696096,-3.1346729421278323,-2.3584758761891034,-2.3345492487362867,-2.1615254294594126,-2.536640838041913,-1.6069148832479196,-1.9355279200199138,-2.692910352715028,,-1.4888372427633954,-1.8524867551005035,-1.2979401318262085,-1.126165369011629,0.4024569715213405,-1.1759897466078657,0.24056867289320494,-0.8574184626205781,-0.34299200189985746,-1.250518804083826,0.35580003726868276,0.05961583328557305,0.40636652318138894,,0.6193037698407212,-1.6820503801824285,0.667541965852252,2.808207867186183
1987,9,33,0.6803656452779341,0.5865884097909323,0.732009478016557,0.8575584933363951,0.8197072699156976,0.6516381638488065,0.7909232682201472,0.7675918570867143,0.1326051727429656,1.3661605672535966,1.0055028564142527,0.650183489215011,0.504507897449177,0.5338578091887901,2.055789820659294,-0.5325977627284604,0.6118915413204189,-0.024675570484497755,-0.0777710165379169,-0.4488812512332075,1.620073142847629,2.978533313372516,1.5509661754657467,2.1094882107518678,3.7723871826837208,-1.2897628154714018,0.8803266715013842,1.2888588367356184,-1.7248152894869955,-3.340358678923296,-2.2731137757043527,-2.578410712013502,-2.6698024482167,-2.842769377716837,-1.986975415640192,-1.964493087991716,-1.2556588246926246,-4.225557668952716,-0.370787159192659,-4.048782621261953,-2.380921995660001,-1.8081470605306362,0.27615807887107763,-2.16657599097162,-0.334942257934994,-0.6051905804665478,-0.7180377272525321,-1.4926873219169385,0.10448484156321057,-0.1678602749632504,-0.021488339243435774,-1.0347919078356285,2.2241539008420714,-4.153951640932898,-0.1936962862966433,-1.101960486825553
1987,10,34,0.7586533477480408,0.6815834774901391,1.0102229281626822,1.175612285394827,0.5900668365184508,0.6083736500817478,0.8774624216797638,0.7647091402280352,-0.025284006953603604,-0.07548759940450665,0.70761737789594,0.20901155399477162,0.5238572026663237,0.289077788361212,0.5073008580603849,0.24073127579069498,0.12247685146280807,0.8398164604912601,0.14942176643487393,-1.03381530863489,0.8652330683612866,2.473296354195504,0.8449791360412384,-2.064042951265327,0.5502278928473094,1.196625796983613,1.3370891322940743,3.782015095780331,-3.30382659174732,-2.6574840211715913,-1.8512296378688757,-2.59913463683465,-2.1375667131335505,-3.259824772294601,-1.6382507841799687,-1.5613098192047825,-2.9854120417658443,-3.7985347229070974,-1.3122058673292585,-1.5987486283217975,-1.9587339879133636,-2.106271257205286,-0.9221873300534607,-0.8675485545583264,-0.3375001505559224,-0.4184560703810703,-0.6556344840288616,-1.215543857751718,-0.13102947822892766,0.7015033920377461,0.7501844015559573,-0.37507198625671145,0.5212160962100201,1.4994628527015326,0.067520624931417,3.972788398030767
1987,11,35,0.6921679793429922,0.8095262211044286,0.9362406527083902,0.7540980496264051,0.6657772169863311,0.8050678315532005,0.9737605306124784,0.6178555468705538,1.7079433125110552,0.2801525478793947,0.5095292048019311,0.4565354318462045,0.5060059082515209,1.2254197387096692,1.1300981441691087,1.2519092465249295,0.661470930361943,-0.20444867904656921,0.6185049594932728,-1.6352472543574066,1.591660312320702,2.9142701131607596,-0.6495611516129451,2.303890624585734,1.4549646156957239,-0.8562283051820324,1.2323217165253886,2.909770462573167,-2.351418718086431,-2.258168072093382,-1.6131273285906844,-2.4956638238569373,-1.995824091546524,-3.1342907330046246,-1.6122971520707783,-1.2811545823253856,-2.4682209150177314,-0.720679339175443,-0.35214593676162703,-4.431260968184115,-2.1168277987836346,-0.5896205401170567,0.050953593570301395,-0.4232892450662341,0.1914810267189926,-1.0211047616841145,-0.8176230137673189,-1.9799052053692925,0.39193518204430455,1.351259135725727,-0.04357120177233362,3.1032523491109387,0.7802382764372665,-0.7266208384872064,0.029220665282263067,1.361052455029202
1987,12,36,0.7747434365470639,0.8191825439367142,0.7838564887604232,0.6481360568313079,0.9266779343278465,0.9060694474712948,0.7554015947629596,0.6583194421494434,0.8847725512741949,0.6142385996279824,0.7066801385620136,-0.09644491958068716,0.7098101848518277,0.7420386233028404,1.8878473362590884,0.24453804377551736,0.0245126741419334,-0.01252713760029106,-0.476838438139551,0.822584050427812,1.7493161660796397,2.0617413816372485,-1.2673931087330066,4.488561146293051,1.5460872652548077,-0.6238192547009346,1.7116267926815363,3.050033771068962,-2.2114958002715595,-2.4820042861931606,-1.8652693320685507,-2.508243540234477,-2.4853639132386687,-2.3780861081596485,-1.6947902829600412,-1.7276850451703105,-0.7630512032834225,-0.5722256692896877,-1.1898559010303218,-4.799544864732654,-2.004216096791853,0.3968518476055217,-0.03397411950427297,-0.9127375502082621,0.15808368557349153,-0.17982553253067984,-1.3717820541166867,0.34500554670158323,0.5211748318651179,0.2907510537449886,-1.960334594336618,3.3329415799151336,-0.5631886363763082,-0.4226115808886692,0.10878887584509131,3.3451092547741395
1988,1,37,0.9116422337972988,0.7425446893540508,0.666386644548282,0.6458118017159806,0.6553968648368951,0.7572558304586129,0.6437556639318261,0.7593798173752192,0.4534245983870219,0.3279574384071131,0.7814664844976369,-0.06335257674765103,0.6998257728133758,0.43544732915005635,2.214080286504799,0.8355844204067532,-1.065437076301191,-1.954995997805498,0.3488695983529968,-1.4511258594043275,1.3568896271512862,2.3681947974159856,0.47382872846702073,0.7208300347802301,1.0197018477263524,-0.11196118468902443,1.8159560618008679,5.218760808903039,-1.9217926593014771,-2.8576994626586485,-2.520591249747725,-3.5687447631294367,-2.349001717704114,-3.5853236329404017,-2.0754449505429573,-1.3306484004559977,-0.3707030478919435,-3.4543648921881185,-2.2097737872038996,-4.253721963763054,-1.6081558359867842,-0.44753961706330114,0.668825118833065,-0.7742012882570242,-0.8987848049463678,-1.7121752431773192,-0.677512305406763,-1.53052711801051,-0.07665484016756188,0.7572569024497314,0.9347181139778001,-1.5416768395143816,0.8840168981419358,-2.9301108967874065,0.8557493156608756,2.7219105596138
1988,2,38,0.781427964717196,0.4764028042461158,1.024065003609603,0.8690347917285172,0.7725572022401,0.6668049956785614,0.833932081174237,0.6356655879514415,0.6989060577941514,0.054133394086073476,0.23863811171681315,0.17581002962567982,0.6962361984858308,0.905910507624657,1.7838556056687176,1.328604441892577,-0.20153150395655023,0.5888157730847986,0.505775527847175,-2.1672443541019035,1.788605148041436,2.6887812926170267,2.017008963150163,2.735046641525953,2.836838314280012,2.9501526077485702,2.389953625774957,-2.835548066617976,-2.297451126355573,-1.7807157452135123,-2.9537739324257335,-2.1395688203924084,-2.1934306202075056,-2.957827169147684,-1.7231460713950362,-1.8035041778207885,-1.23814615564791,-0.8791533998034656,-1.1790027908888816,-2.722814531167941,-1.5348735272364225,-1.011503636447904,-0.20613063897288605,0.4268333085904347,-1.1167474896831333,0.1514454008998269,-0.4084281678261117,-1.5963696325097756,0.09671393951790534,0.897162749548682,1.3350800569977286,3.3257670262470134,0.7858303598131686,2.123226739967221,0.8782821437408447,-0.12905920659353948
1988,3,39,0.891011110652062,0.7137885980489342,0.5602377032322424,0.4295164219653427,0.6289720571211983,0.3043314623744408,0.6122779795696969,0.6435697180337434,0.6194017778238675,0.25167987332907943,0.5107889321548309,0.5344846516335008,0.5408506558610738,0.5608114823622509,2.183574962207025,-1.2140473407961665,0.4267172408022623,1.2420006625802862,0.17432906976976947,-0.2583333845508705,1.5141880014807352,3.099472021913967,3.734406448622902,3.2102274642089195,1.419717128181777,0.4413740104067573,0.6327714812220683,1.0415572046338053,-2.119262285762017,-3.2718199293441423,-2.135227453362205,-2.348642344587623,-2.2078938229534875,-3.434909916589692,-1.8377359861100977,-1.7904576077143484,0.3164352649423442,-0.4370651548240153,-2.0465162983467162,-3.5217041507112596,-2.7831198007823885,-2.4432551472413286,0.5038953439045227,-1.9881833949847323,-0.8067870062794888,-0.12740544389647657,-0.35654221464383284,-0.5027364667939574,0.14856424589861572,1.0299901206574158,1.760045696403899,0.6601144064780909,0.2936080078273312,-1.5427981402494189,-0.9666353578992259,-1.6283281635271032
1988,4,40,0.64552551845596,0.5495293194614922,0.821241910087429,0.6559444878365532,0.8290637609476028,0.7842313741494512,0.7297963111583944,0.7657128897975388,0.5790161895452699,0.7001899865803208,0.5015905372304706,0.4417674589744419,0.4969157599978759,2.0339587628882168,1.824636794250476,1.4978190131156286,0.7543335461386647,1.0854009162178784,0.488832818608103,-0.9120054162471665,1.5978930442025636,1.6037839728859953,1.132932344130864,4.193510686298998,3.7493555119097266,0.19952331573261056,1.0662571474495357,1.1668338340821305,-2.000035588028461,-1.9664860179097616,-2.469308365887626,-2.0521287097156957,-1.850277379707581,-3.454090827690583,-1.7932421766677873,-2.045427326382341,-0.563789305672411,-0.7421940430320249,-0.0773180034067174,-1.9948264619188432,-2.4828108980759995,-2.8400656816091248,0.05726055155259222,-0.3473836650220658,0.12880724489412027,0.03993197417909544,-0.4722648650198159,-1.3022601579914235,0.5116906462880723,0.2613309409948249,1.8067083063565506,3.429033052258133,1.4146235259672957,-0.5220316483184041,-0.45677444336179857,-1.1642986656030965
1988,5,41,0.8431643585898662,0.7309374402231994,0.7593180760639616,1.0293981547542599,0.787456268954595,1.0289972350825216,0.8749738454310519,0.6916189402349056,0.3319179344955812,0.8494830882352694,0.6645300181804242,0.33701236088238706,0.5538312408707486,0.8959789229559459,2.1985325368318005,0.6562561981139964,0.3662263667508488,-0.868853526024958,0.50848006776858,-0.10834865660177294,1.6944031098389631,2.2039716037932315,-0.13221885177281828,1.4891069111792827,2.7640976872035763,1.0305468489790033,1.5568821541327955,2.3199309460267727,-2.0781741904127995,-2.5660973440336576,-2.155510728577279,-3.271838486338906,-1.8528950670845494,-2.446294875279798,-1.7469404128725372,-2.2560854580410474,-1.5337333507193203,-1.5602425002801987,-1.1653087184679995,-1.9496192317317151,-1.5229403722588601,-0.45382968848617805,0.9230292534242737,0.24748410425004286,0.019803624611746992,-1.6290753613863203,0.21467737857899236,-0.5682604570290233,0.6437496758318877,0.08140018661861266,-0.5770653564602121,0.8776333429610433,0.35280766082022585,-0.7219906759713303,0.7595390019688405,1.2551557327985066
1988,6,42,0.7288385749940663,0.6493410426186583,0.5040719949153156,0.557040664831122,0.845071878462834,0.60797424905521,0.7378668013802476,0.5546002006922477,0.4751756918787535,0.2649591849308279,0.9206541714280105,0.05778536955089511,0.6214061803099195,0.4858851660358094,1.5458208736191863,1.5453479630685747,-0.20058953658780332,0.4383472699738866,0.12677766548874358,0.4557483438097234,1.7050990610828725,1.7877922661812016,1.3522182140585677,6.420213990570288,0.8546745182747802,3.2170630757251106,1.7902760544123257,11.212445397807713,-2.142054528899164,-2.603490527429827,-2.3858461839351133,-2.339607992908754,-2.718316974897569,-3.2973193786219057,-1.557185055239214,-1.791224964592332,-0.8727059240444932,0.013528261048753404,-1.2720466678613926,-3.282068366969429,-1.6863491937933357,0.8575953000195211,-0.3181665729138379,-0.1420345250815728,-1.0877923752071585,-0.1719096726074858,-1.6116517702122923,-1.0700622108308846,0.5874293467313737,0.10926480990674373,-0.1901084653520912,4.961814797307289,0.2956427693020213,-1.0146662284664094,0.1367369972416738,7.101597413874658
1988,7,43,0.6096904007008589,0.6216644373464653,0.5690756521605327,0.5032708913909903,0.7380749341247401,0.8050753952492893,0.7163019155813182,0.2778434313115797,0.6752483530809731,0.4760625077965089,0.44566150205504884,1.1911801352151083,0.8694818574602573,0.1299823312184913,2.074198049990693,0.04624605369065179,0.14798740882702452,1.1855550848593757,0.5723781967564515,-0.02733147567499926,1.2895813495834518,1.8062743443416929,-2.368950237177144,3.025225654277242,2.8296963229091996,2.95531361450808,0.27305966560294487,3.6844910617865185,-1.8082304398794102,-3.150953068298855,-2.080908534681015,-2.477933098633272,-1.9084805181400768,-3.827647187672662,-1.8492005969435354,-2.4576009054246852,-3.2003612165157076,-2.158935249745541,-0.8006579511789383,-2.8770663968746986,-3.15120235472432,-1.2163334968359325,0.35707460852105055,-0.34134139432997945,0.2649216730179555,1.4220451076684988,-0.04335114716196407,-1.0691393662954571,0.3684872512882507,0.758493621213415,-3.042948497664044,-0.024805017158406474,1.4542877183956517,-0.5721651745840793,-1.0986570625905097,5.180794738304848
1988,8,44,0.548352238328796,0.7258421907419466,0.7297126324647176,0.742091266686941,0.47587779721268514,0.8131922010314755,0.6076947711071702,0.6552841831632604,0.3587555693912946,,0.5586159484993971,0.5770381422482744,0.720437173162881,0.45271590807452133,1.7429775597890074,0.3590884811850677,-0.5165846848143465,1.4238863984625936,-0.6175999336848049,0.30627058423673054,1.0002514432898815,1.5693714010590565,0.12707380270982901,,2.435729594851554,1.4927878213813264,1.6856236718706705,1.2941334984932986,-2.7454524816794783,-3.2322520927261214,-1.9853218194396367,-2.136471773415899,-3.154474098688422,-3.938544227150596,-2.0183517131555444,-2.3334237187203564,-0.8012106087177266,,-0.6249954157822872,-2.492642320979148,-2.127848965279461,-2.2072104686617235,-0.19790916220145408,-0.7339395024563653,-0.3861983404864709,0.2621300055935257,-1.7149339521781195,-1.0422998161470627,0.1792242727780088,0.4985102310191283,-0.3696907276369224,,1.4530329749385154,-1.0346769947904229,0.4499232399977659,-0.43607347490984344
1988,9,45,0.6857261199696444,0.8461798097963331,0.4890758508265981,0.677883993259013,0.7083146602078936,0.3573754488423115,0.6985276869417585,0.9986941944569737,0.2698522685599919,-0.05025328170349428,0.6720179520055555,1.6588137346766205,0.45205957188084167,0.09830782457678645,0.9490306970474925,1.7583253426820487,-0.35077181946277386,0.14963577618733892,-0.47513874868771905,0.3324132794857436,1.2059461128896116,1.0356922898399414,0.34700753198248246,-0.8348925557227519,0.24806653481621516,0.7948396062878518,1.609732552988765,4.998515910712357,-2.184165909632276,-1.9754603438434677,-2.060416487414538,-2.4934243453849154,-2.504231047730085,-2.871653404895531,-1.9160801018091176,-2.042247210897328,-1.6257667934244677,-4.628835489745537,-0.47523357351666884,-3.477732760498951,-1.3136431826205077,-0.44752861036852176,-0.589867993536637,0.3938732608123229,0.3110790294763649,-0.6756404575038755,-1.3877413138619445,-0.18875302449554318,0.5858097299780932,-0.1352228721729232,0.0035383253572054563,-2.0321853211584004,0.7102384877731738,-0.4321926294174248,0.35292556421541194,7.803257719231648
1988,10,46,0.789908410372059,0.8647730609195974,0.58072864718785,0.48869086622217467,0.6446912928214337,0.64213267101362,0.8288279793419295,0.7105984882837333,0.744624799576833,0.6568643201369159,0.6593781093468452,0.24170830113280758,0.4366672690294531,1.1666012783904136,1.6068114264232103,0.11584606134768477,0.7334637426571627,0.11610043717580565,-0.5140881262341451,-0.5092295738663215,1.827512122913993,1.4407290944043647,1.2707823219589431,2.2726110671663884,2.4110679957426187,-0.5813713064136312,2.161337649487283,1.0312610487089053,-1.9966460646480688,-2.716398783130743,-1.6332371457928507,-3.767524269683257,-2.965240766580785,-2.786228397716742,-1.934326278541765,-2.136832357860309,-0.5472727471958653,-1.9054631117264087,-0.877267709632232,-3.1224578349670855,-2.3485988913465765,-0.34202413042150653,0.19324000580402745,-1.3393621168589338,0.40803329995209847,-0.418140660650408,-1.0843611898778538,-0.7754279755626797,0.33915170365019104,0.47344798315427433,-0.5100402209931938,0.9234956122389567,1.018177535308699,-3.000610429701201,0.11344583369932441,0.9105545256331249
1988,11,47,0.6010203622449657,0.6066311142880618,0.7616400998343094,0.7494313437808076,0.5252628331450209,1.0334469631531065,0.7161592879259868,0.49401254036488645,0.3036408493677627,-0.008874470232257844,0.7384405941633628,0.6209579945389059,0.7879918124133813,0.033289510898101754,2.283559351979979,-0.8726023261029955,0.07135905746784318,-0.011670670037483191,0.1235555933539883,0.05408963705399907,2.039460305525465,1.0161421102460693,2.5528614419779196,3.611936811363634,0.1728004852233228,0.5671469787013586,0.8091044069334671,9.47773319272185,-1.9192241666808425,-3.6213509387452127,-2.3584555666796927,-2.7416010114387377,-2.675501728054114,-2.6955475185354447,-1.6286674416322553,-1.5089172116656129,-0.57279474645289,-0.21233745309768232,-2.2109201315791536,-3.697789142771554,-1.8868121678805618,1.8672936674065155,0.3178443231893605,-1.7532198626683435,-0.8146000572491422,-0.7820537587554348,-0.9872159200831382,-1.3707790773421498,0.19576231378241288,-0.06243640346842636,1.2601123445771358,-0.05926546159716132,-0.25230335863690634,-0.37142727502843637,-0.267366131000072,5.577811048382215
1988,12,48,0.6418990272064974,0.2892292400106776,0.8496060176068458,0.5783897974780269,0.5811075461172344,0.7087851517483402,0.7716803785535149,0.7359562653079542,0.3998079658128804,1.2610172308768337,0.9074459262527371,0.4485424912151056,0.5127050685808822,0.5169579525318649,2.075137408599805,1.0352699339590727,0.13329782921269256,1.5554580165792022,0.33274205980134164,-0.023525161560695253,1.5848031266583225,1.262813743569733,1.6287543262947135,3.849210389509644,1.4726334747788088,1.512300698174743,1.9488369700660848,5.097441339485962,-1.627362554379683,-2.013797343782601,-2.4301655638547337,-1.6208334910359465,-2.042089160892733,-3.1688799729117814,-2.0670836482421606,-1.6824482400173193,-1.4047647130047736,-1.4931141788480835,-0.8729355949956867,-2.700305870208035,-1.3656973487839223,-0.9425513244482095,0.013182091712328068,-0.5791489294317709,-0.34756139745837944,0.9373539720373151,-0.2896738631929596,-1.495886146350054,0.6940867270788098,0.014860201563547623,0.1128761560857204,0.7424599833157115,1.0721681784697292,-0.6230020829174181,1.0025914338662436,-1.0312484406448965
1989,1,49,0.8370590688441635,0.9246890467595373,0.8264609561932111,0.9264724125115963,0.8786677152195258,0.9211336113366164,0.7948783103444428,0.6835751422712727,0.8785739768279208,1.0259897324848901,0.6132799246493684,1.1997852692830628,0.7582840397632123,0.7358604030428184,2.0012477194697267,1.340548904014564,0.7044606378258951,2.609628815811206,-0.22996336327218486,0.43870670777708304,1.792416522109652,1.2718908170221286,1.1028828001859996,-0.09628554060163493,1.7741635358893342,0.3929477646208185,1.2675173077404533,-0.1140468483656005,-1.9595254619833486,-1.6678675003900993,-1.2870747586397535,-2.3137736688779222,-2.50526637382415,-2.2657148895262655,-2.1574492139029933,-2.43506531008295,-1.075818775603499,-4.6138259062978655,-1.1961050058919884,-3.430261726982151,-1.8142156116154793,-4.412366502744579,0.12312796293790831,0.2266720248943397,0.280902172117342,0.35217978554643053,-0.6498035484218136,-0.27571564973481216,0.04306736643180978,-0.2530083723772129,0.20696524804809582,-1.727846932734072,0.8826075782564625,-2.6717911817496063,-0.06459312273808722,-0.25277332206086844
1989,2,50,0.5715915676610149,0.7206729497019327,1.0124750132208464,0.8739885615925275,0.8742117915563987,1.0124210158998588,0.8055197695778935,0.6452548352823814,0.4252684001890297,0.9066582928542212,0.417593659958372,0.43063061145093223,0.7816832866674354,0.6205757118480673,1.3509391768571983,-0.5577778234338062,0.14791543817390296,2.7454326650709535,-0.4275926038849235,-0.8681692615886297,1.2624948268347156,0.7478113458626658,1.3799015508609727,3.2323216792277147,1.5437150683577856,1.0597830027723705,1.396045535878946,1.5621987300652316,-1.9450978337109184,-3.1766740013110137,-1.910727721288917,-2.3810300725804203,-2.598117660998696,-2.9287263441690694,-2.210778074776353,-3.0249050150390273,-0.8143121922825932,-0.5267855912469803,-1.0495747507511206,-3.0637609587359385,-2.289721337727637,-2.8295504904922044,-0.2373795378557201,-0.764327475108739,-0.999243182002078,0.4402601198870274,-1.2915445879257201,-1.2227819630394627,-0.1301102226964242,-0.6161032896409763,1.99091747132502,1.8533157425709617,-0.007165666719722623,-0.697676363814576,0.23006186460989425,-0.349796695823602
1989,3,51,0.6708197500452531,0.5077123716087167,0.773244391110872,1.0516548040580727,0.6734178901006802,0.5378082481315568,0.7929856220934863,0.7383775759764953,0.22042039790261433,1.1586722515803194,0.7907683005888132,0.46486063660084986,0.6242427413683291,1.6138056482688252,1.3442469570896236,-0.0920189096110913,-0.13940328944871225,0.01688025349413927,-0.3355422848816808,-1.0893045049739076,1.2264854213153145,1.9719382884862648,0.754813339560229,3.916051666798991,1.1612132431249174,0.6405264995766594,1.3122597593071885,1.8378972835187481,-2.1185851947529555,-3.197856753522643,-2.3293161969311966,-3.088758541737674,-2.402257869623583,-2.744779740249162,-2.0478472527466898,-1.766939762080763,-2.1060401905260027,-0.4366625765320274,-1.1908569530818258,-3.268863395212814,-2.2325889081607575,-1.1580759481685088,0.06712285837708581,-0.5231954067187281,-0.7687275153270173,-1.6844636063424308,-1.1009649582305843,-1.1312426575843084,-0.25876407499788834,0.13690341957576224,-1.0676362257227687,1.1729255152581062,1.0162652623247967,-1.1772685148265034,-0.638387635040311,1.3966870432284066
1989,4,52,0.7595767476792045,0.5558371265512639,0.8302219647529051,0.9611993421829844,0.7242749541144089,1.0743942720663924,0.7546750420600936,0.5352682191950241,0.5352793091987063,0.2836618943746109,0.47578240332195093,0.007179404284363919,0.7237374499916711,0.6629633999319674,1.7174173835977227,1.5867881184458832,0.3035463764128227,1.4502377208906183,0.5436507140928396,-0.6102880923192812,1.752038106469708,2.3397427559273654,-1.189904147886585,0.7044505150367742,1.9926533954956729,3.069652820217413,0.8275750728256672,2.6475640958995563,-1.9894741559566367,-2.0652496956847908,-1.635734089110211,-2.053199313081648,-2.197938670789203,-2.326070774050328,-2.1152802975434692,-1.794647230486735,-3.1637384365670176,-2.171129434390832,-1.0896147130268463,-2.169220069354467,-2.3023170679670275,1.9457057919519447,-0.15757705960460658,0.4099448795938601,0.6183847637521401,0.34725225719739705,-0.5763654702553722,-0.2555686739753559,-0.1507189755796267,0.39637276313466413,-3.0767778219961497,2.167263567980206,0.8027009407130908,0.9111527756533536,-0.37257285001333135,4.347783229408516
1989,5,53,0.6457170240489033,0.7272460843253525,0.6800318412495397,0.5617116592557114,0.6940711404944847,0.588209632640865,0.6660823488748229,0.5871986087005512,0.12211873496187298,-0.052201790398143745,0.9317614144794265,0.5026774153574299,0.6708154601611606,0.9775934475764034,1.5984198505235239,-0.6053450833081755,0.104324193219838,-1.48435016216711,-0.10301037270328303,-1.281397447391227,1.1799868794326327,1.0611359582647288,0.009473845283381948,-1.4700708487509082,0.2328136930306856,4.051003735529672,0.9837012281471266,-1.311722659729266,-2.0248355458991525,-3.4472125938698635,-1.7209812562647577,-2.561664273043946,-2.5024024605925357,-2.369926738703801,-2.1939917187521893,-2.3752738718897164,-1.5978247190120183,-3.954037722670192,-1.8551986378355056,-1.1407317659214051,-2.3977843196587,-2.046345354867648,-0.03553989814629096,-1.5307728250313126,0.22340695335421057,-1.1162806892883044,-0.47173841224643803,-0.7387827885380208,-0.17833038403172954,0.09817116947276584,-0.2913196021129917,-2.696083573365757,1.135564417112329,1.6684577510219203,-1.0246060222207782,-1.2852175021096672
1989,6,54,0.8177954387268146,0.4629239213431274,0.6904062734970269,0.7681449387246426,0.8651058241344283,0.6068580142412651,0.7274558047936989,0.4507450047323515,0.54335901590488,0.5735106529671148,0.589505140237188,0.17593691948424064,0.7385376133394772,1.0083690648528334,1.7671510630287894,1.043523807011174,0.22046014257063604,-0.1379427983144919,0.3792642341628985,-1.1778742677723895,1.4628568389954046,1.2930178256853304,-0.45177651389415946,0.675836470241882,1.3264162123206273,-2.0465548798856252,1.6250591939443524,-2.959627353889001,-1.959107437042346,-2.575165935042083,-1.5291166173978954,-2.6592646006330116,-1.765621197279466,-3.2411310696266997,-2.0134076783474675,-2.3136561048509705,-2.353720803230991,-2.2681484135801995,-1.781217219255866,-4.927228196936181,-1.834828361476526,-3.3044050901286592,0.3858800634048412,0.19062013549410844,-0.026168382159385106,-0.7779213917886871,-0.62151704610357,-1.2528094324869183,0.4788101545043396,0.15211928536968672,-1.0301946749397566,0.7951922905274081,0.5239948609712862,-4.246947048612829,0.8432934225694373,-2.2602330840035165
1989,7,55,0.5971432313330473,0.9036442695764973,0.740952654911283,0.41507810826553115,0.6233988116449662,0.8191129838473123,0.6948466048220512,0.713168551373376,0.35598056273105994,0.5400808983704802,0.8211623816264283,0.47686145811686015,0.6196798285983114,1.574340072126599,0.8469311881753163,0.36406159566712715,-0.7951808168832455,0.6737265795478051,-0.001986514786482764,-1.5586224523668522,1.5845585701016562,3.108287764620938,0.18600492603089297,5.1009608681984995,1.1515596970487374,-2.171256318794743,2.7967268089949986,6.941431482732227,-2.070317700711028,-2.6283037457305314,-2.2177074857463923,-1.5749750626905532,-2.34810657202065,-3.158342944672221,-1.599821869421765,-1.5806368300203624,-1.6252358369074666,-0.27010123354804394,-1.242374825220831,-3.020936941677583,-1.6175923423471588,2.075171018715523,0.15700921321664554,-0.7556122893350561,-0.709974168048337,-0.34217878799041485,-0.6538033200331852,-1.3298731716747683,0.35491758766804393,0.791100328409514,0.0962761027568932,4.6895507048871945,0.29741793087287094,-1.527338685629455,0.39087737315697635,6.350255622526307
1989,8,56,0.6838649993075578,0.5678823072147805,0.9093709626362201,0.5468308973813542,0.7658513191348382,0.7384608665163218,0.7534871927363084,0.5252532890224205,0.47352316199047056,,0.7432954807074881,0.4800437379685005,0.575809284604366,0.8695026392623503,1.327155972534457,0.1526899352079773,0.18608808374126065,1.0423282316429296,-0.7628886132228216,-0.9545408718528399,1.3464679721942576,1.0709217654557879,2.2362086326186574,,2.7833374015986596,0.45771574005030224,1.485152599509055,-2.441740668772959,-2.393583058877269,-2.8941198687778384,-1.3273661001315677,-1.9851931667911058,-2.4854034013218915,-1.9310705208953953,-2.20358343006682,-2.6394966675658806,-0.2675393451293545,,-0.18904388171105463,-2.479570297165867,-2.6234246006755524,-1.3294984544389832,-0.20549618825753682,-0.9463584405926494,0.5258355834033057,0.0805874358688612,-1.0633152751980837,-0.5950458303725876,0.0033520244213802353,-0.7637873211282549,2.5435147836397682,,1.9355484809057526,-0.7997067350154213,0.016088509486795972,-1.4409379042957526
1989,9,57,0.6477004257801785,0.8429237591775977,0.9055815880550632,0.4976366072980736,0.8148585956869714,0.35783151192900525,0.8812233915133242,0.4298109783370635,0.5485868513766705,0.45235738305487094,0.46948444508381765,0.43974153983016745,0.5992708283497262,0.24035384547768887,0.6085989109420861,-0.38564538445652424,-0.02423216289257053,0.8013668589445393,0.06009912253693682,0.7621558346720404,1.4796532443999766,1.0186754918076395,1.4818695059577882,6.014808199891985,2.2799410549053993,5.234163375166443,1.5716004274405475,2.940540977581841,-2.3190901986420314,-2.818240788144553,-1.543938498959425,-2.4477632849508226,-2.085790547308466,-2.183776042655434,-1.9274624603982624,-2.3475279560707007,-0.6153252096275184,1.1754924165943887,-0.831062585253049,-0.9286039011939998,-2.313876734462239,-1.2656221423236576,-1.0995049619688937,-0.8913447637191945,0.3996705679011574,0.115585449628962,-0.503228372643739,0.5420980630294432,0.07013182485245673,-0.32455463478110325,0.9443116489067456,5.8548691066380005,0.4884441527148474,2.5388507687161277,0.3250657572796688,1.0198949040525829
1989,10,58,0.6753355624988578,0.6563199516112538,0.8702604996758992,0.18453428426752433,0.5843912419812034,0.6500360277391738,0.6901826881347363,0.554489699949774,0.5478420451251814,0.7204125168986628,0.7164167830780475,0.8577093239548281,0.6403619002879155,0.4603371212768098,1.7543260296450922,0.9309670696800433,-0.5688427518114093,1.503288437840532,0.4925683531605988,-0.3068666876215804,1.2233049465629893,2.059203996645635,1.1726966328255997,5.274476172531503,0.5715143843340744,2.726605883096869,2.471868798657472,0.9696059923643071,-2.53116177034324,-3.161657336278467,-2.6512466769414136,-1.410424041523664,-2.828042949210162,-3.007784985523266,-2.043725813593425,-2.4889054884077124,-1.5754821107569945,-0.744179516522679,-1.7249413078794844,0.038481768256413994,-1.7488323237013266,-1.0664871289618425,0.2849510103157115,-1.4156744380240802,-0.3603781690760139,1.1423508037815893,-1.010332581085193,-1.085576961459115,0.1470931769507862,0.25079398865064073,-0.06550963859159034,1.9158154566075467,0.1668560884166652,2.95133312727379,0.5694160162947295,2.0699548959294325
1989,11,59,0.6717365310407488,0.5392553823007604,0.6806047332983681,0.48056704873544454,0.5630639112555995,0.6033719993210547,0.6658620075581773,0.526249031675163,0.0700054763794205,0.46501657252461537,0.5977951754242068,0.1871302052031884,0.851390187402311,0.5031025212068777,0.9774524692197327,0.8668338460809945,-0.04456878027580147,1.1924395293056482,0.18868588540044778,0.8577753351292414,0.5146376275007588,1.4840494381451528,2.3178095709458413,2.4093985065714434,0.09241642020510658,2.213278188197831,1.157510722582034,-1.995199287155069,-2.4337258536357456,-1.9254308301923106,-2.1013848476870964,-2.0068971954273516,-2.042462542358483,-2.4917654046363937,-2.4351884002627777,-2.249707375147013,-1.4064042995548698,-1.4151242954216299,-1.3389634371428079,-1.4187217422756864,-2.165805483791708,-2.473851902547962,-0.23033706946556667,-0.06370443430526583,-0.47520628804460485,0.09596012011532754,-0.5318920478207747,0.12866491229802293,-0.33404764629361167,0.07732072049699752,1.0288184207405047,1.9855801839842333,0.0073429131721626725,0.3512434898997264,0.2033178669492756,-0.9444867005984386
1989,12,60,0.7419235491893668,0.5933565220543608,0.9088514332920618,0.6904449110242299,0.6133810928005428,0.9973599301681996,0.7295703599985057,0.6287480985513659,0.6950818416531032,1.0125739408972163,0.6488134815291549,0.7106415276646949,0.6956931959391262,0.6471001303550865,1.2312915032489986,0.5262752829932882,0.24745331119204622,1.6562580852262352,0.15267836953071856,-0.18379632639673618,1.153133320426993,1.8694208929636438,2.4478467532356936,0.47726063045689593,1.1736921922811254,5.516751255733997,1.5639592970584189,13.967395425242662,-1.6998772400661615,-2.5285737962665835,-2.018639738832708,-2.797692101076508,-2.28511097753235,-2.0604745466128027,-1.9880986912760528,-2.0123531941087784,-1.7564949782720998,-2.226382067014128,-1.4121271155790944,0.03320239657389014,-2.3105408758411605,1.3810134015245263,0.4109988237390545,-0.30211483829710284,0.15472185066823185,0.2930703332974619,-0.5624221323020718,-0.30734853257231615,0.22196393958593846,0.5507644737191245,-0.0674117766206576,0.029948830102367388,1.313428825249847,2.2200198028801377,0.32422390494619446,12.177496103170398
1990,1,61,1.020594390556606,0.8894782926369486,0.764565494689075,0.5659501025756647,0.6910160953376104,0.7232080979759631,0.6517059945793285,0.5556628321556543,0.5224725420518505,0.6862724538216939,0.8467124151627915,0.838169464344202,0.7229665712595444,1.3103095038070782,1.349005099571974,1.26385453371195,0.7150067795174515,0.8743514525827063,0.968716578459821,0.3181759493825489,1.3858441267093025,0.9665189142621099,2.893715298678088,3.6891124016725225,1.2824740716422063,1.3404700985237967,1.3953716296130598,3.234372231045169,-2.095942286380497,-1.7255497788115766,-1.4070834056994153,-3.6816556875387607,-1.939805893906439,-1.930999337498599,-2.1225591361486416,-2.2917778417824186,-1.2691397394126418,-1.4614594918468047,-1.4630802617076,-3.1349473811195883,-2.2355635846974278,0.42595400330349553,-0.053842179674912935,0.5821492634843136,-0.08130453314311259,-0.1866336330606675,0.1974285187490754,-1.724325881257722,0.34269656162858025,-0.39688297911857146,-0.901452499819637,1.69829100702034,-0.1547696933097475,-0.7124346379377162,0.29776112283102385,1.674925510517308
1990,2,62,0.7817737516670477,0.6051029922984217,0.7694435039532004,0.7928899069387283,0.6787373298791726,0.6648212669759819,0.8492831816773586,0.6568027357141769,0.6643383806908669,0.9005321187953288,1.093131353658736,0.5145012501851356,0.6746024393054587,1.16377453583435,1.4980028167720087,-0.29347270650771884,-0.7045093407889652,1.6154168355560212,0.059217783425654535,-0.15539087010119676,0.9463106285128972,2.2512413801306077,1.9890538651814544,1.213651174119854,0.19740162729573885,1.7863635821227715,2.1974584146803995,0.827072976773964,-2.3158961213569746,-2.3437875449657097,-2.0903520098229507,-2.0836816800425826,-2.4795333573592924,-2.5167804907549516,-2.5994654580692456,-1.8830711522084267,-0.22312731948555292,-3.5966502152043764,-1.8758491062649854,-3.8398833035525137,-1.765220554476937,-1.9030623916150462,-0.18325883379705366,-0.999312966460933,-0.26255809706880395,-0.1942487411016928,-0.9205676257482045,-0.600920781100995,-0.2465331926036878,0.3537810572643912,2.2478281467771994,-0.5390043751817439,-0.19620314939381822,-0.6425802917106377,0.594950636079581,0.5775033986924196
1990,3,63,0.7238519570810311,0.7388840709964873,0.6763168489693653,0.6573588692503394,0.7311406219388638,0.5621866132623113,0.7790938356502117,0.7600050043829848,1.5387290379599534,0.8631944183434478,0.35511201027830963,1.070621042585619,0.5010562338925171,0.883897884915886,2.1804515292360316,0.5959651958113723,0.6323227773636878,0.6532944503208324,0.2815119692209663,-1.0423727354903414,1.2062683250912827,0.7613600120863291,0.5607577865628988,0.5689229286237869,-0.1752853391289337,-3.5036207037450637,0.7105116572049344,3.6675798814034266,-1.888486534641497,-1.974928588644297,-1.1315892235381517,-2.3872544063615293,-2.7048163538375865,-3.270621483229556,-2.0194242394205606,-2.1247925952377695,-0.000282928103503349,-1.8971587869167057,-2.0908049753306788,-4.44404217826683,-1.603113401920256,-2.1133108168981405,0.7290698275203829,-0.35687637748887646,1.0048315259994187,-0.28202119411213156,-0.9157017567308343,-2.2483758197089316,0.009141072653643046,-0.5914023872384949,0.2685585743037616,0.16357853532344357,-0.7853122267446181,-3.6226818275122072,0.548834343646895,2.8486982201625635
1990,4,64,0.6341450664728041,0.784600730113516,0.5298794858542276,0.7524932538912088,0.764822588677179,0.9368516541446026,0.7289404551860439,0.7407217726319391,0.09269937249911615,0.38654735416342667,0.5770704172667808,0.53654783112657,0.726166097273365,0.7445359648601829,1.1674030345173456,0.9153654111279993,1.1226360008002405,2.6480350816302436,0.21321942788249304,0.05529793800494164,1.4668843206688438,1.5995596247899253,1.1906971835074198,2.5169082498243007,1.5421901214409535,6.091318333315617,2.4875234550094727,-1.4659000718721296,-2.1969579177102903,-2.3436185358061565,-1.572542098930201,-2.29981558772851,-2.1619550709751536,-2.930275330060055,-2.04072901007101,-2.1073463421889413,-1.6430036611753724,-2.2658935619978426,-0.6297750626431257,-2.9136544735763907,-1.6411657411000342,-2.544668511991163,-0.18943851308214513,0.08239789281925404,0.3427410878771944,1.0867990609534224,-0.8573593793231459,-0.20294683766149932,0.1425241070236215,0.11110188631455546,3.0943326210894218,0.13414918790595412,1.413027382727354,1.007101889023039,0.8791517328739249,-1.1000816714878283
1990,5,65,0.614299540317273,0.6076262173758181,0.9246639850833179,1.0794781628483903,0.5776079041078914,0.5878123302765662,0.7521191216386581,0.6801270589160399,1.2634178713878499,0.5821964393969976,0.7272381725153385,1.1004890782836005,0.6330965157499836,0.09337182463859987,1.7711254750931553,1.793254988823008,1.5387664303501463,3.582495478221048,0.11822144920054467,0.3074903741078786,1.1948878007357624,0.8280229422719704,5.000451853228421,2.5056497708231085,0.8880886921727995,3.780268582511484,1.561279085694786,4.209993757778256,-1.8880888314568272,-2.1283351515792814,-1.4201602917501013,-1.5520434087442359,-2.218214478809218,-2.5418061328991546,-2.2507882572580598,-2.5258113810362226,-1.2530189732517631,-2.9045243789380693,-1.068700874715733,-2.2493036307848326,-1.9248470925631842,-0.13687689044491935,-0.00041715751940525354,0.22919832096169854,0.22661721789910394,1.1266191727793566,-0.41907705037496473,-0.34538380388444523,-0.24538358912263664,-0.7717569211047487,2.356972365455354,-2.8210596295044854,0.4290721929530123,1.9117714349509383,0.38564122339314066,3.197602516725163
1990,6,66,0.7879612714018281,0.67836853676086,0.8873694556546236,0.8852212737141434,0.6885858579470896,0.9208925863983984,0.7024724535334,0.559511124915182,1.0238897983818378,0.8133882772164813,0.6233349700614075,0.439078597306181,0.6110545655917182,0.6982862124959345,1.3425080806634122,1.6130440017134051,0.8619687605035554,2.0378652255880043,0.054954251601213,-0.9540630042751123,1.523617770005985,1.4378373922735497,0.5420159984344085,5.747866528020204,2.145887437417527,3.167325513968528,1.9159327950822105,2.898259193872669,-2.3940508747701377,-2.52931887044822,-1.7936102691197402,-2.5040170964642887,-2.1387518471022973,-3.2518553345383836,-2.0039556254165682,-1.9980640765413225,-0.7648525240382008,-0.5526873899127788,-1.3943408796860415,-4.615614775043809,-2.3592449189778093,-0.34272023214566044,0.2302508472629386,0.2425510415949203,0.04255182781680114,0.03407544747541674,-0.02676539651010807,-0.8005825260134951,0.18042392126259904,-0.08718349542290024,-0.10478254082377228,2.2050707606518545,0.5626317862625458,0.34433095285474985,0.32597412442111523,1.76379987819012
1990,7,67,0.6623362652334545,0.7102878467330954,0.6014802953176964,0.3900073580467787,0.6794550700616299,1.1818060900994691,0.7583041949237539,0.8197856163710368,-0.03246279731745784,4.030213688062669,0.288837578775877,0.7151327734246029,0.5034509791011398,0.22337351426776575,1.38876309315513,0.08331006163049307,-0.2816615460752644,0.14487591058416144,-0.5078365857258192,-0.8532399219322078,1.1999739685007969,2.322234978134517,3.7471187415204894,4.079415670683153,2.8340751344070214,1.8841075619596295,0.1374022705967041,4.638609538746679,-1.7842157026515424,-3.142717074704372,-2.114984121716108,-3.0266578519046363,-2.465231421787421,-2.492110453602584,-2.293478619541414,-2.0996342698534454,-1.2247021496415518,0.6983830052590707,-0.9368163141499878,-1.578913723512782,-3.283923081785529,-1.23914695061162,-0.10239351939315082,-2.0158328434490818,-0.46066976177195956,-0.5505239536318085,-0.7551582166451334,-1.7188861646378237,-0.17007112287695883,0.7644251565263188,2.428006183040883,1.3975055647128996,1.3744610796411219,-0.16843329978159016,-1.2954731807471997,2.7734054765861877
1990,8,68,0.697758339583842,0.48532963600003276,0.6406635051557796,0.7377562668762097,0.5057784463211462,1.238226248334556,0.6161801139605685,0.8348848584435331,0.3523731185223047,0.4958724223973536,0.8500083957571571,1.0568808920929953,0.9121305412795856,0.6820880623509334,1.6213177926584863,1.1437102101103491,0.023691365834061225,-0.3877743461769259,0.38388996075857823,-0.764848851346727,1.0883341077444266,0.5213572899737774,2.3099715748373093,1.0669649343957832,1.3240742855365135,2.30316138793385,0.7346561854561412,3.607512268759719,-1.8074744513951322,-2.3486790493845993,-1.493709609430102,-2.2836696556721154,-2.379114586215927,-2.4111398910250417,-2.615907571770356,-3.3159607409236322,-1.617665310060781,-2.32455725874704,-1.4939611148831244,-3.3517624626626628,-2.919353055148988,-1.5182767620217812,-0.11867795666690556,-0.3708263485587286,-0.4734662783141772,-0.5009665208358418,-0.2318479509378654,-1.471758732905835,-0.5799831831754274,-1.103420430135113,0.0093911029083777,0.7354440615767688,0.6751712442054963,-1.4815258524321973,-0.374697471137892,2.279692885628636
1990,9,69,0.6715501522735028,0.5053062958376512,0.8327736606015265,0.4547458850935066,0.7123935283217511,0.7262351626420571,0.8791891222468817,0.5121526777417768,0.15504628248431152,0.9518907056340604,1.1840946677180322,-0.042442866513078416,0.5575142367389967,0.9472533686104175,1.639292435919236,0.2746013064424271,0.8985878470146501,-0.5574818419565356,0.061762122751071256,-0.8726189441459556,0.5929499787418233,1.6901778819480306,-0.6735195741692251,1.807562716375214,3.1638734265521267,2.074281878959066,1.2477305998440964,2.472235527136215,-2.2185300475140335,-2.8970195830519327,-1.9777394185746344,-3.9227792917772764,-2.4395614492253905,-2.6205153286861744,-2.615033703864545,-2.161467778136128,-4.610190941159287,-3.5832916046866274,-0.02071330128604479,-3.2455228593045007,-2.136576046101627,-0.9327560852674003,0.003356073372253072,-0.1533496687109345,-0.1975123425507677,-2.335359287584104,-0.9086240041522174,-1.0530519224047052,-0.8494386442036103,0.46846797048298305,-1.568130880653651,-0.34821508171885684,0.8164076474506953,-3.1435734442461385,-0.12110025208169742,1.1125333070591061
1990,10,70,0.5744068151220876,0.9596677989660117,0.8137292903871224,0.7409321857991961,0.7514413766583069,0.7107408671045927,0.7624519328928886,0.7642814086887714,0.7998160296380815,0.800391282346943,0.6552976867297589,1.2959996500618582,0.4999597876862595,0.582511341503104,2.0732809906271594,0.735412006774922,-0.7524573034588362,1.22079368505833,-0.03781656983153049,-1.038956798663956,1.35349846115663,1.3587570470904582,3.410267873549974,1.4033357143948415,2.856214167488544,1.8058434401258683,0.5321652508760276,3.9668315238094074,-2.082770777157324,-2.087021156444595,-2.2894199486293454,-1.5780977597537544,-1.9376706332525777,-2.512969830746525,-2.2624306652863866,-1.9850517186311714,-0.4114591740349883,-0.907839853627439,-1.0428676672967527,-1.7002763372948115,-2.466828637085441,-0.06292963334466263,0.3943806275914543,0.33655337894619136,-0.7606772429173345,0.12295088859862037,-0.8069340272489024,-0.5251978572848962,-0.011467390537818666,0.01987624852499495,4.128210048816942,1.627942154331469,1.9193149394554403,2.486486171004546,-0.5160905516865324,3.1643633514701257
1990,11,71,0.7394513000973125,1.084745547250235,0.9188079628612776,0.4792723699315641,0.5585786734550899,0.7488363700099087,0.6832132283514176,0.5217661573507695,0.8719896050016697,-5.387661145338968e-15,1.1418551434040938,0.2542951929212893,0.6047083280816402,1.1544829506101435,1.241629169249013,-0.05730275696218251,-1.3181901113839316,0.9283833076136925,0.41231541700816826,0.5737529361640754,1.0181305677607284,0.5333853417453042,0.630625727717265,5.43478260900001,2.368205936122722,1.797140641491356,1.16637856172159,2.8961941571976353,-1.829344033732523,-1.5773774102057307,-2.259521936784959,-2.4971086381197996,-1.950897628346115,-1.7792257872548731,-2.3028399191934756,-2.5062991105189556,-0.8710491765064177,-2.1739130430000198,-0.9071087751888055,-2.5835482489750246,-2.5459717077007715,-2.8845390721285122,-0.12905950136480987,-0.003480761384507619,-1.0614726008402304,0.17454900876522736,0.20118167403676834,-0.15343727804871107,0.07006770011031,-0.02574264323602148,1.859604487332562,4.347826086999996,1.1079046316374164,-0.5164508154695266,-0.2271457657548011,1.2543291615960863
1990,12,72,0.6250277647778716,0.5725989117870057,0.5814330229186214,0.42210449737255945,0.6379509388489408,1.073454118323842,0.7629464050131153,0.6577478017918718,0.25976270647095545,0.3928102983978168,0.6675097346223089,0.39345922008980594,0.7526393362282041,0.5511824536640327,1.6866919696274183,0.6768308521059632,0.26299695629878994,1.3176155350266203,0.5386649892572025,-0.9541180348935381,1.0940880449758503,1.581234788983358,1.92190094918498,6.102536140740866,1.4603517617187958,2.0968899671227295,1.8727232759724421,2.6611844474836412,-1.9829048548398038,-1.9378312723329336,-1.3196768296045764,-2.082116240768841,-1.9983948744623283,-2.8376922620361755,-2.199643325329925,-2.5376628626601936,-1.7459828598510976,-0.2976635537324004,-0.6074545091244534,-2.0893481715135565,-1.957687628758235,-0.9154577022039273,0.29807170304397906,0.45702732103316235,-0.3278791537022261,0.334243871955762,0.11929302721746217,-1.649207139109075,-0.06916891378129435,0.06970423357427824,-0.13126743518392964,2.235059529771946,0.7190968484920907,1.7146114763978844,0.3843775176553567,1.4648698595927423
1991,1,73,0.6510225137630941,0.7502259676516536,0.7794964183107314,0.6069017868404653,0.9111763838167359,0.8097359225964116,0.8231940821969811,0.6650372788256215,1.3258211995257032,0.6523478789820968,0.876345039703924,0.39285451963273826,0.7763223866052977,0.09103445395209123,1.4809554999002787,0.9159494749816987,-0.1547995492884544,-0.3523654136718111,0.6880623561185155,0.2781818922448598,1.2174322846898848,0.9772885180137436,2.7187134830641977,2.422302610740402,0.9907107271255957,2.103559700675223,1.4525588442888522,0.08291803001105676,-1.6950453086917447,-2.6525418061237493,-1.394926822617243,-2.8676083121770164,-1.8534640463226013,-2.5888467207245136,-2.305680214462383,-2.818966691794092,-2.3426160168230075,-2.1570149157904317,-1.478222790940663,-0.8962239871877994,-2.007064080326113,0.20370407796585005,-0.15895822494853729,-0.9225400900479105,-0.5252581141837491,-0.18765223464877068,-0.4834400334174181,-1.1794788795821773,0.1100646085846601,-0.09947038298277223,-0.7561692802698469,0.8751375304797715,0.653138757671396,1.5126471654047868,-0.44556867947493645,0.8598934019753766
1991,2,74,0.5941981638854696,0.7783805958646333,0.7427044155859052,0.6637732149748783,0.6656001639549423,0.6625475072804387,0.7428504306774617,0.560890848399,0.4204302230795458,0.7634604929972696,0.9583717493379169,0.555787901367788,0.5595746412652489,0.5717581477910015,0.6908596608954632,1.07306972786447,0.14109456252598904,0.7674447369387065,-0.1752945227729032,2.0478508903939368,0.8781652097528871,0.41519578548661246,3.655490762460672,-2.0003629265739304,0.6358505356288668,7.169742051663225,1.3741437552353966,0.5998755070520204,-2.292189815509972,-2.035001126709687,-1.8904650410179327,-1.5572253055645748,-2.631382631823687,-1.9387420743478805,-2.215654765134512,-2.225679639696139,1.0521104367568928,-4.625766049665508,-2.4999150044636265,-1.1684984091652313,-2.5591301768969057,-2.900681087351837,-0.6068894039060612,-0.2844170746083049,-0.6805083470032534,-0.2520011506475691,-0.2805733793776629,1.5254378103847082,0.06307379932145064,-0.9022360281515538,3.0215150799114228,-2.0997062865350764,0.27708807259515056,4.216886866856351,-0.5133661736283087,-0.7974251833346429
1991,3,75,0.6727351014811884,0.3597918521607082,0.8318151070374274,0.48746260308485667,0.41586726252503203,0.7226021052119554,0.6609027989879337,0.6729038347367006,0.1697479310919613,-0.09580939241544816,0.5197489178143846,0.3658343960351751,0.6618448795649836,0.2535089614575931,1.5681294564233574,-0.14495294720895327,-0.3118186406649964,0.5676561571618335,1.0959518126639474,1.0226036224139496,1.3396123180840058,1.2191450662192822,-1.6000663658368346,3.7667919060508344,1.0564781888132464,2.4062420368558226,2.2577914255442546,4.175679600451844,-2.3426003081506455,-3.4806642947002273,-2.096075502515709,-2.4575646982570825,-1.914440078573311,-0.7455414589274102,-2.500092317045763,-2.4632592661451547,-1.5474274808648663,-1.7153158398517148,-2.535856530957283,-0.922715315785993,-1.721162835706771,-0.8635142152389204,-0.2527124902759466,-0.7659065374472382,-0.2528615350516882,0.7809995307209356,0.5056310353473611,0.6730066857532527,0.28877791721108215,0.25279032868297824,0.28256372187975765,4.384318510066488,-0.6751147335014908,1.2153669242280445,1.0477389744518009,0.7770946718212244
1991,4,76,0.7075975420178089,0.9550610677542791,0.61789666865477,0.46369757904833114,0.6662615866434436,0.6287835154674086,0.6774826838307308,0.7078312411257527,0.2912607259113492,-0.1869216138393569,0.5507335968490324,0.9196649855816065,0.6959248180474283,0.3229056579899162,0.9712386758864071,0.9623007126517517,0.6325122118109232,0.7043626679869669,0.5726010080627941,2.1360055936065088,1.2848107593493656,2.0559913332231106,1.1251735583957374,1.9100021215979957,0.31447517370793465,-0.5602426137853384,1.609147470815429,3.527436863413584,-1.8756922278920165,-2.5465189084818736,-2.2360660164845756,-2.0022900438935882,-2.1095170353376975,-1.7898286088076898,-2.1882983797408277,-1.8278111303030244,-0.745787252934716,-0.02453407106406616,-1.522114140036227,-2.5256269993124776,-2.2987221592398104,-0.7907875579170539,-0.011247059009265429,0.27522951235770554,-0.27763054228599165,0.40306412187771273,-0.0867670389184302,1.464159354737857,0.16298415703050756,0.7657811047537461,1.3975270993158928,2.041727346516251,0.36779109417654693,-1.2330158366237438,-0.17050547811775402,3.6724656961390725
1991,5,77,0.6728384596784661,0.8688927302769212,0.6988653956051251,1.2578499326397348,0.6678785869764066,0.6613757043012,0.6638103371760543,0.5324849035595532,1.2588872164179306,0.3838333661944204,0.5223622816145398,0.678407304055646,0.7724534103975168,0.1004279855779027,1.2472239912599374,-0.158515511442349,0.16135956067104454,1.000177814164002,0.2693739265011501,0.9325255244765576,1.7257423210420484,2.553059436776367,1.4611898943422268,5.508770078559032,1.961129834012035,0.08414510123414798,1.9208939166839525,6.387199851844968,-2.081527102430462,-2.3717391768662375,-2.229558654405869,-3.294720647701503,-2.427282552780981,-2.1923518199028162,-2.0602333994607003,-1.437138536288696,-1.5825200999242652,-1.696137870236037,-1.1049436928467848,-4.690742602934845,-1.9761455847824403,-3.90724240810336,-0.2660095514932194,-0.974160940478231,-0.7935097648879631,-0.053199698151702224,-0.675840010388874,0.7618220011301159,0.6257776548931493,1.1172780722722135,-0.535619878603442,2.843118461067138,0.7259965316731396,-0.9879753451470111,0.11673041591008558,2.493042209272035
1991,6,78,0.5928861047293711,0.6933759624648027,0.9014673132795713,0.7187765042384648,0.6733160832724291,0.7606771146765557,0.699558142544431,0.5449360644677418,0.1379703802166634,0.7592499217709872,0.7870321967304816,0.994441637145004,0.7185273510288126,0.7826564172077733,2.009112454452152,0.5499780397713527,1.0297914833616089,1.7677943561398861,0.06507633014659374,0.48687233929397805,1.522625296784797,2.1399313799097133,1.2033496237303614,1.7395422280331974,2.780084590849684,-0.17834077126695505,1.5621846070755263,0.5518501189523681,-1.915653713357566,-2.502581327621839,-1.7470579731188751,-2.5781245500806866,-2.335762804539889,-1.9820789665877685,-1.9748899100229662,-1.8715725206692384,-1.3521862546820718,-3.889753937365959,-0.7857577321509892,-3.584807146299868,-2.2811178156334675,-1.175134465168076,0.47645536706245356,0.23616808165146128,0.06267656662912457,0.46424276411956544,-0.7905732768081164,-0.07046865095332441,0.18274932305770608,0.9172215586451226,1.189538182257227,0.030243544742004726,1.793197491060059,-2.0650306245555434,0.08026442735982983,0.9632701099561677
1991,7,79,0.6423682414494877,0.5507046463247128,0.7432217790873588,0.9506712608898437,0.6555564227393517,0.660265675876717,0.6996394624156667,0.7189331783662608,0.648552657239378,0.5479453110954952,0.41606868341287007,0.8774017837065703,0.726861952999662,1.0060768161242604,1.494323231562793,1.874760404097248,0.24484382392922555,-0.7024119703058063,-0.18023062279747076,-0.4472898801139698,0.8996133359368697,1.7238458424960803,-1.8032395617452948,2.0317046814846758,1.779713504082214,0.8904947525135674,1.1710621230601967,4.804696965118526,-1.8842325055281328,-2.138336946536993,-1.9674680895856669,-3.564118564631138,-3.379406573003052,-2.864727885880858,-2.4612039618467976,-2.047275942675788,-1.855016988237578,-2.579095506657094,-1.18344483294082,-1.2962055133220802,-2.3141438568777044,-1.3354785159055815,0.3722626258426875,1.1983719945767386,-0.558837097716661,-1.4302625487931397,-0.7002772102550605,-1.5721610793284224,-0.08430463069972226,-0.3207938459267825,-1.4651406030260192,-0.1623336602567138,0.8480600260028358,0.3386717853513086,-0.2914308918700725,2.585673322487896
1991,8,80,0.8151629425186171,0.5890948896239956,0.9296037090900858,0.3267439525119016,0.582138469209805,0.8233908511943174,0.7267064332076045,0.6092945659209779,0.3807319060631378,1.035623511595495,0.298394462164708,0.30004705867711834,0.46600507199450425,0.7650966203662203,1.298681776030312,1.3771470784866833,0.17928751304856147,2.416426551988599,0.08190991174257363,0.03900406060311536,1.050375511324279,0.7384602091333456,1.1323426284035587,5.144570932734671,0.08002169422149344,1.8497147724017535,1.5210186567626294,0.8609224747618924,-1.8217197135319956,-2.6812938067062726,-1.4283486941090968,-1.2466467188797643,-2.2770210710914376,-1.8766649165870122,-2.457909802852518,-2.1424045366100946,-2.5498710415243835,-0.1175115824070935,-1.8356865384692496,-2.4651753906639327,-2.6144773139904585,-0.5806286691344681,-0.49367855842590974,-0.5073654451212573,-0.27029864003536475,1.1081438016991991,-0.3804610904584412,-0.10562507954571906,-0.33083295166579585,-0.10622151854252068,-1.3636147977554385,4.477773080743288,-0.2379007708150494,-0.9369926865806709,-0.1682399465114252,2.3239761659649356
1991,9,81,0.7649884466910415,0.40198272465126317,0.752903143849678,1.0949359938161733,0.8459202561335879,0.6597583814821418,0.6025849970095901,0.9769282774838767,0.6033712120648901,-0.036460344546411894,0.5232617136360215,0.10775276759088318,0.5716604138129711,0.6112962760111875,1.6483822088839228,-0.15086912588011048,0.3869712176881973,1.2165443729209726,-0.46248564445221074,-1.972415791654755,0.9405989755485897,1.4690726593948515,-0.55359908611652,1.9724621296393743,1.1866380186862695,0.3630205201103488,1.392120854132566,0.8856321703183545,-2.565812260077085,-3.4276615087057145,-2.0496107488232878,-2.874433874709271,-2.468104079245762,-4.0819985977909194,-2.181396792628137,-1.7275100032202901,-1.6467828529758715,-3.421411292529582,-1.5131680591611556,-2.19075064290526,-2.38543612831391,-0.03515939364884444,-0.3161965554950596,-1.0725590365646667,0.2624552651225328,0.16946718952818776,-1.1909178666782432,-2.273367007254134,0.07315382570616516,-0.04778022922746176,-0.37475396250972304,-3.0816812503046513,0.28722380623334837,0.6172070155226305,0.21013831378582515,3.7753829567352453
1991,10,82,0.8063592784077134,0.6572986612944942,0.629206999687408,0.7369900078855813,0.47803589779587036,0.9841358222344179,0.7605722844667715,0.7319869722156553,0.6672542384036765,0.8862683201101379,0.7213506808123188,0.5342497124233702,0.580439579148564,0.6526747766195418,1.1191485303201678,1.5688022741772993,0.1814044163895508,0.5687043396527308,0.05331062668479267,-0.3291082321916263,1.1740615640079657,1.781584114601949,1.288815106158553,3.228560066049676,1.290926706562318,0.7128885949725491,1.446001250786666,-1.0626646538016167,-2.5298129812002714,-1.4126769721735342,-2.0934214219933898,-2.94082060550025,-2.183273353791081,-3.173106457108467,-1.9235901011213796,-2.0939496158614364,0.6785447158419246,-1.1531895036814444,-2.3676146759001924,-2.1015399824664835,-1.7668262154221461,-1.8961127057596716,-0.13406189871306978,1.0631600188666126,-0.14768132609648552,0.9083874111222943,-0.04851069760682014,-0.3299203206480095,-0.15229246377053882,0.27173886855914786,2.4746207335566353,2.213290836337023,0.3690396710893753,-1.0653492235661974,0.25216263501758684,0.04832715426969897
1991,11,83,0.6514540259800502,0.6961648446595524,0.6561488701579832,0.6888255982803796,0.6568671821220767,0.6334913531234198,0.6628985847207622,0.5943675722346958,0.6593244505820199,0.16615097142083554,0.6144630939015726,0.44946778703402096,0.6454328641659791,0.4691574884747432,0.9268230490978355,1.9902168902308763,-0.23910335026519447,-0.20618500289345504,-0.19200412039068349,0.47472876583439266,0.8364073921481818,0.33037744917654727,1.8763090806999883,2.5574312742399608,0.6853035559447829,1.0926468035466443,1.819222946182028,1.9142298934198152,-1.487782725704846,-1.5662634703513092,-1.9136770773175504,-2.793455430582175,-2.1436829592901203,-2.8507197078244695,-2.4757225138550747,-2.5907504478450876,-1.1665442196282447,-1.738675618390394,-1.694238581447271,-3.678819741413424,-1.891914016274776,-0.8872611713086873,0.3530219730682043,0.3870796968170298,-0.8261611296433157,-0.31539361113131215,-0.4672673205086396,-0.4683656710114346,-0.5860593153951515,0.06941725272497638,2.8391553453244573,0.9827665702456001,1.4225699369071902,0.9470769368082738,0.5591289766711154,2.4871465807982323
1991,12,84,0.7641138356210038,0.4511831688256523,0.5842476442477303,0.9167922215564447,0.6332060042438086,0.5998233716999785,0.7064150768545133,0.3734220583864815,0.4384602494861934,1.4969674668768334,0.8547421006883198,0.3663003660000002,0.9254037447447027,0.9799314609269135,1.5051634515633536,1.3065953289883587,0.44954023820200567,1.7553557106694284,0.5002212414045469,-0.7109387000684466,1.8352333010045871,2.274050649607159,-2.572021760511226,2.6145797668429833,0.2941572053066661,1.0989010990000008,1.547426921326015,4.137410362324418,-1.723884645932004,-2.246265896386281,-2.285413316754555,-2.5065207115446224,-2.226898974080572,-1.7949905899393472,-2.1334661744205943,-2.119573384747856,-2.1889841925306004,-0.374363263514751,-1.2742590065632378,-1.831501832,-1.9402407056628608,1.245905611787014,-0.000330028111545012,-0.3707361619972006,-0.05196209080344376,1.021152835566577,-0.1807892726675855,-1.1383935973603936,0.1847291942049573,0.4743604247284707,-0.9867080479459046,2.8635561889823835,0.005226408654364717,-0.3663003659999986,0.14715780113032834,3.431494331419931
1992,1,85,0.7641791156012261,0.7099373647901261,0.6979465899966076,0.4772983665264476,0.5852941702253562,0.716016582568858,0.6474420228354621,0.5357775896666983,0.7467476587373753,0.2633023118860519,0.5056410311721419,0.5009285273283627,0.6976023507561566,0.33135793252736534,0.5879267106056503,0.7802159810440442,0.46698868879451355,1.8060453416603393,1.137151981406574,1.405100140368854,1.4235143971688675,1.7529410530739056,1.2230819505205965,5.898241028139273,1.7100532695018398,3.105699047496054,2.6023237184659576,2.053709877624419,-2.5398433175690567,-2.670467282474557,-1.907895081637541,-2.2845128175428875,-2.3348642807392963,-1.5950139804389327,-1.8526048900565395,-1.825208885267881,-0.8452379544383155,0.23555382795066054,-0.637316755429584,-1.528611774571513,-2.036274335449583,-0.5135818704178541,-0.6545335612458137,-0.28334514208576045,-0.30999230835377545,0.7865748597621308,-0.35490142220436555,-0.14144639426673503,0.5088058218204827,0.6096625060692712,-0.027232013412066523,2.6244058066520655,1.9542238457917458,0.9325060834852194,0.2639249610183653,2.0866633077446846
1992,2,86,0.7056012666032807,0.8183108931368698,0.7671434247735487,0.8500080745701337,0.6755508325615202,0.45107969715536694,0.6410779251065596,0.8716469327015899,0.04160579798906284,0.7370058077436661,1.2805191368804372,0.7915004553019928,0.47033833788077434,1.0618465634473426,0.8259061712473392,0.011237876162029571,0.8836416775060536,2.4204758677059184,-0.005236840426040126,0.5827452104641238,1.2198197619156348,1.5322741929271506,2.5668074556176874,2.2324922101841564,2.1709235089177836,2.3127073722486937,2.522159701833823,2.8292136062309408,-1.9062471289964784,-2.105232628251306,-1.9251710054689197,-2.2024944888315665,-2.497497060614171,-2.62780325766584,-2.6773747690274443,-2.4416080510627896,-1.4233136077172883,-0.8481762403945866,-0.6354812413926811,-3.232461126465386,-2.059260320724602,0.20219621523743342,-0.41509383927738464,-1.353700862524639,0.6140396628474731,1.5473147617407248,-0.8669184885185546,0.09941239985045552,-0.014208502333994545,-0.008151204691553863,2.7235474008016287,0.07402895462180295,1.1206302012835467,2.1145487933041247,1.065146662386111,3.356732618656156
1992,3,87,1.0081875338116222,0.8371680731985774,0.412208299770733,0.869271464342267,0.7985611301696018,0.4164313118361883,0.7212745833725492,0.6913835346348809,0.5519995804665635,-0.13645297843733792,0.6184291558619948,0.5273133906588412,0.6850977816095107,0.31553408759319373,1.0183761554234132,0.6337785635159474,0.129873262971708,0.5022115795945454,0.10022994975031997,0.11614787367510226,1.421623533037649,0.9968597750310789,-0.48888458089634484,-4.457551748316848,0.6982248236888896,0.8213889482083845,1.3953909379014502,2.367203612088886,-1.6863553211345035,-1.9212454638808947,-2.0031230209385074,-2.760165429869358,-2.342222229857221,-2.5893804163270873,-2.253532739238016,-2.334032612377245,-2.3889236205450004,-2.0021182477409356,-1.3703657296103982,-1.7458934599830247,-2.0519318343932844,0.4816107985708168,-0.36725298075949203,0.7749160661481159,-0.1535041487884207,-0.14480645821744062,-0.5677965463883723,-0.3344184391426155,0.1141610410938982,-0.5106819461762588,0.5741503027430039,-5.513522004287109,-0.04593071247436224,-1.1020512429760814,-0.29332016175808945,3.3567914253659215
1992,4,88,0.8248488900604052,0.749415578499734,0.6176436805106187,0.445027759864757,0.6817853301013838,0.7267606339184983,0.7803265685892948,0.7138802959120293,0.25982792704351887,0.5422006129436662,0.7478345671957839,0.14681518250997042,0.5309933498113677,0.43334367804654805,1.6057898914634599,1.7609184845828434,-0.21937844372340531,0.7690731113085659,0.10349947539193678,0.6660691383491234,1.49798343591649,1.29918757132283,4.252902741287503,2.577171148584165,1.9128551484427663,1.8526514638499534,1.62691497696614,-1.2361833214869635,-1.9422185221449766,-2.020838547266806,-1.8403470490066918,-2.180359407537332,-2.3490614033879975,-2.0950275863640297,-1.8652103075428261,-2.416248498091715,-1.8131315471595313,-1.1497675229945903,-0.9353305409479651,-3.539697023637599,-1.752941656393001,-0.8587404182869457,-0.08015164829847456,0.19637960068594817,0.2003427881366933,0.491933994247205,-0.21518340258231414,-0.08800011654319245,0.6505508686906365,-0.45181743770860416,3.1890451772008337,0.5780488790217938,1.8636683988007365,-0.8597015456411685,0.6042418233532679,0.03830144724877776
1992,5,89,0.5714832523369803,0.42441151945924194,0.7090986287655706,0.4740974450958891,0.6401811511486881,0.46185721342875274,0.7622656134065943,0.7155605907514112,0.4739303949523343,0.2584619235449302,0.7881354264616584,0.6385558334382345,0.7879590841112256,0.08967314896649535,1.359546230842696,1.94955640329897,0.9275895095590382,0.6887733891623529,0.9595234657740278,2.271446613596189,2.128640182894865,1.9213447430765733,2.0882273461282392,0.8777323723690825,3.1321731087406115,2.73206824998701,1.8625314425285378,-0.6282605562061991,-1.6936599971189177,-1.8337957515763876,-1.1914578396493736,-1.6671822151406153,-1.76565684196574,-1.1775528903691954,-1.6102641284886023,-1.609828485051366,-1.4570313365382679,-2.9706911535002467,0.03753152837043719,-1.4044622149362809,-1.7815260560782178,-1.4332342167894139,0.3954986947417846,-0.23391565063569764,0.45083188585735795,0.34736432495446445,0.2925467987648456,1.8935172330013097,0.8376234290225978,0.20951343269668105,2.1316523913460563,1.5456738491197106,2.1674832172078538,1.2580660107922599,-0.0004033483945474467,0.5195269559712302
1992,6,90,0.8983840405082033,0.7255581238449739,0.5691934428933492,0.9543195673925833,0.6638001210250368,0.4730258779944019,0.5533239987843095,0.505829033441963,0.8159220621452101,0.5859905414026169,1.043398502734394,0.6083306259557928,0.4693138441270993,0.6711203054609315,2.3821140651318617,1.5542210071305604,0.9173876824170978,1.2333194282052977,0.7386484992862211,0.10982087311705767,1.54034215696322,1.814862221873833,-0.41549800698404815,9.726288741169045,1.521951096918726,0.05374333954723784,1.6077679347481209,2.8482672534621187,-1.8247509906190587,-1.7770811362001786,-2.012193476826883,-1.9799938950683638,-2.266876287252095,-2.222322998650819,-1.7311993253801468,-1.801865697576405,-1.088799265005673,-1.4032201410754206,-0.9705196095089543,-3.065655409484941,-1.6544683969532423,-0.9772133704121435,0.41515257195409416,1.061894227251911,0.054172057637084686,1.223311410114064,-0.12863735710082885,0.26962323108615543,0.37427540277460325,-0.06473317353920528,0.8363673176321896,8.620493554333395,0.9494193217207364,0.6719311090264377,0.2501500805577194,2.0488103759731504
1992,7,91,0.7959965022127292,0.8592010898813457,0.832629289943291,0.5991625661138825,0.7069539289278854,0.8761022735370191,0.8130394383410098,0.6143270961578086,0.5296343715722409,0.3369553587948575,0.44081099278617814,1.7868485521583914,0.8823267410688378,0.4122367357543784,1.0724144128905404,-0.9259282371742131,-0.31691350882093955,1.8037242340466224,0.09878987616332167,0.6248096579766627,1.1868556758486788,1.9055686499875955,2.9031289784405714,0.32342155205689965,2.0293568663940875,1.142275393565197,1.7431539983499291,0.5674785995559682,-1.9451976700608649,-2.7932971233953237,-2.4893359327109184,-1.7489194479664205,-2.3528727385443533,-2.021868804185212,-2.351016910230429,-1.996115366414968,-0.24915931882802397,-0.09531212078791465,-0.7393665992955766,-1.6746897783195882,-2.6047799525940243,-1.6834680852082777,-0.5179448991010143,-1.4195752901579042,-1.471536698165704,0.7425277912448942,-0.3454353587580715,0.01965358019483598,-0.42921660574844983,-0.010621069348011335,3.0401644708423206,-2.4582501401910797,1.5121268624630848,0.336097987493918,-0.5621027614201781,1.954063939570092
1992,8,92,0.7150275393469521,0.6813410858918095,0.5929240569499096,0.6312700906376568,0.7550121526923889,0.7179683340479497,0.6903405197793555,0.7591241649226051,0.3188456294828823,1.1018047684931227,0.6600932754291089,1.0689904553854477,0.41027518747868524,0.6088570445292827,1.8306533124201483,0.8811375495920525,0.46905399169742507,1.4471265111777611,-0.5615263872477281,-0.02679781532416862,1.078853278245887,2.6946673397237992,-3.684750315281493,1.0004995213055032,1.182646757620068,1.4875277668477158,1.160896211247868,3.602199693065902,-2.1342484209127677,-2.253023197829588,-1.7889619438271316,-2.516378282884426,-2.698578523684119,-1.681639481313176,-2.1883196987579443,-1.57825210674427,-4.813624717277209,-1.6776550054853088,-2.014280209880542,-2.0746245616836245,-2.1477255554192887,-1.5517931789162642,0.07946558439866587,-0.023669373190575008,-0.34525241036925924,0.3788147013045629,-0.780581140407173,-0.8031705980488024,0.2142699237953349,1.222533750569587,-1.2750786996561991,0.023327769814904815,0.21034625734540802,1.5372888510665725,-0.050159799534493864,0.9212420532174174
1992,9,93,0.5626575969261034,1.15219953011193,0.7443501049580074,0.5820995822852189,0.48267921650673706,0.4436495298984181,0.5892437846990425,0.5673397154776427,0.5195662278889892,,0.807836714011556,0.9700419544562477,0.4886270308043744,0.9356699473148212,0.9660092004077635,0.27828136085004856,0.722029661155226,-0.028547562546246172,0.34847665466413197,-1.3778022622003556,1.099025934994958,1.413285613518895,-1.0067754693507585,,0.6314037575027863,5.373846511520389,1.7924230284941056,3.0889287070568825,-2.045300216031444,-3.1749799257774565,-1.8424814296297523,-2.5486372685215546,-1.8730358870205612,-3.5199453183253304,-1.9654351949323232,-1.7154624608403366,-3.351801514187712,,-1.038283972533394,-2.2713416017911214,-2.4542452731412565,0.038893310190592556,0.06342823575036372,0.10312249917990512,0.09170039260244317,0.5073817185047961,0.1996865057746474,-1.4490343469035871,0.5833100687269073,0.6461010886821162,0.4270493119301106,,1.7181902690280122,3.556449048383035,0.09583222952580742,3.643831143631574
1992,10,94,0.620330722909205,0.7631051687850823,0.6088733029843709,0.7403297702649922,0.3613304147675271,0.6382272571745555,0.6158227104220927,0.6431617499820151,0.7203087794827029,0.653741741622658,0.7507826836971638,-0.04244286651307031,0.42889286373734176,0.5182730891309377,1.9145111281544627,1.6177193794233027,0.9187863770286692,1.5896780789473544,4.7961911389874015,-0.8951777131263068,0.6496022318309546,1.637829457606842,1.1351827576515245,0.6609569022172014,1.8309412190519259,4.947073229459048,2.2904800690300204,2.8560007655984476,-1.9116601923914491,-2.399413981310119,-1.1346041175620805,-2.055331378295663,-0.7017355626022841,-2.6012682075249653,-2.5989877720029955,-1.9884091736224356,-1.1456109556630822,-3.536865719061309,-0.4173317266726488,-1.8678065233045102,-1.6439207061856316,0.8987323166066582,0.6120321922601039,0.496498318598643,0.8533989577776153,1.0370614702318584,2.5830481861279515,-1.5161928059443592,-0.05981540922292617,0.8148584546331186,-0.09766375088540054,-0.8684218319582123,1.3863605835134711,2.2583712357538483,0.4785280326437481,4.040078168527136
1992,11,95,0.7594587861769615,0.5002737075713785,0.8925847290566379,0.618954428663871,0.6749099947723348,0.614935892840909,0.6494893792865317,0.7525406874828863,1.3700372643350034,0.7110046485626634,0.48104038382743775,0.6363277516553282,0.34547605647148605,0.5065459067994309,1.827459078879723,1.2710563005803568,1.1012649432710893,1.7975011361116922,0.038041502422952726,0.2449626344124288,1.7269111923269465,0.9050592134641803,1.9899308388839267,-2.160495548316848,0.78419146920925,1.4511387451767517,2.0588924864459472,5.293239942136583,-1.4976230387500382,-1.985040691713502,-1.4977257855737576,-1.9317611537210464,-2.1134622020946447,-2.0948616732840106,-1.9139962425877888,-2.0571387912341383,-0.42410393817308495,-4.9816008527409315,-1.1796265788177844,-1.8773107255069914,-1.2536844672769816,0.10848015224590571,-0.13091551227165557,0.690999626977917,0.3183488046667387,0.6135795582870397,-0.3928055477335438,-0.054840614901864634,0.8852615360104542,0.16880805682735786,-0.2729486121674496,-2.1638342252871032,-0.2741467195705162,-0.24832098562584207,0.39692833098496255,5.225863239582661
1992,12,96,0.4901492423524401,0.4845690785365472,1.007217036385063,0.9208304810013831,0.5923399263113309,0.6189824559953744,0.7550703408770436,0.608216161706224,0.630648815981634,,0.5805223794117539,0.5523300452675988,0.5263034247445968,0.39756405748629936,1.8498877481108575,1.9683535541248853,0.9613575064879953,1.2238756018409263,-0.07586855808411166,0.9216154385647374,2.333730669695362,2.3841500911348708,2.5708075134755424,,2.8840755448419944,0.2779250097618405,2.789320694370486,3.8982904749230336,-1.6639680845084615,-2.4065789698941713,-1.8688510309420856,-2.6658260579839657,-2.605769893779627,-2.1840441113058424,-1.4941082538374229,-2.0552351338667765,-1.5922436270350337,,-0.19324302487974887,-2.57530701597657,-1.3063979499218545,-0.28203873692636794,0.39005120923674175,0.20965467747402763,0.4348878632746108,-0.7288406225664893,-0.41900284256172626,-0.060401596785057736,0.8518551868066337,0.38914454750626476,1.7007464991942711,,2.4183120232895714,1.041729130920527,0.9056507559216364,2.8261367059203013
1993,1,97,0.8418385155291996,0.6439968252769762,1.1456649530342424,0.8216890891454046,0.5883595069084832,0.4952655072040281,0.6016152586236044,0.5411667011860952,-0.20301764536849834,0.5097763110374872,0.5949175220497815,0.7819530012724399,0.3807108896442919,1.2963426997909266,2.233587915505889,1.6400610704710343,-0.6233330865815366,1.4007900305137542,0.0073639240131078915,0.9716021466012813,0.7932403801233615,1.4812207428833783,-0.2276604269601213,4.256621649974482,-0.5345574781993664,1.922989207297017,2.897674387656419,1.2026183754518647,-1.5569540912236366,-1.9056656853238598,-1.3727679006933087,-2.477746072701018,-2.3121469367763567,-1.959444806533518,-1.9552383499075794,-1.7774213977395725,-2.4616837305834394,-1.913704791053158,-1.2928550385410726,-1.7327889637770533,-1.550654005616887,-1.2959114669055816,0.6743611652704713,0.41735630363975695,-1.0470172369684103,0.8453250897634591,-0.11054169101289606,-0.6635263859401035,0.2765357841246482,-0.880021257806133,0.6394734116562067,3.013782707263952,-0.5093196425803852,1.1245966831872465,0.8066770568801134,0.5101456691545646
1993,2,98,0.7490144516321394,0.6764249164454016,0.4738885371164037,0.6393711196051365,0.5955168270086677,0.9489966567550616,0.7336088758029538,0.5701789679056847,0.2716000776181924,0.535060649174034,0.8648126007476629,0.31813788653808694,0.611714460287478,0.5377827753614987,1.9505702239626204,-0.42022565466850004,0.5675764951308313,1.5381039547840898,0.23310981485075807,-0.2989779369345756,1.4682945418040758,1.584492242522879,1.9955680903781878,1.4706011360813054,0.38354397106968485,2.5077426749219476,1.6659858242623882,0.20743098329988263,-2.030980773683112,-3.727208031240623,-1.728385673248146,-1.6617126941775249,-2.441118034735277,-2.6661729321677683,-1.549484946959743,-1.6144967735836098,-0.9406942983739353,-2.763991952564859,-0.9726738021078749,-3.1884248024654114,-1.5901540694396972,-1.3567571819839546,0.6602764890354903,-1.4392374061478406,-0.0485383291218215,1.91564622202175,-0.5311221375311737,-2.038175804141573,0.7022058814410859,0.24678219874406712,0.29159507980743254,1.2872068073304717,0.4147511245116019,-0.9805890299753484,0.3664898871936742,0.9239843925380197
1993,3,99,0.6632814562918176,0.9068361505106122,0.5561770820577235,1.2010035513917918,0.7412891200629194,1.0450811706641367,0.5182027287325142,0.6582857496038399,0.2723756991169729,,0.7551925484594503,0.45387548972714925,0.6592089256501287,0.30482560405475567,1.475160912908907,0.24362607669853045,-0.15615832410111677,0.1542393356356717,0.8671973970661125,0.6314671086324204,1.8117786767458295,1.5903968251153928,0.825880250835918,,0.9021133184949212,4.341548388705106,1.8910279199956594,0.9162342765104383,-1.6346900811554728,-2.9708303877098037,-1.6065579264389431,-1.9411002604535854,-1.5885730952933534,-3.1173659814624353,-1.6317476760730958,-1.10858813421773,-0.8270072655043216,,-1.0347005553357431,-2.3225180590146666,-1.336636389519285,-1.2177652941428996,0.5450135198686218,-0.2859025130842999,-0.528918968418504,0.4856945832237333,0.3593472248931582,-0.9625717231163191,0.7957315746366747,0.43446684996719775,0.8940181768596146,,1.521200854469757,1.3201463447433732,0.3661781927720127,-0.2262648035031412
1993,4,100,0.7150087137251555,0.24578579001439846,0.8056507238713754,1.1374876821379292,0.6146142192387848,0.6754492491890673,0.7127447954887102,0.6336862733416257,0.09976214237796818,0.3010233727308653,0.5829912019420667,-0.042442866513175116,0.4827603318431309,0.42011216227397097,1.64864182224924,1.8617742179915358,0.9419829065073698,1.9119000937032398,0.4787143235714827,-0.8755997009992847,2.1648412361101523,2.401836728472248,-1.6997114944503229,4.2864117481503605,1.3638253687238588,-4.016237771041281,1.6125216204396768,2.7742777939586754,-1.5384928467496803,-2.53828201620739,-2.7078735154259252,-1.537831163024753,-1.91408590545625,-2.192436696420712,-1.1543679191659943,-1.7257335970816656,-0.7628615880134733,-1.2591129950824613,-1.0874864134845281,-6.449098944304101,-0.9565008873182219,-1.3034236681994606,0.634211491338904,-0.035418500538184336,0.3843338949457048,1.4663534765215596,-0.06260343347758247,-0.6651827643259112,1.2078042167763139,0.8314739784063365,0.042227084515640965,2.5744688351997533,1.07565688329468,-6.347149529246189,0.32823966334653054,2.922760831606173
1993,5,101,0.5887958376569596,0.5098142794077483,0.5434216120852872,0.6550245716030532,0.5547820164036135,0.5540698029733387,0.6625574614991484,0.8540856822707404,0.32807846653350214,0.08020056213119615,0.6559698621273548,1.1614634540852649,0.42470270562363405,1.1365022965383302,1.8318306113573533,-0.4051170017198451,0.26185889548750074,2.0821174618298586,-0.28102911039024736,0.4254242769060664,1.3991971801443275,1.654216735099396,2.492734519761652,0.310824567656542,1.6705324710615446,3.8245393035441686,3.104007955856464,2.0302947430220426,-1.9018596401792098,-2.2782030680723944,-1.972759315554769,-1.7069934945441536,-2.230891174351034,-2.8012756754289785,-1.9124788686573035,-2.064115439364673,0.3102084526296071,-1.4693281097516409,-0.7849548058352537,-1.8448308478010367,-1.5228031435342262,-1.5662225229409819,0.46867496822916765,0.048481604725395394,0.08855178395532728,2.12659129821137,-0.8183379806621708,-0.30377587099230724,0.40431433882652745,-0.3491472328683434,0.8269759338697601,0.8078426108721379,1.1961233335925758,0.45481966853091904,1.1905703726070378,1.3149737244862096
1993,6,102,0.5290717908204277,0.5613379474008744,0.7364316430908661,0.2661627657119764,0.8065047974087264,0.4050551850938438,0.662861157735399,0.7376881255390486,0.38536520474600333,0.15057702167520373,0.5675039667413605,0.31020006611398776,0.5121926429211666,0.7718567048780943,1.988118231742387,0.710107012809131,-0.19735964573343648,1.4027618738776677,0.18485798876655207,-0.67790469768443,1.9335502321573117,1.847955361250529,1.6846431748769404,2.851591162163493,2.3414315327709323,3.916241051719406,1.4903001979201838,0.8569936284936809,-2.068212085166333,-3.0709947370813753,-2.1687402650009107,-1.5121959043318252,-1.836277246518187,-2.4472818300462458,-1.8447202838361274,-1.823697223345285,-0.9998111389803409,-1.3813365505755442,-1.400629546581007,-1.3607908636594832,-1.9680542187757786,-2.891369803591605,0.22338035456634953,-1.0688236844285468,-0.11624511120055786,0.8421742493742462,-0.4990199982161701,-0.07526911719830004,0.548643799885023,0.3947924098807694,1.153593651055742,0.5691844415603171,0.6480837826600653,2.0552671863740213,0.672039278147754,-0.41971200584861573
1993,7,103,0.5494072850686834,0.9352593048078071,0.6382738821825882,0.463197029321013,0.5504271477966481,0.7650069582464291,0.8678885697047882,0.6996872892766623,0.26215455112837327,0.16284011840261614,0.4585088188732087,-0.14880148254413056,0.5941700131267494,0.8397626939697468,1.2374591100093482,1.2156885887393698,-0.17891395661985496,3.516471019764135,0.3165572749115298,-0.461285734712504,1.7884271053546894,1.6991858945996987,-0.4812856519086332,6.421738861169025,1.471849220548651,-1.618875076799332,2.3606674939661514,0.3172551973844495,-1.974588057620987,-2.7830264447252095,-2.58160659244007,-1.126793266188773,-2.2739798419739805,-4.071380621433062,-1.8608445564282425,-2.130539080082885,-2.491417429095644,0.9674880514245806,-1.0075569620559228,-3.5937404610766266,-1.0624055416014289,-1.1029303767826977,-0.0036364657630681024,-0.31033145531346523,-0.8245198792942656,3.401514602381323,-0.42818168838833087,-0.43171450975292996,0.3045073442864246,0.8458300678065906,0.2955067301182764,-0.38490038266661086,0.8679052104054065,-1.871856980419945,0.9701070151714924,-1.4195323325764209
1993,8,104,0.6226633057842594,0.7206920511982767,0.728245196915138,0.7608246493314554,0.5482058366447206,0.623958493547787,0.7491250879870283,0.6627924731532825,0.5062591811442754,-0.036460344546413115,0.9171514266477763,0.7988891634520201,0.7148235170449264,1.4148254136838827,2.27298447270368,0.10356449752211307,0.4388704057378155,0.4669866214246436,0.5848662932522612,-0.8782260669083767,1.7810568288383477,1.121163796632433,1.6387427392981415,7.472438580972705,1.7092937958369654,0.070317862404733,2.867347944064282,0.029211970230279254,-1.5929438643648495,-2.8068743281657813,-1.6858669386781004,-1.9548943352680166,-1.9280734053455624,-1.9514060954158334,-2.203184051557061,-1.6276066668971534,-1.870981490117248,2.080701343137075,-0.9714143542913175,-4.04558646238342,-1.4414178131142845,-1.039464569955062,0.7130591586569155,-0.8210816526042714,0.14541145738702582,-0.3182940451499573,0.013472097527705517,-0.947149308728656,0.5890724764464508,0.4570155618442273,-1.3806419247023847,8.003495973028684,1.004987419960588,-2.905061200193979,1.0237550646096658,-0.6245584281380807
1993,9,105,0.6916748982597817,0.7330987334828973,0.6670271903152404,0.6667275437867285,0.610313891086716,0.7552990827798515,0.6833541011673951,0.7686571188132099,0.17578952115023405,-0.11448099380221635,0.6848998941989356,0.6096335251531492,0.6063422414445543,1.3381484665088426,2.4725103454764428,2.8435599333812194,0.4362335356443604,1.3792160048890927,0.10897977484094737,1.7602316329326644,1.9821858604507328,1.6652848894388215,-0.31399190731746957,3.2732156000317203,1.9834110991098175,0.5092567947422498,2.4643728224532144,3.7029448782231156,-1.6397737393525045,-2.082309457234685,-1.9697565279572629,-1.5087798490979236,-2.072735063068823,-1.1634913294765883,-1.2739220068314567,-1.277498153811095,-1.8053191999733076,-1.3711138396520668,-0.26696478011701263,-2.207894419118795,-1.592811115829,1.0022726300460454,0.9198755652369258,0.8538061043072201,0.2028300538184089,2.3490029873319713,-0.42826135203396243,-0.5051835598263632,0.7547693744561024,1.2034281955072141,-1.1757984040533032,1.0403976083658422,1.8429306675428834,-1.7574235884773322,0.4033125196141916,2.0895975836466274
1993,10,106,0.6475036680812396,0.692708564913142,0.5297976926218435,0.45272419807561004,0.6507987526674749,0.4849325818430043,0.5752724905988886,0.7393770417126495,0.3915937713847372,0.8904473600577755,0.917378981025298,0.48459113475594795,0.5507562203907579,0.5407976811740667,1.793784908723861,-0.10698583555466655,0.2568681031631842,3.926291782570439,0.6229380325804594,1.5596001406027806,1.6290507578289841,2.568001115538924,0.6726609590979475,1.2216817314511583,2.005084294957474,1.3169623646544513,1.7423620334477805,1.4117481029805843,-1.7711023436624347,-2.7402678464684165,-2.089203822338189,-1.82231510982373,-2.15963059603418,-0.918074552260798,-1.2961548969837775,-2.0294485146649626,-1.7725266020567305,-2.2411487773410275,-1.1939794981857683,-1.4809011388695252,-2.1466889751513802,-1.3851632110024554,0.9477139864980394,-0.5822890873448416,0.388616071455415,2.008236519029773,0.03853772880134276,1.3301523111919726,0.9092746415979233,1.6970811843082745,0.8392846151716694,1.1829174123137827,1.1264558768188886,0.204430943598115,0.03369879871596966,-0.11612645564689544
1993,11,107,0.4985538256967201,0.6282619191615223,0.950894402418804,0.5310196378274373,0.5236043533750053,0.6588697902667469,0.6906302661472228,0.6756659390973817,0.43021702287996383,0.8994818402684127,0.6844976519298279,0.3429186117932918,0.5508649556847204,0.30254579044739754,1.8072970116441254,-1.0997297409921722,1.2272098728497682,1.0575497021251035,1.3855685331612249,0.5990794954835738,1.7102810043161238,2.1300688815732776,1.5782390025305153,1.2939502601126975,1.8095217493391331,1.5631576104368299,2.81907900073448,1.9892083141324346,-2.0229198641328723,-3.019952837815049,-1.991490573012244,-1.9913799104585634,-2.303694775931101,-3.3521982418824035,-1.7127692861521977,-1.342056681353119,-3.026484663085896,-2.905837830383627,-1.1361105392552313,-0.5929323611706326,-1.9259202777155915,-0.8259153693149016,0.389278300872656,-0.6464510048784302,0.045570769343682954,1.0884198605690703,0.6179168435650237,-0.7765166090548934,0.7152065920942086,1.4447158634651878,1.0705566815691285,0.03277477088892233,1.5849528754502669,2.272826269143608,0.8542472276634503,1.4657150804766066
1993,12,108,0.4897378614389758,0.5311860357807688,0.6357439989149598,0.4105523321125734,0.5060940421799993,0.7859394251071042,0.5768340864382162,0.75942878609646,0.355013985896781,1.9130615209152029,0.5444218980325498,0.5346072621251395,0.5372110438814053,0.8689518734447294,0.906844358052305,-0.1426297016396902,0.22426265172468174,2.177396407931648,0.7613756203903244,-0.071341966784819,1.5349996443452423,0.844736495211792,0.3700720658323213,2.694805939023382,2.270123505521485,2.5139564353858197,2.447562392549434,3.4805866997218797,-2.2992160958281085,-3.0597779649114103,-1.562045794477556,-2.216609534758652,-1.8229070986983502,-2.804455346965454,-1.7896541931492407,-2.4015972462781865,-2.2563342250686853,-0.05459627141930507,-0.49145909071358884,-1.8570138738790831,-1.5966740165876456,-0.3365118995787113,-0.295379573270446,-1.1785072806013093,-0.11513717383582331,0.7300842717127711,0.2118689030622815,-0.8680721830781795,0.6905289767917877,-0.37690126848381983,1.3346097698933725,1.337307349557863,1.7842815792841573,0.17211634522051739,1.2725810030722873,4.228604428489792
1994,1,109,0.6387424407332256,0.8023219414775282,0.6260958515416158,0.48788404752272174,0.6307100127565922,0.4156095429513326,0.5400052321140907,0.4516935538296628,0.15493552248689024,0.20974810493841373,0.7198910362807392,0.26424995153287706,0.5397224101333196,0.3259645279704081,2.3759432423153197,1.292933476883064,0.22047896853484816,2.255275934986672,0.13739770067263615,-0.4384037286341515,1.863599405453206,2.1639319307161444,1.9716010736921759,-0.4039897424618789,2.0031935347592658,4.675537556008524,3.0948403990911264,5.639921740728014,-1.9224726547523308,-3.3927570040412234,-1.5987752505284822,-0.8339792358371326,-2.2977492805103803,-2.024179680975096,-1.887586711289798,-1.397910602635773,-0.6444886324485481,-3.6874257076387926,-0.7164942180882026,-1.6743341997932668,-1.3528733518327807,1.124855554665657,1.0084506272861868,0.24084000698626484,-0.5155276069334701,2.4205659842634586,0.06262967007277254,-0.4037239041634153,0.517279596083203,1.1620311137403814,0.4972930585174325,-0.2947928407001377,1.8273636113564036,2.910356056985581,1.0037493558639168,6.180188621027581
1994,2,110,0.8046564444920176,0.6027822907527097,0.899257673970763,0.799787165023596,0.6218799281336886,0.8548886019406062,0.7329819094397321,0.49881372206629226,0.9141901219712443,1.1479921641731865,0.8114035172913333,0.6642200309040545,0.29931521955875795,0.7746046559664977,2.4640420341005447,2.730876162730699,-0.18632692331061668,2.052661922365208,0.8013914435033003,-0.8761566483605598,1.6930762581504095,2.2759525421121967,1.2782850732058957,-0.8611090485838413,0.8772964909255911,1.080859384478077,2.8751060950838365,-8.1212772232062,-1.8454693623075353,-1.6293030524822083,-1.3855540998916485,-2.368137321508698,-1.9522741383167894,-3.3275597476994068,-1.7777395408970973,-1.4668671698593219,-2.508206356095422,-2.9257079599302305,-1.1970446821871512,-2.6500740535667755,-1.5305588068023204,-3.2692595087894114,1.211507023103432,1.325160305428232,0.3097458762800119,0.4123625264045837,0.5569695545256828,-1.7330225920434554,0.47106679935749646,1.058006988982103,-0.0032604334414774333,0.04042423272148047,1.4670785308569145,0.35334036015460374,1.3155254534160234,-2.1179267745287675
1994,3,111,0.8575365469979116,0.6113765560953905,0.6788259808577403,0.4669090150569988,0.49914535340984784,1.2420914452966045,0.6373412518017111,0.54238744285867,0.4437768991012204,0.281788516587261,0.6207504505200879,0.5247231566825115,0.9912482895890266,0.7147535027186028,1.3226819104952965,0.06634876750060772,1.158682104172779,1.6139710937105165,-0.046175067743288695,-1.6238171201201788,1.865237842410346,1.6886375877913382,0.8024250624446283,5.820513535543139,2.0678164369841063,1.88227783200108,2.1838648836376624,2.906248212229971,-1.6308945016644667,-1.5990772625925866,-1.3173096574267198,-2.155489345875021,-1.952386716087448,-2.358614420974949,-1.8946319255258575,-1.8054097485755212,-3.054290391399643,-1.2258810660206416,-0.7368380050968105,-2.4167184619361035,-1.8465407474140534,-1.8251569834022374,0.12365893179028907,-0.10520441214224774,0.6241258178067566,0.4539844210998628,-0.42519948227123994,-2.041079355249142,0.6707738372904806,0.6387331871980305,0.03873431374589185,3.9322918486292937,1.6638621601340187,-0.2687549246786619,0.18547405289807337,2.3062441845146946
1994,4,112,0.6570424934102767,0.5647899179108042,0.5451354391297577,0.5033886610271651,0.9009495057929544,0.6624206253452058,0.7422266486835223,0.761315325496829,0.22608462122193482,0.16166153923204357,0.6624082347753165,0.49173261070576024,0.6420032512072479,0.8820095886537418,1.3808678768014782,0.9835720946116373,0.3426283942553598,1.9498499185727851,0.6446306604262944,-0.4501573130420595,0.8472266897322092,2.1565967929656304,2.120277387143276,0.2839794957750776,2.497494122269695,-0.38390139569968157,4.3164098304748775,2.3405738872542394,-1.5859072270031287,-2.084937866230281,-1.8687030782383312,-1.9618982618208907,-1.8499932727152637,-1.5127634031228732,-2.059244794319434,-1.7248827382137,-0.21242553113257848,-0.1285627020864657,-0.35460373788001237,-4.552701704780313,-0.818421616823108,-0.9632034205998836,0.15178010770576733,0.7116493621951117,-0.13362150366058692,1.253072069208759,-0.5153698469857924,0.16473900225471497,0.051520240731570945,0.38567459143627475,0.8513220588739089,2.4675717837739763,1.8200303714790205,-0.9862371616820418,2.0775355123609747,1.2041395120197993
1994,5,113,0.8989129363142132,0.528078673133863,0.8185675836245434,0.9655924466450326,0.7040145287685514,0.5210429139342638,0.8427592988598892,0.6684477042059603,0.7974038906965162,0.48994062279650746,0.84543268929351,0.6298045554755961,0.6237931751441436,0.4026089052684533,2.0928358461337213,0.4368730271927937,1.194834980003537,1.8953099604570844,-0.10900145513026319,-0.9722367535233012,1.7914194442351352,1.5420932935366205,1.7930981157672405,2.231006752777247,2.3658800406553175,0.3354537946975009,1.809470140382488,3.895838743469225,-1.5209391158346026,-2.1974565081736017,-1.834023548798768,-2.1969234020329593,-1.8955858605973035,-2.688266633404646,-1.394357464819195,-1.9228249365076335,-1.335421464434352,-1.727512359745548,-0.4801180871753176,-1.95315912569863,-2.5172399492733555,-0.43544963169352724,0.35902917722331706,-0.21646642076177333,0.25078563011222005,0.29815648552173407,-0.5882675364670994,-0.25174264380497796,-0.03270413376388961,0.0040039962576468024,0.5489411216287702,0.8715833553415941,1.500485948221722,-1.5501159497227786,0.15840065925158653,2.4199528312241374
1994,6,114,0.7900479471674341,0.44393538699294904,0.683203085617032,0.8311287578376685,0.670015256136673,0.7108574865580723,0.761307110771317,0.4744134200988747,1.154304012788027,0.5061890035972789,0.52038727835788,0.7706343763236972,0.5395748316545124,1.8169528637510628,1.6655273931312853,-0.5987652714011165,0.5440562311183563,0.2252417527242571,0.2017707688115352,-0.8501810083001465,1.8998206216908344,1.8351768410075548,-0.6026787340971996,0.2971403840104368,2.692842393875814,1.4097789500993259,1.965395295245214,1.5816058051548387,-1.8518142607145958,-2.2782073878780835,-1.9802792243744247,-2.946800966598291,-2.10145352223344,-3.654946467017118,-1.5720603143459921,-1.5926176877144216,-0.8618781084126043,-2.6081230457328517,-0.45037998524403056,-3.0256576675327316,-1.7575744250931506,-0.38335613618965575,0.23526760585408762,0.04977486241779126,0.6287691980368404,-1.0262115480600682,-0.5211667483348241,-1.4572938099096207,0.8209003022888829,0.12349825061389326,-0.9334712278890452,0.28987821381668666,2.3427205471869526,-0.6979867110162733,-0.05770451986420117,1.7422793656842126
1994,7,115,0.620412780924226,0.7633752531549127,0.5878415478417547,0.9695454580808538,0.6025540509122762,0.976385972359115,0.7451970501227191,0.40486066384148817,0.3345468259077911,0.6124115373335965,0.739213681382255,0.9560683105741292,0.7492391613366662,0.033289510898101005,2.3012681542031235,1.701481725100335,-0.35353198217845283,0.8391376615189952,0.04108378010344196,1.0722976806468323,1.5522699097019452,1.7277907166850834,-2.4119079453216403,2.5983020761006803,2.1834448677092313,2.983986204137885,1.7822449788231145,1.082011267221858,-1.3942306619814906,-2.118137687736948,-2.5020523632256895,-2.914858646372769,-2.1410938254935443,-1.4661294828406695,-1.8989529293560279,-1.7702845141325976,-2.50750575344535,-1.9478698761194837,-0.6277088610100294,-2.0960725402702463,-2.209782440944576,1.1762506029065196,0.35460457852340443,0.14063018707521566,-0.2597002652745083,-0.8285023275284262,-0.5834391294963844,0.4232702815457631,0.34395396029423564,0.7194354204623915,-2.2249325904626174,-0.33174005635778236,1.8373139600141317,1.7274950620428788,-0.21254595561648637,1.4553954348822182
1994,8,116,0.5350926088876489,0.8678630202181405,0.5778948177809153,0.511863169198818,0.6302041294181746,0.6604366422294938,0.6389334899716649,0.47505209693169326,-0.15985632684936088,-0.1364529784373328,0.4258258142939195,0.5788462519201639,0.5839643367421595,0.9595889445987326,1.9328636013468254,1.1005236548812527,0.876664440390407,1.474236855998271,0.9546224903280452,0.2629464834655037,1.65935156990806,1.5176704439404092,0.3709983140861976,15.670471006683176,3.3308593583601507,-0.25356547288914333,1.9559410600993081,4.142209053814569,-1.8217104941441733,-3.1610003695571063,-2.015977212738531,-2.7560706637708017,-1.4217743162024787,-2.3560541571023634,-1.6100989439668079,-2.2209385220410356,-2.3094943269338617,0.10314491025907016,-0.39863433612457494,-2.4735029270867104,-1.53930131222007,-1.981453722395669,0.25952637008321866,-0.6040714495863382,0.4901835763934885,-1.21053236025558,0.18502264165727955,0.16792884863041693,0.4006511614345954,0.12395615430254552,-0.9627176041247081,2.153618820712897,1.8227013322254035,0.3062411384878747,0.5235384804814619,3.3169740042547864
1994,9,117,0.4706292418989793,0.5613243891511119,0.49023992797834387,0.9738867287394761,0.5924807882996094,0.3830850031931394,0.8104136194364898,0.778885238047144,0.7909719439076265,1.226993865000004,0.5099295327423572,0.527433595746061,0.6364448998243306,1.026866051189741,2.6206470882228903,0.015689674290052115,1.0463467526540993,1.3890281721863305,-0.46126780453441707,-1.1579455767691864,1.7949536635896202,1.7613212574753514,0.05016648349891695,4.907975460000028,2.4835242275832607,3.198898374672677,2.7087107865537337,2.335298241591318,-1.2581380184038555,-2.7664171312617802,-0.9481302687194915,-2.4095436293701624,-2.114359811404381,-3.2608009258341157,-1.944995542128319,-1.4483513686290206,-1.165673407831867,-0.6134969329999989,-0.8066878117172187,-0.9884855893968844,-1.3783877607803656,-0.5207480539257535,1.7652147936051603,-0.12557759169324476,0.8939470908848587,1.2146337395065674,-0.4976243501899457,-1.4116567763539043,0.1229758350254614,0.3071700477238023,-0.04273731384327519,1.2269938650000085,1.1869590211778012,3.509356703682814,0.997836457245661,1.6367809409606895
1994,10,118,0.7191473226426921,0.8514828645020044,0.5020718623399657,0.9435547333580977,0.6901168842775224,0.5551099796541538,0.7069706064640956,0.5978551429069231,-0.09803413676764955,0.3646242182632614,0.5325924515321746,-0.08459092319287133,0.6704608106170057,0.6559730633176803,1.8560911720828885,1.0103208676249555,1.6338082106831713,1.2812610962855597,0.7883166236254187,-0.2947206446380692,1.4945461413098033,2.6023839184609554,2.4049842426034393,-0.34420144723286067,1.1568655611280643,-0.7113218426170739,2.1745978892247453,2.4909435535350255,-1.726379174282282,-2.1330329633352236,-1.6742030899980678,-2.172220949263122,-1.8959224242027342,-1.9666545874032257,-1.4096935741187369,-1.443607988852864,-0.7788432998846682,-3.0226465766592145,-1.060424057767333,-5.741201722198113,-2.0768505291259367,-0.7011602381147253,0.4110299892258325,-0.41229437628910004,0.9265788317492737,-0.14524238167514475,0.022002233757611286,-0.9281510238380193,0.6604777587500832,0.9335346046809481,1.7965886384423793,0.6732789161824803,1.663710528603823,1.0505023420369808,0.5972890018653103,1.6643329162402678
1994,11,119,0.8977436022831216,0.9079705143952126,0.64890465346611,0.8284119172056044,0.6049799789828595,0.8053509032687355,0.6798100615586107,0.7002242978731653,0.9729162252382137,-0.008874470232253316,0.6787659219953468,0.6930642812434649,0.5709990258339576,1.1941363720885554,2.1187871603224,1.2314941074441665,0.2678215700648575,1.615397277275178,1.6169179086941408,-0.1888780417406904,1.3498352510482714,2.225470928849019,1.0294554829947267,2.3080819363636196,1.0380100396478371,-0.4658939865204755,1.9394532407453313,-1.4919269396224855,-1.8260267288347003,-1.6145102007667904,-2.1666663709884713,-2.3843621848292087,-1.3914387728027495,-1.6916048091351568,-1.8198421904700697,-1.3150624940164999,-1.9392216413421093,-5.76789300909768,-1.4993587471317693,-4.8104293461522545,-1.8579911894737842,-3.036456145005236,0.17207492807357094,-0.17301851770770724,-0.5007788611662148,0.21915528765777118,0.28267256698851534,-0.16873012061619921,0.7433237947346495,0.9933021548231785,0.3850421451713539,-2.8370432395971554,1.4309230711957106,-4.074523131623079,0.7675203607329414,0.17234110702330976
1994,12,120,0.5966854704802882,0.8049797299835542,0.77079729011939,0.519397565135897,0.9149117710987458,1.002907322615953,0.7520083524153898,0.77109532654147,0.8351967824874909,0.4953261851226326,0.39303951111993507,0.5927804661401902,0.47762595964670285,1.22254218736046,2.317224759950839,0.10700184364184626,1.1215703063254414,1.3031618129053957,0.7309189863681564,0.24663277399606073,0.9245144876075654,2.2420984564593764,1.7270676713169801,2.2099307026737414,1.890864318429639,1.1684917706507802,1.6200056081194878,0.959837787286016,-1.4813480086990267,-2.3311477834291923,-1.5460044684317211,-2.0843342498339146,-2.425870309520088,-1.7185478677048451,-2.1278425555306724,-1.849380685932461,-1.9705740946750359,-1.1073354326306006,-1.2159043058495749,-2.0691375200610533,-1.5055626520807555,-0.3133268602998663,0.6373709681503296,0.09093956742553948,0.728500229982507,0.9292378253549007,-0.19785965057220767,-0.830997462396757,-0.08343677531851323,1.0822332038187283,1.4355000034014742,-3.0181576892067854,1.2749136303690358,-0.6050948701276384,0.3369423901789743,0.892967693897269
1995,1,121,0.3283128576690226,0.4787341148045043,0.7092294206757657,0.55683958864381,0.8904874568248349,1.2416488143597875,0.8924752110724001,0.9521150565794404,0.12543633439708846,0.6545454094571307,0.4775266754601074,0.6636201770077059,0.6094006776452168,0.23702902764144634,1.913499852915681,-0.8099183462901108,1.477524098916662,0.7214380520236267,0.258453296722806,-0.5998033757978054,1.617531352408565,2.2737592206920207,4.992469930927733,2.8276049993626318,1.185419366716053,-0.4741235746266707,2.0044581335454117,2.1872708562028094,-1.8009144301794364,-3.2030488239695987,-1.9241153226412,-2.246712387031055,-2.4065972372362205,-2.2775358944069266,-1.6666506604770779,-1.5626336038908484,-2.0415544259463156,-1.6175662680802834,-1.1617937355219068,-3.194495340142709,-1.6825972173710633,-1.500425735388654,0.6537160440654229,-0.6735034969190022,0.32418995529145245,0.019457764798494967,-0.4286913863518897,-1.2348336472782129,0.8274124372837728,0.9247107843857081,2.454765125208828,0.685897892423095,0.8251877751682383,-1.7776018828655458,-0.2815371324336328,0.27433129840939213
1995,2,122,0.7839116412077123,0.8412829572646178,0.6907339924795762,0.6524147424889347,0.7874944095242662,0.4747357414761879,0.612422705562131,0.5826712916310786,0.3385862632594671,0.557136843268412,1.0139461774413512,0.2519603160341283,0.5641733626960301,0.3558522073813956,1.1201496770869115,1.185853367451914,0.5179246136521336,0.5620594236078215,0.29967788196571193,0.20143134511215224,1.378599726056685,1.880297647950506,0.14924796141281305,2.5638057691126854,1.2441727334278412,2.784222607628794,1.6518878386779925,1.8742070607000245,-2.368227649825171,-2.322954004879559,-2.2606969936889674,-1.7450659881706319,-2.019820160310576,-2.743916201597793,-1.9349267246792767,-1.1217166160708327,-1.3733479252992946,-1.7451129873836222,-1.3353226165210828,-1.8630442485604888,-1.4609814993186876,-2.591552606540543,-0.5601242601627394,0.027788991731805532,0.1766227165777458,0.010569024368362705,-0.2996526141475844,-0.8729086566678156,0.6564975405861984,0.3112951809878786,0.1723275155016558,0.7891700888889186,1.421131151450183,2.500039249095468,0.9174084677551634,1.0230456800626377
1995,3,123,0.7531587472450642,0.5538027079931236,0.8774518222070843,0.7313112408037055,0.672061556508758,1.2506018138947157,0.834060654140152,0.6554704865391295,0.246138461555338,0.8991138067965059,0.4110775672291621,1.1124371640585606,0.6540286314468755,0.9037513286406869,1.7481442649791412,1.9403191815231198,-0.11615297150410533,0.49317103854301314,0.24445365995714732,0.5335568924340002,1.78378352163888,1.563916847896208,-0.12249708222140725,1.4087330312772408,2.4249172016041043,2.6175740050626497,2.2151637391467522,3.717655724117042,-2.2470809509133547,-1.9430043769668175,-2.2382686094025526,-2.2964733822119676,-2.2360207311298885,-1.1681227115416075,-2.039755463110061,-1.9427268383107414,-1.5489308760354463,0.39032848625446503,-0.7307337665330556,-1.2216168816086213,-1.6645342960156861,0.006163260019782564,0.1557325800269417,0.3181124155229984,-0.33103958397497263,0.6964498663284587,-0.39168888734166185,0.7661909621363766,0.17419699938711591,0.6329105345513711,1.1676679972556685,1.4727842733416032,0.683885436499094,1.3444434442473467,1.3305061855585947,3.041708682018212
1995,4,124,0.7003214337153552,0.5326539012836082,0.7061292302522553,1.0460623297138685,0.7317610581790489,0.4586859851129346,0.621670447712472,0.411542211818356,0.7639583259351349,1.1787206922535964,1.041078815244427,0.5199348969229468,0.509518738577081,0.8153617422380041,0.3981382757556066,-0.36919507307196253,0.5653664355175845,0.08420662121105155,0.09778096480394151,-1.2384281995307211,1.601424652640284,2.0481343804844805,2.3894320036519017,4.362374213418538,0.7429650400300839,-1.2902350924422024,2.2035592636957015,-0.7069262197165865,-2.0872329406142174,-1.8994497416690268,-1.7534406958129727,-3.15761967151287,-2.2322881002595643,-2.383035315924898,-1.7015579535258687,-1.7294058163265937,0.05333665726873707,-1.9014234699527282,-0.8056924786312181,-4.202495592699503,-1.5860762742655934,-6.133341619598415,-0.9293601397325679,0.2639542066188063,-0.2801166857514533,-0.4980687733593107,-0.0029704342890581694,-0.23207523324076346,0.5152078630230856,1.0854552792183132,2.2731457472879746,3.8762230028310314,0.6852750934817048,-0.14527847138702554,1.2220716993329541,-2.4387450681728744
1995,5,125,0.7044108000902533,0.7487573367343452,1.006413940957959,0.5164981328291488,0.5036132428599446,0.5859028535567188,0.7978349527625698,0.5799815608216947,0.06833611977787153,0.29929546027175313,0.6513336636785619,0.22299675241895311,0.6727691663910076,0.3443566994679885,1.5751356833012045,-0.17487877925912484,0.38950553738847327,1.2411102440558592,0.8667673773969968,1.0973303245213784,2.7324108248629164,2.0288987879936595,3.505035793097454,6.311366562434077,1.283853420971175,4.099939879088287,1.9978741720447222,-0.3442401325268134,-2.0110186794455447,-2.796786726164137,-2.4741441310229315,-2.159284602195937,-2.10007240916714,-1.8068096791668427,-1.507957411748667,-2.1313332592069494,0.18182176350911816,-2.345522365836255,-1.0793342532114305,-0.4303706382668348,-2.291478562095632,-1.0562012072585858,0.010514233161150272,-0.77344825071716,-0.04325570499630242,1.067934581204579,0.09304553933176905,0.7747660722574605,0.8045366510066829,0.08113106891243836,1.201173276373122,1.2320939824592918,1.5161489151418055,1.973056910987804,0.5952399859757049,0.8355634234942615
1995,6,126,0.40276448446212865,0.739688932621738,0.9022232922484185,0.838153341904414,0.5773449593094402,0.7000353371700079,0.6100452195306514,0.5549650904746244,0.9362146026332936,0.11662322658032105,0.6826420284250685,0.7856034627948795,0.4310735490685734,1.6142682504156072,1.9565114768264518,1.6689782941590883,0.33197394646468903,-1.2473098571732368,-0.509657374215706,0.4155994920617181,1.7469496960956385,2.448364938577717,-0.19025022844763909,4.420982047798993,2.1434526086177077,2.991080261266679,2.1448396206323483,-0.6649923360046974,-1.7484003287278185,-2.135608060824067,-2.1834982453449525,-1.7649596069540965,-2.50888549110591,-2.5823236035532404,-1.4208374451541437,-2.2721555683482046,-3.2633336448315746,-3.0734915255320305,-1.0447704498774288,-1.206047983058465,-1.56218079766247,-3.1325944983394196,0.7233154622132697,-0.3261629405462266,-0.32962460538574645,-0.898463213046359,-0.804036894391287,-0.8646546420726353,0.9254537683180646,0.7101564450398181,-1.3517904461459704,3.556472511758123,0.7329520236827216,0.9948667925472205,0.6808170511543027,-1.2875730239725163
1995,7,127,0.7802928983201823,0.7206520205437207,0.7990723513873979,0.34785483963078384,0.5969405342022821,0.4534245459154042,0.6415827608296532,0.5372663336829085,0.4147684741908201,-3.6164042312536406e-15,0.777862513571073,0.5385147042243749,0.5362443593325934,0.8025331765767905,0.9043361166097873,-0.23547106997224293,0.5281862164766742,0.95043784809686,0.05684633294169255,0.5513052393361331,1.934885549009455,2.2732346182111507,2.0410951059116553,-0.6849315069999913,1.0490293783173965,3.367814647589704,0.4285613723056513,8.658531559712372,-2.343104201927372,-3.5258990275158006,-1.8540402675049652,-2.0850448211385753,-1.9914866306357952,-2.6344306306368708,-1.5417662691503882,-1.4959294624269304,-3.024361709484796,-3.3001245329999986,-0.3220452181229788,-1.3520085480909658,-1.8333577557349683,1.4141041491314748,-1.195158025553781,-0.7878628292151194,0.10655196540260828,0.5319818448742226,-0.42796319032454333,-0.726758405900042,0.5142021621841686,0.7126256977871337,1.5277204963450457,-4.436488169500002,0.6865408598586498,1.2457310173224714,0.13646817588017707,1.7384429042316483
1995,8,128,0.5101427557732262,0.9972666481427227,0.6953005544619157,0.5751378683697876,0.6000770214340808,1.1859282185111488,0.702671980107102,0.7182880558615399,0.32116962373246083,0.42385275487965146,0.7785545284872517,0.10359510178855899,0.6562787291079928,0.6331505019355501,1.2069966065347908,-1.0756226571656013,0.49048843848168205,1.0595840336241888,0.8885319005602836,-0.7943591162825304,1.381703149023364,2.369023090262619,-1.5515091086610278,3.081318605378516,2.461304639333635,1.3823465228319476,1.7522307306700258,1.2572232790951345,-1.764814715852482,-2.7988855295676274,-1.4082752327291894,-2.3457457537398465,-1.4541946263832841,-3.2260679524483873,-1.6828901821416944,-1.7348071939614036,-2.0411632655300957,-0.926244189728383,-0.7154758965634072,-2.4263191662762265,-1.6185647200354245,-0.8692054654309828,-0.028587564654726744,-1.0124922028820686,0.006957367528309694,0.2409668384053475,0.4037994489212515,-0.20524222174307669,0.6207672801607885,1.1139926455440872,-2.508451139812986,1.6092975480699974,0.7793424020046504,-1.0672017487332137,0.21132305032096976,0.1437594095597628
1995,9,129,0.8486184473335454,0.513434592418802,0.40409446337215704,0.41044125416362737,0.6825423439556998,1.0805914647588855,0.6805687649085451,0.5808917010343606,-0.02987958542214885,-0.00887447023225567,0.6318959340700725,0.1459843535091668,0.4746502077648895,0.28994106593314783,2.1524913437867608,1.4860803633895991,1.6374466499184828,0.17685363612344976,1.0155250418279163,0.23977263217519737,1.354662717579029,2.088518297700669,-2.2597993696801293,1.1176057453636246,0.29620032096371424,-0.4664210212932051,0.6384139233749391,2.068980731600568,-1.7701852087740892,-1.5480722829474232,-0.7685598205593368,-2.4876189026838027,-2.0651664446367355,-0.5536972180678884,-1.7003038062153888,-2.314547440934576,-1.4546265273466588,-0.21233745309768326,-1.3191977685211906,-2.102981949680848,-2.4253777874280162,-1.1826270777688108,0.44346940172429355,0.24429247468357573,1.1940204898411964,0.3047649009761744,0.4269404593499398,1.0049053330829498,0.1336811765314029,0.11929068648666247,-0.7345564649330767,-1.6465670485971593,0.7632209390806622,0.7136362997778605,-1.0801618975466363,0.7159480229439241
1995,10,130,0.7523862541540193,0.6470732551211467,0.49220677109134786,0.6843958629460974,0.37282286630541744,1.0703745284684285,0.5863745018046999,0.6392747322563916,0.2976793590595298,0.9429812575339102,0.9031830994781991,0.7499382664218183,0.5144671255749542,1.5827240155731979,1.7760672614141249,0.09432613493737022,0.4807129618283413,-1.9178856501115114,1.2237084463190167,-0.8532681257861883,1.51144514849931,1.2306270160298742,4.060665778339361,4.031995677846216,1.2801246831631423,1.5877249909739428,1.114514523038047,1.031493072035056,-1.7569233134622542,-2.9321496424905744,-2.514734332384359,-2.9495501356402505,-1.9439163199281646,-2.413499936151108,-2.3461010278190004,-2.6745523983506,-1.41694855560802,-2.1606496452473642,-1.4595107103919622,-1.1174690513977223,-2.653783965181774,-1.1389895208315273,0.9684113340855279,-0.6196254632402102,-0.5030098458637825,-0.9399475444695576,0.6991099744840295,-1.2206914277820744,0.00020026276003903715,-0.11754456652709457,1.0934847686340106,1.3648168541956291,0.7622217983291294,-1.700454450180745,0.28340550229523137,-0.37071745222301017
1995,11,131,0.635495778883208,0.7608630340927841,0.5844897588212661,0.5079547484362026,0.5878668971445578,1.0501778940090702,0.7006876290348064,0.6686864202063375,1.0245937697913872,0.6532099217965046,0.4367362319291697,0.8134448659809318,0.7667199159810448,0.4888896473906902,2.0353017357343877,0.2738223893476917,0.5554002795198605,0.9683816385888023,1.378223374056965,-0.2895103160331469,1.0542290194259125,1.914648577532984,0.2590898551260599,-2.6194996052227486,1.1386642614016427,4.34120555505324,0.6605778429992523,-0.7614373216329453,-1.9661274459853852,-2.837777948098754,-2.0365180827745664,-1.4398859208612933,-1.8397937975496557,-2.202407122958097,-2.2813619039068547,-1.6405461848031395,-0.19135518584424427,-5.960096807995541,-1.6319726412343603,-1.1940412314603726,-2.375456961982513,-1.4684942377302064,0.2871782138883574,-0.9912425605093307,0.8983611522969956,1.5057111646203445,1.0963475041157011,-0.24614053289013263,-0.2724226828470448,0.549561354659077,0.6048037520643462,-3.9302241856583935,0.5970668514845701,1.2551023094446392,-0.4450411464280636,0.5436727715182313
1995,12,132,0.5555219569111005,0.3234781912996488,0.7425777856017586,0.590169839109899,0.6541324605924401,0.7709150867678517,0.901630988106087,0.7167389140493703,0.6537635937328812,-0.13645297843733828,0.440249559072584,0.6198970671225353,0.5750825164175165,1.3448130939020715,2.6340185946750845,0.46373385015397983,-0.13931888001647935,0.7039990868766728,0.47767680689211345,0.09073995316475021,1.147048558317829,2.2165666764301233,3.4719271419685076,-4.29643466931687,1.6862319090352489,-0.6476322657993318,2.1351917570144403,-0.9963644190732159,-1.508434820532667,-2.944392282512207,-1.8924170930555364,-5.027417970516693,-2.2461188529990266,-2.195239830692077,-2.116888580607056,-1.8380050381271102,-0.04392438427721529,0.10314491025906428,-0.8045008400719167,-4.748353340076638,-1.256576798548723,-1.4966508187611152,0.47109078869535864,-0.720368536893774,-0.3830141964782242,-1.2762014205156942,-0.06827358022450165,-0.15432314533369276,0.03153596283678925,-0.3094577902835652,1.9714696763437982,-1.2385488572871166,0.9305475895842568,-1.4004659084199407,1.2569089982189974,0.4144820138057573
1996,1,133,0.6259394403973354,0.666532334425835,0.6814701546047823,0.7661617617648326,0.701680537619451,0.5934197136156911,0.4611088756944437,0.6278972066151667,-0.11355926183657668,1.7525811250374894,0.5882078069570096,0.22653385233863457,0.6465308718147835,0.871838307783573,2.32720928043008,3.5872780809093787,1.8825638239628184,0.36463079939836696,0.15774818310961755,-0.46103552427169747,2.362174006487331,2.723188911604636,1.345943115415029,0.21423546497448764,1.1886645262551794,2.7058265473902625,2.5617427337162733,1.2257353881421733,-1.7693468563780959,-2.0082002080102748,-1.4062310822768798,-0.7938210494768552,-1.9486048771874587,-2.553516493375458,-1.2168897461826262,-2.0946179392281983,0.5584411005439668,-2.436991028053151,-1.3134632896601297,-1.8540904396335993,-1.3063084436767407,-0.5114818698792583,0.19573154633685755,1.2281989230297676,0.47825576303273665,0.24706405369073067,-0.08536209364117708,-0.40766650469311566,1.1532744760523432,1.3224825260807298,1.5924123589614538,-0.9501105427360643,0.04208730574534676,1.005054358373504,0.14047413166328734,0.7511270954486741
1996,2,134,0.5070140770699505,0.9344960717299381,0.42658924063065756,0.47796257089004296,0.7388010410991199,0.610419135921977,0.6227470417902063,0.7069746102685521,-0.03596802596553723,-0.11263227088278999,0.6554237074401188,0.7127612114144593,0.672665475091023,0.8697640598444693,1.4106628750325942,0.6814591677441089,0.14301609226645023,1.4753444938251867,0.5350581352450312,-0.30969780505476907,1.5103472656902288,1.956548050101657,-3.205168740606693,0.4177326803557788,0.7788869367262419,2.5273855278462474,0.7701055797531184,0.3816501894732441,-2.213752643233903,-2.1549705526372382,-1.857536385701007,-2.2094104802855767,-1.8679823218219742,-2.4359985889883653,-1.6960303215763881,-1.368514464021549,-0.6806861393875018,-3.4198524119594245,-0.8363252540822932,-3.313151159853559,-2.005375320057572,-1.8747555969304575,0.2579182471275066,0.6664451810061109,-0.15422668321171235,1.0816413072918611,0.014649108181107597,-0.32639809930086994,0.5867357803333837,0.668764351884153,-0.38724474650922003,-3.250741996999062,0.9163570325359885,0.7664398968790437,-0.614975545657798,-0.6918782595947446
1996,3,135,0.7457069844540535,0.8051492348843454,0.9899172835762027,0.25812759514702677,0.6179458351151834,0.48908659957055034,0.5803800764774648,0.5864932931483137,-0.02603915601488201,1.2390256523308645,0.4142084684628908,0.4403170282434646,0.3979809391093339,,2.43643456595973,-0.31306452236356686,0.8966131759486571,1.1964173489470977,0.7344437677640093,-0.3972614636893056,1.7142461716824369,2.8713923178336387,2.3634234890808146,8.556424893484703,1.2009917240860402,4.401221773979511,1.5846341073716883,,-1.7924889099151002,-1.9450141817842757,-1.5417652826735713,-1.5795725939830547,-1.8104498014859962,-2.128444468614233,-1.6869414998779604,-1.2041806229004741,-0.6035906406569448,1.7186784481002302,-0.3533198843511656,-0.23553848315225753,-2.0217739123633516,,0.8999427198975455,-1.212116480324995,-0.378364818841007,1.1347426028774519,-0.159457292849509,-1.0269928219848132,0.3475088894856383,0.8765705964365423,2.6608316262183043,6.876612073051504,1.1762565936368108,3.7192823783769047,0.2631388815042069,
1996,4,136,0.708212875192231,0.18925531904688217,0.7071081201840365,0.6881069462382801,0.9331814195015381,0.7094465863761115,0.6690962629101478,0.6712517948013043,0.13144124809499882,0.11981859028488706,0.6315475206652205,0.4740381091427641,0.4376312827978179,1.023388520898104,1.3400567757093715,0.4211219010836197,0.9599121925396241,1.812101490676433,0.16099345146146013,0.7718605187175874,2.004114168878669,2.438704228986204,1.4266999022635671,1.976706084208476,1.1078478789765625,0.2153289906195788,1.9852020058743451,-0.8981867527781398,-2.1028491182642877,-2.576331614020683,-2.0589303809280377,-2.2260440419442484,-1.6701771109387828,-1.8564080011024546,-1.3101626082880289,-2.0694919859533663,-1.2813190943651056,-1.7327846293049274,-1.1528292780593248,-3.440645405454932,-1.7100788420557087,-2.4309891020934797,0.1032231239905085,-0.6429280343957087,-0.09456808266860069,0.21937489827540702,-0.00034175541712630085,0.21252938824807416,0.6749534025293031,0.8833033360038084,0.35780519586077825,0.4027117934382697,0.7835807388068761,-3.293517753817189,0.36823700023430145,-4.132042290117782
1996,5,137,0.5583839640008147,1.284576489395031,0.4586137077283883,0.5930752434008905,0.7342446852279222,0.7224241606550325,0.45167688846184784,0.7932538571200112,0.15931234060574845,5.263062593917618e-15,0.7945551667519818,0.9623096284558783,0.5243496202657114,,2.1167632855486684,1.1385342077858438,0.46251478915559063,1.9605098264287337,1.1048331297460807,-1.1429576351763235,1.6880680698686226,2.090349173693499,1.430669645635239,1.8348623850000192,1.723512186721841,2.1589027012006956,0.7581867080523135,,-1.9756360921880718,-1.872061189812125,-2.2144077632236723,-1.4383506778630164,-1.4661889214703807,-3.211846411225273,-1.80938139314659,-2.054339246208197,-0.4418989094790019,-0.9174311929999978,-0.9023194675090218,-4.0381849050766405,-2.4470832070654422,,0.34455756110130537,-0.21583442158260785,0.11623568705091686,1.352011446869883,-0.3102441871355125,-1.4128672110633667,0.47994995661342826,0.5980012982473736,1.563837775547425,2.7522935780000015,0.49827151445631707,-1.427412535419929,-0.2772761498749175,
1996,6,138,0.7432050358064588,0.69677512098821,0.9503158190550169,0.5031493540403205,0.6705893516693308,0.6170175931547119,0.8380446674935035,0.7324302209367576,0.298476126441012,1.2069423824476617,0.5663286951280745,0.08626709116779441,0.6722734301560177,0.36386431771823136,2.201741890644573,0.9206250732763488,0.762561870670884,2.522997652332587,0.3793415718026381,0.26703219665924144,1.70171508182221,0.2831174208540977,1.918907329780986,3.4930761925766776,4.007678789294382,0.024534178127989782,2.3114282652949387,0.42377548201910115,-1.4497037690694012,-2.3708979598823743,-2.3050385215029667,-1.167077154782998,-2.0875833653367892,-2.957286324650289,-1.7539066403604693,-2.8193639700630233,0.25449235634721085,-0.8458229791655577,-0.8691431477190171,-1.6149429043142696,-2.150703256153209,-1.1190238319906403,-0.1099336094633098,0.6539982669130742,0.25186624236907207,1.469759936818471,-0.35230371640500663,-0.4034832424120701,0.5134893605750672,-0.2837350150311445,-1.343640005040855,1.0270148002424335,2.2104392858126483,0.30145270389859186,0.49562113440733935,-0.8357896009987951
1996,7,139,0.5683123695279015,0.5971118368429349,0.5243315540376311,0.9888645617314827,0.6942094236287415,0.7003373225706789,0.4304888228402939,0.5039097609374975,6.390449587586456e-05,1.257800924533918,0.7018971322639593,0.991516950997708,0.5335548386945157,0.3062009193904034,2.127200652097523,0.4282285339300515,0.3414742823273528,1.0758570871862776,1.4299495588372952,-0.2453898402866318,1.7905504959158909,1.5249407371762693,-0.7734665360479628,5.254708161422897,4.247525724001489,1.519558002812263,1.649969521815236,2.8370226018267286,-1.651005519696825,-2.873191032267628,-2.141103080836209,-1.9719648043290003,-1.4879355085521044,-1.6730480092938864,-1.7527281638126628,-2.3410000545761336,0.06321648234739485,-2.062909192401653,-0.8930133593189882,-1.5260838360785751,-1.8711948215128988,-0.8139087022787389,0.4207121902312477,-1.915176884555104,-0.5859767484915546,0.3215331959078952,0.106589147540706,1.6417883816703827,1.0075538171549339,-0.1416319703967394,2.667032919196196,0.11770532311712925,1.8174467766142226,-0.6399150420326679,0.7453101947681652,0.49597131426169955
1996,8,140,0.5615384603950582,0.5985658796369807,0.6168096745712679,0.6471568040691047,0.5158120690489839,0.8957653723847508,0.7090148316048521,0.6518840052526022,0.8384380681403175,0.5877195950626637,0.6458107444124898,0.5053396452923485,0.38176840302730797,0.03328951089810427,2.0156189368866215,0.850524726163254,0.9314610947048534,3.725107045241515,1.4280781702463563,-0.39757550230047856,1.7980505149112551,1.816014042976593,2.6802768714666363,2.788359955683151,2.0210466447414315,3.870179598586175,2.4560185702386432,18.013648787221843,-1.4431820809046203,-2.880859148533879,-1.7074192995056559,-1.260227125041048,-1.5283610710777153,-3.107689181318969,-1.5089144526007217,-1.4940888097229617,-0.8361895834266119,-4.014452901740917,-1.0568414749174244,-1.5950534454752747,-1.5577795275534752,0.5393079279065159,0.48366061634545043,-0.06488736448695706,0.3409200425609009,1.7916270756555768,0.46159309595964115,-0.7358355883051687,0.9961918950344846,0.7347785781780244,1.594131506711252,1.373652188212903,1.1843222362193935,1.3080144817633712,0.644788526846646,12.106211104882211
1996,9,141,0.6353994242059081,0.5849841273712809,1.0908841338996933,0.34054545200555014,0.6620896656902471,0.8196680544330197,0.528821389240876,0.6058608357206235,1.2856244356084878,0.28230694205427276,0.7090680003837913,0.9698370220409258,0.21819155940122167,1.0813100277913719,2.8207137645502307,0.6872014410658707,-0.10800767764852451,0.3156685130135781,0.6009669355276295,-0.8998085124100569,1.5732193035582647,1.5589984949578706,-1.5204444104689723,5.19300472511358,1.3003427471970221,-2.0060227101559573,2.0365361689469093,4.112044120262905,-2.034051659786869,-3.2080336712602007,-1.7743869247955435,-1.7911074539536387,-2.1872570270593545,-2.723916413444749,-1.689610888962887,-1.4848679415989408,-5.4245224396504526,-0.28494369817835263,-1.0527979966988723,-3.394352197734754,-1.9345487504207952,5.617260407569898,0.7903659290563898,-0.9720947853521635,-0.30499440014133095,1.045304591571732,-0.368970589454834,-0.8451358267631742,0.7310859877021377,0.3383973371036645,-3.0096770535022417,2.9468800458965685,1.3236776666120045,-2.4905228487440105,-0.4137180317246559,4.21774465517882
1996,10,142,0.6543722353707753,0.7942087112789479,0.7910013392123697,0.20686285971596616,0.5374816919300798,0.9026105598162605,0.5874706748457514,0.8665679048467726,0.5796078813629829,,0.5963145902399174,0.24079487427939197,0.4812134710879208,0.8857682995779084,1.1117289286731544,0.3984878704101654,-0.08960010267239973,1.5242113942857876,-0.013303976473930845,0.35987266694295994,1.189338146977658,1.2205909535808608,-1.8465682435292405,,-0.2762377120731146,2.1972247185333003,2.1647097651968137,-0.61860033565506,-2.0079962464166234,-2.2030209227056243,-1.5654299597500967,-1.6253990402504945,-2.009724309666897,-2.0277171991391425,-2.1072469604368442,-2.554983268554585,-0.4898608569747797,,-2.4673176477521737,-2.095314280730071,-1.516599918689801,-1.9674709591033537,-0.14697156634692077,-0.25337368837931945,0.025976549546342136,0.6890024222089357,-0.4646845103265606,0.004942253414340323,0.3156946570047998,-0.13236185438336767,-0.20933854725315382,,-0.3959468413019032,-0.43012739750250667,0.9343342571310016,-1.380234850227978
1996,11,143,0.8147700773953327,0.5169143177722678,1.0031637536465652,0.6012373965157933,0.6643546328285098,0.8284575427918633,0.7346877008738775,0.7779517231586117,0.33028377160046624,1.281796210571903,0.46229346132235316,0.9986554607956096,0.7555514473572932,0.7044304508981006,1.926955251010529,-0.34940961527554476,-0.06927015061995574,1.0548886050192057,1.2521832134737036,0.493317755343124,0.6262028504386011,2.3806077128817265,2.0710605655084082,3.1212364174728706,2.06913251430128,1.589055870542038,3.4277127596853982,5.108856905221847,-1.9824631451664365,-3.687160860292658,-2.505380830831532,-2.0624023855648246,-1.9335835184520365,-2.332061339653463,-2.2724157894989827,-1.5487384450182924,-1.7130556098606813,-0.8382379228349959,-1.3842972078701161,-3.1880691708017643,-1.39713501651609,-0.8029739510934779,0.23950666140241578,-2.124519290086989,-0.6975108287544327,0.3039637979157986,0.46833759531429964,0.4696988524629211,0.042302541966044827,1.4687444944814838,1.5827414947293923,1.4034646197358696,1.2761586830632694,0.3637930974170389,0.9179585685925628,1.4895936998822121
1996,12,144,0.5696295865108592,0.5518895720812249,0.7588224463768215,0.9347180921034276,0.8967820418920778,0.6012535930819222,0.6885663476476978,0.6928544955508453,0.388896480397953,0.9960229396963433,1.0143734466206753,0.21819946728678466,0.4936073384382444,0.771233112994951,2.0181747836956974,1.2439306756553254,0.9817347370704889,1.8916171414427516,0.6606571373373044,0.48682296569488304,1.8582817230360091,2.310593746443407,-1.598314452820307,2.6267728288532166,2.2442450162558427,3.9504470837821746,1.9337793639415357,1.1642980310410882,-1.3873457631793795,-2.981741815925819,-1.7509597956943561,-2.2916072625348476,-1.7426531041317332,-1.6608440053048357,-1.4341621631253014,-1.78301943442437,-3.1188378556943213,0.0765780525914034,-0.5510788527555464,-2.017044561417091,-1.9738467749489583,-0.8621637986058376,1.1690790453334092,-0.5935767849540148,0.35861098938395247,-0.38149697867981425,-0.40222220108686724,-0.3321767810396869,0.7566733756659725,0.9934740353229983,-2.5257864578380635,5.345138318145132,1.3776741655808986,1.9275543807330442,0.082206174105156,0.6286795281002853
1997,1,145,0.6612426869729483,0.5024488484212136,0.7806388954741348,0.5526269290612268,0.7810553351955979,0.6124674638775555,0.7797573131350023,0.7478998790029859,1.1789107865031252,0.23295916668278924,0.4879041604188179,1.4843663748693412,0.527381127978786,1.1661077706987386,2.1447884932592407,-0.6552408816502064,0.5241811038549536,-0.2347941828088324,1.2737106352882857,-0.6883899712897542,1.3549659980637956,2.096285792232303,4.512112310021103,1.469237767660374,1.8267030176623569,3.7139607409901116,0.9827528403236232,0.43855997593593526,-1.4948773228100187,-1.788013098914772,-1.6352074097851188,-2.338193635156598,-1.5927833625667862,-3.1436840300642617,-1.917026944008271,-1.5268262259021177,-0.28950853851305325,-2.1742167171557747,-1.0732830184455735,-3.0353554446884425,-2.1746602798015826,-2.1095337104876273,0.36548346928502173,-0.9275118251899321,1.0012825271941828,-0.06926490966571844,0.3040049732874557,-1.1669545525607987,0.38745592199005474,0.1256375846390848,2.5291973280581197,0.5513624081016224,0.5554284542298551,0.24743372205575215,0.43512940920832993,1.5348223861894936
1997,2,146,0.5099757037302608,0.6191264812279199,0.7501874081584026,0.3711459517425026,0.5596542833613125,0.6233264564944099,0.6665245799093419,0.6688169229399842,1.2623171615448237,0.21202008298598465,0.6190255752131046,2.590924544455874,0.5007674795501247,0.04849911138376831,2.5306295278550537,1.1635361825160118,0.4403687976799586,2.694179848342343,0.7447001642614467,-0.16458785119062505,2.148458564164073,1.7433727661878868,-0.8416307115577679,0.6554554538533014,1.7244171173849372,6.527243645200707,1.6591096944826849,3.295976576895463,-1.4872343340544532,-1.3217600485113459,-2.043461294525909,-1.4647857950515744,-1.889528318387765,-1.3805974118695437,-1.0849548307081986,-2.75750341352452,1.8269890715774821,-1.4285836645473557,-0.5102108328203668,-0.9636034750766533,-1.5257810342634546,-0.9664811872208126,0.9967554991132314,0.9466309811389406,0.2200536980910659,1.0050472471027314,-0.2430885776694598,0.4279692995303728,1.051307436076163,0.18002023003170517,4.463932172756671,0.37505500176857454,1.6355176678772407,3.534535713580068,0.39452801217122924,1.5005362933116109
1997,3,147,0.6388601966732694,0.7309913983622571,0.5088160937624,0.9598858901718098,0.6881333590255411,0.6805345909389975,0.5828780015730278,0.6166589755296362,0.2580750391112026,0.8418031591977839,0.6638746106602459,0.8380406229558688,0.5503110367362337,0.1234129815088477,2.198340299642008,1.390558606903125,0.9495998434398122,1.58444696557556,0.36401073907004416,0.2421857458999577,1.4781240515964558,2.5812009084314327,0.46585571043078067,1.444218530281734,1.8688921448168458,2.692528432200668,1.4063229153125636,1.7063352175564623,-2.291955815568955,-2.0395365434342767,-1.7694503459869404,-2.4205219030149676,-2.2004999654786705,-2.643676789938668,-1.7290935774961678,-1.2985682697450407,-4.754622600824212,-1.0216337051520754,-0.5643721754351606,1.0641542754233708,-2.008745913037941,0.3750724713793611,0.22633035424503384,-0.3864908076370631,0.156275158374748,1.1433212431197568,-0.3450687770535981,-0.2885391357497956,0.26223623603404306,1.0599127989732162,-0.6817677999602179,2.7085098661158553,1.6364410831632632,3.426388634080064,0.5270378121761881,-2.28398363035336
1997,4,148,0.8488132621518699,0.5675069522972378,0.8019781071363369,0.7687252062754067,0.5974851824629928,0.506104264248129,0.610560481126861,0.5095000423960148,0.18971522490825146,1.0370409087965051,0.4856869277464579,0.634797218156225,0.4823938234310621,1.12029701380079,1.6094450249469583,0.31608812983737483,0.7936370709513003,1.9762333827415064,0.5111296404225233,2.0838479378796144,1.7848987833078498,2.231654316738696,0.8686776636320829,3.755156418277245,1.383322937083887,0.9928374530001969,1.2560801360267506,-0.44608998669448346,-2.0198080610695524,-2.4475953269276465,-1.8445940063378425,-1.3888620800625548,-1.9306796657852712,-1.0104628217378397,-1.8116553504211055,-1.224602490421403,-0.30570424139320124,0.17155313325446567,-0.36828452526822336,-1.5013657432439216,-2.113083967966544,-2.150184726225268,0.21291312848781768,-0.4757245432691017,-0.21156274178084583,1.2657392805734822,0.03473588741602411,0.5810180995801368,0.44017670907186823,0.6603081573817857,1.6263060302311956,1.7721641598416005,1.0318432656966927,0.3754897355746893,-0.15079593029860167,1.311201831573332
1997,5,149,0.6915336444865781,0.7064538727590739,0.61014840919673,0.5653001772671917,0.5982492726033427,0.6488320903049463,0.726214376578455,0.5594436179403313,0.19489199732744028,1.3511650250339164,0.4854820250615098,1.0645038960765882,0.6120073734957513,0.24409817912524015,2.2965976756192688,-0.4936046496768427,0.18162685286256758,1.9580238774307621,0.31033972839668966,0.0198816891715389,1.286121082688964,2.2345585132217076,-2.0172970539785116,4.524942139422896,1.886990208322391,0.43373218317571094,1.4819502715973132,3.4494119853241183,-1.9373089703724584,-1.8399099800845624,-2.218289621227104,-1.352692878813111,-2.6458005526999004,-2.318556888646367,-1.6224514363634037,-1.1346184211012795,-2.729408981319116,-0.39629870790165694,-1.1297005747534803,-3.148330296839373,-1.6298681858995803,0.7577118902751063,0.36249603535250746,-0.06422062479512824,-1.0405221920645222,0.7283950105685375,-0.3564242053363752,0.15542253315707338,-0.11168207789381603,0.5546297826832461,-0.5071889768392289,3.1377159756171165,1.4134866166856743,-1.419106454638954,-0.35284880133444824,2.5744522456097285
1997,6,150,0.7409024020275762,0.8735001582267794,0.5543501220733555,0.5438126610970759,0.623020470418442,0.5600614278002023,0.6085052556380989,0.6231799819859487,0.0021726085942000606,1.417049714095494,0.6659415436798222,0.5697833951195378,0.6342011157721195,1.0266605585001596,1.9408421677801428,0.04663250699442632,0.9732277430158878,-0.15609404351968437,0.3914201724470327,-0.16249948603138686,2.759421417089921,2.7151762601075866,2.3900597464045625,-3.766429620265315,2.1667042465182953,1.6695263480812497,3.1402386491815095,1.2487107103393111,-2.110650707594375,-2.661734298552075,-2.245239038967269,-2.605245765655495,-1.8328291723545982,-2.8289119223705383,-1.0797287887120404,-1.1228042373451799,-1.262913971927846,-2.176660283407089,-1.2404249142165142,-3.7168204219883982,-0.9578304521239196,-1.1766881430519773,0.017180894933777512,-0.2641346328891418,-0.27463976533743073,0.14728729700246518,-0.32402753970543835,0.057670504822835124,1.3299477245901379,1.030386884561811,0.17438720734606797,-6.492376174256696,1.138486646803778,-0.2688682229643636,1.0823114734101738,1.9491652331301026
1997,7,151,0.6818014112600814,0.4657113586696805,0.727002348016947,0.44504429541089213,0.59596275604368,0.47619259462438457,0.7670705916141314,0.6761231150030276,1.0079736676359556,0.6840600196050848,0.3190035286284734,0.9790170058817758,0.7223636966797499,0.5236412180202528,2.1439135566133074,0.05983864540199646,1.6622938453185316,0.8469105750096306,0.3686925592900707,0.6797114140622772,2.530713521802221,3.062863412775345,3.366883519223033,4.4349117594209275,2.113935012997019,2.2009086158414055,2.5971232226670864,1.910996591688775,-1.7220508295419386,-2.227583695083258,-1.8787300865942544,-2.486692795636802,-2.114703794582998,-2.0033625170946507,-1.5267803647697915,-1.2306132720130443,-0.012178930303240505,-0.7672979099639043,-1.1986021864229137,-0.8922465705413681,-1.8636648383490315,-1.1732130585989122,-0.04776450999465525,-0.09040814626642403,0.5926621417588138,-0.4572976729848428,-0.1491913536844624,0.2883836643269702,0.5956139962256072,1.434509263746323,1.3602313809796083,3.376423786821175,0.9500329999758022,0.3483216617492445,0.8833610707442269,0.7434484908350921
1997,8,152,0.686371335014126,1.617504814581137,0.7286591896146579,0.35135777849234634,0.6281113462019502,0.9857904491915537,0.7545533223087361,0.5042270768665208,0.48652606086409683,1.298315071767742,0.4291412398973664,0.5778848013315214,0.5616673693989125,0.3985773804829383,1.9771050414672922,-2.5456605685186444,1.2157779437839098,0.5385294243831743,0.637689826351406,-0.358887900120719,1.4470917755865613,1.1226967593036843,1.714423224674578,-1.1232906126363742,2.165441490633813,1.69357934437036,1.6519670762016208,5.212325336410804,-2.0896607131158262,-3.309181813685444,-2.1363618881611006,-2.8490687427702976,-2.0770860282973067,-2.0241720658900917,-1.9586261061150987,-2.5546630384252595,-0.6550413302373643,1.0948520889023183,0.0014805532068525081,-1.2412226317490391,-2.0000146443542453,-0.7727353454029117,-0.18477893624076946,-1.2636788233996148,-0.6608801360145936,0.3436212010369951,-0.6829022257614029,-0.2658515690303531,0.40966473611788623,-0.03529546725112035,1.9149650960482023,2.555113623402826,2.3257202602805584,-0.9703305195435501,-0.5290382040956239,3.230308670836719
1997,9,153,0.629463707115753,0.6718627036051935,0.8465333321815179,0.18233548766194618,0.6174134264636205,1.2798073971464667,0.5140452525345898,0.6826803784782957,0.6461553809661739,0.30273601810709627,0.5874226170416992,0.6403524272503368,0.49842661682563383,0.24520031962753425,2.5038119415930193,-0.002405498167716444,1.7747157960752906,1.714556574202299,0.8050068670700152,-1.1441630910684406,1.23273405907419,1.3336325022742381,0.21706337686746485,6.096521965398677,2.276011186692631,1.4235729905583376,2.035900170120619,3.5936099166635875,-2.174904204397718,-3.1283299497868797,-1.3667419873945401,-1.788303385105328,-1.9198327491222134,-1.4678714050493962,-1.8255778648895802,-1.5392556537620408,-0.5072756496455137,-1.4248067517093723,-1.0355345001711922,-2.336829805325573,-1.422879683674326,-0.020942062051186705,0.03302276918934652,-1.1744773056437077,-0.16409411759469777,0.9976686891329984,-0.39632480500674155,-0.8187472349022106,0.16933478579412276,0.6982703244072231,0.4954059317766831,3.5781030773441813,2.118563545097389,1.7375702390804968,0.40683790681048154,3.8141357399081786
1997,10,154,0.5357345983789386,0.5385739220241158,0.5907295431062612,1.0260378055789663,0.8398922526926289,0.8525097480829172,0.4806378854705055,0.6716771942316916,1.394876686894636,0.04664039243137468,0.7488231548833775,-0.07379051867625394,0.6369050298578622,0.846919241668266,2.1919467182047625,0.7148965573731233,-0.16042593514717676,0.9643248268023588,0.8130080327408151,0.7966857581883299,1.5537798589783738,3.0473074261195294,-0.7761490569998212,4.673724202281082,0.926174790404264,-1.0030423416055074,1.3357945616000118,1.5409146106222604,-1.7677147266948579,-2.3330492548860984,-1.303169840923204,-1.8745882109307286,-1.660429178247039,-1.1079208467064712,-1.6669322203451629,-1.228787478086057,-3.4106092227465017,0.05872733839417693,-1.449919294862381,-1.6190548862095269,-1.6979676820012102,-0.7469901355034679,0.6418276307120329,-0.09147832647960913,0.5440841898239812,1.0812574557357244,0.20208687520822421,0.673476477374681,0.5398555504421747,1.3608285567514347,-0.9214162760790997,2.332141615933916,1.7580513120771633,2.43425882599449,-0.4226333985510764,0.23223958983926526
1997,11,155,0.6348862892577078,0.666640899164343,0.8847530862326964,0.6337035596714653,0.6458657204950503,0.4932818777811307,0.8083556120602675,0.7519767606752797,0.3456517529013942,1.1385166512210285,0.6067619898948335,-0.07021667596374999,0.6048401157476608,0.8193672884376636,2.1382361941190817,-0.05377636891122105,0.3761665395095995,0.8745668153730383,1.174286963059985,-0.4875604479677052,0.6831958273470164,3.2378736390549028,-1.0359874623448682,2.082895724677658,1.9392324760777615,6.773759374144714,1.382523159496392,1.138792660970016,-1.6053640465616474,-3.4342707661254894,-1.2300361864976304,-1.521529206948387,-2.3164387216018416,-2.3243039884717867,-2.1272481740901625,-1.4037559474624597,-3.4857886003252077,-2.518433781366942,-0.40798360182034066,-0.4503932627171182,-1.8944707166666155,-0.7268241173809501,0.9858323700863154,-0.744114539944448,-0.3016975951687763,0.11103293985168433,0.25914119279684666,0.239549833630315,-0.19333076806534216,1.2809781468622736,-0.07842811976527515,0.1701727425497352,1.8885312054826162,6.916740111785605,0.6740678440349873,1.3105855377527214
1997,12,156,0.5597381543606671,0.8184597367623797,0.8523801814561084,0.5363339928268643,0.6974590927113451,0.634595410931736,0.584591202316453,0.5706657684853333,0.49766667066264697,1.7055944808780699,0.5615046627050061,0.023856424249532177,0.5477621136168683,1.553863141813944,2.3618347423052923,0.6562026543055894,-0.1847817762442854,1.2050616737242512,1.8782770712957093,0.5313563776722978,1.7482740628635263,2.490014206560102,2.216331303482573,-4.655722505083659,1.1543773928784213,-0.30125861375694635,1.4815686500777832,4.427410020048028,-1.7373356472141759,-2.0094482020373374,-1.798219424445058,-2.7352168344019114,-1.0746861424277536,-2.1250406048515837,-1.6754958384283811,-1.6998544692308222,-0.042400687251872016,-5.525930300235578,-1.6796456226960632,-3.4438333513595847,-1.993788060725589,-0.07262375006650049,0.7209178430676887,-0.3940537773533893,-0.30594638778592825,-0.545853147794219,0.8601715522552742,-0.20592099824026533,1.2784719796893662,1.0699862010201246,3.272473850504389,-3.9885020773702253,0.9662411254961745,-0.21269865182018072,0.17951689030641588,2.183836835863023
1998,1,157,0.8921892124998396,0.586143410915405,0.7972997162178075,0.6206425292475051,0.6518754995539334,0.3551219968979667,0.6863237964601332,0.5760883917666617,0.3401373351091983,-0.008874470232255917,0.5325088630653629,0.6181372452786869,0.5349366535221954,1.7414971701265967,2.1545683088521423,1.4733097271926692,0.5363617314112981,2.684198865486689,0.6229943077072434,-0.000724378019668466,0.5407866366496287,0.5078029163690133,0.8900413478776839,1.2846901233636299,1.3229686935024558,2.7601445195782435,2.34942905445718,-0.021610819767761157,-1.5718809412172847,-1.2127583629917966,-1.8996481476973102,-1.8483733435054601,-1.6834666194441072,-2.377097554338354,-1.949602309256563,-2.6612360887069277,-2.0842462177579497,-3.7211093830976734,-1.3173706073308533,-3.83718688789938,-1.8384052732717933,-2.813851658784472,0.7136870782226895,0.7140766748686844,-0.19687142006316066,1.6673309587194634,0.1043296338975736,-0.0342415678971519,-0.16070527453025588,-0.5373752591626609,0.09064079619988984,-0.9364584435971529,0.601412497783417,1.2563661809731155,0.11634651972506897,-3.076590591973689
1998,2,158,0.7544143922431972,0.3572610090212911,0.7143076949069694,0.732666657167339,0.7433069942677545,0.9649031422898227,0.45489412346646657,0.7779127075271525,0.47609752886537127,,0.9235911654059188,0.5870880553485402,0.3957674522314848,0.8258033279319692,2.7031854205934005,-0.5518059875773786,1.5671704425598647,3.634908100473927,0.8323766532463669,1.8203126156337557,1.6049763840665008,1.8844067577663073,5.228374716446742,,1.5061044576186753,2.851332090718299,2.5852368853101932,5.743953768399556,-1.4329227044922268,-3.0775542371746205,-1.5165012113882594,-1.3706147806511955,-1.201324659920672,-0.856050517992167,-1.7909102818134996,-1.5970595113323374,-1.0755886542336848,,-1.1426147469131895,-1.9659819279415065,-1.6524140205823117,1.2560671299519521,1.2010366576085978,-0.9862086646799362,0.6154115903306093,2.6874407766123105,1.1049650822636912,0.44692805584394174,1.00320868889272,0.20056916517083156,0.6762068193371832,,1.1211954230826022,2.6763651014693246,1.147497584298273,5.922644260908528
1998,3,159,0.6099983509159891,0.6257576529817005,0.838064619180831,0.4355820103478936,0.6300764134540635,0.8390906065305453,0.6349001317702334,0.6722103023611097,0.24754590721076475,0.11693252159035708,0.758283202809936,-0.04244286651306787,0.35489000237143,0.5857756988981073,2.122569444293756,1.3788213928458837,0.7097673720432488,1.2139092194687457,0.8006074562621891,0.15313215081932358,2.980856975751605,1.8482066243231872,2.003991188832765,4.623408183944988,1.4470762607196932,0.9746047199590488,3.261076825853995,-0.39128523377814795,-1.6138394140914194,-2.995021188506468,-2.4425835519937418,-2.626399545389432,-1.503446207346745,-1.6497596848641798,-1.2367986769391586,-1.7423521450878572,-0.2763644535000105,-1.7089522281344767,-0.719351355180804,-2.3066727433045084,-1.7471768368319116,-0.5656644480934842,0.5308658714134572,-0.18517430817580566,-0.2855632594592674,0.9479449446609515,0.41015355124853764,0.4385109174816511,1.5567592135172512,0.6879203133346705,2.2225034816874505,2.387088616995935,1.2564928015443335,-1.3643871937461642,1.1837566205896553,0.818452759882203
1998,4,160,0.6078629472904558,0.58168068088794,0.6577945403244368,0.7549973597320158,0.6432297411274779,0.5977269660387367,0.775312471904138,0.8105285593620726,0.08352010255403536,1.8629264347017735,0.670935596792006,0.07419939574451599,0.806295342548682,2.0215430043901335,2.7136753983179687,0.32267145021752713,0.7952335810094804,2.1033998506662357,-0.19327986046645992,0.8055643151967461,1.6178815533900868,2.820047625402127,3.11148774767768,5.561594540606756,1.9891908328177919,2.4606051134275524,1.4129730919286214,0.3895665857401057,-1.99544096415522,-2.567413034098454,-1.0768038234638238,-2.2520169574608735,-1.8354807936292392,-2.008602804116163,-1.4033261961076449,-1.3991945281041835,-0.08441239098844666,-0.7546527762854948,-0.9284743506139499,-1.509902844002219,-2.710846323081284,-1.8070017381640142,0.6982824350251567,-0.5603970713938995,0.5116368004211387,1.1309932703597312,-0.3924522254079224,-0.6299072596076634,0.672092712921351,1.1716291571218282,2.9638324623920367,1.8396920408327322,0.5664618048022807,1.2261462077712932,0.495404081325379,-0.4455313713528535
1998,5,161,0.5678586551085012,1.1560346663762473,0.6988479195825829,0.9431421711046459,0.5616650118667855,1.063821313009344,0.710155841157373,0.5003896210764768,1.7789532122221343,0.5357566390782171,0.44343267574976925,0.37854531008370135,0.5277354902504304,0.5991053348981031,2.1227272826161503,-0.6885651710013951,-0.501209728514443,0.9904806757041612,0.33913452093446766,-0.12272805701265893,1.7422660833066757,2.8428268316750236,1.213916528794085,1.2712824365578939,0.41782889287442165,4.482257217745432,2.0740207861138766,-0.1553135047781596,-1.7339339679945527,-3.097054146609244,-2.096154029373344,-2.187889554718191,-1.984467010227464,-2.817643077529314,-1.6179935456507963,-1.8241808191551894,-0.8907698121945516,-2.533396318467775,-1.3288697824446738,-0.8235132700625092,-2.1395727051080273,-0.1798821290934837,0.2825395930871147,-1.2762446701816847,-0.36820742234503795,0.3401610441394928,-0.19578043752970703,-0.5853402889535573,0.2690627094855689,1.146076987434414,0.1223511558957614,-0.25108903558872603,0.3879317859219068,2.112279707713826,0.5109585595520442,-0.715289571617801
1998,6,162,0.7121382998337923,0.6453284152724629,0.6116008022711571,0.7061307695667063,0.546972829737954,0.6090286205347927,0.5966506486151216,0.5202187992773267,0.46833068408230333,0.20799444313144094,0.5292720189581477,1.1934202813071315,0.5486121283013432,0.5938259801061612,3.2757699390282333,0.1927030622819796,-0.6251156505233387,0.8214061117944507,0.9583878172784935,1.0732555926657057,1.3549524773626733,2.4927381630949523,1.0098156767698865,2.6754187045789095,0.4170080179261794,2.964697019882934,2.127311833751288,3.1529276619728117,-1.5282198813773114,-2.429024499261864,-1.834250813455315,-3.1163347719355325,-1.9272725032150055,-1.6755998087070614,-1.9225637257731998,-0.9751766725397465,-0.4149345606041521,-1.7180577733001503,-2.1824430005971305,0.07682230730188691,-2.194751731830686,-1.029852632988841,1.467834072954984,0.34380464195799176,-0.5815979382620118,0.610836150028397,0.12502275196730137,-0.17573934244186104,0.3969477820624525,0.9593844301118591,-0.22284352920392445,1.5167361814657658,0.4849876695400451,2.63128016753698,0.46017952476928764,0.14412196820553158
1998,7,163,0.7395538558599843,0.5799336749512098,0.7266837045191274,1.0357762349348034,0.6357643359614491,0.49828510924643316,0.6701079562881702,0.4834365820470165,0.002084551027047163,0.33789037696720303,0.38830562672126007,0.5961147800782935,0.6911023962435112,2.001878374965938,2.790694278553865,0.445659265362862,0.8443429617785482,1.4745094665740053,0.2630097732742175,-0.32749682981312084,1.4203914507092805,2.414123271787166,1.0519436718425343,4.324069231498337,1.3979557831800111,0.8124193949369085,1.4959319908358124,1.9641742049774924,-1.6532125865630511,-2.080840703546065,-1.267023870632488,-2.3644965591237694,-2.2917988158612483,-2.172987004830864,-2.0937816581053688,-1.2641062354289325,1.310915004355394,-1.074975324053382,-1.920386099013572,-1.774894581773675,-2.4573296289353728,-0.7372203721720001,0.7510748075609663,-0.5585954313598998,0.24095616130708572,1.3204544592938938,-0.5440242129985181,-0.39719634587365193,0.2380672714416904,1.199332182410401,2.4805656535444616,1.0402258297635512,-0.24618973867525346,-1.4103132605399569,0.4660111002685134,-0.47107391979898117
1998,8,164,0.6849067657514871,0.9273956058018612,0.8591089476171961,0.46128934336115357,0.6632091189070985,0.6447852470905571,0.7033603174718347,0.5820844749769924,0.25057317362013365,0.08442510453338435,0.4033357406479075,0.9091835939360203,0.5989978151845763,0.47713036870347486,2.0199349471324397,1.8388096838652914,-0.04593539396994241,1.2189420324996036,1.2577568859704522,0.973894498828243,0.9412207750410736,2.8282185022064747,4.118992362547622,2.1762916875525233,0.5955238536242552,6.41026018487299,0.5444922225092805,0.1815551628891567,-1.7036827308053377,-3.7323256016392525,-1.7587099396248076,-2.6206572170455376,-2.1530264476432324,-2.1929369901298834,-2.0888889243666435,-1.607086782839343,0.7764570075813615,-1.5727965595980298,-0.8390022674677786,-2.897203256511192,-1.5051746910938053,-0.7640140563570581,0.6672271315164551,-0.38581733390913875,-0.599838937931795,0.133275062160363,0.7387694630892221,0.40972546702546947,-0.20881842073764534,0.4578182178380851,2.599390476269364,-1.158248310007722,0.7987659953643939,2.6359180170747143,0.2175483774224245,0.33366778876442565
1998,9,165,0.6291085387830357,1.0226682926850652,0.6320636935801683,0.7290794716235345,0.5204890431384187,0.7841210692580977,0.8375386475760587,0.5547218778877755,0.38133264413292034,0.37593984999999885,0.621406904609997,0.4686006549322198,0.4217917973492303,0.4366663757588451,2.436893162088862,0.19593452448344365,1.824775572913144,-0.06594986590483763,0.5511219699661208,0.4470092479212276,1.3409842710393578,1.9202301360865544,2.737359602854423,0.7518796989999834,1.6742409197820034,2.6342331696783816,1.3787060020051627,3.395573151806464,-2.189223188130493,-2.6827077057857456,-1.0417618673195588,-2.530715495556005,-1.8044822800388092,-2.542242895058092,-1.7651917454277972,-1.6780004494956267,-1.4429754144498788,-3.759398495999986,-1.3447850309826588,-1.3856485364157545,-2.4113499127393423,-0.8975077913706275,-0.07350920286253536,-0.7508243584114125,1.2206339991393642,0.03888272413444946,-0.26566518767058145,-0.24607636994686954,0.24329619238192832,0.09307258058625356,0.5623775406482924,0.3759398499999933,2.457550056503286,0.945474016365575,0.06952555147880154,3.3221367228966407
1998,10,166,0.5275944093297572,0.5437593181813776,0.6258270678770359,0.31650518406235745,0.4709406878119794,0.34540400797478915,0.8851006603589142,0.8926641043021865,0.06902649382173721,0.859969687962781,0.42418841297986426,0.06547222238255515,0.6179927811518933,0.4310220428023165,2.6918887130981606,-0.033341115430232104,2.7748794405505937,2.1078620825829657,0.5964253307687397,-0.9346893719584043,1.4055901379595288,3.770002059640434,-0.0472416784553216,4.164987289665247,3.5191919257642437,1.562320886606278,2.8476877681400357,4.477204869592774,-1.6807109613168616,-2.7593520261540605,-0.79889275423538,-1.4468535214158003,-1.9157188915178607,-3.009389938988521,-2.147652872264033,-1.367359923955678,-0.9313209403845244,-1.9321257689821647,-0.725927953502512,-2.187288196365455,-1.4362499405421227,0.8704500320952864,0.5502652709892017,-0.8250355605270694,1.3849445709406767,1.402400254634372,-0.09744565299560484,-0.46707677294750355,0.5741435499817997,1.439847971347367,0.8821500630461134,1.935482391198071,1.2531908067602695,0.3948488099316919,0.919820574429114,5.178603889509604
1998,11,167,0.6708181413133127,0.28844814962198323,0.6457895834310061,0.3665170321201795,0.7694604488613009,0.7939147687959611,0.6616997411977096,0.5735273095850475,0.7494290736586164,1.6110708270107512,0.4230512600646488,0.8828204781365315,0.4903294075268726,0.16042237548767113,2.178466037465216,0.24044804558199445,0.4205880310164919,1.2438104970069086,1.0257821225837722,0.06162801987985222,1.1448870744224267,2.340375125473521,2.3391881830816827,2.012952451674851,1.5115018155128335,4.7552080978979925,3.397076158905282,3.402559437925129,-2.0143726460159495,-2.057912650986858,-1.6128655273750256,-1.30955063155995,-1.7562195997751748,-2.3661684327301185,-2.1549860582268416,-1.2935587661619365,-0.547487185066896,-0.2885801981870134,-1.4147663402305264,-1.013107623605026,-1.2585087309047596,-0.8173626167050195,0.7678050034437348,-0.7502337159001112,0.3901551506351216,1.1153412933209212,0.3526598800747596,-1.1302247722490468,0.16637842919711363,1.0414181051812383,-0.6037056284324955,2.2323362221160994,0.5966496143550237,2.9593453486174015,1.2660532550594223,-0.08270751044106545
1998,12,168,0.6151237554697166,0.7288645372010738,0.7872714383818561,0.8024330954075577,0.5575923530162915,0.35121038547461225,0.6738133830963017,0.6862251982726234,0.48351506038650754,1.1722160135954962,0.7938099862764921,1.6471969356212743,0.4996549992216606,0.6735893412034781,2.3380739757691367,1.3444282370394096,0.6823387923107701,1.1150989898374066,0.6988917165844485,0.41006484146962974,1.2683838225857587,1.7499776365803341,0.46014022066675114,1.4917846497346698,2.5125691527665537,-0.7504692051777573,3.6202236111307218,3.662105731389147,-1.8574582504271593,-1.8142013325033308,-1.0909885153544445,-2.4183006442987183,-1.6307377792454254,-2.919970433113064,-2.0968684892851206,-2.009112798214324,-1.9641346694871655,-0.5002427519071017,-0.9578466151680753,-3.7148776748379926,-1.5245602387279182,-0.8463058823570616,0.3909277932795381,1.0571284456174792,0.15142300504215744,0.44425110897296183,0.34467479881350566,0.6896944862498362,0.31804291391965533,0.9026425966341698,0.677904147820545,3.220600415243292,1.6407538539323403,-2.376744522712078,1.9482436810555326,5.1819422227644
1999,1,169,0.6216880560108927,0.7091134260419157,0.8342181964167292,0.32811334233048195,0.6485585061394364,0.8378092520521347,0.7227847574814724,0.7457988363475795,-0.11223766436553759,1.4250339720954945,0.4372923077720592,0.915930743181882,0.7876042956219479,0.27123794974240134,1.7140044737169653,1.7787698678772292,0.6178072771113923,2.5351187032866025,1.373215346228223,-0.4792929220288208,1.7357882116925583,2.2757091520979396,1.8269699067933172,1.4157347062346741,2.1951183355575705,2.0569537376480436,1.661097032606706,3.7626614315557023,-1.6749955869358277,-1.8930515351217267,-1.329124888428248,-1.9471992638240867,-1.4175807855302536,-1.7747414646220492,-1.4361624648503009,-1.4866489034976076,-2.8777450207875055,-1.137919745907097,-0.5354125796371955,-2.619239277859263,-1.9115114505355821,-1.3744228163043428,0.4395271766698997,1.2507422357394413,0.8972921510127019,2.068872945075245,0.7042684390623889,-0.9497543128131767,0.603353413241183,0.8016438679814883,3.380187727290775,0.986789385743288,1.4430597340749327,2.1993096626470825,0.635665082108712,1.5992668647879789
1999,2,170,0.8420839197378263,0.6582997729699959,0.8463089558435428,0.5092970075815583,0.7388263927934119,0.7027125796541577,0.7401736541109527,0.9051658631988703,0.517019002267182,0.40213614678692133,0.5249520849785636,,0.5217738993854651,0.42429650253646894,1.9431361430158403,-0.03353779708658619,0.4618133815696427,1.6322009317530037,0.2969249010565976,0.49904216626230163,1.4378743937497267,2.8253644997786376,-1.1404677285019595,4.534035445306027,1.7790777140984713,,1.5509136333051705,5.0110459200718545,-1.8053455872456763,-2.5982392610189717,-1.8713008428654674,-2.2514441940109573,-1.8218711664158662,-1.2115925688585873,-1.6852532010938968,-1.6384754494617684,-1.9417895510976924,-1.42235001919626,-0.7028405114106486,,-2.295771756920731,-0.5747753338137296,0.32320311348879244,-0.9604104941773673,-0.6113594507041626,1.4420607927710614,0.04375067091793888,0.24994647844032888,0.3064001590571922,0.8690443350716653,-0.3012868118395459,1.7545857466953392,0.9950435291381833,,0.40436747929837513,2.121861584696803
1999,3,171,0.7561189711186335,0.7409907430103201,0.7044953956359273,0.35511703758776453,0.6383828577889231,0.3628953408822229,0.7136681888280101,0.6261383753418688,0.13263395359093808,0.8944308123692781,0.826761204770714,0.9598470744389298,0.7365702818573303,0.5346885507282476,1.6558768852030108,0.630909563098138,0.05818329894804667,2.743024879717149,0.6741221226113221,0.16721597304355684,1.8806024143161006,2.8336559861213617,1.296158733588993,6.392938983128615,1.5991758144260093,2.3961954837419794,1.5631287550320696,0.19766229503495925,-2.1754249216712687,-3.325940169120444,-1.8655870650777484,-1.1161475153981348,-1.8261733060011947,-1.887055264290617,-1.7219119442336301,-1.1183913192430146,-1.5373176987388144,-0.3913441974253947,-0.041977699031807356,-4.441180343607347,-2.217298140265106,-1.9448923758421748,-0.011118526519615396,-0.6703913282644766,-0.5582801225506593,1.6458087313487582,-0.2930505742891343,0.6300208170705456,0.2815726656894514,0.8881456160746859,-0.7060618568193968,3.175499722954172,1.3259818582878542,0.7806858422558943,-0.013832960392050526,-0.23701435855901096
1999,4,172,0.5981984533739159,0.9244309751048208,0.6860910722382795,0.4140481521224392,0.5289371032558977,0.4060760450354587,0.634091353030871,1.0610000863242497,0.48460866228799926,1.2074483177404471,0.5124713947752195,0.0691573995991451,0.370101991274452,0.5038756149562122,1.884320325551813,1.30492935029418,-0.1392861690227462,-0.9450388034271215,-0.362056432610028,0.11831066718689057,2.305607390264144,2.31950059358572,2.3314232873251393,4.907531593780236,1.5733118089598745,0.3851342621624429,1.1177487104047101,2.352943908113388,-1.7641487215660552,-2.2010206173866886,-2.36932138901645,-3.5783884536238713,-1.945649393184882,-2.8271505932224352,-1.4519343888333676,-1.1361111823187706,-0.4788633691948805,-0.6666801975214492,-1.4202833818011702,-2.1233106408137328,-2.0462500991342063,-1.524138151600887,0.10718538171661722,0.05777168499553087,-0.9813173070632977,-0.0642015508346401,-0.25290505125186186,0.06915769365168,0.8195037091042329,0.9854727572132018,0.5498662696182514,3.787567049485634,0.6202767427821783,-1.1370194216001699,0.46186446306892914,1.6873173966130635
1999,5,173,0.6132797811319396,0.46914061240234606,0.6593119381583918,0.7225541391485185,0.490153161741985,0.733498042115041,0.6989036364743454,0.5552659827331351,0.19965156548527616,-0.05140063963395281,0.6893422852819698,1.1112325831370384,0.5449844359682984,1.0764091245890128,1.4348797089971208,1.3745947681648893,0.6652656187227345,1.1549690725874462,0.8321928344966832,0.0664779285187463,1.6659461555959214,2.7014315098212376,2.9560252137632355,4.883206487803467,1.4258124419024665,0.9998730117956548,2.401669162547962,3.882960374662141,-2.0704338630727737,-2.0365873970380526,-1.150363422942249,-3.0050387536502523,-2.289017984654357,-2.3856765388982537,-1.9348810980769902,-1.0606787840065743,-0.9057812372896364,-3.304341818645426,-1.1612175115826502,-1.6782947493911793,-1.0843390052749482,-1.2614957605776014,0.41126113150514576,0.3657797617517271,0.6191654202850334,-0.5574737444896356,0.2006696163457896,0.4169984222694223,0.6233595287553664,1.4561591453560763,2.372983841953382,0.6472995578395161,0.6818075280805191,1.33445080012769,1.82021763644668,2.747906562282535
1999,6,174,0.6429791155958551,0.5953774190996852,0.566651699081961,0.6499372460499289,0.6639113512115409,0.6933836720336924,0.6076216696926614,0.6118649515193008,-0.17176256293548417,0.4535311808509187,0.694927675626611,0.6918651318716045,0.3035317753186538,0.11575131619853095,2.050490210318212,1.0978520194713572,0.0026958433499691715,1.1621642922261302,0.962039400816896,0.9793987725186952,2.147769183259212,3.08925848879864,0.07763225212783278,0.37681318831005106,2.50752248517322,-0.5314926862415847,1.9410781209200507,3.9196886734859535,-1.5538903637759218,-2.4131736956486063,-1.4740286436470955,-2.1339426732925038,-1.9523780947750093,-1.6820068867829436,-1.5516741276605266,-1.3397871349785253,-0.07802238942434632,-1.5070345357748391,-0.40945935280256723,-2.6346307285020076,-1.2754949599973497,1.3256234285517923,0.4568310447227563,-0.4038147926103054,-0.19348705039463593,-0.1747381057624112,0.5819229140068395,0.6996852720257322,1.0471707363443208,0.7618248553565012,1.2695843503754425,0.5884786048180467,0.6167097795368572,0.7237835941834031,1.8990883920140864,0.8902450000217672
1999,7,175,0.6666643596910279,0.41412925933565287,0.6879653179331089,0.7773328622932096,0.5885054772577246,0.345206692769833,0.5295484684368452,0.5722222464125184,-0.16027251258979364,,0.45332511077401916,0.9099279632144619,0.5537580087983245,0.3528310434664941,2.3867491714379923,3.0769004431489675,0.3528565088740269,3.516560152108273,0.03711588137805532,1.3566980023146793,1.562024006996201,1.232278343320943,-0.6513570815244549,,1.800834704436307,0.5670023720462583,1.3546346581962778,2.9317560007937984,-1.725554549424312,-0.9077005152908647,-1.3312132506223078,-1.086084073298314,-2.4175608498973427,-0.9208530107570576,-1.9071274288328837,-2.1806928520812088,-0.7283418221778997,,-0.8459564758721717,-0.8438230172535609,-1.9773156884867662,-0.7431404702894197,0.5283919203423821,0.4890579957499116,-0.16964272156715443,1.2745802249830767,0.022323704643893477,0.9711555668898485,0.45774799673200034,0.07143652627208881,0.40362801476569127,,0.974589334267411,-0.5727143451209495,-0.4462581010958841,1.6287115104712282
1999,8,176,0.5506650295766264,1.32507529658822,0.6810730403859473,1.0501701415872837,0.5023042099580132,0.9787416696401615,0.6058475466601927,0.36860861813615414,0.17215453008655363,0.4663541547745447,0.3625357659514439,0.6300577188052254,0.8894636856962609,0.536914340290154,1.5890566416851737,0.5260372036751365,0.3384229141395067,3.178061755538086,1.127855207750122,-1.463076722013413,1.045024446675398,2.6912547102401247,1.87512973817409,1.7761032051792935,0.7280726106750215,1.8422450605541103,0.5037418123394729,1.206143802371691,-1.5900759044637578,-2.6263405486365086,-2.064743155067954,-1.5189268300424752,-2.1798063202647615,-2.5743090947639176,-2.4179938164334462,-1.2634952745406565,-0.7652695965787666,-3.6606396696383654,-2.4367803338222465,0.1723708506105264,-2.728784391947562,-0.7816268640424484,0.15626458091819756,-2.0320224944246292,0.08142785107224196,1.46421824373008,-0.15437907183532598,-0.39337835939297566,0.002233964142701113,1.2092323001715612,0.0305471199769804,1.8014515653011447,0.6819451523626403,1.884786686172511,-1.1072529342767077,0.44374364929020627
1999,9,177,0.6611646983506801,0.6397555332035881,0.6628996191309893,0.4510709328954554,0.6931066834313829,0.5167707933854423,0.6584146688108666,0.7116624258577603,0.2629054753388078,0.25704554938879276,0.633797060562822,0.7599478226797312,0.6446091862797958,0.03328951089810973,2.5510766478708686,1.0739438158475532,0.7526293516848872,2.3467028417613185,0.22248764097300622,-0.28359702452499447,1.5267247671426873,2.610441744876998,-0.6631758055263782,2.685817835877567,2.636054138164918,2.761124233272073,1.9586299231219737,2.900193085221863,-2.0525739540156183,-2.6806106730552086,-0.9901404031740908,-1.716466730110842,-2.2491667722166033,-2.682325244244033,-2.0178125280601327,-1.359425023160358,-2.4144549999099962,-0.5970744279706721,-0.8066215982170756,-2.6792041490915475,-1.5828328025954728,-4.460692072093479,0.822300326267366,-0.4348570697690354,0.6508674183477011,1.340197575354227,-0.28642555887512056,0.26276593460457803,0.4553871297103578,0.7653008770747898,0.1778571036381005,2.0984584811225773,1.7423637561086533,-0.44430682301721014,0.6572716791737153,1.2729982148822172
1999,10,178,0.5537337031482598,0.645349326179997,0.5975696119334003,0.6439319928442356,0.5924721943834811,0.4714795861376545,0.5331946966215898,0.6729174156336565,0.6347273776521901,0.5921544257185567,0.9626354921378661,0.6313616422410708,0.6806554220170282,0.03328951089810432,2.790729146388578,0.43443389802134585,0.8575642270519724,2.2165612912665136,0.09417441995053827,-2.0317251789379576,2.0918881848278557,1.4649098577402275,0.19114766801195626,4.35145187907921,1.1602113202487971,5.5436262074798535,3.170160967168253,-5.584655399778131,-1.4165714285261088,-2.6510744212757165,-1.7434181024612787,-3.0811386748358998,-2.2784706554651786,-2.5057850274687947,-1.1458532537907435,-1.5236923297103357,-1.067603652701401,-2.9628562314106635,-0.5919370272573243,-0.7096246085145621,-1.7160113100103374,-0.7940254050934792,0.734047913344719,0.11370000173033272,-0.18480600566874472,0.7075953018577524,-0.3160607130898244,-1.5042257743481788,0.5280197858873964,0.33988856595699624,0.3895522624752408,1.9214069104653635,1.1557912974789895,4.714629973244204,0.8111428712673073,-3.1815472401177862
1999,11,179,0.743212634214727,0.6589572753336523,0.8484881280102188,0.5781867229712317,0.6036689925903701,0.26324573806737533,0.682434550657721,0.6055776742583932,0.4567732253427667,0.6070414455626633,0.8908614645319548,0.3896123006424093,0.4765455617729238,0.7123452221775458,1.9161329146367365,1.6385750486738118,0.7333253706373812,0.7931922217268929,-0.35719665450102805,1.3451138765542456,1.5801491222270367,1.9626001102067263,1.4421133947170925,2.664342205683138,1.904461467122689,0.4746465950795294,2.409977117524069,1.1032359946213126,-1.6644554411874246,-2.1113741810012914,-1.6185227688486536,-1.2336293850944342,-2.194513542578296,-1.7597448907333015,-1.6075681848931596,-1.5817946821600466,-0.8706503156663942,-5.84481047974093,-0.5833435239918774,-2.619071351806035,-1.7035285741934034,-1.7135130717377411,0.2443920691024251,-0.21563879843531517,-0.06271739296644804,0.6334708912696214,-0.887779990238137,0.8355294399163968,0.4754400315559351,0.735674605497781,1.160507608179696,-3.286951861287115,1.3848208260775832,-1.9982852082223863,0.5793602649336027,0.902922423585198
1999,12,180,0.6943579269207245,0.6400245178024926,0.8384881510607357,0.7064746886208404,0.6446289413926508,0.9261346764595912,0.757431761787271,0.752996979833281,-0.1820690493704858,0.2776590394530466,0.350807637889228,0.7342836403263384,0.3455989789857292,0.8764344214300536,1.2038777240745422,2.7843333900233374,0.9064877868721787,-0.5041074165624632,0.5166451045215059,0.9457605470640793,1.9274496696962093,2.397171251461591,-4.530059718274564,-1.0658319618781666,2.5546175183340907,-0.6134233038364045,1.5164883095975943,2.87129190870807,-2.5687134316597127,-1.1944538318996691,-1.9402719663331154,-2.7185414920766333,-2.174396710754761,-2.471286590787259,-1.253382099187432,-1.2064260776740612,-2.526807086592743,-1.3480753326635193,-0.2754085021095385,-4.391752255080419,-2.230242922634407,-0.5009070550496426,-0.5666331241983152,1.9194397666341687,0.45157134028599616,0.23306120951086945,-0.23872172616387033,0.6265756450675156,0.9380552944279761,0.9927582271510591,-1.2089107448056509,-1.8741229583786492,2.5658883681248073,-3.3037767906544366,0.360466637402165,3.6657441134357915
2000,1,181,0.7890341603912698,0.5898014960711835,0.6288889289121837,0.8028359287872312,0.7358169176582402,0.9370181727367688,0.7242411347059048,0.6849890548742629,0.451932680940201,-0.0641142465881286,0.9203346345939936,0.5309252124931757,0.48779243841691805,0.8759360090403318,2.508270633600145,1.011635982977103,0.8869036592966485,2.859538702642646,0.5964024596028483,-0.08068790612226967,1.6785866762582642,1.6697064304519227,-1.5052467846357342,-0.537693753817708,1.3626436516717897,2.2879525734083748,1.8950924935272557,2.081163286758343,-1.7690930477371214,-2.131649229317482,-2.006764110035685,-1.8567041344770159,-1.8809314654049807,-2.120415428572115,-1.0798646770113371,-1.0343181944398685,-1.5040864224884731,-2.9443937043901434,-0.738940472055472,-4.596695922516226,-1.8971187793737334,-1.2739264549775102,0.7226259784011619,-0.2000328842106206,-0.4534746196044278,3.25652383370019,0.18170860124394686,-1.2829510793737846,0.6994560504300702,0.6543837454850395,-0.9166994065794839,-0.38011316231862996,0.7658551457370093,0.6374878269880702,0.5375753876968391,-0.19230153241570183
2000,2,182,0.7982497763745892,0.9265170134579195,0.69376134174616,0.7749160332461238,0.8292272290591519,0.884132087110018,0.5461640885052097,0.7314803981719133,0.558923867107195,2.145076597243479e-15,0.42426922925473504,1.0591882105501687,0.6777472752684199,1.5392769065779057,2.4648312193500783,1.3105384379842715,1.2879686163124031,2.192074991842258,0.3061948710759585,-0.34153006435168404,2.2882934925180596,2.4715068239954614,3.2068484503402876,-1.6393442619999878,2.952392124090228,0.9268875879701903,2.06501972498171,2.5867934643449497,-2.0689716823090674,-2.2766821992296324,-1.1243063286497996,-2.289336020588906,-2.0036715536913197,-1.8840507729884988,-1.3549706536250143,-1.6887348734456824,-1.8936602464400876,5.1787265166622154e-15,-1.0913822340991939,-1.3369142570377806,-1.8188249102502274,2.5468233638966296,0.2124167030126416,0.0693018646800527,0.48553054458751055,1.3424562154446757,0.017766628188365313,-0.3875202594216283,1.1545320761559954,0.3966341099805503,0.007144464042056645,0.8196721310000078,1.4189556498760405,1.254692060286522,0.8380526859548078,5.488197105772041
2000,3,183,0.6374366605446403,0.7069087478227812,0.6751169428284445,0.38625431169849334,0.6425515266003895,0.7727690506213108,0.6573305603562997,0.6767975522734022,0.4747185049926353,1.9755449654645258,0.49633361334446074,0.21857715510631978,0.46945836247840317,0.469081510672586,1.5641763489568472,-0.22935018372572996,1.0730629599947656,2.6179366880972994,0.5390357806512425,0.7991207748666035,1.8463158724585416,1.9153863603233536,1.201925516345849,3.637633597030295,0.9877243814359664,1.218380156798382,1.9944120881255212,4.106210023953051,-2.161709420599931,-1.6744208601210788,-1.804493731841335,-1.8935555216401798,-1.737535850527178,-1.8843362178830751,-1.3341893896417887,-1.4966002254259392,-1.6492079556890895,-2.5066946221877826,-0.973516294590144,-4.2277128718113826,-1.5075250777411955,0.1237111287346381,-0.02271319221989461,0.12769015202653916,0.245447730206032,1.1090025482728394,0.4404281646604787,0.525280278621955,0.8233274967752163,0.41778483892988294,1.1573755092171336,1.013998141061029,1.7861692019896347,-0.8413494357569903,0.3754230810772649,2.9965850646093326
2000,4,184,0.6813215195966358,0.5396579716450051,0.7230768071744429,0.885505875547853,0.6084512017001102,0.9622591951366521,0.7649224864072415,0.7219399461711823,1.5321373453909577,0.3803554781204811,0.7218872302328319,0.4087591677058688,0.5056982323551429,0.40417494819737965,1.4617435595797308,2.2942065671465595,-0.1203313448671289,-1.2818142939136057,0.045866495987102504,-0.46445586904236774,1.9759209453428048,2.29270117631027,1.9316538266088825,1.8319467874484938,1.575229814835534,3.1790217832006693,1.7516752287164117,2.633235502699875,-1.842859349837744,-2.065112877074573,-1.6879390129949996,-3.085902219457888,-2.1883388853607353,-2.16471149280057,-1.2100212378419706,-1.199897361048299,0.34029200905322293,-2.457822017048044,-0.9871194283731798,-2.8634130813266285,-1.7906501482550865,-2.1835789363758087,-0.44856807633814816,1.084695747690015,-0.377136836711126,-0.8030202938058082,-0.3553620183044372,-0.9742250713648984,0.8126878034815821,0.7359453916294011,-1.120913115510971,-0.43189297861280473,1.3088708816111139,1.5872178910800614,0.1336161709624834,0.9755680314737507
2000,5,185,0.520483798991491,0.7216608862758174,0.7088728861733569,0.8280932836034577,0.7195723449305166,0.5498308180008326,0.5487955291669304,0.4873709119103994,0.6031313797382765,0.8258521667270042,0.6485501637252874,0.5002673385651041,0.40815855976359866,1.3504279855778953,2.2001031637350406,0.7041043784592969,0.4149971853365828,-0.15035460678806456,0.9464256346843616,-0.816037673967321,1.4150269332730807,3.059024358617361,0.9783733951605996,1.5223858277942275,2.252516243500348,1.9834272713265644,1.6016475979121403,5.42852008334494,-1.8684150842222609,-3.33070873975139,-2.2725904380326667,-3.633374474541642,-1.6247725873959797,-1.6959903990350202,-1.8808161825336844,-1.6421427047700423,-1.204154315668145,-0.48564337760368664,-1.212963211420312,-3.9884372490335966,-1.70091516978521,-2.1114500171033628,0.5457421448424804,-0.6871959968842427,-0.6683140637464026,-0.2419592518276379,0.10963050651652788,-0.8055515122778717,-0.011131171189273568,0.781709310700227,0.8500734049643135,1.6825511297764728,1.597819661481707,-0.5419303795254479,0.2491441401023348,5.4522258827720345
2000,6,186,0.6947693890637511,0.9549654723808888,0.5385395435573908,0.2784117446515996,0.4932560503561876,0.8206788179067643,0.6064372735068986,0.5203533242028915,1.626624590377347,4.177330289037489,0.5039315811870808,0.2840744161897249,0.5334899446182191,0.5816080559806364,2.28982049526977,0.9337572726286861,0.04108204417471628,0.3818236103916752,0.77439512028871,0.717647000294709,2.1343167437311528,1.860716967140127,2.96812503502553,2.3045364679744784,2.7137515524027056,-0.4487265507337677,2.6605750180690975,4.671434319767325,-1.7514418716078366,-2.959899068741559,-1.9450162881664232,-2.3280715680960204,-1.8271918367354514,-1.3963496732769678,-1.8527969135697306,-1.5209560500499404,-1.417726771591529,-1.3221638260531625,0.06153858457613353,-2.658508955667257,-1.5192987980832164,-0.10699673486386509,0.4608639794010225,-0.021945975803092918,-0.015194032789605613,0.28544233043608475,0.2483438610830476,0.27455414216316415,0.3715887695262213,0.277843365287085,0.8661794735513892,3.8715171052639534,2.276791192405266,0.8659367039982814,0.2824243316805953,2.129271816934795
2000,7,187,0.5528583068768934,0.660190305348281,0.6003218203487046,0.38908342740039636,0.574854792406432,1.1834818111217094,0.6722573165235186,0.5901681086431648,0.5818047761759083,-0.11495689267850795,0.6122607630412675,0.16486352391967518,0.41907905479303,0.44516445599009613,2.3062844371842375,1.0171382081777003,1.1575409012154245,3.313857600464397,0.6684677908159394,0.2810706134561377,1.9371302439446507,2.314566072307424,3.84087910098804,5.382230472491085,0.6720344123504762,2.4577326939383473,2.3170384515939335,0.9234777160511871,-1.7048858651943013,-2.190424022959373,-1.5152376613652903,-0.46512616928406336,-1.832494866886853,-1.0633147119163129,-1.680788235387529,-1.3552798201429956,-0.3257608442812819,0.5755393018635241,-1.495259261016685,-0.873192448671819,-2.062532305988833,-0.783459095057286,0.47084965613591195,0.5989872380091155,0.03769648601034964,1.8934284813763833,-0.10414488270613105,-0.2232081275097992,0.9736091760228464,0.4438902891880581,1.3256599153771267,3.3935083869855176,0.4945901496249013,0.40339370848487577,0.10628607523123673,1.1293944286339004
2000,8,188,0.555689572480698,0.4170331164528499,0.6001306549603797,0.5325469628581445,0.5279427456356226,0.9541723449695947,0.6551192381720603,0.5762027231042524,0.757212041724295,,1.0423225006718504,0.5992477383516686,0.7740076310145616,0.6688623165170957,1.8149754896609533,0.4057773946638792,-0.5656784465320999,3.6908385007793507,0.7208365352789137,0.8098478792189404,1.5457040313012445,2.7035598201184565,2.2682765723464255,,1.573254836226707,2.5148763944418113,0.667781726283312,1.5480537608129048,-1.9174280929467218,-1.4908450235436241,-2.2453766456195368,-1.0534804647136233,-1.8778454867940495,-1.4813680732877317,-1.6907409186238909,-1.2779458826440981,-0.7985324218031397,,-0.8241587978882676,-3.1631997725152528,-1.5645290399471008,-2.1937960437736512,0.06778161403945981,-0.8508919610440793,-0.7154447810442289,2.8899113237280787,-0.12098419535014876,0.49580859011110995,0.46551860458567257,0.9573564115411399,1.9631674773236436,,0.7428066284940679,1.1351672932938588,0.42229636291024514,0.4574483579266021
2000,9,189,0.495730025968746,0.7896046852670381,0.6004671395685853,0.4457759272884213,0.5905933736034824,0.512478637398701,0.5356909840103335,0.7393398200335789,0.7333136908572753,0.19243882491706746,0.490580228700072,0.7777482638259673,0.48843284208878895,1.0332645132211797,2.1767099084734327,0.40198396477989856,-0.49862102411821185,1.4579609269338751,0.6524772460487389,-0.13677349773970268,1.373697135508888,2.391306896308929,0.7006045049059584,5.306181272844737,1.6764971909027784,3.0390943392570895,2.4003243560830203,1.9312014258712549,-1.8544246790678829,-2.1143819287582004,-1.9433000010385464,-2.2480729619089,-2.2336616980553035,-1.783834161382962,-1.5229770889122451,-1.678526353845028,-0.20411763840396488,-1.9442536488116493,-1.1075919745478258,-3.039368888850363,-1.9022890824668643,-1.6903556665308341,0.30428367677581786,0.22955693339703215,-0.03002154177867678,-0.030402300389760314,-0.27371880722335395,0.028246498217475803,0.16323774826575266,0.34368501417940683,-0.8924085698101701,2.641420945605297,0.789632893823619,1.1326464332609778,1.0642153169418704,2.8772193905501067
2000,10,190,0.6498223324646818,0.7132323585098295,0.7165022082555623,0.7969610340333596,0.6420480908747617,0.5842861139367534,0.576823095003814,0.503347573485722,0.33441586218267966,0.3348024198763957,0.47520438582017105,1.4839825538407287,0.4633032999041714,0.7379892767004599,2.226638030420349,2.754273727478296,0.11284535757129618,1.847272995457644,1.2234732946799087,-0.5755329871308624,1.8699384502908756,2.9032429492247074,4.7621863145233405,1.7991554755877273,1.54765075849504,2.5754674361698413,3.4483794630950544,4.679713591922068,-1.4209677288249445,-1.4707873315751943,-2.2020428594943997,-1.665927138734139,-2.010162785969134,-1.7906381326257261,-1.4301157978010843,-1.3270662477235555,0.15267054291180804,-0.9831440447256833,-1.8649795517052983,-2.1490302883107337,-0.8743090833285762,0.026317166474300144,0.7373162714843402,0.838177612070437,-0.649960897773987,1.0864834170199433,0.636291847728172,-0.3384182704858827,0.7091704710120432,0.7669285330916824,0.16420524258182204,1.3177616727946135,0.6873840259174064,3.8296753935017134,2.608057639028348,3.2995691861246566
2000,11,191,0.7412507386375102,0.9802922424601307,0.7312407713552653,0.4908908088689575,0.6487204135947441,0.9198335153590047,0.6941909671210932,0.6097956385035846,1.37060601403995,0.584563450488141,0.73289223849803,0.27668065136706244,0.5284143270716761,0.3512748260039481,2.1115114978221396,0.33409212936064026,0.30641619725628577,-1.9971764638991236,0.4794215085294409,1.1061506561837944,1.9946785525625113,2.5102422285797235,2.0754733306742037,3.135401946578975,2.07454356914589,3.8899403909082966,2.6910739307957416,0.8458348374978077,-2.2652473139937093,-3.0387842963677523,-2.032774926614662,-2.70265385969799,-1.9461078618724195,-1.3162647379838177,-1.5083319082198001,-1.727066007491282,-1.041109922773103,-1.3194207426932845,-0.8998426548542843,-3.6281642475669096,-0.9482681204678669,-0.7903364232605659,0.1250805110818611,-0.38623112673880344,0.0935405291119442,-1.3554507836765457,0.09386621743830176,0.3914469365226901,1.021351459699544,0.7950359752163935,-0.4935385175444809,3.2729057557746675,1.7052550431240099,0.7722833506092726,1.1501705823287782,1.1745464426722236
2000,12,192,0.6118394920194595,0.8397474773346524,0.6164676813439139,0.7991048413579073,0.6776423119351224,0.7011541805099684,0.753646264138959,0.6329173740360289,0.12268157912184499,0.5237400538990434,0.5861102462780201,0.3474709763963737,0.5720277211050023,0.7774655766876454,1.6001739995041337,1.6893238381392888,0.6010347284808248,2.3944407923826403,1.2120754667030986,0.44903165949265944,1.8853824173918023,1.8544366564141543,3.435948748426561,-1.363157690382503,1.293320382289611,0.8733307656735604,1.6492283809685027,3.058949409695303,-1.89667667134245,-1.603966015230738,-2.0107101022174563,-2.3408214763212465,-1.5363909028148692,-1.8121920201740092,-1.8621266248818888,-1.8555422372035122,0.06964700794671551,-2.4670523709238936,-0.7480776180946023,-1.692470479525219,-2.185029288560405,0.279447227616953,0.015418536404908667,0.5680697453885235,0.008643665161165152,0.6699734727225419,0.37286595009926143,-0.0873816244387513,0.7179322420342913,0.10085935342147982,3.446107833272167,-1.9850852018134166,1.3898481020203752,1.4269004069628215,0.6606854944417481,1.2349284540732028
2001,1,193,0.7500588139536172,1.0592095243688509,0.5268362057380463,0.5285284518444929,0.8367850257684192,0.7864661872520977,0.7123227490996422,0.5084744695599892,0.730795028217236,1.9852932235310081,0.9495082867060957,0.42615830820532796,0.26688874882039426,0.9176007643706509,1.3332124799134355,0.8439140413173442,0.2680063238510173,1.363098597472902,1.0687142249447934,-0.47720535786329354,1.5865051010323805,2.1895378233175786,2.8779300128694305,2.9027698238514974,1.910628955459467,0.8848161193357488,2.0286992575082663,4.618509695530382,-1.9579524812646405,-2.061196107364874,-1.207871972051197,-1.552433246152668,-1.7602674694889973,-2.036125479974807,-1.7087651140293807,-1.5855237524908021,-1.4153397059370845,-2.8830558138303544,-0.9935441778284196,-3.344293831317444,-1.6517177954087914,-0.5779169998863317,0.11226445704676942,0.10882242548003543,0.22300404416647698,1.1435282306017003,0.20718894785575695,-0.8833156473389076,0.5954761574939844,0.23783886244486593,1.7777338212159033,-1.5458197144389276,0.5293108549157041,-0.05271548832608958,0.6489637351592304,2.9608124978740715
2001,2,194,0.5756099103029483,0.24860066094864303,0.48890868511722596,0.29042564057572656,0.5593900190956395,0.6104113714588248,0.6567198137755063,0.42260323709593545,0.04532682025519379,0.6541185663113283,0.8930906522075494,0.3726318333554374,0.35607076188772857,0.5219930869320721,1.849752406152114,2.538871313977756,0.44550349324897226,2.0001875004326473,0.7987523075429829,-0.8608513511853472,1.483924957558231,2.6083129650626704,0.2074120061425864,2.675059935608589,0.969291113537058,1.4107524551029587,2.2619133332096086,2.67833582448123,-1.827671395772555,-1.8669881398015884,-1.2110656983866968,-2.324440491755389,-1.7210711685993583,-2.079501542886065,-1.9876610268964998,-1.1665975862483875,-0.8220809789105905,-1.4204085905306496,-2.0303137819888186,-2.1175597129518557,-1.5019361031779188,1.316933438271008,0.07022770897701228,0.8237888045188486,0.3126589002493815,1.1451301671860783,0.3649928269205841,-0.9988175906287181,0.4982685863779197,1.1309601768522637,0.9511052467565825,0.9548562440208894,0.275810209794484,-1.6933793313583114,1.1949288763505501,2.4093341382548106
2001,3,195,0.5894759848489456,0.5097934983703848,0.670697013565428,0.4644416683728832,0.6472947315546298,0.7155626895182285,0.7410578629998101,0.5602521946417592,0.3787091407627061,0.38730842408032085,0.7123299262188342,0.960768544479815,0.6146621672510894,0.6067824010767863,1.4415118154653148,3.3877282813753546,1.3597026341747835,-0.06264805901835613,0.43318954416448585,-0.029395527300565917,1.6000516301861742,2.078398290449789,-3.5072456349410026,2.3195645577989894,1.159531512539814,2.468408859178605,2.537291952994554,4.054542275712354,-1.8247121586468134,-1.5389270174818908,-1.9563162787537138,-2.6635551334199237,-2.1102318283956705,-2.5369380634278227,-1.8429398471435932,-1.3653501137862116,-2.230612900944971,-0.4930362665320342,-1.4637665877857216,-2.36216465278944,-2.420331640449522,-2.4979052583685233,0.13739453631341517,0.6884489945481116,0.424330955124802,-0.7255332541309787,-0.30068052226166203,-0.4160752482911054,0.46310239663754094,0.865272665803283,-0.1577513814754214,-0.4345469727418831,0.31240107821643315,-0.22013301720503617,0.3271369830328583,0.07256092023163606
2001,4,196,0.7007641342296187,0.43964736923359954,0.5572369784832544,0.814141985813933,0.7399510857039471,0.747595015009493,0.5827268210961974,0.540712899087381,0.32725451069647904,0.4226106865950861,0.49961708284420886,0.09681837088550842,1.1218627230304603,0.2165707448609767,1.8233603182900988,0.06432334916570731,0.08988319327238342,1.01836563414891,0.7520128063203609,0.057752810053417994,2.2085626618049248,2.213224554034755,1.339543372243566,-0.6896176758054136,2.2522447339237206,0.4053092209690837,0.9855834655570141,3.215844502622215,-2.2247865838567553,-3.608465432071168,-2.037823305445541,-2.0479211696648165,-2.05806633155158,-2.2044813648675454,-1.5560583868927058,-1.494081932561757,-0.8050179736091646,-2.1064935434857617,-1.5362497162873017,-4.339756897946729,-2.283837852814336,0.4675712083201015,0.27448118339293864,-0.17094301952851038,-0.36871424315144574,1.136186453924226,0.10670655858874785,-0.2921444208815098,0.8210587249374606,0.3153572320221033,0.5928280608498085,-2.296308389249963,1.773825519199789,-1.8857889622099175,-0.4278354149366172,4.192571424879623
2001,5,197,0.6226288005032374,0.5348572385720508,0.639083170385201,0.9338685722058455,0.7396358821913981,0.542518933554466,0.7469008868775291,0.9509267926925099,0.30704407003347683,0.7253187913993762,1.3769204290025814,-0.07475175962599462,0.6723055500813274,0.69308650566455,1.9443024744633293,0.7856618331630211,0.17384682236730215,0.03530366643604252,0.22741586463618155,1.0385564710534068,2.21974758713746,1.8538474469034245,-0.7535031538377377,3.7590526705241407,-0.04442092519213292,-0.08862990892033776,2.376198449174016,3.100332166022616,-1.5208891797782091,-1.6140789002056712,-1.9137370357611754,-3.7272624597745714,-1.7444379978483155,-2.025693602360092,-1.4508795777917047,-2.073793646920608,-5.953111859260086,0.39433722062759285,-1.6621977121766136,-4.201785607559848,-1.4723257323545886,0.1372781897902153,0.34051515629975543,0.18764905730890502,-0.24988051637206418,0.527869623776502,-0.12993246854231305,0.4558234814949602,0.9772860863323302,0.37566621908117664,-2.278159854863268,3.700797692593395,0.7269794164032947,-0.594046203266647,0.984782181826762,2.707277205540863
2001,6,198,0.733103547605461,0.4809410640550924,0.7218605661377091,0.5610518022885703,0.624666511957189,0.8138287930057548,0.5791964223839194,0.5581082528663853,0.874383339944556,0.5327571483616508,0.856331861737124,0.4649883744018227,0.5335272159157832,0.33582785044917157,1.522100309243758,0.3924278886171894,0.07584023514829952,3.0158689259991855,0.4817199301215638,0.00269585825872369,2.129658012252004,1.7817111714048346,5.25593718323527,3.8155972931405824,0.7131749128946341,2.167262708093716,3.262942639197119,3.2449251364347673,-2.4816322789735326,-2.6089683649299737,-1.9751572492168727,-1.9694331998349237,-1.8501195206651366,-2.2948343839689525,-1.8086749584816966,-2.5087652903082653,-0.5538660888610799,-0.655139024902496,-0.8582033398569674,-2.119699093647339,-1.3180256506139538,-2.4271176197947386,-0.12537387343663173,-0.9008090109155753,-0.296746003234328,1.431433705392004,0.044735108468830644,-0.09030914926918586,0.57604868210293,-0.392363803667535,4.0084059239232595,3.8797905671145756,1.0531107438162441,-0.13242445034820424,1.5266215272670423,1.2270493449402886
2001,7,199,0.6545786300902415,0.56198698963555,0.5926081274508154,1.0620495560531937,0.6339720520768215,0.72965456336344,0.6478524821289763,0.5247494523905066,0.8746131875408586,1.1517701516298544,0.7541034379880288,-0.02080089854906641,0.5164757601498597,0.45030365139244627,1.572521258139614,1.4768087283439872,0.28273661316380344,1.434304372332402,1.3527513625310723,0.3303893220663821,2.2386568535347515,2.4749797418524992,2.508462300853755,2.801938544192105,0.6616755557981759,5.488605669022358,2.1084938499433052,2.2893562982778124,-1.752641406094122,-1.2506104857811946,-1.909759946865172,-1.7988860471615227,-1.8530037074656578,-2.6574065416772186,-1.9355010191336275,-1.8023281211965805,-1.156535140364011,-1.8870077120613455,-1.3714369602072929,-2.3769396952359436,-1.5196139352007094,-0.7852650930494056,0.4531120865858593,0.6243066979511334,-0.20502547260398582,0.7073135899519702,0.47963928257308025,0.08016506562389653,0.8385642316022346,1.2136110762366652,2.658515858240353,-0.07484913154682545,0.9074274644739246,2.4201665901854126,1.525930926965746,3.2938159560760676
2001,8,200,0.719464391677463,0.581465043094539,0.9741150020948404,0.5163312072014232,0.7407630457549076,0.6763672484233405,0.7414328114563877,0.4604026073617037,-0.23307716289393673,0.6500805003628716,0.4860697084949099,0.23198660493205187,0.6163310201575294,0.851240181254424,1.7562720277236195,0.5087851579769087,-0.18017747912773882,-1.1767198678729711,0.3518850791734894,1.0485085427874936,1.4114704666479887,1.9224140190611274,-1.7533548937191068,1.8945079761790422,0.704496468778128,3.1363074307460073,0.8570897820465254,1.8598925172782246,-1.955599441845909,-2.3008585316290477,-1.7187601349351356,-2.4633972733273035,-1.8007707025848032,-1.60407678186245,-2.2748699547540947,-2.3606199747380225,-3.6540653476574843,-3.0280694836110817,-1.4775908420323305,-2.8532503060674994,-1.812617455188395,-1.1727704568103197,-0.5849305852102363,-0.7037740977568661,-0.11835287004076424,-0.23234182918109716,-0.0620800705877416,0.3395780930601651,0.2227445974371326,0.5791439370819426,-1.4842262921181042,-0.5936965353719933,0.14096851638847635,-0.35498042464013924,-0.09129936598397477,2.8686719228233155
2001,9,201,0.7269426663710359,0.56634117726793,0.6192171987512352,0.6405541680582026,0.5600158812153817,0.8406756979928057,0.9014091958482154,0.7478174925773226,0.5114407381634241,1.5367405923434516,0.9553452513299907,0.5282143953020833,0.47833972932887553,,1.8369933842905506,1.400655706079031,0.9219453825694124,-2.534527163816703,0.28849695828005195,-0.040967278679780374,1.3269404198789179,1.593271419542316,-1.4381477935849687,-2.0569541580428794,2.4030043582291447,1.8900588985531692,1.7156703206837676,,-2.2291317005853415,-1.8684859211303169,-1.7146595289770283,-2.799214861351091,-2.0990343193716643,-2.1446012994914603,-2.0355454173424627,-2.137856570651022,-3.8165588994560204,-3.8089972305833797,-0.9238660061259719,-1.3553798305692808,-2.014544301614274,,-0.08984059722596896,-1.4891398328526975,-0.7995830747663536,-1.084600125130426,-1.0632088413659284,0.006502585452596869,-0.17823300443010637,-0.2799716680192638,-3.691678550038539,-0.7158235786765635,2.033162487397402,0.06771581708885038,-0.08441695543102413,
2001,10,202,0.7412471819243844,0.6358674183695913,0.42177304458176135,0.6148921536833715,0.5344182651031834,0.7453833576604889,0.6542641072344697,0.5149622318331833,0.6794370518859553,0.503780604565687,0.7322154158374277,0.3718224722948732,0.8042224940911327,0.3469556188592996,0.7122737044606335,0.24371889216315426,1.3126655446850788,1.222864040212594,0.6340906473699908,1.1199884984819235,1.2609671678658956,2.010879073804258,4.99976001422303,3.2972466174212602,1.6843321115366194,3.069270544811153,1.4023286264676973,1.145608181114988,-1.8826336942421404,-2.4651068081174565,-2.271882295267881,-4.241129153403664,-2.03483436198412,-2.011093749342703,-2.1951406192051692,-1.6260553364131836,-0.8063440915532406,-0.7460348325195869,-1.4315784645963945,-2.4334194384037544,-2.5717422957890084,-2.648719420367785,-0.6914029898994524,-1.1011028347342324,-0.3704027809510031,-0.16085782479051608,-0.01076370179865828,-0.22963618725174276,-0.6097200387470614,0.5850330056514867,1.6915943144796137,2.936814905668696,0.7889743979245392,0.01036406617065001,0.6809192884888793,-1.6234319337426617
2001,11,203,0.9102941163897553,0.738443842310382,0.7028006993731336,0.20534783446533067,0.739189156777508,1.1311258534156998,0.9340063523185645,0.829705345639579,-0.2303702213517425,0.6469380610202305,0.5354295738632718,0.8458924827058065,0.3760198572640937,0.508995919377731,1.3365232034311227,-1.01627427570979,1.4488509828390663,1.5502937613283048,1.7410996277392166,-0.6613592604169046,1.2447064961504217,2.139228659195072,0.2322839099850378,-0.186681695085765,1.4217922717037812,3.359316408146342,1.240272556590647,4.63226104764771,-2.5560162711342675,-3.0256934242724554,-1.3744933009573024,-1.7384626282031619,-1.56694739424621,-1.9119443656172992,-2.01441786340804,-1.49877218455352,-0.6072705007074714,-2.0354447998334293,-0.8465465210044537,-1.5608217542399492,-2.060398607640598,0.7931305586850771,-0.8844327721050557,-1.8050923903936384,-0.26404243173994413,-0.603029579944711,0.01876435385408023,-1.373249217648194,-0.15780144851762304,0.49867375531145375,0.5676153757388017,-2.2921002610197956,1.2163615108749932,-0.03792262105497719,-0.037533726833764366,3.1392126709820456
2001,12,204,0.6631803950402557,0.4662456716144173,0.7805391029707806,0.6420025048795166,0.7670396548340844,0.612296684721943,0.6542868430411432,0.6950886702298338,0.7954524864312791,1.6414709136168133,0.6521087866947222,0.18485255792590397,0.6167228769325145,1.1716310105088508,1.7415950031662315,-0.16960772036540958,1.6800651014208565,0.5562028911422217,0.8652957664121799,-0.21627398163634587,2.121998242093604,1.370861733986714,2.5550841476903305,-0.04319239236014654,1.0942117774438433,2.3904385363547975,1.2912501020572433,0.23086882655646396,-1.8564835567687787,-2.996652704377789,-0.7863283021582408,-1.4430761808337955,-1.7708077028271794,-1.7642901622922984,-1.6832675357541815,-2.1157282604298153,0.42374913616946025,-2.8664465780787554,-1.4911647041872613,-2.523683863476068,-1.832539688225119,-1.721363587620628,0.5032516265500974,-0.9852265243455448,1.2619817609290958,0.6994222231489879,0.13587608162545786,-0.561116066961548,0.8771375606598307,-0.049243470782850275,-0.07240326309459418,-0.5499418035369704,0.6120683144903992,0.30411825190409825,-0.5070767745823125,-1.0101996953533527
2002,1,205,0.6979091990738043,0.711308686434669,0.495881781035803,0.6169020212475718,0.5671557534506395,0.7759709074345725,0.6909209274103859,0.6278747341919112,0.5425005919239706,,0.6099299724855053,0.6391691108011013,0.7138658306310084,0.9102166288981056,2.0647654202199885,0.4585546378161728,0.9593719077316777,1.3259295441121153,1.2485862419081903,-0.1707323637536661,1.4067373307105087,1.296083676710577,1.555662816648675,,1.7648649491559218,1.0710433480261352,1.7429605999398234,3.1667337417218624,-1.870297720091601,-3.0343791871373544,-2.701276729509508,-2.7984051727749426,-1.9954799139520356,-2.223703936432964,-1.8443721078143995,-2.1892940330961204,-1.2500190935354993,,-1.4395100912211352,-2.0363566764884014,-2.1272008956693185,1.7440724306565192,0.5178195088241925,-0.5796529265547867,0.2569920631682712,-0.476524561636755,0.4702102970471619,-0.07337762259783483,0.07102926976497159,-0.3758106158202361,-0.0018138031802643168,,1.11759456599908,-0.2265998999095783,0.2497834742367876,3.254754309632215
2002,2,206,0.789032334164752,0.6260323212089629,0.6657989433127091,0.5758715160424958,0.6859523075892353,0.6538973220281832,0.6201510615536692,0.6778135613937166,,-0.10434618807973743,0.8519219843596356,1.6486574970235168,0.5582353931605517,0.2937061775647725,1.195453391649488,1.5515276504629454,1.1104641193084777,2.1333178372877244,0.4031397705098559,0.19323331566416596,1.822268090586931,0.8813846899720512,,2.3569453854185354,1.4263103162949295,2.844636555155821,2.402763024776993,5.1728372905551865,-2.0076597601428947,-2.1770683464494653,-1.4910405276826635,-2.085370622178867,-2.3606161345534042,-2.178393161045246,-2.251609104694361,-2.303051156992422,,1.6476411120472834,-1.22878646777626,-0.9546989154550727,-1.4150440645884794,1.5796039805731807,-0.3448551553052028,-0.07665198433323714,0.1625644493346066,0.8819579370302715,-0.259853183322359,-0.9122598755686616,0.2162793341516548,-0.6112490665487655,,2.0885241878310383,0.49440566611340425,0.846830209177278,1.5388499302085918,1.0825243972155427
2002,3,207,0.6957516590769254,0.46766404436149045,0.5537725231416755,0.734083863171585,0.7157973189620475,0.3630857777725845,0.6437473939987282,0.6592414631861021,0.42704513463923527,0.7420685837838791,0.2069776791213545,0.11924622975505646,0.7400938635226088,0.1321721144550401,2.5905791928127537,-0.27012248454019816,0.19942920305595593,-0.570735700560057,0.4311194570006706,0.5386795219196675,1.3802836173619453,1.371604362459051,0.3957136733345951,2.7612300240224465,1.4607522922939373,-0.11860898363153248,1.3599802518044688,6.875449609863211,-1.6363372527860767,-2.219919373934942,-1.9597423548954396,-2.339424735690386,-2.177284859656969,-1.9483632717098995,-2.228023511742705,-2.242356194299501,-0.659312152626749,-0.08651907862608973,-1.4240748276114232,-1.8464650423267563,-2.5030616099606093,-0.6548428089076884,0.48480466150526386,-0.7275258126496518,0.1815583512044985,-1.68036727346505,-0.3416680835690135,-0.5028476494058619,-0.03620088480776103,-0.5045209961079827,0.8652709057860342,4.259941763667605,-0.11082226629581851,-0.31934398536470293,-0.4902383305649537,4.849524883190922
2002,4,208,0.7543912808950576,0.6615858685580439,0.5432922132362031,0.5283667282207553,0.4857925606921777,0.7655320619356335,0.5445927085912678,0.729666182412171,0.9190056847339779,0.7628802651323827,0.6238440917489319,0.8055329357223785,0.4032548891232578,1.023875682317776,1.5516280602815398,1.3720203395004122,0.923467834451736,0.7434944089656937,0.6394808866156506,0.5528529157041042,1.414392928156182,1.5595684084013668,2.731662026143286,2.0363722010070684,-0.092686255145433,-2.0596324353592768,2.3590712149814133,0.3618579098444845,-1.8551055197014439,-2.5995668568091848,-1.8262459947320473,-0.6333265590742113,-1.9613967318068242,-1.7276379373311308,-1.892224236623323,-2.0731318211942575,0.8054029039110862,-2.248666891468812,-1.1986901691290082,-3.993776767708266,-0.850918224682779,-0.8312509400372448,0.1627240276441846,-0.8696840180701946,-0.22394732547776358,1.3303761052374177,-0.251794346387607,-0.34141332233788596,0.1267942434197959,0.12659769649130462,1.4974478045676003,-1.3666170832455755,0.8921546066425388,-2.8985190747276386,0.8833805422307878,-0.27121387453043083
2002,5,209,0.8172064174550017,0.519433686597534,0.8344109254795264,0.4050462122862109,0.45184721587237664,0.8090132751505393,0.6918654718890405,0.7205169441701498,0.1303895442433422,0.6041282332803484,0.5157658702777106,0.24185659686151414,0.32088511633904676,0.43112887982304643,1.3669249375636063,0.7326762506023929,0.06079120028315351,1.4297849114055985,0.3359764669810215,0.19890665786001685,1.4091093189127193,1.1353139333970759,0.2089360028973435,2.6613782658713463,1.6750602874830154,2.59975296003261,1.6358580098761895,5.137861808303983,-1.6560285995930324,-2.584492806847566,-1.7057038397046353,-2.0031479051039742,-1.6526842251741012,-2.695406184528379,-2.4311606322048207,-2.4567398318396183,-2.8539955856168837,0.2989742197498574,-1.8003347685241862,-2.365730725273403,-1.8390911113200497,-1.197350157079182,-0.08097078528324105,-1.6114593618356456,-0.21681933074632392,0.03207418727972371,-0.19788601441222417,-0.9087556494287591,-0.2013000738662659,-0.525590049744176,-0.6481310112018802,1.2579375904703118,0.7952234789742818,-0.47470099315687314,0.5431348263219884,2.566367185136569
2002,6,210,0.8038274380903747,0.7787613807126964,0.4607071626230648,0.24281058133977673,0.6370839151357198,0.6633917582253662,0.6272235415295739,0.5625664652876665,0.50104099146931,0.25252144116760894,0.423347954524051,0.10743047727063117,0.4263267676876256,0.5347500478473874,2.063225247405375,1.332485861289632,0.022186754929922996,1.0884902645700443,1.2024543898670905,0.707061680353005,1.7318726673766693,1.1204157157871926,0.9029619561512872,2.7713969653858523,1.513543020689964,3.024956263339932,1.6766458740662216,2.1571628473910276,-1.734594261750061,-2.258737903964646,-1.825215303828004,-1.6227632292325676,-1.7607600651688242,-2.4615631824692152,-1.9307646351979042,-2.0237086785315013,-5.074534414767356,-2.908845219656378,-1.8941176200990242,-0.5620168642973008,-0.8813597459111271,-1.995581372630331,0.1718200485400014,-1.2409414164485755,-0.24666284183787324,1.654543606306295,0.06538186779893085,-1.0799804469878338,0.14419039605934708,-0.1275500582789261,-0.6705530591747304,1.631725200630269,1.0030721398072395,0.8387338877383228,1.621894433791209,-1.6092659226373824
2002,7,211,0.833049069879092,0.4334902455668082,0.7148477038835678,0.16975058969882,0.5820145784849675,0.6546370770581244,0.6197542290811856,0.6265139691384768,-0.0488770049151613,0.5570197293053336,0.6102684215752827,0.5964765306774181,0.5016585859235866,0.3210798445734056,1.5836075950561657,1.5613645355979235,0.19443141659252,1.4130961271115428,1.0175274039767235,-0.9557309111570903,1.952015625145733,1.5488196077541487,-0.5671887515092221,6.345817570085168,1.5710884933104012,1.7007922096979913,2.7503452010679434,2.564631086277429,-2.267830627001803,-3.3728467348753766,-1.4689275326943299,-2.375586134805823,-1.6085004058369936,-2.478321868972864,-1.8073601112535083,-2.1247535831449924,0.2197064809617971,-0.41625611339109236,-1.237128003296265,-1.231573926776483,-2.030191751467261,-1.3561353130661888,-0.171135727999695,-1.3987005400943777,-0.7157553193142651,0.12323957151669307,0.28799665073005554,-1.6574230913924153,-0.18767349136461028,-0.3043446171385038,0.7589509997957485,5.576254366614219,0.3135274896452671,1.2421486207123118,1.1731217079981147,-0.4413244890856107
2002,8,212,0.9799836610551068,0.6191162013206213,0.5771661439139915,0.7044011914440332,0.6886670680635872,0.9296840905356452,0.7018966057783333,0.7757442080884398,0.8771929819999977,0.002472325160640695,0.7910932029460139,0.6873899212332995,0.528671669668843,0.44837792919816055,2.3288084080534364,-0.2787238385586031,0.4458348902469793,-0.5219436691555559,1.0621689188864258,0.20924660192229264,1.6167264928945255,2.070232569177254,2.631578946999999,1.126832588598011,1.8408434450415674,2.380808906654014,2.199651201808775,6.37948978227512,-2.038453206712686,-2.5285041910567094,-2.3184642657334127,-1.8014719043220566,-1.6717714159484607,-2.286770771581645,-1.986533579210659,-2.0985912834120395,-2.6315789470000035,-1.9184734650640505,-1.0085992064698333,-3.6474682227507724,-1.34635829336512,-2.896813074369937,0.523903344494297,-1.5670931094084062,-0.5959648242718528,0.7242862794570967,-0.06299393787026143,0.07539025988974474,-0.0005567333065311485,0.25965934621584547,-1.7543859650000024,4.4782547835162605,2.1456329113321844,-1.2730042267330546,1.3733689792695247,2.7066700565083144
2002,9,213,0.5451805904013921,0.5938522177784853,0.4931826492641369,0.459960331800756,0.4778165755950448,0.844560200782932,0.6233168820706044,0.6055800718945669,0.10168880287282496,0.38941388454700643,0.6816532773058988,0.5057486843269259,0.44380456007005814,0.3150426804272483,1.6808837084333577,1.9068672625760634,0.25988515669847434,1.0132514544040834,0.8545705265948315,-1.0624371797181804,1.0867648955710418,1.8720541118318954,-0.9933467990415574,3.321853231013893,0.841362800292647,2.0026920179588434,3.0448961003698964,1.4571024402958197,-2.1274442911653617,-2.3565490897314567,-1.644886969188681,-1.59484800147148,-2.1805938610178797,-2.9364335585082713,-2.090862072286372,-1.9810203439606457,0.2759209197290218,-1.1805654755107742,-1.3278722969978274,-1.648605723674119,-1.5489613010508583,-2.3237663579106713,0.14978806423151186,0.2649481122388244,0.5343431238685062,0.5114686492719048,-0.4105182653425381,-1.0983646920522274,-0.19656952319041313,0.24481461685680458,1.099637645476725,3.220576764232909,0.7112453476771574,0.3708430161179964,1.5119646095080395,1.1979446002262468
2002,10,214,0.5138150862593014,0.4164636421356375,0.6307775887088348,0.4975334912397108,0.7356683707074351,0.4101441114644744,0.6373834762859306,0.47518455035594853,0.25065956061722666,0.5456791191606422,0.5664680019111242,1.0515499403851112,0.6304776295200878,1.0305540435134766,2.156785249880169,0.9308875329797024,-0.4187858150133852,-1.1801537240626665,0.4634192219160443,0.21335893706223685,1.7275349448343433,1.7228115424652657,2.940096163746603,4.771104982597988,0.3641034222592857,1.324135696814652,0.714865920796497,2.818843251977951,-1.9925637940905645,-2.2338911280512854,-2.21218060934302,-2.229683582915939,-1.8177612839963864,-2.772890208625562,-2.020455424701396,-2.153973117908739,-0.807420840132812,-1.123435170064062,-1.04118103809839,-3.340302539580079,-2.974394744956223,-0.3750660100750581,0.2001996883750409,0.4479801019834998,0.27309600607060047,0.5174023455493657,-0.21231367464648204,-0.6527941132037547,0.23206596241141653,-0.3586823445814739,2.9313187124485447,1.2398265445162369,0.9305288626042894,-1.5481227479729693,-0.6075958953548458,2.97807264010657
2002,11,215,0.4916971439818565,0.5821449882434885,0.7721783222175765,0.5765321194881486,0.6433227649866372,0.7642248083801346,0.6680128612296939,0.6886903323625962,0.3795685070988061,1.0951527823609313,0.8540717972138264,0.3798663069916693,0.32780441849700154,0.8956641277193468,1.621884434554753,0.4777449547149678,2.2481001823164966,0.8920840469935661,0.5227851144150417,1.2365616194314477,1.6929882999448025,1.6486863799060336,-2.9283914658440904,3.459673515038728,0.4138042676574915,2.26967109240441,2.256760009903008,4.68122835459103,-2.316817529391729,-1.9552764895353547,-1.0710193218460347,-2.265634912907629,-1.9441507828620879,-1.9443580103489757,-2.1601470255524475,-2.5905943531764994,-1.7786769752417022,-1.223208382875049,-1.5400402135124727,-1.0862579246191606,-1.9743834354055148,-0.7336926693447382,-0.24416303959152344,-0.18778896898812458,1.463290146924939,0.21702794524389213,-0.09530696596127566,-0.26309390384948617,0.35038042449076107,-0.4142939052629965,-2.027732786051633,2.16050779854434,0.69882709182156,1.9901053387297922,0.1586156785895952,2.212932418872276
2002,12,216,0.6281483001869187,0.8347390563377108,0.6663590139291258,0.29678998998487904,0.6131057735377944,0.5658870674926902,0.626215735115505,0.6803504507511602,0.2180295644429521,0.09764667163073977,0.6501997930823731,0.46739680139269607,0.8144479467867317,0.4030047765014704,2.065756593942642,1.2237456479998141,1.0088709619241831,-0.2738026793475305,0.8344040053525519,-0.4920964448239439,2.042816760733932,1.4216983185203191,0.7624876052483051,2.255643755352045,1.6363184823174157,0.63735038767667,2.0736322979100557,5.705077271308581,-2.576041986574445,-2.326035928237817,-1.5398866473702828,-3.8719132695082323,-1.7329747343042654,-2.947182958373114,-2.019820875387552,-2.192999382534173,-2.828617560727591,-1.2910623594839936,-1.3203344309300606,-5.507651188827045,-1.5362178202709083,0.29546425393649417,-0.0018546163824666902,0.17933486154114447,0.12047051689741717,-0.07523688115409727,0.20347628591852598,-0.9482793262730755,0.6013033905407139,-0.11893147210541914,-0.7081761545218834,1.9573244265583722,1.7996155191843421,-1.1505646859763066,0.7596815506710408,4.000472967100057
2003,1,217,0.8680999384067121,0.6025757486736059,0.5133539223022253,0.46589811808151016,0.6777486658732679,0.6853072812648646,0.5400606388579126,0.5495080874479792,0.5604528205798058,0.7982720342353897,0.7057317095858173,1.3050872511905784,0.40665159906240556,0.5193414165650778,1.7099457606105397,2.393301856437367,0.22372763993290573,0.9645626778094991,0.9148217526750663,-0.628896143556758,2.097990436719056,1.2773510562368835,1.5336642094240476,4.023930254635002,1.8177094141278423,1.9058713671123029,2.9231388003161056,1.9212280419114152,-2.3247090255777496,-0.9372278096910165,-1.8449316241774136,-1.8960692258815641,-1.7929571415268093,-2.7139258112588966,-1.7205425581680795,-2.353823639073485,-1.711590484628829,-1.6697038155630932,-1.335682517230585,-3.3303261722975814,-1.8482195400483226,-0.3752058803263378,-0.03187882026303026,2.39319897209848,0.02841769377052864,0.23613280147955729,0.49781640101748054,-0.30790885003415835,0.33043307121517834,-0.47796185758517784,1.4754454849981629,-1.6709999348427609,1.2822788054707333,1.4769585942083132,1.1224760630008197,1.69354926579283
2003,2,218,0.837256973731465,0.5884435857805711,0.5335594979165559,0.7987652199886645,0.7949773050565452,1.0339481005137816,0.7457690458562553,0.6969046138950137,0.1414679617161748,0.4614716547575866,0.4777459463776582,0.41394750844851413,0.46572841280923377,0.10654306523767115,2.088948017295309,1.7663679514563517,0.47840412163178625,-0.5263151248576303,1.024996053899896,-0.6586686130646868,2.227512313399111,2.035246362836505,0.3059330826174804,5.066698942217842,1.363702994898284,1.6140374959604953,1.8467371219659137,4.31505255342513,-1.8388431586011489,-2.173225367580943,-1.3578332492762826,-2.6860337007914605,-1.895457095481713,-2.2421172437313506,-1.898091066930183,-1.7746944376489788,-0.8816770538955083,-0.9937978674375321,-0.8919566707622799,-3.0599076510006578,-2.1047101495209155,-0.7997710909550261,0.7975095515383741,0.6743301653049907,0.4115851089178726,-0.32760450669202573,-0.17780200454920572,-2.076325775584727,0.11346750872017212,0.05151487564854105,1.9811322855266862,1.7821031422425864,0.734844543443907,-1.2008657106772902,0.6618997067306505,3.3107567143089387
2003,3,219,0.7021721562821998,0.8372676561815934,0.3917770246578334,0.6717333575782917,0.4863695199959137,0.9163042904175536,0.7148683700264855,0.6922034169316003,0.7476735583484772,-2.3979530041180398e-15,0.7885100507181129,0.5846536244778583,0.6462067610792661,1.2269989965000012,1.3277610424264763,0.6209650644703801,0.7766877533124581,0.21429596596503186,0.10603185309197354,-0.42348689078720775,1.5262636781191161,0.21988357095119238,1.9396082908360162,4.6242774569999945,0.0829639077749131,4.899739477883961,1.8266308311198212,5.725995316000011,-2.2434359695262778,-2.4315563391039983,-2.544945861657887,-3.185432915543675,-2.4700958755412836,-2.2418542561675454,-1.990367685904831,-2.9829821517155675,-1.8189067856381664,0.5780346820000062,-2.766955782214181,-2.411692295214686,-2.306336221940808,0.4089996655000058,-0.13111638709265316,-0.4319009825051761,0.12602843126410754,0.29772633941096266,-0.7873644202129227,-1.5878505302775872,0.42356549001484617,-1.1499565353281773,-0.6211916423910611,4.624277456999997,-0.0758202570721373,1.718142969911799,0.18559804522703197,4.089996654500004
2003,4,220,0.7645088913367272,0.8050388255981817,0.599229769836678,0.4029401358993868,0.4587428799186841,0.822839394577087,0.6130215384708331,0.7337841147341927,0.7810263970446343,0.5650595490636655,0.8061505813358676,1.0104520725551553,0.3301063798253609,0.3414379608362841,2.3333307181642424,0.23736715614417384,-0.24248278742001445,1.370299431229007,1.3973263772371842,0.36156716019953145,2.2973790956740294,1.8754746219156606,1.2999390993830116,5.814329339156451,-0.8465266426713092,2.7186635018288317,2.9012117855512574,6.084581801518823,-1.9852756999655194,-1.7481998979412128,-1.5039453106602645,-2.06577067675023,-1.8240584153319865,-1.1274394538412695,-2.094790229100766,-2.4150506994868803,-0.32084261401346764,-0.8988538756047326,-2.4067227852154454,-2.501701111254441,-1.205624939779149,1.7040705887931267,0.2914421054796921,-0.32591914448513043,-0.4904795322171004,0.6303545511108936,0.5047073567398023,-0.5139376209221699,0.0514383168541355,-0.29866534902159764,0.86905543151563,3.320414722162192,0.18050053580446362,0.09170158400237213,0.9828713052686311,3.8504029408822102
2003,5,221,0.6062423663523165,0.5960704542869739,0.7183665622168773,0.7701483536582453,0.5910417201770185,0.39053505266547855,0.6657527831039024,0.6090052026941436,0.12813021058533308,0.24524948172139693,0.8616623641597471,0.6876757821466866,0.3502728494124491,0.39185549532966796,1.7466796571671026,1.2989970146301673,1.6361191559767019,2.673194884680989,1.234067199004058,-1.3436550291919716,1.8199124423206594,1.5308863980980518,2.3022864708747472,1.2977336292067116,2.794468688811967,1.5575681992445205,2.3692769080693896,1.072051281700024,-1.9027035601212103,-3.0191854067008466,-1.8869052698436783,-2.2890908607309854,-1.5116133977924826,-3.3129953396308,-1.9743568155044566,-2.4364851142425668,-1.1959609342245732,-2.1436676693089,-0.7206803772431327,-1.821476090746069,-2.4523376462457938,-1.5137283385133558,-0.15995337375617938,-0.9590664201618426,0.9393849361545744,-0.010209407417846435,0.33945600118275726,-1.5650506438382055,0.15679633366146348,-0.337921717339809,2.4200775982286906,-1.0355813493142387,1.3796638545318023,0.32767980615288156,0.5086759158161459,2.3379790152489273
2003,6,222,0.620763431102644,0.939517536497576,0.6619574901418641,1.1025771409032046,0.5724190293794832,0.684060863084001,0.6032866578007707,0.6242380172769643,0.41486350088816387,0.45095532717915526,0.7036059647435265,1.1909665942953682,0.6662084294201057,1.176259966274559,1.9116986151907072,1.357909775665455,1.019765043761905,2.219255971856752,1.2272670856149468,-1.8079268437241276,2.2775001138055297,1.6406153668684873,0.14982427665321058,4.417792108391417,1.448755088819462,-0.6122102409650306,1.3655818620872293,2.1745788390711094,-1.7260162325365187,-2.1698060870564317,-1.6375960220360495,-1.6308233676759962,-2.0679147344105937,-2.3441231554677033,-1.642704491685774,-2.4310608175274893,-2.6480587641388396,-1.006610823280546,-0.7615135577466324,-3.385606900314503,-1.2783035773365856,-0.809730099543355,0.7437862900671562,0.04903173638967141,0.22903948171081512,1.0559476416858744,0.8478113731943573,-1.17496576569782,0.3402083550082378,-0.1990064863645922,-0.8421517194635304,2.4872705262053265,1.0397877643767706,-1.9867768596386564,0.031038688651203232,2.4641617152927298
2003,7,223,0.6946762770457212,0.7067637112435841,0.5366474780433779,0.5276886822583928,0.4280874189296375,0.4996891471042235,0.5610523036655046,0.6009199643106747,0.5994682488290207,0.035946415030346734,0.31617081246878986,0.7686593510179173,0.48881159821915016,0.5910521911270065,1.4269637139165543,1.139516293187264,0.4876668016213208,-0.5296407902934439,0.26441160093313937,-0.17568558252287483,2.193276737530395,2.1575469393212265,2.470142746819174,2.5876339518713243,2.469434054165057,-0.6479666574783184,2.282069740817151,0.43165902150349295,-2.1343945805254467,-1.8511705511035539,-1.5339017844445593,-2.613670032075957,-2.108434668493842,-1.7253125873522277,-1.7614234975423064,-1.9029572921045137,-1.2752386428164413,-0.21048909375014613,-0.3339444650360405,-3.805210115401602,-1.5890981903027772,-1.1173674180315962,-0.30428323521685385,-0.5114377811889776,0.500434140576716,0.46236331468640623,-0.17182025687759392,-0.4264342340405556,0.6277629484434346,-0.13541136739607554,-0.37632682736671413,-4.168692268029689,1.5497863416341533,-1.8076792912679738,0.8686552835749212,1.592903371116542
2003,8,224,0.5494996142363103,0.3860022826846219,0.6192932725537942,0.5712036528863754,0.483479623380355,0.6745547085504192,0.45215064669865757,0.46446254435467305,0.6935664868942095,0.4626455953458282,0.47746509157203537,0.7150752770928429,0.8684481166635125,0.03328951089810652,2.4632499407261794,-0.755869952590521,0.4275284716529483,-0.49640862223781146,1.2673889764635522,0.32071552824859434,2.0306408786907655,2.07029155698819,1.7807231987823429,4.193495544658148,0.3424387212397523,1.3998753341542582,3.1515146086981884,2.1458410542218576,-1.3824752434656995,-2.7876258074853824,-2.2113908145466366,-3.6083354832047037,-2.0323718701345403,-2.1417829675251587,-1.8358444643157383,-2.3647644203931666,-0.3599759287623014,-1.9059989886843898,-2.9078634161710504,-4.881080244796222,-1.2405098168560502,-0.5245218590934789,0.7839121674456034,-0.892752443658595,0.017660338362986982,-1.45184335292462,0.43879675353168335,0.16039178285065953,0.23443345917529562,0.2877955087679664,1.255282102461718,2.0794161544213186,-0.17979191767431613,-1.0433696505986938,2.5442467009263945,2.94611233388221
2003,9,225,0.778016204483516,0.42711764900504245,0.6589389502495139,0.3526981407915336,0.6154306628075047,0.799610180540107,0.5307324229229966,0.6728180188721337,0.4073650225478171,0.4917175757435712,0.6002023168932985,0.601445639819442,0.6662031114102362,0.3550908727207405,2.035274684889631,1.1951662856968575,1.0883597424282159,3.717777892080909,0.9724756415545138,0.9457109729031301,2.00516513225276,2.482206728372441,0.9538007801957942,0.2826059625711329,0.7990757427529359,1.6693580258463008,0.8737658738432058,0.5518780885862663,-2.1946489296987064,-2.0036479037367356,-1.719497873309617,-1.1662392352971451,-2.0013955550773255,-1.7509962039753522,-1.8011372363720242,-2.006797555848554,-2.613757469709738,-2.72434507298489,-2.4492615059448215,-3.410308958665024,-2.7738028901802707,0.05898651877225713,-0.1433979739891048,-0.39480089746468794,0.14881786336262115,1.4950423588032002,0.2960917283746249,-0.21632614885967053,0.3954531084060021,0.350055183782063,-3.5395704130933785,0.09092113051114863,0.5609016483131394,1.2067617566402609,-0.6934805131253227,3.4509603685457675
2003,10,226,0.7152485148190493,0.5934531355870545,0.6331097320947328,0.5522714333689394,0.7522326430835239,0.5969556236378897,0.6167577115716103,0.5849291834617417,0.6917804226172354,0.5741365819026142,0.6241569199020729,0.2622875371344141,0.4425750618285159,1.6048049275358085,2.7302833701439297,0.5571361992462891,0.09245366188498563,1.106355414797822,0.7042335437750946,0.546526187816287,1.842631318085161,1.8271677062206102,3.871370082024021,1.7693592086690306,1.7512226229988725,1.16962113512232,2.4058484859706475,1.551947156557716,-1.6806080297381973,-2.9057561135435424,-2.044045445259593,-3.8235664909477998,-1.7187546897646626,-2.1246467947608187,-1.7772441705394242,-2.7022898971317884,-1.7691725783411607,-0.4456475720754282,-1.4060620778637343,-2.06406217907618,-1.4688697455406536,-0.1693043689804736,0.9548945276024511,-0.01759615400998084,-0.5154722775690993,-0.22840472902275816,0.43072185463894086,0.37955352212488735,0.6599979537797036,-0.5183195102633407,0.15368720090687596,3.5744417348333766,1.3519080329931068,1.131855920112068,0.7478041701690786,4.012061369124661
2003,11,227,0.828673909202249,0.6202944238790539,0.6364355209561682,0.3864648426989157,0.6938871121810319,0.7418272202843901,0.6408071807971032,0.6143110722854791,0.16142480754025404,0.41743481707091407,0.7051024580759959,0.10401162027823443,0.4029948205387624,1.1655077244746774,2.011128931270265,0.8401650538174835,0.4259695728868233,0.8115230549652145,0.5447830619417731,0.5506105424389298,1.6080786400022133,1.9102127233600974,1.6483184340109789,4.038842310604885,1.3977981214094717,3.8498196779771012,1.167350551475174,2.1849668255875887,-1.4948087097870517,-2.4177523884058862,-2.176020773067649,-3.2235283710808234,-2.409871052464793,-1.4894322033882,-2.6445212562831424,-2.8041404927209124,-0.6319277822252048,-2.27483315192883,-1.6256308802620094,-1.8042270454774867,-2.4032309437987704,-1.3368851188641204,0.36608677201307316,-0.3788736721892503,-0.2939949382512441,0.04974733296801695,-0.27263050556941665,-0.2295772116198315,-0.014389053160327249,-0.5659434637869238,2.0898537340290693,1.8004521789659724,0.0027908590063917965,1.2220122222695622,0.5316914845004325,-0.7192261831850945
2003,12,228,0.8024282770208878,0.6445320664300849,0.6982629174584265,0.5069597026447993,0.6217618157225351,0.8292729504952162,0.6116935289164058,0.5913858909016784,,-0.03286765596727083,0.6122137894900213,0.36398335060155296,0.8866827563809377,0.5455053663435268,1.5584419923776807,2.2326422399872277,1.2441422814739855,0.09990668096136984,1.087309112152406,1.7185166483531498,2.003095776110868,2.0863454269985633,,3.0321680815723835,0.36921591863222347,1.2036293569391583,2.059105328552093,3.0311881144471657,-1.7923183042635802,-1.8363657263733848,-2.1435790045622882,-3.1016507409416314,-2.2963650005732186,-2.198491324751092,-2.450503135581567,-2.498553043587072,,-1.5552542561844853,-1.5496375392843649,-2.5932361984203482,-2.3566976275469567,-0.9280918010725849,-0.26464192997443525,0.5061698043715782,0.027842434893872836,-0.7331716796452983,0.254264050592425,0.46498233640417197,0.12622784343068344,-0.21409102336364796,,0.7889943867348543,-0.26121786362605476,-0.583521980895868,0.11875916031541232,2.2999252551341156
2004,1,229,0.6944777374286798,0.4949530198437238,0.8908957405137496,1.0326716232315147,0.6585551361008014,0.9380726805877757,0.5899616290403424,0.5560915219513891,0.357663155071702,0.25050071497449766,0.31410897326955056,0.5753971970797312,0.5562112629394269,0.022193007265404387,1.2953856369305694,1.0704924291401055,0.13405789889576808,0.8401220284278019,0.9588349706363427,-1.135926502471134,1.9837901561906328,1.6083987844008356,1.5236490776749039,4.38477206342833,0.29452680894982414,2.884940733672071,2.473901942280304,2.4757268098145695,-1.7054518987742937,-2.75020283994577,-1.1244732400184256,-2.5792067165983146,-2.03138753225838,-2.307535484648043,-2.365451305247649,-2.3118549151094845,-1.0641476266714671,-0.8891683160512037,-1.6194878914239783,-1.1669804348915493,-1.5359337933821413,-4.019464444395653,-0.5465597577186396,0.39160348459243716,-0.26106462308631595,-0.06964919042339521,-0.02462669918442585,-1.0019567396198814,0.19699107676153796,-0.6207455165841839,0.9257108870727303,1.1844217644905357,-0.05649422966654058,0.1773536543827887,0.4903746423132298,3.3025274039214683
2004,2,230,0.607153904791873,0.8094210956376154,0.6626704830955458,1.2958763988523079,0.6858486900445634,0.42461071050856425,0.6557815871745718,0.6398853744830053,-0.0567796309182875,0.19725027023458225,0.9244717376812551,0.4703780723203538,0.8401564028140183,0.3142317432544242,1.4282424445018218,0.7005632042536498,0.76749503856037,1.758629671520262,0.5961341010600791,0.8647332517912457,1.8177973189960397,1.6126113527504655,2.8516549432075102,0.5991734122526599,2.625749246866688,1.5925233581131069,2.4391479244907095,2.7663355662782276,-2.3228768704267195,-3.3607122708782273,-1.2620127510232289,-1.6424606210468575,-1.9610640987922254,-2.3295397728053007,-1.8326171551783252,-2.7234241650471507,-1.5389612677280164,-2.0457975048012758,-0.8864144466293697,-2.3971021374920976,-1.3242019615104974,0.1875362356896812,-0.067205513509134,-1.089350474681549,0.18306293422366365,1.4905594860801368,0.13009754158766923,0.21578671550555534,0.43746756971180034,-0.40396102819378094,0.24761683798072287,2.309532608707069,1.6796514843818697,0.7568605250885886,0.9607242376168135,2.6386700828233174
2004,3,231,0.597099013595628,0.7273816925342205,0.7569188033435231,0.43427777785732785,0.6619767759252907,0.881500170518323,0.6092873850013957,0.6015333442635714,0.43626350386570695,0.158026471781158,0.5298795308067127,0.18275174895147245,0.8174277092362146,2.1022550278981016,1.7263996561452948,1.8409686640632463,0.6671153730272926,1.5434314778538023,1.2907789724766079,0.6683352448242691,1.863827114790232,2.2968359984735014,0.8547345576492935,2.840390218589756,2.108339783748408,2.413970257588548,2.560266807624452,7.97856299122187,-1.9578222163199468,-2.1305640384710025,-2.2626010311473252,-1.9659114522147791,-1.9360458884121614,-1.8232202348371833,-2.122280278614157,-2.213946259052868,-1.7412977084116525,-1.2028797488150502,-1.3048966563195912,-2.0595865968096603,-1.2138489622882096,-0.8400024170934833,0.2646033407694675,-0.24054006422604488,-0.5932307050610285,1.0351721897869426,0.06513589988636542,0.4621383688600567,0.1820750215371232,0.09090500990855287,1.9455003553611412,1.351092344384817,0.646876995063383,0.7809777967457301,1.2263713024276899,3.5770734498822097
2004,4,232,0.7277554309980748,0.639770341177515,0.6770053233870315,0.8502951801244221,0.6153971652732441,1.3249044670243129,0.6960259631291064,0.7082709061626954,0.3413782583967275,0.6626795514463566,0.5864272355463386,0.8642969353948794,0.6875162624629284,0.4138385129911978,2.0670841410045204,1.1468953660708543,0.7763639138879167,2.375965556395905,0.4374697712691407,0.5037585988066793,1.8802927042607909,2.134151662522715,3.313855725336099,3.1775319987408523,1.7946686502272937,3.1965315345067333,2.85416262109448,3.2514953749722095,-1.9365205481842807,-1.9635138674616657,-1.3984254893474293,-2.1719447692691003,-1.6651094446201602,-1.6978785484027048,-2.0391956000911704,-2.495271712656958,-2.5195106997937704,-1.6209144034926346,-0.8823071792320208,-1.76113827827814,-2.0460539521114454,-0.797535533655542,0.008343959368599206,0.2858183181440127,0.08189601352265395,1.0165381763911634,0.29808704096110716,1.0892016032063243,0.21288562729940996,-0.404393885909317,0.30056979845230575,1.430284921230547,1.1924213897134226,1.9480014720218164,0.3361027385024711,1.1938915904609626
2004,5,233,0.61277416369519,0.3019256088298304,0.6554188634897316,0.15496021111162955,0.6364941221603942,0.6157419614453246,0.6464560640776124,0.7118546033014674,0.5018269057624889,0.37593681284569735,0.8158129458581677,0.8717166852134278,0.4506431421299201,0.7603268050389511,1.2777726634560496,0.4495879783870772,2.01522522567414,2.3370906481179095,0.9717811215194168,-0.05315442431005626,1.8494886532946344,2.3662388263079226,1.6395356584607432,2.6798766350887644,1.5902231043103483,0.06206514698554431,1.8953850070163576,3.6807564784224716,-1.8617468083059918,-3.000874119731783,-0.5465756972069392,-0.06989102207545189,-1.5825981011768682,-1.5317585712255242,-2.333081760078675,-2.3202187261765803,-0.2824933495794616,-1.9758673179734711,-0.7116771164418336,-3.5163851735988856,-1.9652942858642415,-0.5393695870516704,0.0309333536107752,-0.9373450532325801,1.5881706584606954,0.3623678524333932,0.1291574879451202,-0.47991738731784056,-0.00824545048045595,0.0650322542357285,-0.7301494068430258,1.4713253843501026,1.168922241615006,-0.7308528795089927,0.7933535679102044,1.7056657213860291
2004,6,234,0.723487569438224,0.8683244538472021,0.5818252103905975,0.7347902935493695,0.7885372125655846,0.42832815678865716,0.7755759969567269,0.729224892464542,1.3027205347334891,0.013535972399047805,0.4138967669760501,0.6104006685684038,0.6479140152873317,0.4275207462886721,2.2352204349864464,1.3555479342484327,0.7433187626187836,-0.11954534521605294,0.5753108077442428,-0.512950655272514,1.43341237614383,1.8807449297219652,2.3685870059542964,7.088127094617483,1.3606076891759917,1.07205969258398,2.3018154890671183,0.3627514970143339,-1.641114328786704,-2.4805307920206388,-2.160724574875858,-2.0057049104513496,-1.904791542867164,-1.7070592177667299,-2.304062257116091,-2.5207388982014303,0.04767162014056198,0.6776098075760869,-1.2877811761469038,-2.180277534933123,-1.9375575609213607,-2.0063399462429747,0.5256221967193789,-0.21683210792283886,-0.26370937835017805,0.32732237578091783,0.4451781765549616,-0.3896851734651151,0.20674672363658525,-0.37757961886962016,0.8874083166372255,7.141062926686573,0.29355747637623775,0.9702227921089274,0.487019417200902,-0.2227677027490804
2004,7,235,0.6627671490445618,0.5585967315180316,0.6006976785142049,0.8901778818161135,0.5890218742248857,0.4244265678702858,0.6495263892461699,0.759669211069202,0.38082486314316977,0.7233408013535638,0.7312117355163718,0.48673480804219704,0.5160163375152828,0.9754354651586697,2.3281460785712946,1.6092566645581978,0.4889514533889658,0.11566547171545341,0.6712726060422101,-1.041406856629652,1.7448133263835781,2.162966321120499,1.5227378452350597,1.8115826802475667,1.4316682339625433,1.2151702788994003,2.283821591302637,0.7669531245222804,-1.8231089193472214,-2.5169360737191355,-1.984784357792611,-2.597783131290715,-1.795433468408845,-3.413314115937286,-2.37883343454243,-2.430376861146511,-1.6052352595604262,-1.4138067808334174,-0.6513348283851812,-1.0746585440762713,-2.3683688670112875,-3.1482572373989526,0.45612721260402167,0.24472631591308253,-0.5886132776992348,-0.9218281569297363,-0.20990548383425714,-0.35000511972634185,0.23050899397620916,-0.5098023805439299,0.18369770786141812,2.8253214866468865,0.5999582635565562,0.6963394540344707,0.5660207964557777,-0.7502353761152475
2004,8,236,0.8195227616358843,1.1123542350085542,0.50195055932899,0.3485421430717028,0.786794920357215,0.5809672844827731,0.6294227749680329,0.7362591064085746,1.2948914421634237,1.699870839160638,0.5243598568564004,1.1214384144473972,0.6251801396310084,0.03328951089810282,0.9638660129133406,-0.5040046129136043,0.35158504202026386,-0.29425259454165853,0.39522260459571423,-0.06994922911950724,1.498729334396895,2.3225072776820035,0.4368522064150246,2.4454432235980033,4.103644964787983,1.63652107212205,2.3385747148586895,-2.1179887327781555,-1.7345366604788737,-3.026605831831564,-1.3592756039357057,-2.6530544723395573,-2.0005549940710474,-2.2470565721178817,-2.151864106481683,-2.247034320474446,-6.483812420456036,-11.34528879106406,-1.1010105329829512,-3.456485378478175,-1.635232055281111,-3.4606920720934875,0.15200233472822147,-1.501008843807047,-0.14596615320320275,-0.3558239064028156,0.17164800905167987,-0.8214340038063147,-0.04224225660190223,0.09796740655920282,0.6833214499614497,-4.970001362483744,0.4804729059370256,1.3200044102879913,0.43803751490440085,0.01845275988220424
2004,9,237,0.8141477322348881,1.1469142389427636,0.6546557720210933,0.6538807148257358,0.5348892024843974,0.6708168796832942,0.6251519327737131,0.7144677144766035,0.5938472347144512,0.7380370294456975,0.5573338430540682,0.28202782989547254,0.6556944413103233,0.3470509939094271,2.2910983915257632,1.8207077746217564,0.5648421858283685,0.28527261131677806,0.902923367267595,-0.10976077668732634,1.7328707513776904,1.417917087986201,0.7112650321267634,3.674236544488759,1.6598285188293738,1.964192378992071,1.2659724312076046,1.9593014141972036,-1.8081730299493781,-1.644396319833696,-1.1754825462659446,-2.6285231087059513,-1.6596953758521584,-1.8558532302946569,-2.738993631278071,-2.5088514082803695,-1.5874171409009696,-0.02714993337347577,-1.3099522705600135,-1.9237109273507473,-2.6030116331146034,-0.7044776091942082,0.21251492688709844,1.645000789480687,0.6240592438786243,-0.6054007159356682,0.2877940739908185,0.012128524682171845,0.1032563693665269,-0.4034614919864442,-0.8348986052929361,3.0825699797500996,0.7157333422710155,1.0946156190445981,0.49094696215192934,-0.01636505966025751
2004,10,238,0.8047076825851573,0.6141531238398971,0.6406750588105489,0.4300677500847978,0.5658253342821505,0.7576529134900668,0.6946314790197053,0.6425247182614483,1.038931048060019,0.3526897466631123,0.27060900709015195,0.3368007585321362,0.7137250274769662,0.38969569966125084,1.4569775023658433,0.9121028237685941,-0.04177607664457804,0.4106267902325488,0.5889440446544155,0.7057115288299118,1.3925508923723053,1.6102318155604616,2.0473764766289135,0.7716189741198204,-0.34467724595418503,1.3659618731540744,2.379626521385519,2.6599931688302254,-2.7791117855813865,-2.873665905632119,-1.9624197952050815,-2.0503521224376233,-1.8755980476186416,-1.6692016362309732,-2.4659371258674843,-2.9779547154724684,-0.231937611303383,-2.0196480714736476,-0.8720953797531226,-2.5102559736376704,-2.0636638827169795,-4.628204559194212,-0.334526526632101,-0.12932684542741718,-0.38321202933171883,0.2952588216386617,-0.20323176269300822,0.20157539624373536,-0.10677942601077392,-0.5219956720493063,1.6726418989470626,-0.30268308432660407,-0.44755279850047136,-0.5867760842233013,0.7720390714485073,1.725453718586833
2004,11,239,0.8555631579852521,0.658583051404679,0.455097397992314,0.6228281572255692,0.8353614518997148,0.6492206960955432,0.7789752536463538,0.7804235334801809,0.3306397430082774,0.44504510240949235,0.5043567314244679,0.4496492446965697,0.4526797985308336,0.2779138927031554,2.099954059077386,1.8313683124380253,0.6267500877192972,1.4550480608393805,0.5374189676036862,1.0502830077994143,2.4427026769944433,1.8650097974065825,3.7984347041283963,3.625375548814597,2.419416683767373,2.1090506725953535,3.247017536573107,1.4244187058325646,-1.6585855767386715,-2.016245393846902,-2.2688874847469807,-1.7474745237127103,-1.7520470712493526,-1.464882061245966,-1.847723940103562,-2.253982845143115,-1.2555851149440023,0.4524438143775451,-0.5415684076238904,-1.5765965341302786,-1.3469711312872727,-0.3430919918904733,0.17114841165348713,0.69485287364456,-0.01339030931199147,0.4037561290680314,0.11249874176969436,0.15321331516141815,0.6623263711264735,0.005060699468349521,2.2412964414605128,3.760954419250169,1.0006032473845827,0.08373577144757703,1.1518154721504208,2.142533159992921
2004,12,240,0.9666445687883318,1.0127331488739697,0.6673850247148598,0.7151980872982174,0.6598099633001224,0.5690316556867004,0.6246746618145644,0.9243277688925912,0.3362491941901047,0.467435416857194,0.38395145677365394,0.9105689916305472,0.515408643438898,0.6293040964312328,2.184880607881139,1.7886625607647593,0.22463368771331765,-0.18964701710389048,0.6618767664518196,1.711416155604006,2.0516552091270754,1.9540607891920538,0.3303427110043298,2.6926693519928624,2.0217583284468246,1.8060169173773826,2.571340910255696,2.1338282638366297,-1.890413812047614,-3.5067144773110726,-2.667623783198059,-1.9122030998553443,-1.9259323615352166,-2.0194355753345703,-2.3064301812882944,-2.335654382614999,-1.3107149190681788,-0.9152066439091857,-1.0447658152669597,-1.4447151274830587,-1.457726978398648,-0.6508314604382869,0.003319799729643099,0.4508969490837131,0.09661673243398576,-1.1977114820201316,-0.002660182515466722,0.9926672189247401,0.6263454825346266,-0.3366047092264944,1.3420246090392614,2.01442166698841,1.3149812923987332,0.7707244028762772,1.0235100941169746,1.457072797831534
2005,1,241,0.8156456709286135,0.9951490400196744,0.34056069962039603,0.3192744719924945,0.5805831026400401,0.430443042120192,0.6328400100707734,0.6890956882079229,,0.8949109262209879,0.4076354991027119,0.19078559814128931,0.6324235518123571,0.4435642022427257,1.6993144255053207,1.1268263992137495,-1.409436463275164,1.7944445749919902,0.9384853048447087,-1.0714864192968618,2.4009724059539392,1.7576658746685403,,1.079483086219793,1.1758736380800472,3.0111905167131385,1.1499034389163505,0.29253174328110076,-2.0155216766866233,-2.5426139669357277,-3.135344714822829,-1.8535745963702217,-1.7603256969477632,-2.415667834748933,-1.67603886217881,-2.606053239120763,,-4.338879610717259,-1.4644854988122344,-1.8778053738485527,-1.6390567586864455,-1.475535133745008,0.2527319088968733,-0.3811512971182589,-0.39650759546705655,0.4669373752585496,0.13677337262442818,-1.5285675405829553,0.5504426741588694,-0.3141266628377999,,-1.3697309900636467,0.5567359623066946,1.3971512040956395,-0.4144082742808648,-0.17615354360900923
2005,2,242,0.7923552348070275,0.34467753177006527,0.5215472414730244,0.30475858920081444,0.5144881735706355,0.7599248241246522,0.6290079008656677,0.7123650092271854,1.3426838138042434,0.5470940128704842,0.7760655587347429,0.8688996847135431,0.4557769728851194,0.22961746690973403,0.7143162205162479,1.3680750603551113,1.0808610384241342,2.19907853999567,0.4515832201871943,1.6118319672004109,1.3499606115207154,1.576037085073753,4.105269444765515,-1.1229936268014973,1.2853403148353175,5.700627963779938,1.7747956518029298,1.2503215576284143,-2.314275654181246,-3.245287981585315,-2.0711008569684193,-2.9142190934113104,-1.8165552535523835,-1.4225818640339933,-2.386411056694943,-2.54361750452777,-1.4075509145752292,-3.106774010548039,-1.8094940281866678,-0.6830304444547158,-2.4695747522371683,-2.129059526107971,-0.7780182306087512,-0.3477983691032035,-0.750974717166639,0.46291656431999473,-0.013147480393886047,0.3014091052304086,-0.17106317309167016,-0.4356758193912802,0.8185522842488825,-4.370305124612804,1.049830653060723,4.360320077025778,0.03920134648293666,0.8865645757832008
2005,3,243,0.5870888935134329,0.9786831025878964,0.5866078150621334,0.8230239646113687,0.4879109756967797,0.571782937066798,0.6534901665841649,0.8282145957863034,0.204169181163423,0.9149642294137934,0.4856003012595038,0.47791335268192514,0.5959876145981726,0.5910853379974755,1.681453424345779,1.8089598782109626,1.7610117290930416,1.3190741481130432,1.5647923421688088,-0.3840650648568017,1.207469016420393,1.5564441965833649,-0.6530770085849806,2.507448623362532,1.5827452359894165,1.01039552095881,1.848044745437737,0.904485050353885,-2.0933790643484653,-3.0709281236536463,-1.8120454026821404,-1.3729256238154413,-1.681856930813255,-2.2061051342530136,-2.438973415209385,-2.681835217122089,-3.073315656456031,-1.5130078838487713,-1.517753473378929,-2.306358072470321,-2.9973368562911666,-1.9174219988029109,-0.3066941000186748,-0.7317551422312757,-0.10563452344540197,2.025651739056655,0.2496445703621876,-0.7719025843373486,-0.2966656224502146,-0.41756733317406625,-2.4416785500385485,1.3198194919865287,0.42121337013094706,-0.15104576583648593,-0.6340321457833725,0.15012655521681495
2005,4,244,0.7301004161088748,0.5053263948946686,0.8346692270006707,0.8100951076135338,0.6622288741788456,1.3131474051165737,0.6830907007980415,0.6869687736521396,1.1640985174960077,2.124836524876834,0.4199546561325646,0.2012190386252449,0.8149240137731892,0.2519021438610115,1.605508682596186,1.6620625948846046,0.7404107259487035,1.4027890999898294,0.8712653292069364,1.0337429256496513,2.2148822426837977,2.0094943811713386,3.5107706186269696,2.4358306551763156,2.173498582715485,1.3279786172102421,2.2025715836246285,0.996796321400032,-1.9712344726084141,-2.397061488348939,-1.8933362450738649,-1.7666042620281024,-1.9203689350844335,-2.539874989920502,-1.7410421538010452,-1.7072692746495446,0.2891451735196426,-0.5077300428480889,-0.615604608353437,-1.8579225809166964,-1.8712967911942064,-3.266574587561514,0.07075825110188133,0.367178800924156,-0.6353089316038969,1.2915115640025916,0.474441768214775,-0.8982501976005953,0.510233834580491,0.25605286228837026,1.7285316465557583,0.5646678109823718,1.0434362211243509,0.21737153445132262,0.249411868864318,-0.7570243519177783
2005,5,245,0.9103279471921117,0.7882346009471661,0.6377878164695465,0.5280716530735122,0.6985157689957602,1.1389244507197884,0.7506863759405383,0.8275516762426505,2.22579940347214,0.7811289365438052,0.609432299124172,1.3718168657666412,0.5403609265575037,1.1509394035767877,2.2238314329351625,0.9808459172954598,0.34808285792399807,2.5530067398712863,-0.042351774850824433,-0.4157078087033534,1.8194831499979944,2.396123693934401,-2.089403431955909,1.7249480075115553,1.9888555962659018,1.156849790896172,2.492161052724101,0.9707381327123481,-1.81989926783732,-3.9976191439403346,-1.7264567270512041,-1.5294829803204544,-2.4249833595109185,-2.920744605905259,-1.9574974990370542,-2.2637913206904856,0.16214930805544345,-2.5397875078411913,-0.8190355049233325,-0.49342139674040814,-2.3034456652923723,-6.068873639868514,0.8791117907348641,-1.235902376978958,0.3261120246171132,2.00374094873244,-0.5604023980952259,-0.5828606470837763,0.0006834897492019232,0.27896108250599033,0.5417247116457631,-0.7952510908342022,1.1099937653284264,1.3610104247878387,-0.1730875249331525,-5.040309532768368
2005,6,246,0.768322551017927,0.5124470434507531,0.8042763606094581,0.21992574647980628,0.5180615810055241,0.8628018382970624,0.6213582937525448,0.6315655323102987,0.9843340992875208,0.7301416548160451,0.5359106654758653,1.385229230420683,0.42426802651209644,0.22148935355594418,1.6546812353585392,-0.12183027904266029,1.2428660740705482,1.2701227316635784,0.9827620778404552,0.08857749198358676,1.788102676793725,2.476264552253855,1.4299030921268807,9.567441307992015,1.111697504720586,0.6007823459730572,1.94364040898428,2.616001908026787,-2.0381305139307746,-2.824919643652683,-1.5431192778457388,-2.878225239905593,-2.3478845705953963,-1.727380595021441,-2.4218076866406126,-2.3489249041918328,-0.8089137952203651,1.5406818525997852,-1.1451377583745779,-3.2216416023734737,-2.340323003610941,0.47977231331383485,0.1968803979162214,-0.8542233134667341,0.3875678753365871,0.4393343256125315,-0.03211920316310055,-0.645831652605948,0.22373899632750535,0.1556683776045222,-2.1417399380630595,6.603062997596288,0.47940021028589014,-0.6405390938550701,-0.5455658919932284,3.1139286471985077
2005,7,247,0.620411433672829,0.6245742297814335,0.5512508530635761,0.3929654685294059,0.6631300668592122,0.6746488625489712,0.6549128069747152,0.5432560759007827,1.243686813531568,0.8154302297745442,0.606675485811913,0.2859280850268276,0.8259310385153293,1.222175578363787,2.82513629332741,2.5515988743699496,0.22203999994897577,1.8110661291306471,0.9148944525642952,1.0034675462405211,2.234040036369205,2.4033026674280213,3.82523211986845,-1.9190063680707101,1.134095650961129,3.370208570628655,1.7748068821999652,3.245355891136977,-1.803335286001857,-2.2733590816866887,-2.401346441080093,-2.6026920585107796,-2.071513953344032,-2.288671586439575,-1.9015060680705627,-1.6669344373876371,0.4464408980711413,-2.542997404888357,-0.9180892715468558,-1.6908954106273835,-2.0731782460797548,-3.380294633643365,0.5830849368516304,0.5521883206478692,-1.210021799712622,1.3078513826463785,-0.1663336539359656,0.3392490034455027,0.7257351678675426,0.9158430373477667,1.8204479576222827,-0.4795400056988523,0.24357976623170915,1.0785220265706508,0.11169922235203007,2.6006677886904788
2005,8,248,0.8862992788701487,0.6467727596074864,0.7473839431939364,0.5307041251772433,0.8028089606756001,0.7445586470393358,0.6968086414193259,0.6652456153926503,0.0953919709187401,0.4738142074963861,0.3590950690304263,0.7743746093262609,0.5282295322920657,0.19238776169874022,1.6911664993697235,0.9798735616932035,1.369037185588802,2.712461410054303,0.15693574058443072,0.6694709422976887,1.8205103685652249,1.8337398051727205,2.724499364592274,4.5681007105587845,1.4145555122736118,-0.0657447698103074,2.270865280912953,2.3029282411359455,-2.0687659880881886,-2.944487791572811,-0.6946945626519414,-1.9997318673534585,-2.083942603932569,-1.3687609957903182,-2.0447644342346374,-2.597368533273652,-0.14591187808858788,-1.4554276558384402,-0.9924962580160006,-3.17914267885053,-1.7228270770066456,-1.022539052087627,0.12664143452220405,-0.40263073463433324,1.1231172225098616,0.7581649284115353,-0.16873330162602126,0.37282715049043674,0.23274062922883554,0.48810637926526873,2.4325255602685236,1.162736663709751,1.1725883794783498,-1.3015897077120155,1.4394561829242412,1.8843828269894976
2005,9,249,0.8291261834418625,0.6462456473759488,0.7995740056309596,0.5897991636086628,0.5873339696518911,0.49844058228968613,0.7125706410550048,0.774989554831833,,2.072173890503883,0.49084533869237323,0.8230740618270164,0.6127229859996431,1.5878521153181702,1.2990542109115297,2.382872419081618,0.9569598453754512,-1.9497640133080132,1.0994328584991284,-0.915590286896119,0.9492363634448588,1.031868952343579,,1.363873941353682,1.7968260510265688,3.5977908114424295,1.7150449075236052,-0.3527176293038498,-2.2293493203721013,-1.1991709791201655,-2.4603741312357235,-4.294922037458232,-1.4882930849502425,-1.915679747274763,-2.3756487508166346,-2.8390239663752443,,-2.177620923849075,-1.2004395330501585,-2.8870755418772056,-1.8083118354918568,-1.6126111261692102,-0.5201833654817383,1.2863895635008264,-0.7467795526841885,-1.5041756841499792,0.1688628376212109,-1.2419538745118737,-0.1797668697987106,-0.6500347368080434,,-0.8827562182374529,0.15400376739275473,0.9541547245392595,-0.03352578003017012,-1.5401105131769899
2005,10,250,0.7068266171981009,0.8765074104128402,0.5868902192311324,0.6190143773462677,0.78287040264161,0.5914426443419682,0.6348235968515916,0.6953903444497392,0.520824939843821,0.035946415030345805,0.9920936990143596,0.9704759474761049,0.6938342095228216,0.6132104582879806,2.1966113833604872,1.288857123158504,1.744315448002153,-0.9645076638165344,1.1864099818260494,-0.5056565227057312,1.9731285436746024,1.5542241207665877,1.5857088166302644,-3.3464319821286637,0.43436071444385826,3.4959418126236494,1.8021808820923026,-0.9282942504003093,-1.6325317222716358,-1.3499427378334041,-1.0087384407582143,-3.4848420616040303,-1.969389485319829,-2.381899819028058,-1.4577445150558774,-2.0749234091446347,-1.0754377350443736,-0.2104890937501443,-1.7343565189773744,-1.4408319527718534,-2.2414011244202037,-3.239673432698704,0.41675477522392895,1.4050087362708754,1.2804427708751074,-0.7363836385591166,0.6679131342768718,-0.7550630471583275,0.22630642024737863,-0.17907085740164314,2.9961226838582915,-6.03682413602968,0.5469596551315494,1.1325438720678167,-0.3257893807572196,-1.461348125394315
2005,11,251,0.9522540412063342,0.25462882347357263,0.7337734671885383,0.3581361322311914,0.6156883900811009,0.7758010458088112,0.49373345140493474,0.615869426634831,0.522857188667835,0.30943690589549694,0.7023419713814787,0.4052646069999431,0.5364574170857984,0.022193007265403134,1.3531669302695155,1.6080936074778152,0.00026781367199070136,0.33769538896910883,0.722844958636185,-0.23058860667461786,2.0634429265064744,2.660908491065565,4.174231327562613,1.5700205004885137,2.029158089794385,4.15187519805873,1.8908622220660463,1.8086424321479142,-2.148241468859349,-1.122810789625491,-1.9635861501736016,-2.3122679466460774,-2.0436410124197457,-1.9490015456933603,-1.802146561631822,-2.0384246412029094,-1.0514539595530612,-0.32325880698863035,-1.3621865764166181,-3.780886424335744,-1.9574278227453101,-0.4817312223956533,-0.3888547231417858,1.6454294963471245,-0.17095382797144643,1.1476755663065867,0.16549653857768495,-1.0119431572939799,0.22033246599938322,0.8515235976524517,1.7596113346093825,1.9155559222084118,1.4400737931965057,0.15632385646601027,0.5274904511546379,-0.49404736641185
2005,12,252,0.8459837659473762,0.6455392619929705,0.45397969050952924,0.5136457684256984,0.6298040681344956,0.3878153152723507,0.505615809741035,0.6348383648197562,1.5059338372355213,0.7769212722721972,0.47768314191636346,0.637193395991982,0.45926988504531296,1.83915742893207,1.5591719679563398,0.9111439588242068,0.9143855915524486,2.632378185859378,0.5608661320331765,0.2419641244859125,1.8194295544652874,1.327119776436526,1.5488251359558447,1.6251887299400039,2.2865132473939167,1.6346176211047139,2.663473009854721,2.8720748334812414,-2.123289835232802,-1.993842742673317,-1.2933391482915633,-1.5915694979282387,-2.255608705851734,-1.4950739195502734,-1.9219832902340275,-2.169900005210322,-1.0406852059057743,-1.8472552277086052,-1.223683181878124,-3.351453160102964,-1.48212145547952,-0.4966969880623185,-0.37915403741841264,0.4264209135642175,-0.16985650650192746,1.4509231472882056,-0.14576773867610504,0.6509999626463897,0.4609356787261511,-0.18762508548222992,0.43573945065427844,1.0643941365846796,1.3373340139372754,-0.2691277955678532,0.9578223724932925,0.12766234158814185
2006,1,253,0.6979363113483887,0.5720471702485358,0.7917889422226609,0.7267984532632058,0.7710066310098121,1.6290577829163095,0.5631963579297342,0.5606219144705126,0.24889267891465067,0.4071000199076244,0.700419874973182,0.235167416563401,0.6726656701987812,1.9614771157631987,2.0748040376799772,1.1039226698003766,0.029464456370684577,0.6343858644967373,0.21432422400517775,-1.3998404454396574,2.28726354001317,1.6470199087664261,5.287747131015682,3.5373666296322344,2.022395698819198,3.1301724930920436,1.881927988792018,1.1218044825698013,-1.8826429447009223,-2.7095771403067217,-2.489949282868626,-2.5085377592544686,-2.02199484808747,-2.4367495970843365,-1.123660579287772,-2.333113626596182,-0.021175397321716947,-2.195096186136068,-1.3106510473599713,-2.2596315068053303,-1.4669771395045166,-2.0071773715163443,0.19751708873084747,-0.3331678244364962,-0.46175557102271353,0.8156906956309917,0.10151312167931392,-1.44939716234376,1.0917374499710546,0.5371708105400264,3.3647533253272246,1.3679135562367841,0.31309966498967584,1.8382559752618526,0.8407843106554798,0.6497584164714738
2006,2,254,0.8470091200756875,0.6344175606296267,0.9045379032631912,0.6947066003851732,0.5753765837572378,0.6639633055037832,0.6862598971577352,0.5314012677297559,0.16172506807934245,0.3070840450053155,0.8466105155569108,0.4632629512579113,0.5332991057124525,0.464033159543375,1.3340241062245113,0.5998505232036084,1.1307123357434075,-0.26221683745761365,0.873188200468429,0.17057190202227723,2.0552690169030456,1.8994981457022422,2.3273192825107687,6.392904480935747,2.3511593285648247,1.8928810131544707,1.8980344002579443,0.7020603874507034,-2.12132806086001,-3.03784905204431,-1.809293345635249,-2.780842112183708,-1.9211020801978091,-1.2404203523317947,-2.0074734844864204,-2.2099813443600063,-2.6712037013134005,0.33282506985695576,-1.323969265849993,-0.5772133562044226,-1.660629861179286,-0.2732106068619992,-0.03803301794323111,-1.179130946013987,0.5688451601764226,-0.6199555340049445,0.08119715686676511,-0.756656104457464,0.4574917689098838,0.4405508605302185,-1.0396590028556951,3.9445208380247263,0.39872798959666045,1.2112762561461636,0.23172229720042847,1.1879413277093318
2006,3,255,0.7509980437019254,0.2718833570584532,0.7639136269785161,0.6892398852959511,0.5908104981275467,0.7301267000179081,0.5481607330285194,0.44922723117716495,0.061951748457185124,0.2666936788000751,0.40278040416149524,0.6566398564735233,0.5203719481542715,0.192345394122658,1.510548301557816,1.1277966115337814,-0.39260045769278074,2.131140238628161,-0.515424652604344,0.1681825366202467,1.917473569458505,2.0378188184833137,1.2298374529758969,1.250601693328798,1.701119055687706,-1.329478004079603,2.8161156202397932,0.7277381457141608,-2.2034967742726352,-2.6504306018530976,-1.5878616233715608,-1.9936006392929901,-2.3797101501309768,-1.9988866702203838,-1.9562107355547707,-1.8006603857409322,0.18008927498394323,-1.807948699897057,-1.5594150943448615,-3.9822682526459805,-1.3255127174130228,-0.5528473617171815,-0.2926289475596,-0.19181786548450874,0.006219788300222424,0.7422469586522122,-0.5793380685324713,-0.3301909802807493,-0.07335456849552818,0.4091126843719989,2.463765262233361,1.927263552988412,0.20431104004623257,-0.46814138325196963,0.6844353721376819,-0.6102077521282786
2006,4,256,0.6885696242031569,0.6444768019895037,0.7232560290447166,0.6857472980525575,0.7120904503120955,0.527398431925522,0.6563634508171676,0.6447798284741789,0.5807251632573048,0.5366150452946506,0.3389381278079122,0.8675958665702554,0.5784044323562961,0.7730050558904098,1.7999071962687432,1.2619014534008386,1.5679908878232387,1.9822822432944838,0.3393140955973469,0.6108272336632938,1.7630864354006124,1.832243210796093,1.3987036756486877,-2.9797795907069498,3.38329212417576,3.458468731141463,2.3663355411733145,4.461992772458907,-1.252369217940977,-2.2363444995916786,-1.6667219062508296,-1.3159683230105361,-2.0610014047549843,-2.4807882579928586,-1.6410245559557328,-1.7514218259437755,-0.046990551535493925,-4.020073888623017,-0.7140670082872166,-1.08757996016781,-1.5712764617802344,0.307158109328498,0.6485438862905938,-0.8865338308203974,0.11746066580305561,1.454092464652196,-0.2344898877232196,-0.35990855725877374,-0.03352812810401655,-0.28500791098136635,0.5092159498197406,-5.9823979804181935,1.8760439571107221,1.7151709399066224,0.9574631880937371,4.430002424383128
2006,5,257,0.5823096069536191,0.7696654395029491,0.5969682332862719,0.7732549024439231,0.5988820506881872,0.6401165422004048,0.6171613141927887,0.6661422623248218,0.022155031314925112,0.528663230240111,0.4649538239216331,-0.10513817083944048,0.7308613836140118,1.3892357665088466,2.724204773630048,0.5704540655512509,1.4615875245732803,3.1838162171167452,1.3074624827704027,1.3061012058971788,2.6179546425450884,2.2778090017588397,3.5670827969850496,2.824072630771175,2.1159999469238624,-1.3941949811699643,2.917954790269581,5.503803571556464,-1.7958617966675368,-3.3741397342427906,-1.3060324713158065,-2.7810213731096787,-2.1845375253399535,-2.3879248699426303,-1.970486134829183,-1.6200151436866577,-2.3515869310408,-3.5836096353506735,-1.9180317298564689,-1.6088325151145528,-2.020729169597338,0.37507247137936356,0.3402649856414777,-0.8734900322248474,0.5819762104549974,0.6305010586637816,0.3219485845344979,0.7951661962500813,0.5190420877963392,0.17894418678935728,1.6055397777388034,0.48199076823970555,0.29338411466175895,0.6876080342351764,0.19973683016789562,2.7793075096466304
2006,6,258,0.7160375242970787,0.6460104135356208,0.6734972549749816,0.1931093609227764,0.5317062509137179,0.6794824109770188,0.6819100664325689,0.6386961454310021,0.8083291012385572,0.03594641503034798,0.6842224150275427,0.5341208886881652,0.586406780606831,1.4463794953392304,1.656066405994502,1.723319117661462,0.6620548790853426,1.9808816211616427,3.5295156914091794e-05,0.6634002804062924,2.2367488384229737,2.339507966435116,0.015640648102351783,-0.26950890512864933,1.194712534769699,1.8289726071553611,1.5752352754788825,1.5496073640376333,-1.8705990312292946,-2.181562560359455,-2.527081367175409,-1.907516801955544,-2.1349362373217144,-1.243580528192798,-1.9789122477861436,-1.585677947883806,-1.157817474920649,-0.21048909375014813,-1.1270785479950467,-0.8007661508243217,-2.1011217470917445,-1.020914148747091,0.09961330580658637,-0.022623081877051032,-0.6427260908534284,2.2595887189580006,0.035283604243255134,0.015257837638185341,0.5051493071990995,0.646348421376113,-1.6819147538802832,1.7179441489703025,0.8429356252969622,0.7434208456404391,0.016968765093287166,1.0800143247644256
2006,7,259,0.8032015177767627,0.8566193923018246,0.8617550293194549,0.5970611091206072,0.6399200337545624,0.7685825393155554,0.6248870271863803,0.4843441353458781,0.5665100256060546,1.8620957328264995,0.22437385778860672,0.2729754728226395,0.4548050323164156,1.3364742586185288,1.5862065312854918,0.16557515206653323,0.3188589199522087,1.4118924991996453,0.4878977240753817,1.330443846962853,2.116247094345605,1.9433938803022524,-0.7785907595168094,0.6338389625442689,0.5890137963050174,1.4436277252899434,3.7837373648839585,4.488193260634144,-1.7820608122914505,-2.626458473452902,-1.8980005243648714,-2.4104778987200524,-1.64140162540004,-0.7826120830213327,-2.187131609515107,-1.626041417117823,-0.41195434708889583,-2.73415351390572,-1.9091915167294757,-2.903920538232354,-1.6954901294018734,-1.219071009292172,-0.22212772415807785,-0.14519651816207085,-0.8080775109175583,0.40732342949709877,0.10671012613110416,1.3811425471323935,0.704157913158429,0.25248825338162856,-0.7944575499728712,-4.849052136493951,0.1722583581261541,-0.5307418063283801,1.5214253819910406,3.1298835889617975
2006,8,260,0.7289317124190602,0.5708581639551996,0.8363161393152309,0.7198124081309518,0.616056229430621,1.0625295144381575,0.6654442437643673,0.6453307586142261,0.19661988725908122,0.6271637355624183,0.48092112047169927,0.7676455473181637,0.5020257467636446,1.0870967427409852,1.715778095318455,2.1888397879185355,0.26852243475788024,-0.2664987747214754,0.4406431332476312,-0.8338302642545181,2.7249959249986575,2.02986291776804,0.5079485372965022,4.3928160027894005,3.265043822162013,3.7532313860002158,1.3340139270409619,4.368028247101811,-1.7423229869886487,-1.5958756651616732,-1.3278824949824355,-2.3586566920552174,-2.3476344078807334,-1.727402948823388,-2.3426243144399583,-2.460085509178012,-1.7579974900370807,-1.6286287528224699,-0.6293121450887273,-1.0682041337897121,-2.5264612838024854,-0.4142320140691061,-0.10211521605234934,0.9053818111751473,-0.34369080403761326,-1.211391458906516,-0.2628288051878704,-0.5536827178099067,0.48650712732488643,0.07905725698157799,0.5322036169578084,1.690748436487898,1.7127603774482925,3.048715296845922,-1.2584600678110118,3.4704593725791066
2006,9,261,0.9288721337647824,0.6267359727513127,0.9092835367422106,0.4621724090410823,0.6116739235983983,0.5221712814679144,0.8752061515229839,0.5005930750244183,-0.1790777692466715,1.3353939896204807,0.6684022793357445,-0.03141161517733749,0.4981521590438955,0.8118993497981047,0.7105010719292992,2.4217508691699337,-0.10690158049795578,0.4031607277760842,0.9142013090663903,0.1579563624056703,2.450560284846081,2.956384905281382,1.304872370739893,-3.4603222668014935,2.9794667418252048,2.7774969842621235,3.205097999220497,1.2337869502218584,-2.1631622979636997,-1.4746114910807016,-2.0032900672936784,-0.6941407676237363,-1.6877590522593282,-2.126872772836167,-1.6551528055105356,-1.686357345601668,-1.0631613230320927,-6.186598389048047,-1.1165136260990098,0.6389624351879493,-2.0912792208727584,-2.2057734580934807,-0.27005768716975315,0.5349672616634109,0.12096434438824337,1.591028231165742,0.02986096426780809,-1.730712967031592,0.6683372007984181,0.9182842949584055,0.7674277645454023,-5.483665272612792,1.7995535143404084,4.934639715623888,0.6694681146203207,2.4333755467822162
2006,10,262,0.7196727823089509,0.5374801213516307,0.5442721188994473,0.314596611420891,0.5573983214476231,0.8771870473983702,0.6474351572820658,0.5320594755926094,-0.15428511511288862,0.015396393184215741,0.5509666226318012,0.9700172137946061,0.7946716069964186,0.22151305895259488,1.5174338163054064,0.010114887929456709,1.3450870340865577,0.1239667943506626,0.5969685310352734,0.42771218801561794,2.169630021932153,1.6963892312235405,2.990908328442075,1.8455536912033101,0.9178191205771621,1.456960328758843,2.120593054437408,3.2254424803528923,-1.9372406656471297,-2.884278965388052,-1.2669189994749166,-2.7879045844634973,-2.3138114433195014,-1.7386463279456932,-2.0674071556474667,-2.15667896148921,-0.5100046856131877,-0.6732934747388976,-2.009946383766729,-3.5335476813238014,-1.7766076405477924,-1.4154152256032666,0.2331906196411594,-1.0459825690917985,-0.7498921710184475,0.401751319531974,-0.4066701444877487,-0.5789490207094208,0.34332470600287684,-0.25411775859214836,1.8112758170769374,0.7970134400337171,0.28760573975814185,-1.595866217140047,-0.47199200396942725,2.9895725704453455
2006,11,263,0.8286520201509601,0.5940474285023615,0.7452227033852292,0.6617676374279935,0.7636040622259032,0.8017743997098402,0.6399222893568581,0.6824858094901433,0.5139997795490425,0.34965816325743204,0.5139233238144659,-0.010098195245371496,0.47572552935460843,0.38489061477928344,1.1767718735412838,1.3580592032397294,2.558273129493663,0.5711613920339402,0.3464008023167204,0.5266016605163515,1.9190626459026756,2.2401350354903338,3.9999310996682547,-1.4653099855735856,1.0981111523943405,3.566197017194448,2.4482935797067293,2.4821203223159167,-1.9551950073602657,-1.5790103508027644,-1.2455388869416,-2.3738085297560794,-1.7942132575037164,-1.412416058660226,-1.2144523539738137,-1.1413220363570415,1.2268467204665692,-2.4359994972686163,-1.5722721156460202,-1.5915385205687669,-1.3428267658102064,-0.49982294066626287,0.5032945975215671,0.3311461570051121,0.053008830023467596,0.6846410554430187,0.10562995832965794,-0.047030250156887936,1.0314500651120193,0.9268561635810385,3.906532613482539,-1.2517125345568947,-0.31650922981772434,-1.0423940663425006,0.9502616017007363,1.87254349721743
2006,12,264,0.7356768905759724,0.5193868920455912,0.663967150690926,0.7589654685475177,0.70367156501782,0.7936898677683165,0.5128013378927265,0.6582822351043709,0.43291314990885565,0.02379641037985474,0.5226843453086847,0.7505206583940085,0.5181056402619725,1.0400932812119423,2.4748550121753747,0.44932362662953734,1.236807819165504,1.085601324838956,1.6528557218060238,0.19940131433288394,2.3957176224344625,1.5278167449388023,-0.2823766923657884,4.47586682194211,0.8105347233571772,2.408309958484683,2.146705435594515,1.6307934330409144,-1.9539455851500016,-3.294705730604467,-0.82776330306614,-1.424331830569183,-1.6092134101115603,-1.7635040211632924,-1.8452718795334933,-1.7560867420228496,-0.9157307514888992,-0.17867385781133388,-1.5746346665808555,-0.6903016158901369,-1.7536339219518362,0.04199160243404331,0.3330042033853387,-0.5480892197187058,0.1779211120579133,1.5847267067175193,0.12800061953169378,-0.4692461187279657,0.7704599364220261,0.6241747819427034,0.34928552984661465,2.036845059953187,-0.3144306337257871,-0.4577426339905969,0.5011100610462722,0.8779955297878963
2007,1,265,0.8542966382160236,0.6576079657607948,0.6495815244410129,0.48451734923489603,0.5894071477221337,0.8026825063735801,0.6756098760058733,0.6039366523242142,-0.014088984060863917,0.2843149381344916,0.36091778199235197,0.2711747748144119,0.354690156237262,0.5330342269602935,2.0378651514303985,2.187477497258518,1.4349702597334768,0.7651882046220264,1.361164530885001,0.7261705027837589,0.9306471088575663,2.582264544122301,0.295187559706857,3.5150976141161125,1.9181528875839995,2.511323053250736,3.361849395836484,5.4078285817949086,-1.8327337511608912,-1.3949385153937603,-1.9674896730063978,-2.490323275600405,-1.352784758222754,-1.9027952085833388,-2.2299292543011155,-1.572059378791092,-0.8521469708592335,-0.5764664465807084,-0.9873455955064514,-1.984592496610354,-0.8953531927042088,0.09371562049142043,-0.1756895679123403,0.640958094364928,0.3837277611685528,0.6315834400478456,0.80615505028389,-0.5130107663309577,0.1008378448279791,0.7465118037364058,-1.9240992175914886,1.3594275155907336,1.5483927637696664,0.46914702810841963,1.314315666272244,2.993023880435493
2007,2,266,0.7588614843209602,0.5904261704399233,0.5146539920845433,0.5373659616962368,0.5425412704907482,0.7450925189749422,0.8349928581698207,0.5665601018864016,0.18541812677434144,0.1757494788053347,0.3670281096337944,0.5289261920233777,0.6269466675628609,0.0656953091631313,2.3310140054486763,0.9215741052150419,1.0090709464944743,0.6267280866271248,1.7658569501645591,1.1536092468146755,1.8584065218817563,2.1865736812971805,0.7883942146683303,6.5645877078351775,5.137253868850005,-4.875485275677821,0.9465204306468017,5.905560886875018,-1.2472513136263157,-2.5387415905687236,-1.821714171733948,-3.0119040092841827,-1.3153410012151983,-1.9376262179519605,-1.3447163925184016,-1.6105962177987874,-0.6012420030413989,0.33072647235891833,-0.7054250750289468,-1.0738694834909555,-2.288177689908739,-0.042612055100948815,0.7418058087206795,-0.12234447728493578,0.24509693290397644,-0.06726157178656467,0.9532435126922894,-0.12331813205061808,0.6591856417156627,0.472866441160433,1.308820762226951,5.7581295168642255,2.121775376965409,-3.028729133781988,-0.41339377656730925,2.199604587926382
2007,3,267,0.6222494069816586,0.6771061321973065,0.5517677163587573,0.6668282747078558,0.8302553273692379,0.8047154954637161,0.7455954497856233,0.6085334547300583,0.6571353645228688,0.3652547895803248,0.46366043552222475,0.4063897095979923,0.7089874239064335,0.08081924617257269,1.7334298389189413,0.6156576212080485,1.7966312397339181,2.3163643943033745,0.1257159745146296,-0.2575848650164353,1.8080706914354494,1.4960739514485104,0.6128254998407655,5.499945743799002,3.150197375221759,0.767356194008051,1.769521279495275,1.093745349356204,-1.6528993228972086,-3.2155078915943003,-1.0194051352158113,-1.7867598652214327,-2.092575757350198,-2.359344131411614,-1.9281906934036737,-1.9499120370624226,-1.3486481734843243,-2.3058450170320204,-1.3871989183473874,-0.5328017163434299,-2.359453978948942,-1.588190710902203,0.002098343513726394,-0.6691757037333763,0.8450750742926116,0.7720728644378143,0.04175615907843227,-0.5366261178231623,0.16295183361124035,-0.0465266491433026,0.8211807709036656,2.1436443832581427,1.2800248515122106,2.133085302446012,0.4635161661351459,0.9812408976843274
2007,4,268,0.783977530072008,0.858871348757807,0.8687640953988096,1.1157246396386378,0.7565852067906351,0.6680064844200699,0.7790834667476356,0.5731364918224465,-0.0014524785104966969,0.7716316227057386,0.5811784853298263,0.7274706056803101,0.6005355679735707,0.37839202446898246,1.3839223720033027,0.25345871683047405,1.3522567123180158,0.8401996863601372,0.6951781792955235,1.3242646885849263,1.7154129011073498,2.281230352942848,0.4888077988260192,0.9195202401743733,-0.6912454775144766,2.814313883189622,2.3237005585235138,1.7736171712594395,-1.9736799582740399,-5.157650123350733,-2.418138735797649,-2.397336059389162,-1.8280528224440862,-1.8748631543851297,-1.7087475577222637,-1.7010802888911833,-3.4454738432305394,-1.7630746291649222,-3.0736783595207195,-2.1323226881926063,-2.2621175468348187,-0.49340472057137563,-0.5325325951552404,-1.0225144962261292,0.026466185384127216,-1.3729324506882825,0.21632683301318298,0.21542902552570242,0.18676181526733837,0.4370677282564657,0.08345205263180053,-0.2923055896817676,-0.538309482242995,0.46285147547572575,0.6148223786249751,1.6430678885096117
2007,5,269,1.0036476279621158,0.46053811786851523,0.5001833941009427,0.46937980154758285,0.6209736376363441,0.41866099874004487,0.6633500797338029,0.6931768918663676,0.270519254081712,0.366189913241103,0.6286212068960713,0.43229502658175595,0.6966036748441553,0.9221929088904095,1.399818079792194,0.6053427586335097,-0.20405094097424598,0.7759411491794312,0.9461002635058855,1.1710806928452053,1.790936463603156,2.921453503656886,2.575424848874177,2.986448224760379,1.524789022255987,0.4170996421758937,2.7092524110655583,4.973003253958911,-2.1240566288621654,-2.0846373018622053,-2.034429244399928,-2.7255363029399833,-1.8304311706975849,-1.6641588903106388,-2.075677627845103,-1.6371158468977274,-0.8820558792280102,-2.1272734352683376,-1.3411739705408943,0.20144730524745968,-1.5764229009749813,-0.023166465421504932,-0.47921847723686967,-0.18336209359996006,-0.8444650869832397,1.503269595478712,0.18604723114529673,-1.7000842626871076,-0.03827485186771062,1.0124934496749123,3.6490711253140637,1.3627782315763746,1.2029320669467911,-0.059093577229247046,1.7011031282925413,3.735241917883127
2007,6,270,0.6664173904972016,0.6310760745159643,0.8100756500632273,0.8566185835420598,0.7093939684551218,0.4046944179085852,0.6761250984582704,0.7417344007392748,0.5143875308504207,0.6544172536530439,0.427943202964209,0.20831400216768378,0.5686392305644751,0.06401759937107357,1.7377010863450781,0.3368801479523082,1.3172621990179987,2.413708754139338,1.2720891665948286,-0.26213731813407487,1.6090216998379148,2.8087361248430165,0.6522421625517669,1.221869381521839,0.5981528025809186,3.7837880743150123,1.6872427693295147,0.24770593607674216,-2.056544739164741,-2.9537869771018035,-1.4115597454663922,-1.7181846969513666,-1.782099295856843,-2.327607088402381,-2.1564666784394024,-1.9236597554122985,-1.4214385677264902,-1.4437287288635072,-2.9468164516551707,-0.3534070619798666,-1.9902266399666408,-1.706110232300016,0.16012998211202464,-1.722918563007179,0.3481036475509915,1.843187833440385,0.32238469415828863,-0.8242041493755344,0.04911725109991265,0.46171984040302744,2.446897779206601,0.8590923386213691,-0.8474393516017862,4.502506411530982,0.4394595720600873,-0.7363440087423267
2007,7,271,0.6136185270025101,0.6587794343975263,0.5547188033901719,1.3508522906813214,0.5708030853286947,0.4429464559061913,0.6840322593727597,0.6940510458199874,0.7012342643878519,0.37033982008389565,0.5656766075994254,0.7309653942356974,0.5918785431673009,0.34967617615829927,1.3862265564837195,1.5500381349677363,-0.7628169063236704,0.6359069630635249,0.9782380781258795,-0.7190733244680925,1.5763185357573233,1.1928177424132926,4.137421735978419,3.3696038977826333,-0.748036648020803,-2.318584306460074,2.6099699686359044,4.278286611311392,-2.2927895975589965,-2.035076446309255,-2.3634892527576503,-1.7106700045838168,-2.0466904145139075,-2.9857270508970806,-2.4115884876717315,-2.15014697564077,-1.0176899840017626,-0.933281046936308,-2.5022932312775317,-3.821867383595273,-1.8508058135861476,-1.5763028599873312,-0.41069129737919435,0.42288549946730214,-1.0900671969069984,0.10135117493326844,0.06836413713475174,-1.0019324388943744,0.02058133163662466,-0.03574691005310458,1.0327204532053549,2.6423857510474247,0.6905733497997162,-3.3525157401665235,0.02059179988895908,3.453786207037945
2007,8,272,0.4944371109424238,0.5163802266984869,0.7544970664276499,0.290554239638415,0.4523883733827189,0.7143015795301448,0.7698622962508817,0.4860719307630991,0.06637334005680946,0.5364080223635666,0.47004061854565143,0.510267715430494,0.597999430472959,0.6421069981155013,1.9921009631703352,0.40833911316749094,0.3036877826882314,0.7921639246812991,0.6464189211929481,-0.3838203114131159,2.216992482018596,2.800947755943045,1.2919490774614133,0.369267554476286,1.0113688959281837,0.050932505090341,1.8527906590549583,0.7380473443466607,-1.7601690131568335,-2.943991095873917,-2.0676371617424825,-3.1424923492651375,-1.9588751214011049,-2.252896060761795,-2.3570994315746203,-1.5303844455679685,-0.37937003456290114,-2.485404099897096,-1.9937644222114321,-3.0628818384974084,-1.6229988073434374,-2.3137160729886634,-0.5008110377558616,-0.6127856631774088,-1.0993069575498458,0.029162951152374855,-0.09857772058844377,-0.6260645102772339,0.20598814700694282,0.4713070560148965,5.069854574454801,-0.1934940312400623,1.0077493245076017,-1.049424566363371,0.8993041029981076,1.3249411619588853
2007,9,273,0.6531702767740402,0.5670066077798829,0.648040749692685,0.4033626368905066,0.7136120401657288,0.6920993953149681,0.780893231170148,0.5622947318279687,0.5676869892114919,0.28240838729953327,0.8844256438698909,0.8818232621613311,0.6678862360411596,0.14928938894917185,1.5439362244920256,1.57068008395851,0.29643850064027844,0.5825517981298234,1.1639956192702936,2.0471659699467057,2.0395456195336705,2.2740536168780974,7.59760500810892,3.0129552533931108,3.0052367029884994,-0.24126262786893993,2.3724903360048337,5.331303785101433,-2.511581733971796,-1.9537154721831194,-2.021102539704623,-1.7569738160993205,-2.335456610032769,-1.7313984773928928,-1.6254205396148287,-1.534091844244984,2.5746246942441458,-1.7662846430293087,-1.9935455590564723,-5.485333963406024,-1.6592893867950826,-0.6414481127947439,-0.09645172293443577,-0.06926449080312058,-0.07829140523762079,0.23439392673537168,0.17524990435640822,0.4203927674285916,0.6054845401381058,1.003594088242683,2.4182953144233434,0.1380578161950478,2.7098028369438034,-2.597415649688057,0.8710935136425152,3.2666884259402864
2007,10,274,0.7386197270445555,0.6375096455962901,0.7250024063896402,0.5392731426541277,0.5892306120397071,1.1438982241934286,0.8018534105558343,0.7484052142174661,0.2641910235886727,-0.18692161383935754,1.3714996208648431,0.4082405358244942,0.617251293482723,1.0652917899494747,1.6385260761228824,0.9749122321004249,-0.07879410121092742,3.0308119942531886,1.718124585742562,0.9626951764470361,1.343906191981999,2.4491310207977475,0.22839404179954825,-1.0908968789020024,0.8358675477482087,3.1877618926212383,2.0360079275557608,-2.7158431146001303,-2.1704780508270765,-3.047030458812864,-2.3174228872426363,-2.013265124846297,-1.750065904771933,-2.4455817647771023,-2.338129704744137,-1.5783124887247417,-1.6698469995737437,-3.7360162830640626,-1.9098786721745071,-2.2441349205966987,-1.9672951094971582,-3.2636476675248858,-0.16293127587175363,-0.20922018450495733,-0.6473764532861992,1.887845007596037,0.3477890484241594,-0.11421301510143504,0.3359804817106291,0.7233037584641173,0.2911181453969827,-1.7839454789837454,0.4959756730305825,1.5590968376094156,0.05625011319145338,-0.12850218929213283
2007,11,275,0.6605600285059166,0.6751667462203017,0.48873806719131424,0.3925268073186731,0.5489288490820065,0.6653915313894987,0.7545110723328471,0.5115075952409949,0.730621944081713,-0.09158479504176857,0.46384413303267474,1.0102814371457547,0.4452589959272651,0.20840020627967737,1.9800513895788912,0.06636428751729077,0.25505780729453564,3.98249316744728,1.1289870395075485,-0.12379220272056413,1.7166711916391757,2.324725508573804,1.632535054207516,2.4330978342253786,2.65559611975043,2.1210785468253346,1.296852314071974,3.4022486568593737,-1.7633938574044592,-3.1207525470247295,-1.6983258755002792,-1.4052236602053751,-1.9762025050682426,-1.4698968794035752,-2.028716112533871,-1.4495648638605358,-0.34748682572801204,-1.483497500721668,-0.7564885279129284,-2.1980810051625945,-2.436839543113232,0.41345209235614827,0.2891024462949747,-1.2582687400113308,-0.27583148765919324,0.872188807065872,0.24323887084299708,-0.5399491768913858,-0.0057210370147437965,0.3369873183573661,-0.28504665101926757,0.9703447336926678,1.5495509733282473,1.209849832762998,0.1910511809523793,5.786692164901189
2007,12,276,0.70158092335179,0.8620348311717312,0.6212832055354232,0.671378203157612,0.8091973068252748,1.0998620455374168,0.5624996212803223,0.5374044944591717,0.5331244751484474,0.6769582275553363,0.5109920896640303,0.35144999653185777,0.6124641688215651,1.1163256451016834,2.167432927216523,1.586247416467993,1.347244532686333,3.776497474028629,0.2587932594919741,0.16463766570770244,0.864656645148651,2.8392747412291315,-1.3863796671224073,3.3169339658351813,1.74872671808605,2.1724585528857094,1.8272603402722216,4.965610694666724,-1.276773046311251,-3.051984930151617,-1.346878112722477,-1.3221785521486538,-1.699706423904655,-2.387821923755802,-2.2315964112211955,-1.0728053747484119,-0.675735039783198,-0.8787502391410814,-1.335391743788335,-2.3592112702210817,-1.5196597096745268,0.900538359730807,0.795638494388962,-0.09540862351376886,1.1775490262556658,1.5022844132076234,0.007780510600090052,-1.4114637960567602,-0.11123363551178143,1.9067560159369927,0.7064181589798314,0.479629198114225,1.3597133314735654,-0.22190986593846845,0.8014211944960848,4.970729242470353
2008,1,277,0.768122212392567,0.9834377945602657,0.5654034030424404,0.6462945002032159,0.5870980421683336,0.5747970412740424,0.7729411204580298,0.851835979953656,0.28304528372666504,0.5532126931280711,0.6703598095949734,-0.10865488242512478,0.6486263499495537,1.5083026413024376,1.0586493781486443,0.43844725502106763,-0.5912936895788395,1.0614664075956317,0.7762779240749224,-0.3674853344285856,1.9621688698634956,2.210145266792307,3.1623721273032324,2.013133025416332,-0.2875859597946319,3.0053707403855645,0.8031775390689777,1.2089574162499366,-2.2580933192904955,-3.3267616480762805,-1.9317984867359668,-2.7936059242700586,-2.210567572870212,-2.433124069460357,-1.7513511260738543,-1.653860536294297,-0.30713253051010475,-2.374390560485576,-1.0595309207180983,-5.429579006677836,-2.4703692051260573,-1.2818670698193693,-0.08451522255709495,-0.3675652329299247,-0.523679672114259,-0.2876688851109817,0.3857521828287225,0.10999855364205272,0.7750210686920876,0.8066551557423423,3.1203185413866454,2.513035946379765,0.36509872922853015,0.6889091498298371,-0.5316546575621415,0.2578756303421284
2008,2,278,0.808181384368652,0.5861078038741896,0.6003406002581227,0.6417194063452132,0.4415190352248878,0.688174133832493,0.9082618875549647,0.6834201245119604,0.8386808117948008,0.4989728653990434,0.7659139386065426,0.501667619735123,0.7970373858480891,0.6296146098784805,1.318864191835757,0.5674361439734894,0.9099406568597447,2.358569815514972,-0.24281771354202003,0.3719094665871734,1.5548665125353875,3.0847240560383367,-0.26025140916404144,6.389172831617491,0.7751223823035068,3.27286198210734,3.2668947269775575,1.7822474992628972,-2.076333711105525,-2.8095443592715763,-2.8108124387981572,-1.174124331323512,-2.0048986725390816,-1.5635056146534465,-2.477522268793782,-1.5460749538346044,-2.085287300310061,0.7594605130760932,-1.3872459290707566,-0.7122542691894835,-1.141419646926639,-1.9564500784683714,-0.05674447993594208,-0.032968151345814045,-0.28602752752270755,1.2547325122963302,-0.5847329334763112,0.45844235359048,-0.26133330483242234,1.0482689122896076,-0.42877509770928085,6.787653483186563,0.9003530891964977,2.0493312229335348,0.8525173572770888,-0.12820207577568962
2008,3,279,0.8028770630201983,1.07895697140343,0.5913765457525368,1.0639851159538154,0.7397091608759973,0.7859320137216245,0.8645350158471279,0.7614821420606297,0.3198661973966381,0.8277665431070974,0.9155010327477389,0.6605047437286841,0.7023287701112936,,1.3727340537760464,2.400359212997534,1.0628895522402009,1.9836551033033343,1.1898569091258517,0.7055220206412566,1.558726593588158,1.9988358712762608,0.8824584710545277,1.2496268297320048,2.8597888478682933,3.229419470704895,1.165757626703059,,-2.266679067153578,-1.5371178662530673,-2.225963732062149,-3.5864094637188253,-1.690176617573354,-1.4723624713552121,-1.8888570385163532,-1.7881245653104252,-2.6241061466039164,0.3094584886239588,-0.7341089361716361,-2.367978166506491,-2.6520460179992917,,-0.3500966628360331,1.0613136405395196,-0.19006005025862266,0.6547029035505672,0.6623353391617768,-0.15905550039269434,0.14009266629966302,0.7276297412542604,0.842010277224673,0.30987472367750957,1.738464163036182,0.8220003790948645,-0.2596058010986115,
2008,4,280,0.6784322846903773,0.6772466903201971,0.6368417134596047,0.6951029847313048,0.6925760614573797,0.9169242301405138,0.9085847889668581,0.7155829224514209,0.5099756838270814,1.3025883220339176,0.17991437729139945,0.5313609562142654,0.7553696944981589,1.0753434716406567,1.4731067547752241,-0.5136732570692948,0.10530298592009968,0.8526405581936021,0.5618701671787553,-0.14561225578109047,1.5521606055513464,2.1883212827860477,1.3866940374076577,-2.88874122157711,2.829978650421395,2.950491662583615,2.3071108346169025,1.1742694779655842,-1.9976843804057907,-3.436399823569946,-1.9066925990041572,-1.8400132813614987,-1.6460216067636488,-1.5259674923479967,-1.5175746289264187,-1.356358655067585,-0.7785093445780945,-7.01252395190166,-1.186864753899942,-2.315773714451215,-1.984622704648227,-1.6026706783135485,-0.17143598876592425,-0.8950677756110865,-0.07685443949712713,0.9584965082946743,0.24790378135887736,-0.11605565230502271,0.346019234506794,0.2362112248093308,2.0524542707103035,-3.724780436382878,0.649891872394631,1.6683927635345424,0.9084274069677738,0.8756472707073536
2008,5,281,0.5769615275236578,0.6021592614365888,0.638978580535531,0.802822145258086,0.8119856641571618,1.1277748812237642,0.8843243965507194,0.8588365648265414,0.2747303137722101,0.8396033190859017,0.555254283770841,0.3754137531897697,0.6952589191467526,0.8050023582202532,0.9060870582789199,2.240064822019386,0.9798068519732593,1.379103302805185,0.6306955825938604,-0.3186197962793063,1.8087325127378666,2.4100239088273425,5.041475143632832,1.51869978203214,1.6365327640454383,3.019853601256692,1.011643884641305,2.4210238344887802,-1.5874258636506102,-2.425147949360139,-0.9231665233964483,-3.13445189661253,-1.8992285302679883,-1.987849997803459,-1.7620396781884724,-1.4814528193593912,-1.305258825060979,-2.846344253452591,-0.9163621256969144,-2.3434214781872247,-2.0581949466495812,-2.592902561798914,-0.34228794002452634,-0.14929203079988837,0.7804961127109742,-0.7984323333075747,-0.13229173665750418,-0.1482878285667836,0.4765702601394906,0.6418708473436167,3.658881934935124,0.8692697744220605,0.31238064023827067,2.1563962885533883,0.1019743240835008,0.8289699206350956
2008,6,282,0.7973522312051433,0.9947526166566798,0.9750219859750171,0.713766999708501,0.6009362710450176,0.8429263621757048,0.7412033847066947,0.6780856231356597,0.20199146341076638,-0.1364529784373361,0.9275777059243884,0.20731765741939032,0.5535279193917381,0.3938037885270807,2.106904930656344,1.5032995351488267,0.45388347089975534,1.0830346414916459,1.7948070282909012,-0.32939207585350694,1.833429961470916,2.300769852857304,1.5242758316327676,15.874099296683129,0.07640454643292464,3.587520901494114,2.2353815742387133,2.8892364941748596,-1.8774470611134728,-1.902737853980678,-2.4512032992453627,-1.8851644657872928,-1.1440752619507848,-1.8736858193749117,-1.9940953730658895,-1.5087891700388725,-2.3528008259000104,2.84287093725906,-1.6913826163156582,-0.8488861912637503,-2.3798120045477638,-0.6120710757818246,0.38666714681848585,0.663482709594811,-1.1867738812105812,-1.2227169513328313,0.9418718732568995,-0.22842585095660006,0.2681588371080733,0.38062628972807694,0.6580446908874582,11.761171579712903,-0.04297257712620524,3.2794913366357674,0.944049504416763,3.850649551495961
2008,7,283,0.8756621422757563,0.6482913217577281,0.6733937318257769,0.5617354668825598,0.6953603787397209,0.5945169710324154,0.8733680175385921,0.6318450672239709,0.17179323543127903,0.03030831058692977,0.6161319171371088,1.277479865243464,0.7337326943788278,0.5321086729490527,0.8484637218086588,0.013979299279630084,-0.46056191322327106,-0.7976814354270463,0.7217687888125472,-0.5481104313128293,1.6342191998237385,0.5969124439150152,0.027673272190329643,2.4502084537518596,3.001863234092995,0.6409269839795245,2.1527525099651497,5.0807053986109345,-2.2543725220127304,-2.542397127943688,-2.8158914969792668,-3.140103381027318,-2.088612833259039,-1.966460050092289,-1.7436583791162652,-1.8670472182440236,-2.809007919830547,-2.041927211619389,-0.903766265865519,-4.814484960652258,-2.2750596497123388,-0.60753901854674,-0.35612928406947025,-0.5460973457792188,-0.6052262317269813,-0.609768230118769,-0.21414016490963111,-0.4688190975462161,0.45118442954151244,-0.20999292444005166,-0.8958397860945999,2.128962776497699,1.5312317439108587,-0.6692993791230835,0.3722107876444512,0.6669583389411107
2008,8,284,0.8462553178307353,0.9296237075087703,0.3848973204381379,0.4315094195599573,0.598973717623657,0.5632416260826664,0.7213054470413818,0.9603406513214959,0.2541679863258845,0.30913880637048347,0.29925908979034016,0.8124252984868259,0.7826211038061559,1.2435803129562102,2.6060455685225725,2.0728642376933624,-0.42327477640289585,1.7134229380825883,1.1897273206937198,0.9475875911589412,1.706484608173046,2.7315101963423416,4.575038044581245,3.492305812948506,2.325272611445586,3.589301144689852,0.9965074375571725,-0.02913493308660426,-1.9279129016811065,-2.8097644910475776,-1.7488841232934809,-2.753314087440052,-1.8600882784369617,-1.0579957838805483,-2.0385020378312686,-1.2095664282736218,4.804944685403391,-1.9833238692980395,-1.4606383494046988,-2.3275454169563554,-2.2717682944653443,0.08887257079911437,0.663557572994661,0.2922515211846989,-0.6174567289636235,0.9226515804413402,0.7635579006786116,0.7711476429111609,0.08882223075929963,0.7428116104804665,2.202989270268932,1.363018181387195,1.0155910897743334,2.440608102167562,0.17207530949180103,1.316763506213062
2008,9,285,0.746329294197286,0.8353970623301255,0.5361390151331041,0.5194075061494272,0.6008199318869489,1.0598146580566197,0.9248046383173986,0.9391521805030837,0.4833126047568106,0.5397514780642609,0.7926290116309456,0.8283819016386189,0.8981893835341587,1.0608962029490547,1.0709489845152227,1.2052166014680634,1.263578968853934,4.378498707520931,0.6882823364705737,1.3641168071738616,1.2334488918101805,-0.5215113921009759,-0.0987540535385947,0.036253131683496295,1.5569763946780981,1.498468450003069,0.6450539367684218,6.923691048610931,-2.3544874642179074,-2.254509532958106,-1.787005535294386,-1.12544184148046,-1.7309712356680318,-1.2716377330991617,-2.063682618130819,-2.269850117791196,-2.6562742378628976,-2.7879982272045325,-1.2692396246899365,-2.529608939747275,-1.8183087365933466,0.05597875045326062,-0.188112723750586,0.07973311547746198,-0.17228465329454315,2.163008442470861,-0.17569456281364487,0.23856219247549196,-0.06458229982319907,-0.5957436512502038,-1.9806452215451964,0.11373036931533771,0.9383180607674064,0.08041749632062747,-0.2494520597654117,3.6832820729411084
2008,10,286,0.7005140496151003,0.606369634654677,0.7053519449089566,0.948880438392244,0.6307044387078393,0.9264058509401687,0.8356767265271149,0.7242763921816634,0.3495901429343952,0.8440062211606444,0.9263042334245888,0.3408875758419023,0.5093313769439312,1.1693135784207918,0.8695274200146706,0.5210841080660664,1.014765556736334,1.586434023759596,0.6349096526927857,0.6263980705113573,1.5308979111145642,-0.07786595951948866,0.7639116669613257,5.713289945598015,-0.3176939433235503,1.0549964466504953,1.997005852213639,2.180042675043088,-2.2026841957776035,-2.5508160944484555,-2.183215265614313,-1.7913942451995162,-1.626973461140324,-0.8234957067938489,-1.5562842244491026,-2.480707043663664,-1.6812233279419189,1.006393763935934,-2.945048545702662,0.07845031019252618,-1.6349891870491182,-0.754283043110996,-0.45727306853656896,-0.7242195187307148,-1.0692639012597478,0.4091842849671228,0.4308133383826291,0.9750122733284677,0.3787235474016565,-0.45733455203475293,-0.3639294756893747,6.875943005516268,0.09304678966030466,2.786882419435045,0.8013636752055285,1.9785303289891587
2008,11,287,0.7543865122428576,0.7049474339586317,0.6416893589218697,1.2937156544135349,0.5728146762652262,1.3430236128250133,0.9025911000812289,0.7495851198272868,1.4337101156761995,0.5978588431606453,0.5497543364320128,1.009646451023104,0.5204952602377215,0.67289133710808,1.7377842434673108,0.5786874239971819,0.42684996904469463,-0.09994779226339891,1.1677869424029432,-0.0682788873433938,1.5942575066866598,1.708081322802999,-0.4074603805456506,-0.18103462490200367,1.5321892509399122,5.246466649090031,2.4337804488686476,2.468926899112249,-1.8576437939721715,-2.24530501021617,-1.8495021853447324,-2.668500154309175,-1.4026692235221552,-0.3786297727522011,-1.656715300164253,-1.339214778490211,-3.6071723383347347,-1.1278558300640593,-1.291320034224936,-2.1649101296872253,-1.1524693993435118,-0.8951949408447166,0.45699317070386414,-0.1315033406504511,0.38890144130539955,-1.0961888967633913,0.6386799910083844,0.291483073925001,0.6003321794072008,0.9279243996869291,-1.9002255379740831,1.883887877766258,1.1057797122638555,2.0367723027200584,0.70413968850885,2.652377595868446
2008,12,288,0.9650556694878148,0.8336483517686474,0.7207503895771982,0.3616980070669161,0.6104216251515513,0.638901397998408,0.623805617974178,0.7271857885142178,0.487191450290286,0.013535972399046801,1.463578026272482,0.37909671363346625,0.6081016218349011,1.1179669556779813e-16,2.664368532529619,1.6920171300301654,-0.5764973703415307,1.8900467730780042,0.5578179627134413,-0.7098701674143855,1.6692302366353264,1.8763775016743285,-1.6383951775738559,0.18283026861750895,-1.8185394854074692,-0.5771930767469753,1.4582298758280061,4.545454545,-2.0094283024516364,-2.0815734716343903,-1.7220227650428466,-2.3882180164487234,-1.8103029989784818,-2.598190253316845,-1.837899661162506,-1.9087932253870237,-2.7852292660788085,-3.002651885423898,-1.0998585172676676,-1.5291690095090988,-1.7216438624616837,0.9090909089999977,0.27296467153112636,-0.09948349598560612,0.18261495416490234,1.1073048147943978,-0.04215885127106406,-0.40403234647172426,0.2581303738240345,0.45375389541870076,-2.3913849266298137,-2.4037637068134154,0.2033436263068287,0.64100330347863,0.7694911303618157,7.272727272999997
2009,1,289,0.868233860496281,0.752663806874202,0.43755699704166456,0.9044827886976052,0.6748803868487717,1.1243228016777835,0.7626005039368162,0.4759860811101274,0.6193233807337586,0.2073541645436258,1.0985584132896107,0.8778973761292265,0.7772823895373492,1.0532385229949535,2.0398275911466643,1.1194157802879015,0.6526323844343517,2.6570170170477154,0.6927940934603318,1.2436515996130935,0.9184652947370041,0.9181240659654637,-2.5784368256483736,3.130361804818958,2.210104402580502,1.2850652064129593,1.7687036492326693,2.1381046060410953,-1.9270331808292087,-1.3436290939131508,-1.7300431965376806,-2.146256831620413,-1.4957132634596306,-1.2189407040982005,-2.365850480995606,-2.0342550234264922,-4.051289807375341,-0.3327902943987552,-0.44409474460793225,-2.894478176723717,-2.2342991542352117,-1.0296721369391606,0.5299058518494535,-0.474246216120749,0.22952058304732997,1.02942831618403,0.6754669258622978,1.5638956511313327,0.08645949188360919,-0.3602973252941181,-3.994570873284893,3.4120079991078165,1.4755748482932696,1.5074407516888195,0.763814742850331,0.8840966141003002
2009,2,290,0.6558932580200881,0.890732507945019,1.165236375815255,0.6247344685676792,0.49078105637513053,1.0707990863480463,0.7470766074608167,0.7213476988895944,0.7410008860193565,-0.12461440922623844,0.5722575383399394,0.1604673435586,0.5569887669184997,,1.2558815635577556,1.221487509792296,0.8959078862003937,2.276014998884342,0.7089330030370683,1.2800759732590166,1.3019488364799712,1.85106103819319,0.5786795414371074,6.860506390065356,-0.5219166255325626,0.8901816944158641,2.025480361563735,,-1.7758814493098458,-2.477332236121456,-1.68426253012187,-1.9947495171202618,-1.7032492105275872,-1.5672356174779956,-2.197751466491177,-1.40549971946993,-4.638807621232459,0.18720247695729647,-1.870903682697005,-2.3174847048663234,-1.9638313210049774,,0.34170226374426577,0.9851530983978448,0.17916967132042766,2.3311354807385234,0.34968233005483407,0.029754727611468496,0.03687963925624708,0.2516893840283276,-0.19087832203274213,5.1214489013441895,1.2005273506114578,-0.4593065685539994,0.39863970605264215,
2009,3,291,0.5239445654175587,0.6253249687425707,0.5427610179698644,0.4143467524092373,0.7085055699133829,0.6196994783659355,0.9428380186865319,0.8195586048454045,0.5273652261282586,0.1929004898387212,0.9834359585701083,0.7641472505100406,0.5738087165089719,0.84461427385236,2.2845680893268336,0.026208517599512572,0.5145985308100793,1.1334361401546276,1.0866438146715458,2.1915145257424444,1.37961717745025,1.6214620822842691,-0.3466243097681957,1.8482282744051077,2.6362114123792466,4.361939235056734,0.8022041807717393,2.8955503839537444,-1.907225587336099,-3.8135658628484683,-1.940748613078807,-2.3216148588807344,-1.6004813587741178,-0.6280036152309366,-1.9866488714691635,-2.0176445309174547,-1.2362494806101298,-2.842801880731951,-1.7633862360084864,-2.0733990781161364,-2.462102558615462,-1.534881939523461,0.9321536605253873,-0.7713781540298345,-0.535188926621113,-0.5933645880938537,0.9710524481098192,1.4662671354147727,0.26630640728884486,0.4898312484178284,1.3996954506407413,2.173162987116503,1.3802192819839927,2.667914578608183,0.0747508664381602,1.2161880707236272
2009,4,292,0.5960393179160284,0.6254919154860693,0.6242373202971597,0.5445410973192907,0.8244209536013374,0.7120658040925755,0.7556892498174711,0.7174946085411888,0.49363182150651946,-1.9111111206376187e-15,0.36994668642102874,0.6304635332258044,0.5603273651791462,0.9127795761545778,2.359792581328708,1.986052073461196,2.12900777440912,2.9617911653939673,0.5901535408187284,0.8484146242048289,1.5913409844572033,2.0832326165183837,2.5062284834707445,3.4883720929999957,3.615507814520577,-0.180208906486535,2.230610528528954,2.2002087542635382,-1.4620011300919793,-1.9984459573305788,-0.8373810846165876,-0.16188957162900178,-1.514880285164476,-1.9048258198254626,-1.9334114906707405,-1.335975438917522,0.4700337808165854,1.1627906979999978,-1.0968720936318055,-2.5029385484151256,-1.782900570668937,-2.348187584573002,0.7357389773386624,0.28850728584697927,1.8600513342332248,2.1824594378018807,0.6945086784498693,0.9992962865998973,0.6114852968768756,0.6880750581620693,2.2279531403359725,5.813953487999998,2.146208484759918,-2.204279367567818,1.0554942938622947,2.918962930156351
2009,5,293,0.6324998263048265,0.9783107201386764,0.7850289591707076,0.6096613732765884,0.8383416244468316,0.7297246164714791,0.8522166198652852,0.5682660488703698,0.13332640686256259,0.7998968667948572,0.6468071880511619,0.7489191407760932,0.43622782017865314,0.9235933551299919,2.261062872923459,1.0160301820677697,1.798938155032884,-0.44239058851981367,0.8889105753450388,1.7465236401351485,1.3376211649187448,2.325952382374567,2.838845241380665,3.1945938572569044,0.4358375500145167,3.194498704813336,2.0040267699534864,4.561137766155735,-1.3602077311002303,-1.7057128514824926,-1.7269871302950583,-2.108447023575854,-1.8132717182951834,-1.6002224564393728,-1.9155340280299773,-1.4876446615618957,-0.47755719366109345,-1.9588126001879116,-1.4340405933608935,-2.607920468949527,-2.70366950033217,0.8417073878717346,0.6782671618047347,0.45106027824649264,0.44505903528354585,1.0780021186063398,0.39441661954198903,-0.12791957139705282,0.26637269288996734,0.3849648685976438,0.08460763481080458,0.5072299710089273,1.1442635141823037,0.8858125969967957,-0.16910789173362412,5.117198984254152
2009,6,294,0.7080425396941424,0.7948422157784016,0.565713238615153,0.3725370259865838,0.6991737482509747,0.6646995075624347,0.8689778306829261,0.7119460039396975,0.941553544334046,-0.17049579796251418,0.6865147269651484,0.3191431032040462,0.4663636963436889,1.0504683738180538,1.7691222445802566,1.4990458988938886,1.6926376796637956,0.27655548488057824,1.1062369870969886,0.6421944834749302,1.5615570168390691,2.308692868433943,0.3995014980297538,5.674538213974459,-1.0320993668024652,0.4385320636587613,0.6679374294953759,1.766615154252624,-2.020945288821743,-2.0458557020902632,-1.603026004930325,-2.3468465170191384,-1.4654378937893555,-1.7801517252881256,-2.063557581791567,-1.3624614984513628,-3.8355294523069827,1.3319308129468364,-1.2617654868278032,-1.0067264846845092,-2.3919393222185352,-0.04592316509594782,0.24864808373655506,-0.1730655779723747,0.6251843079797064,0.17017499294512678,0.8288782963825989,-1.2235609243703958,0.08617128658782054,0.6294498954334494,-0.7741869615680135,5.7922434882639395,-0.6554483127631039,-0.7106715540768799,-0.3246667877982816,1.9956930331046645
2009,7,295,0.6509715092989008,0.8034481848620036,0.7959487850419656,1.1995013819879279,0.8814589327997671,0.6769284540596521,0.8766012069023599,0.6982969885541009,0.6219980212518282,1.136592571387199,0.29622325583110576,0.7530862247543291,0.6878749268654396,0.7923783449272158,1.9330315282113555,0.7880155985779751,-0.3570486198729411,0.472137473122039,0.7616296662120364,0.33878342411707046,2.015589839987214,2.048350190831462,0.7073427376111965,3.3355961243196823,1.156497868779224,5.127608071027864,1.6335460839567852,2.197337418729905,-2.0737950690066493,-3.8962703593124792,-2.039335143118868,-1.3493882379460187,-1.6178346830336454,-1.0683436370890331,-1.7606113371935208,-1.4493778053022857,-1.6014088236315749,0.34383857099148835,-1.2960022886978868,-1.317106497258241,-1.7189042030450463,-1.6845458020667685,0.391055539974306,-0.35899829348589907,-1.2008243322899548,-0.1502761101621331,-0.21477197429049782,0.07444327295329353,0.1472839019430122,0.20259066544469476,0.11943996182994558,3.7359571917570364,0.00422339132271371,2.24137397053901,1.4790935754699475,1.1786626284872956
2009,8,296,0.9768048339474137,0.6563466739459733,0.818822235564099,0.20546409161800686,0.7623837411689804,0.06483114763857592,0.8276298312028261,0.5205251341460555,0.44082311778015676,0.23391240202633098,0.8794491493959452,-1.2558215744658081e-15,0.5610019460930583,0.06170649075442554,2.5672387091236595,1.8215460232506753,1.5240400756663808,2.9329743686219887,0.6720998126954754,-1.5305156262792219,0.46916888037204774,2.6528964527629704,3.315518515473001,-0.7389133035449467,1.3712546174752125,0.9803921569999854,0.8582645935218796,2.797505327778233,-2.033703314676354,-2.473279949654156,-1.6462039466275527,-2.6356932834104727,-1.853867738514558,-2.9362356553110582,-2.1722183710993574,-1.7316078607945629,-0.1758435343396213,-3.9654634324641163,-2.832539033646083,-3.8027332145000003,-2.657046516895968,-0.2841618773103118,0.20533611041528615,-0.10615116189687801,0.27059965848170064,1.4097957049324112,0.4876663530842005,-1.867509377671731,-0.2621037887861881,0.6840179137716822,1.9074437318281372,-0.17845958012545743,-0.34320226501965256,-1.084373143000008,-0.7477476727756972,4.403295011323319
2009,9,297,0.5252448296969172,0.664934350792642,0.8298054575416083,0.2246244681994372,0.7368754839775155,0.7281785947184669,0.8769842217089189,0.8363051247255423,1.09123394691465,0.3434880414529258,0.5252091346023099,-0.10513817083943405,0.7717146874279766,0.22926693018113709,2.389271086510023,1.167441320993343,0.07486852226805962,-1.0539778234708135,0.9160760335258339,1.898835331099726,1.2756605516261303,2.5010899532867574,3.559838043301395,-0.49265381694318156,2.6986751167430674,3.0749408208298923,0.8429828086540503,3.1155047155882682,-1.30376321409009,-2.299648866862907,-1.616075866319972,-1.8435331141341962,-1.9197949025044811,-1.2845306830701064,-1.6964687633834756,-0.8975980815839553,-3.109009660750285,-0.18629976039376298,-0.6601239094089582,-2.07796831711452,-2.359308801648499,-0.14667071757167485,1.1316262623869717,-1.1062051861273863,-0.03324588134504701,-0.8393742323565856,-0.0963689858257544,1.368127307334901,0.3593188319887475,0.6973161025488448,1.399472319898662,-0.36560190890117655,2.539616488390995,5.62587963923512,0.364844276423535,4.138321131348637
2009,10,298,0.6835050309159946,0.8143568888471431,1.107031261811379,0.23998291797785576,0.6923529727019194,0.8518729651712502,0.7956973523604532,0.615736296354088,0.38372912715778196,1.0362694299999977,0.5963064742141141,0.47944861391288923,0.48324145042565586,1.6004279855778976,2.7452605870824893,2.3490270450226824,0.5057556300496016,0.45527801834900566,0.20329487245867933,0.4705085772647271,1.2703722037254235,1.6294840057565751,2.633332244038193,3.6269430049999953,1.0444694164508312,0.6857308913267207,2.2961682353421775,4.428520083344952,-1.653614100479056,-1.8342217793088422,-1.824278394711021,-2.1593310298377077,-1.7033688752970804,-1.7547792604059478,-1.8343579996698265,-0.8986891320568507,-1.1563570676776014,-0.5181347149999949,-1.035351826561632,-2.846386678458951,-1.585257439804159,-0.6114500171033628,1.0952212318921108,1.2394230056890982,-0.1895481108189353,-0.2526637841709952,0.03326279268236655,-0.9064670535438547,0.27409349233393787,0.5543414831792818,1.2716724760150695,2.072538860000002,0.543569802392112,-1.4468039566295001,0.2291197651354798,1.952225882772039
2009,11,299,0.811172169377591,0.8974348351495687,0.6123543468787475,0.5593188733317996,0.6905675510028401,0.4078964281647538,0.6931555051548561,0.7911766726450125,0.5230635474542118,-0.0682264892186671,0.29049762634128895,0.7103374333073631,0.7968792996625234,0.39258460494905273,2.7055852880755165,1.4023744283002657,1.6023276987808819,2.3164488208274006,1.1552764720442315,0.3669096078314625,1.2504908830790535,2.779601852212414,-0.48163728051817206,0.6332995268415821,1.9714309209836278,5.33736758432915,1.7912281739911768,1.0422587666109484,-1.7266956926801564,-2.5270594439733953,-1.7783409731429756,-1.2666532035847666,-1.7714823198584002,-1.2072596263677622,-1.8960543928380962,-0.9645996188981858,-2.5314703830511887,-1.8455906653704663,-1.1817573345611456,-2.5089041027430725,-2.225896732286657,-1.7353585675467371,1.0159126287560651,0.041524569538410154,0.7536364851814472,1.001877811792522,0.3537167254485305,0.5435211523589302,0.21723472855726964,1.6526520541971448,-1.3106916088224263,1.7663819618564591,1.3627231946122476,1.4352560568504584,0.1795312607012517,-0.843906452058881
2009,12,300,0.660056663563477,0.7525129477923068,0.5066765741986369,0.4866874145123959,0.9253339028171682,1.0191340278516963,0.7231562530317884,0.7522821984365456,0.5155306022062562,1.4149986585954961,0.7857316550840883,0.7916602657124494,0.5970888971907493,2.5043653625088496,2.2448767245886447,0.9252077003170786,1.316239497941218,1.2501911624169164,1.0351343017845442,1.1692658848475304,1.4939949901552254,2.1566057910836647,-1.4393671857843462,2.089602645234673,3.1885913790205054,1.346688320662384,2.397488545198891,-1.9404399484435402,-2.128710618128108,-1.9766000727008026,-1.444606251661919,-2.7917297768222142,-1.470069103708942,-1.3733762645005487,-1.7734384796476386,-1.4155650490327791,-2.2146247275910396,-0.5720570369071023,-0.8095445718067248,-2.2571449920533238,-1.765121598704686,-2.0058799096206315,0.560874583886145,0.40332264788861383,0.29558651678013176,-0.03092497658575434,0.5789235750121647,0.29125296225250397,0.8216421223878282,0.44405073205744316,-0.27775000779896714,4.5474622202432835,1.5493562322847163,-0.3143090543960671,0.9962269338930025,0.24766193964663513
2010,1,301,0.779688716904379,0.6825973629837657,0.7532521294918804,0.5633421409043461,0.6671630398848182,0.37737564451286637,0.9194904644249032,0.5379152297555786,0.9086843315297576,0.26298249010709507,0.3713624632894934,1.4209799338462175,0.6369979012776562,1.1195878582059833,2.19132687072312,-0.1167541483631166,1.7286285743756251,3.0006234000747374,0.4616949162843655,1.4734244729747177,1.0568717710526707,0.7078049949081708,-0.8191260775665697,1.2849651297319942,1.6354494848956556,1.765038010055606,2.333907092795641,-1.7525843614042922,-1.3904789148984162,-2.5384922049041276,-1.9890406242204293,-1.4575055297850543,-2.0364382025859453,-1.2067581738552313,-1.5104437430657023,-2.0437673996958847,-1.709610500048824,-0.5412904307093829,-2.4599609120148065,-3.6327691654307865,-1.4271081158428884,-1.0695256013994152,0.035402294273169196,-0.26675078150880205,0.30443140783327693,3.0135895006084326,0.17677774022918571,0.39732298197610194,0.2708550044642703,-0.2415739683693049,-1.2346878998935773,0.9607694940108276,1.0229022242900758,0.5834097281714774,0.4158479193311668,-0.3471922001838959
2010,2,302,0.8182884443152416,0.8217630937792971,0.8967452301527773,0.7579156048245244,0.6219519573533494,1.3687710040066037,0.9195945776994923,0.9214678456789691,0.5702308110576704,-0.07548759940450424,0.6677497645401421,0.38481946543893003,0.8601164346665318,0.6976578958281335,1.419368834628551,0.24689732128099168,0.1462859769312373,1.9170538483758144,1.1045848964968374,2.0654330673908996,0.9853892834712247,0.7794833170254564,1.1023512933596897,4.748754690234668,1.6137747103817817,1.981592787710136,1.9953493475178619,3.153457982562632,-1.7003641193891412,-2.711026952868424,-2.7243124107461973,-0.15387783460787713,-1.5374838192533233,-1.1968628482371317,-1.7266103083350637,-1.996012236704254,-1.3098111843893645,-0.1175115824071045,-1.6424534723764401,-2.8845764175463975,-1.67728280569179,-2.5323378416048423,0.035709733490629406,-0.8531930322489096,-0.2692218412694417,1.2809177208352998,1.2505985080750424,1.1349873616862145,0.24936299519013347,-0.20173347039918613,0.8365418789267315,2.034133789243283,1.0709719004507834,1.1040809579959476,0.689205323983962,0.34496763656899054
2010,3,303,0.7026222349894664,0.7095327932458843,0.9029821840638728,1.302688087249526,0.82971771433457,0.8973825541700223,0.8575368025246869,0.9089247920034613,0.9120498350456616,0.06168223866069098,0.6553507042805928,0.6796109215256702,0.6496325885906736,1.2017356494742706,2.2211528080845393,1.1771351341626164,0.7317534856001908,3.167024450515633,0.31283228004749447,0.5918415016932174,1.123611909479823,1.4402312778478263,0.5896347612679294,6.149474641278542,0.9662485712031227,2.4416562016216554,2.054024054339171,2.2496134383919872,-2.0819890612138447,-2.199526339489758,-1.43212503610689,-0.937123655227883,-2.0878481554805357,-1.9419929667051206,-1.5841665427898146,-1.7475418873349926,-1.4504235847355877,0.3522041872052553,-2.4845666938398874,-1.3786833191780075,-2.71081254708997,-0.3437053176571531,0.020401035827405947,-0.10745756554721801,0.13942849977902422,1.6012094932009981,-0.05879357796948607,0.12662162574251726,0.23095433185544992,0.10250886539302735,0.8112457079876743,4.622581277655677,-0.7766041152760764,2.1823721299624546,-0.1495988444292406,1.3903024802635737
2010,4,304,0.6963296400962463,0.8004696613553294,0.5998209685319825,0.4178319546327338,0.731184046265109,0.8908873313277327,0.9781420148575739,0.7256103359731338,0.5521818877732667,0.5396354341042798,0.7213759919603048,1.1603187920910327,0.5179019196229647,0.8980570365327082,1.199098106831673,1.1523369237075523,-0.3127260304050727,-0.19926829073202257,-0.3671975598384424,1.189157937730021,0.4546732602287589,0.4644532770494107,0.4473405797533042,1.9016064763032239,1.56819926878934,1.5062857983826792,1.253019282473922,2.326680173722754,-2.2706432317238052,-2.8241391583338236,-3.0339714011637873,-2.8096300673431127,-2.2248520954014737,-1.873148881876479,-2.1139644154341455,-2.3653413425061687,-1.0453277900693954,-2.9808964665305577,-1.5355252952825857,-1.4159288361536275,-2.399764308171271,-1.904094160318498,-0.6067062795349214,-0.8275744789145111,-0.6563114896148557,0.06954194730041954,-0.5414601612854592,-0.7326232004799267,-0.1811218814009748,-0.36001189489284235,0.36217249704159704,0.0966226625204614,0.3771360965743797,0.5121937396454204,-0.4139854466537653,3.325157603730059
2010,5,305,0.8027558312655567,0.7713167840913624,0.6945719476390064,0.8416397118626967,0.7590759777617452,0.6768821402229557,1.0250649631844808,0.8806112949813449,1.0932153890185632,0.5613979750303456,0.7360978408954029,0.39042101242036437,0.8588984852876393,0.4775966449371845,1.995855015235742,-0.18423905321687775,0.08605949844188938,0.5032392178790933,0.16942515319872142,0.4572802912398731,0.6359061727918411,0.552719028376439,0.05403676507168721,1.5121002903713283,1.9860710348177828,2.236657859751592,1.2931322102705878,3.3480275565486872,-2.2429128926036763,-2.627467028547488,-2.512774127669444,-1.8096505848873472,-2.288468207448598,-1.385761699371053,-1.9977033746729453,-1.8750884659369846,-2.7723487183406252,-1.9756779277501406,-1.3381617568877913,-2.7527791974886977,-1.9023520502936664,-1.9329104526340175,0.07003617384239925,-0.08202603340243893,-0.40158766908978677,0.4008580755593458,-1.0104182883899757,-0.002746050572631206,-0.19868087120847497,-0.09986274588715746,-0.9174259949423257,0.2648052689702936,1.044496392583232,0.2840315282508598,0.290973807772102,3.055127427790227
2010,6,306,0.732493276534182,0.537621082064764,0.9165968146540326,1.0005718103909418,0.906494677423189,1.1480140487039912,0.8955396828658162,0.8226116941460202,0.7075059625132786,0.23015278511138224,0.7194155202736167,0.5483307562229995,0.7771544409250957,0.9838732947913729,1.958077072978591,1.1829622768113932,0.5594818641919627,0.9522660366577419,-0.8367668752216734,0.056399502836659225,0.9961325116031419,1.4260034079256223,0.7737308949079831,2.9454167095485806,1.9067587495561706,0.5125769238383964,1.033931098769397,3.6624639495962223,-1.7425817801375405,-2.5544952746266887,-2.488299449008286,-2.4275405961199414,-2.323126484226201,-2.8364500912923605,-1.7048173899305659,-1.4701029144106765,-2.0175819606169925,0.6395119975402914,-1.1667274528606875,-1.6923591997889122,-2.0461808755491617,-0.973890282430115,0.4370049636680463,0.14475098693616906,-0.26672781483388436,0.7073298181620036,-1.3828918316728913,-1.341607592505873,0.33596785578279725,0.38096727733179386,0.18342150292068343,0.5226364318153337,0.3902847401247583,0.3432383975554869,-0.05581015859143514,2.9599189418454848
2010,7,307,0.8360967144452679,0.7783031929660975,0.7097142142694934,1.0620168990330985,0.743881613067194,0.6638250057118683,0.8330968871877988,0.7276609368049807,0.3754437531100248,0.7010905855151747,0.3859363316939475,0.21134636300998097,0.8245100408275915,0.9733644005519164,2.1408251901120305,1.1210011951208059,0.07855179435344696,2.06643868324286,-0.2581907982985081,1.1678490373641428,1.0600528788237518,2.1401387138784913,1.6540713809168643,-1.6467590255643276,0.3287369794847546,-0.19213036251695487,1.7989897877134002,1.2697837924495898,-1.8011864339521169,-2.5393903856902,-2.369788598767214,-2.196094249903793,-2.1359299418107613,-0.8704005047206749,-1.6074691302386614,-1.4365072487076782,-0.41911164213725627,-3.4236515588750693,-1.9369857670420694,-1.3928586324963792,-1.8301199087231534,-1.183688654045971,0.28382822213084724,-0.6992043519821736,-0.28382416028502355,0.37568861883616456,-1.121496898787394,0.8430042269565994,0.34181185815136095,0.5107112754361268,1.7573481496358883,-0.4778838080148484,-0.6914458615911212,-0.5722132024004701,-0.028847632606954235,1.5228916011509923
2010,8,308,0.7927627996934942,0.5068773471505679,0.7416431989250993,0.5925099581798149,0.7415687591165209,1.0342517251975225,0.999469362096144,0.642759992104087,0.29500136665391213,0.31397478232377457,0.5296159215498901,0.7690671583244486,0.5998301268503908,0.6369235895216867,1.8586839880259738,1.5782652611048456,0.643043246235443,0.09206975282451452,0.19069794877064455,0.6748185657798598,1.5617395004154404,2.527807493645752,-2.336406571470088,0.07443984260492519,2.3460100566092517,4.245536838870483,2.1331740045754337,2.2869455584753586,-1.574638870946787,-1.6294826961777376,-2.695675394637967,-2.2229809189455434,-2.5462452318393036,-2.998720599438984,-1.8590039433936139,-1.5319542299051738,-1.880100597874881,-2.801517337805265,-1.5457906389814977,-2.0973581211884165,-1.832079560185518,-2.176086441930999,0.3816000117049355,0.1426377275943445,-0.38907033328838314,-0.12156390048247122,-0.6660169165444807,-1.9807207776322004,0.5081702804800585,0.8886751170006,-2.6815279607723297,0.1970348550390258,2.24504210394124,1.0728979391632723,0.22877675383146423,1.1834482628546699
2010,9,309,0.6963481827100827,0.850605114114718,0.8098616139143755,0.5169220761292733,0.7606618402055383,0.7046040265386166,0.8502244272375225,0.796701992513443,0.538462603115638,0.20355993376114748,0.6178355753492614,0.7676569557467454,0.46937355189579866,0.3806069742211777,2.373824019293477,1.6708736812963965,-0.1781170971848936,1.5924111768795242,0.511529394872895,0.7130579887851893,1.2523276576042746,1.5962344323127156,0.678964468917855,3.4867366331192926,2.4560516940751183,2.969089089584413,2.5906697648209787,0.8114782478712499,-1.9087555912049656,-2.1560419161261777,-2.7205728045256468,-0.6049044858488409,-1.896100245848698,-1.3999547760007378,-1.5610181572630981,-1.3268561680903153,-1.4909169728149207,-1.9576889739832781,-1.8039115038835547,-1.783385971763021,-2.3306658477963764,-0.3917513538641687,0.6851822700137437,0.040372703834114565,-1.373602302458021,1.2454454451693118,-0.13794952590635098,0.5493881917716132,0.7819729241350201,0.6539109616549196,-0.7498334505252652,1.0562252160654204,1.0442877403008426,1.8935163650019602,0.3748745730285748,4.693198234550098
2010,10,310,0.8585742767013788,0.788811803097678,0.5862673670710109,0.691098897128868,0.624860390772483,0.7558104131779795,0.7549357949197536,0.5563069726462708,0.5186955049124078,0.08646277859549596,0.7609731419707814,0.23953430345487842,0.7156484329054749,0.12341298150884476,1.7848684944332176,1.4087160042571207,0.18004280156675953,1.0789860501988813,0.6385122921518442,0.07921828349334076,1.1272949434001616,2.217570133224056,1.8588833730629306,2.277047387484657,1.8750547849304096,4.322817539268057,2.792701120002956,0.4405124325564612,-1.6501656788651906,-1.7982707305643975,-2.5512104943780027,-2.1759344049772085,-1.669533267589607,-1.560066505553246,-1.9349063994437559,-1.5089712834257436,-2.8528710366301855,-1.6109978381571053,-1.3420165383087146,-1.7013521605489177,-2.57448202562384,-1.585711842620629,0.8338618494585801,0.13052195172069503,-0.5306016050836863,0.019864823168289095,0.12058223648523465,-0.4122672522200487,0.3772929230168221,0.7872202030183832,0.3411456767338501,2.6559138409932666,-0.16347938444570664,1.904543420174744,0.9976081695268397,10.051583508646644
2010,11,311,0.7452672927988315,1.1285081916175879,1.0599791648899957,0.2980721385003289,0.7823762270597462,0.7025662755653975,0.7523484159519157,0.5617886528111565,0.5977801101571977,0.9142995544517344,0.5749093329971978,0.40675407345587045,0.4227942462451832,0.9502327012492938,2.569746219901291,-0.15329798338237632,0.14099117933132768,2.254797112184427,0.2209567353018493,1.294656211200062,0.9486480827703508,2.1750373384669333,0.6901261524822976,-1.3910513409603753,0.9922384012068505,2.7144582572006786,2.391074253095605,1.8721044861759766,-1.563067161993106,-2.9128917110923003,-2.458503038301287,-0.9498402484046107,-1.7303631649587004,-1.8220679561651651,-1.8377881153037188,-1.668393787904775,-0.9600809514284834,-2.8696487646765942,-2.090403899504692,-0.7048515720766472,-2.0617944410010147,-0.9687406785832781,0.41921061701173035,-0.5733774572089647,-0.8680844122788206,1.7266412611929876,0.31693410995566157,0.13369374129608477,0.26470014088476546,0.7617130770663751,0.2677152719088003,-0.12506235345011907,-0.19760652625619768,1.90592079758006,0.708522019935827,1.5100557670025627
2010,12,312,0.5602339697425688,0.6687401747459425,0.6879248465073751,1.0421109226445198,0.6990834857403034,1.044464442885466,0.7790136592993586,0.835507738051109,1.0434380324111083,0.6502668654295849,0.5796602999779863,1.2867795209633262,0.5226683522902315,0.19099265479966565,2.162899422656626,1.5302261231960645,1.6488801895624339,2.2777271389627782,0.038399412071095276,-0.5630240569056058,1.2867224506083008,2.331924581177086,0.7951129244335694,1.7053788594802022,1.4488581587429263,0.8588248456477884,2.135462764922688,1.6456200181191296,-1.9832389778741162,-2.643443773253706,-2.3910733679731635,-1.8859524302071096,-2.3452334317946897,-1.8886519703619318,-1.8133553785715435,-1.8044075483264037,-1.5667277676975147,-1.9246016574932385,-1.6104769522218965,-4.24435222323618,-2.14376217485857,-2.2491449576294555,0.5153520903440293,0.10574624391560888,0.22706416677969152,1.7261215033004425,-0.38049249244094013,0.05386165776844331,0.39082999651496597,0.6588953452476367,-0.06374271915431497,-0.4401646887227547,0.6635272386201744,-1.0422536180356141,0.3619780607509785,0.8403180991618793
2011,1,313,0.73849125079439,0.8611417878883174,0.7441498253598312,0.5415495157487631,0.8159313209324833,0.7165284833164915,0.7977373756090106,0.726426391779331,0.011773843377349314,1.4056862655954951,0.488710580078076,0.375180437563868,0.7962414478433797,1.45085925794492,2.6224553719394708,2.148547683811891,1.3035359586774145,1.7154170529228048,0.37776943783821804,1.164859883146495,1.7989295569130284,2.3415127427842086,0.616161499025529,-1.9323413675153256,1.9780129001082623,3.414457205660072,2.6586442822550067,3.7601071145878264,-1.1673181755002577,-1.8177816683187158,-1.8769022760910696,-1.5709712256445938,-1.8426289785311503,-0.781853563879906,-1.6187273678747351,-1.3705067584696344,-2.7753955182581973,-2.5022999051570993,-1.5983069334795241,-2.6852249737877805,-1.5959528636349183,0.00022663989266018258,0.7234289587456065,0.5250507805262328,0.292265719458274,1.0931498503471233,-0.6306903567314055,1.2439428910548542,0.2811013500017468,0.8638893151741375,3.1950852208847227,-1.0602965102567152,0.8982949318358034,0.7725291836808333,0.6723368597547849,3.764217995488345
2011,2,314,0.7474989022075313,0.672130401201572,0.7552639617853163,0.4482872288780589,0.549665036858299,0.7843650582025343,0.7222849736838879,0.6545834832178788,1.2214753417127542,0.4506280751038832,0.9067528508278864,0.8268712349500887,0.5939114945626778,0.06333066776835128,2.1535502883652917,0.15853008550526318,0.8021724102263842,2.036259165676862,-0.1854394949494882,-0.22966828821648783,1.6442875602676286,1.703576878058001,-0.2541178713875027,4.5898102869536865,1.3693750567532739,0.5167565193335892,1.694734758457384,-3.282501830666614,-1.2831021706467665,-1.9521438563927616,-1.800084409839961,-2.009336582616802,-2.031671479893702,-1.795433701594869,-1.8646887416097353,-1.2292284107681795,-1.2903546510548787,-0.7318329224490764,-2.369350309735395,-2.3155404287490726,-1.7001764081754915,-0.0618853116025312,1.0160563110092786,-0.3746324919065476,-0.2931760220068107,-0.37353442800921854,-0.20125222787930427,-0.14371850960064927,0.31948653949414313,0.5690139992937147,-0.8352441024261805,4.432769504762543,0.7055578532286767,-0.4682320333174643,0.4895488874346161,0.4809194554703506
2011,3,315,0.7109711356801499,0.8264017357172095,0.7520117109090473,0.6389510588835369,0.6497779423206888,1.1628223799884456,0.7553695957514373,0.6879307377588971,0.30909174525955885,,0.7918334100748045,0.4173632839232493,0.8003759004240744,5.6559835415779025,2.036199855436788,0.5908465242893699,-0.2529575111507027,1.0116846887693394,0.9177439427315043,-0.23735584511431315,1.0329488411999048,2.3260331584791705,1.7980162874331573,,2.2777665145970745,1.8987051520802591,1.6851869018778574,-2.9048132496550463,-1.9430169489170723,-3.223007002190554,-1.8853327987841126,-1.7126703712128528,-1.8035586589965396,-2.151563136999858,-1.8043084845563069,-1.2692491226382814,-0.6200835001165301,,-0.5049208216730064,-1.7971431206301591,-1.8030863045651118,-2.9447833501033616,0.3755327933904392,-0.7064987056688444,-0.8666071265563677,0.8090849372580813,-0.15696784870752442,-0.7844540038529548,0.28076476213902374,0.8207538174696198,1.7122589632020557,,1.4396760095083798,0.5557772375680844,-0.13815693324459663,-0.6588852282279615
2011,4,316,0.8617454152854169,0.8448422814235784,0.8208582258041635,0.5729691484476028,0.6040045035265933,1.0475900798948223,0.7237118221979861,0.6895702779985208,0.2631878268625619,0.7172658402645418,0.5467196289129417,0.016596554195612453,0.6672701709348162,1.3902883323777229,2.0933728021127456,1.2402930936455572,0.7390370205688195,1.2414781738225582,0.4461371358900929,-1.3952887224103006,0.6445972653983647,1.7569544169542146,0.42057939404732975,2.113655543602372,0.26889426395668853,3.059889617142036,1.19362332141786,-1.4986016067668597,-1.619038120479627,-2.629665546252509,-2.464972187102603,-2.33052647680577,-1.7469896517250387,-2.7511466762046735,-2.0549082902876803,-1.7977676933233306,-1.1625982013277552,-1.2808158210081098,-1.9528224946666635,-0.043985354001767445,-2.4365466357963377,-2.377560408670553,0.8463200475516116,-0.04110885071217582,0.1691593334616938,0.9674910464502621,-0.28767355715581616,-1.4272489523078535,-0.16257816346437096,0.4975475803807894,0.21732524681080306,1.051493038507828,-0.2530589234506783,2.577414385817036,0.05898784377838672,1.0819887424286194
2011,5,317,0.5913339225581787,0.797464865604495,0.9168667244583277,0.6078264836927109,0.6778404492694937,0.8737107345850115,0.6039591597980053,0.6869389153891176,0.9663715907719193,0.3142674567085254,0.7512365719187939,0.4886240921498831,0.5406261827643545,1.191551517470924,1.884743005030829,0.8210550421975098,0.9747561952152021,-1.022458546321911,0.3676776479321595,-0.8199600092322855,1.5566854295062464,2.5585721232692378,4.360123699581111,0.8521870863073377,1.467816427761301,2.2961931857529834,0.9783965889203773,3.334010765929015,-2.0344333389776708,-3.310533855958783,-1.8849792628979285,-2.4725277042254015,-1.715925567843983,-2.983711138675012,-1.6585083614483667,-1.0223517255502959,0.5385739221585524,-1.2652463857384932,-1.895029801108359,-1.2653841523673044,-2.163344259292544,0.12301742968129525,0.13106758645521777,-1.3362239553987028,0.13628964760418208,0.015854719926847782,-0.204566220083037,-0.8694178021988672,0.6302734808936138,1.1111000256827646,0.6666338334804432,1.3509152090978795,0.7535898383154479,0.23064506268192755,0.14968917673044313,2.715589706627007
2011,6,318,0.676402703549178,0.7776648898946332,0.6642569484499866,0.3140473040166395,0.6303383205510037,0.7071212298884857,0.6717453131554046,0.7980749431092142,0.1614799031877772,0.5027757581376928,0.8541766960398902,0.5341074541019539,0.6118302419245443,0.5725076929774581,1.9824352561035798,1.3471464066689065,0.4174607405909321,0.7509794086148563,0.41491244223262325,-0.30201658039853496,0.6422306574937493,2.185061152979251,-3.3167228276107497,4.739879084798281,1.1992917417741114,0.7931469142581989,1.0841811875542127,2.2465677368919037,-1.6390394281681266,-2.9418888134470174,-2.189230232795187,-1.4799065777982217,-2.231676030976022,-2.958595399023879,-1.8033741947020876,-1.8361152185125273,-2.4470244551098235,0.06515463065937462,-1.730433061388286,-3.2769858075647136,-2.136692189689426,-1.6918168676094376,0.7353726967394129,-0.7591227593016687,-0.4746279524290443,0.8134439237028487,-0.16379543192980342,-0.8600301682141693,-0.10912352717607116,0.40188334278559823,-2.5175111611515337,3.9513846567282207,-0.507635463203395,-0.7467800328427519,-0.1578790353835039,1.0843992683558734
2011,7,319,0.5449560656854672,0.6429956440294489,0.5733999859840785,0.8495034011962317,0.6412190353147517,0.8982495840492372,0.7833886511939906,0.724341134794016,0.47121364742098576,0.7708377793490643,0.898637178979074,0.7548240359254877,0.48121897527943847,0.39290100098083586,2.099963776486314,0.5732426545511903,0.08934980848441573,-0.17346966275567383,0.43539882450584444,-0.4802973050392285,1.0716791324251034,1.2139357894216887,1.1336877064349085,6.274577131036223,1.0170016217455355,1.3153546733859283,0.34841701962361277,0.9844497322868756,-1.7374072896142168,-2.994278616542175,-1.5312492489257663,-2.64215360299337,-1.829510382813766,-2.3141322705016973,-2.042855061629858,-1.535210106364433,-0.2854348665776184,-1.1707240968086208,-2.14052209140126,-4.406767669297371,-2.5835705543158265,-3.66788502349542,1.2106078565825742,-0.624797859071303,0.391653423598996,0.33091245400291386,0.20601090258701482,-0.762250128339038,-0.03420176694296656,0.3160230948434453,3.004956058930339,4.791434522890096,0.12652341449069632,-0.8528739874230451,-0.9795058757598744,1.0397882460418286
2011,8,320,0.7862835940749061,0.9308146078226522,0.8331467200765444,0.5724796979281939,0.6589102159662935,0.9571161541324917,0.8016526680459142,1.0552276643446872,0.38494891268338716,-0.13645297843733753,0.8977136169244935,0.7917305730918108,0.7513910385184568,0.41731838697858276,1.6168807012566502,1.2944528155930366,0.311291236679057,0.6683704869662477,1.3735832160238137,0.9191646609987273,1.3168641311302447,1.1584415281225466,4.821496872239889,-0.6028445573168646,1.4038398016044835,2.2498850862901847,1.9275596979368113,3.7549884779197855,-2.059637176224387,-2.846960106008808,-1.7001201460960775,-2.4294705676252386,-1.885219474876282,-1.6846795055685688,-1.6268250529449928,-1.9374050674464525,0.1513852094900116,-4.122207202740933,-1.3791107139985663,-2.530692266878579,-1.742528519679875,0.03423325485650727,0.1742105020053519,-0.4364501002588905,-0.4505956488314041,0.807279601037852,0.08197618281583893,-0.5872867763633302,0.36125481278909466,0.27829679006124347,0.4112137565501983,-4.831535347287109,1.5507326930061347,1.2216284060873241,-0.05500509935914605,2.3332973146130107
2011,9,321,0.7809684079369107,0.9320959353236852,0.5692880706405486,0.559336139345285,0.6367226566045171,0.6426968872215209,0.6440047834470466,0.5443116054916705,1.3946941009879281,0.2311063625038829,1.037171281771687,0.16971250907344124,0.4993924066282284,0.1727317645717429,1.1415882321755217,1.300117193232642,1.6615898184586835,1.248734567486206,0.3757417275169797,0.20424629436868716,0.7098496978015366,1.5123710554082925,1.1939594343675946,2.770393626753691,0.24468635687659537,2.310706241094866,1.0862968892039222,2.0238031682994095,-1.8035829411084543,-2.247446986350041,-1.7743528955108088,-1.5889817051875845,-1.8319527456037301,-2.7587699577974454,-2.043447229496328,-1.708866663460739,-1.2179856084514813,0.49995633895092,-1.4832909308141307,-3.416276107197635,-2.6049276705884696,-0.0027014662048663856,0.28056199158183726,-0.045187371553755816,0.33707881171711485,0.20609603357864106,-0.029751407036862795,-0.6740754854879109,0.05910058621521558,0.4694694802489446,-0.33195934298750485,2.5029264767625388,0.6736117631596373,1.5010264803964735,-0.23369408826971647,3.1275511181431157
2011,10,322,0.8254243567084589,0.8449256578283402,0.5937529551001034,1.0550925061820067,0.5271876659674807,0.855535263739639,0.9813527776037032,0.640275669951028,-0.12310336871683553,-0.1614891809715863,1.1597882273342532,0.646267817672722,0.6737639642308352,0.9436088745713368,1.1164022167001442,0.1893162173370846,0.49562809642803407,2.318716018581519,0.5539097457398494,0.7281771153433457,0.546576264018466,1.332623375687718,-0.17730312642664223,2.1359686403971203,0.43730141088092106,2.996460512046731,0.6283439754991293,2.2441528397834127,-1.7670899516644354,-3.766906895819285,-1.9509233645437076,-2.089698793996849,-2.2773504635158535,-2.2330031923007527,-1.9503373174285117,-1.9285439837002822,-1.0957995653867878,-0.6761175056613408,-1.5491222375627645,-2.235445080632147,-2.037259228228472,-1.9785176842650856,0.18032560838586142,-2.116730896322276,-0.5616088885502268,-0.7216217385470282,-0.20484385578529388,0.18260407029961795,-0.2506433868079061,-0.14212038103620264,1.8330918485049923,2.520165805570888,0.7224044578429167,0.9954800834510351,0.016249034292442552,0.512848792660462
2011,11,323,0.6349205669165116,0.6553857568144789,0.7120997099438164,0.6645866408454478,0.7700810248919204,0.9909774995340571,0.8608709186570278,0.6019083772084726,2.4759837488625625,0.23190478115003726,0.5985510759856134,0.8302983857995542,0.5967078683610261,1.8455741795166656,2.08184818944988,1.3555292757373425,1.311698549031955,1.2366365976149811,0.4571290301342725,0.914075549181159,0.3283429649099913,1.9392792294893366,2.3143697168806567,1.7597205016643995,1.8824112251629024,4.513446852786791,1.2046977308311517,1.0740905784828538,-2.22428200044891,-3.1720050094955363,-2.69035906204001,-2.0071563002695827,-1.4913877561110318,-2.9656477842041347,-2.654557733850224,-1.8882829564609542,-2.8901446061610887,-2.4440603199485267,-1.6410138796028304,-5.1435776928192585,-3.0471334150574694,-2.344784005174432,0.45788009550325776,-0.39241872705315145,-0.5454004881442482,0.4102166187632729,0.2649735861069746,-0.33902768904608355,-0.47259630963731664,0.1717976927363609,1.5531391033108022,-0.5118827807557945,0.5838575801987798,-0.6862868016953413,-0.9605521425109272,-0.2599027902143961
2011,12,324,0.553546740837488,0.715688050089064,0.6238330813197629,0.6090328080786684,0.7414778619869092,0.8840784131586576,0.7805128568467379,0.6368747690836262,0.542427809212117,1.2167870023780682,0.9036023425923897,0.9911438666212762,0.5623573661400307,1.1728068169289834,2.072011822403985,1.7621720897419768,-0.7359852441131945,0.8337064387405883,0.5078571748737193,-0.4992476118025506,0.9772752810530057,1.9037206721256907,0.3633057171403682,2.7784251099163297,1.0514378763020493,2.3193665536222423,1.7618933271035768,0.7631376570197724,-1.7521331608529933,-2.744645412896725,-2.696697514082111,-2.4816057371969626,-1.7486744517642485,-2.7052191051405092,-1.8538138478746298,-1.4628194484984767,-1.2720923423232438,-0.6634398882355819,-2.7064678983007138,-1.1034389038379964,-2.004653628759214,-1.9705585851065026,0.15972859791137786,-0.37013112239876855,-0.4780589727073517,0.3603462982211197,0.14901481513732345,-0.7035861392271259,0.08951984549898075,0.1792039686049355,2.2163612575601337,2.7660451018797607,-0.8116581057679672,2.515850562087925,0.13936511099454613,2.2288810255674183
2012,1,325,0.6914045433490198,0.6756630243607389,0.744424084092838,0.4762436425728358,0.6539047702180876,0.6454028845234473,0.7592083981727805,0.7672601197260729,1.5567257018625595,0.8582369870699118,1.0510753673109106,0.3196981844925863,0.3960878553657607,0.8921671882098807,1.7150816450568591,1.6684367533083229,1.2513494358675386,2.7050795146391895,0.6934751787216017,-0.9683166951816532,1.148717132401636,1.7436702838341558,1.809732509380675,-0.5675791766811502,0.4824797823790507,2.727041095154587,3.6045434978598263,2.473155746581637,-2.3448067811205813,-2.121484445736612,-1.3935035289298163,-1.855204711640575,-2.052416865421041,-1.650252690191597,-1.9889311675642491,-1.9695757998285317,-1.5562657186610882,-1.1252445702802674,-2.3013264660409254,-3.659143403655589,-1.563031355521958,-0.25896243815118697,0.3819529373375622,1.2030019708219986,0.5564979471885243,0.6346059540025184,-0.015490451708677442,-0.6795911947021454,0.4440249821022474,-0.049137150649194154,1.4931281918108088,0.9645010670395071,-0.3789536892361882,-0.14495354736571542,1.858184367473028,0.6553817005634097
2012,2,326,0.7810992737821887,0.7202436481416906,0.8139809213843905,0.6858646405087623,0.8968078611167403,0.5480422355234694,0.8066411293487699,0.6007164517613703,0.05492248136567577,0.2860405777862578,0.6667739456959968,0.36380744910356155,0.26314230236083125,3.2177243384580376,1.7900370837844546,1.666996788006489,0.31564755820346896,1.9873530030561604,1.481180067602555,-0.28310425336224615,1.2135562075237052,1.7660793324585429,1.150533057698456,2.1755217917234737,2.0991625728025562,0.9040652886178504,2.9517424111111885,0.16150190926288108,-2.153189482080875,-2.133921145412519,-2.6597340490884838,-2.574374281404982,-1.4638722347356925,-1.536592611424673,-2.251529622408756,-1.2325151102804668,-1.7561589696700226,-3.0546774127270977,-1.5061796658819575,-3.796197596004682,-1.456921207158645,-1.1358898234301122,0.05227064468153967,0.3843108242005057,-0.012362681624556247,0.35602612139102663,0.19098677753116972,-0.07790075512814282,-0.15990695236038413,0.29328735976889764,-0.27035942190292395,1.7248729487654837,0.3233597106275331,-0.3482266442505576,1.0244412979387973,0.784212004845478
2012,3,327,0.7060159923228622,0.8255072091452184,0.6542077368263541,0.5076483415882511,0.5839464143349318,0.790658363101697,0.840849921310303,0.638856761732602,0.02923090332697677,,0.7454240570113475,0.1806033299433203,0.546676211231896,0.2667003991586698,1.3019956869579754,1.0628796522401387,0.9259999188407697,2.4906219082402865,0.79511186657976,-0.020287664149584314,1.0890701166861614,2.2449783805023933,3.7396312340033697,,1.5133690186210353,-0.36895224066826837,2.8455649905469014,3.84879763118895,-1.9935993549284043,-1.976563963656602,-2.253076614337636,-2.7523209641378843,-1.9284991837241316,-1.753095433238482,-1.9412393343003305,-1.357482941034406,-1.4419738635026704,,-1.7329074013978185,-3.911222936329674,-1.665843625904982,0.7084549756010509,-0.22089685835602008,0.1901693323057396,-0.6660024852773528,1.5875696930718364,-0.24938781231771875,0.03854892129006851,0.24486991036151295,0.6426107564126224,2.525933081437573,,0.5058548044242006,-0.4077772201199469,0.47081595633691387,1.1925182345514236
2012,4,328,0.9880068859591714,0.9387110984295107,0.8588492684274993,0.4906990628394381,0.9017732356466905,0.6964587351203978,0.7992166669727901,0.7314074386664717,,0.14969426987806878,0.6089650871092497,0.3755444100481977,0.6206702154992393,0.8346706038406299,2.767074775766135,-0.32776851911165994,2.3155831259190673,4.432097298887308,1.3995393838422112,1.2756658366983034,1.0382001124911744,2.1035912671719137,,4.725358575166329,1.3906377164852297,3.1134708157659734,1.6095080505018857,4.270342823644407,-1.73165628523283,-2.7857405837114353,-1.5334322179511297,-0.9776124254844962,-1.5939502252111972,-1.5982766264199275,-1.9462605432722495,-1.2775603238028619,,-1.1946183322355872,-2.0058991178320293,-2.41839285705803,-2.483293138914148,-0.078221209980209,0.23087270285649084,-1.1383969088301011,1.0807774778640618,1.9581263779638771,0.4232556733752282,0.1364181741116593,0.1554905396672461,0.20488688548385767,,5.76267717787977,0.40814020257320777,1.1267403755812837,-0.29245358697809876,3.4782368920586575
2012,5,329,0.5321668566363266,0.7571391393878093,0.7265759817557003,0.6701969768944738,0.674967878174032,0.8332989740567147,0.765643570798838,0.6719719438525988,0.015424891140959615,1.027453577095496,0.6544928440265366,0.7634032106964235,0.9363313047788128,0.49411900389810537,1.912142718230351,0.8640649050219373,0.8144286527625968,2.7092678500745158,1.1556545767198383,-0.3480728801546731,1.0372044974509287,1.889769164320304,-1.514367744391116,0.7384623352346823,2.1317361427359263,0.7806809408067381,1.7624434514748353,3.1664113357218526,-1.902972132544012,-2.693818318704927,-2.2444629031630328,-1.9739702492610625,-1.822983708634103,-2.4966518413747814,-1.786945196927472,-1.820829482719583,-3.235015784946774,-3.143529681907093,-1.376962340990344,-2.833170175546238,-2.5509279436242567,-0.6127658045934863,0.3179858250017125,-0.22300466598215346,-0.34778237761137076,1.890135908217545,0.09536070407352114,-0.45780328550362154,0.1616839139118888,-0.2013000604888318,-1.6604006342609674,2.326775929743298,1.026952699452671,-0.8468035473639058,1.1553691047292396,1.0531344463822083
2012,6,330,0.5479511377657563,0.7284693296659119,1.120272901267992,0.7091652481156964,0.5354167043041865,0.5934707361432824,0.8214005820863575,0.7723837601731325,0.7494568304193577,-0.008874470232254574,0.801735687940472,-0.06710876199930926,0.8146369398057313,0.48598554356446333,1.3029723795211883,0.1806032489121046,1.2866572553442244,2.07574220445553,0.40745068267274437,0.0676804910527118,0.8639462656075068,1.6576220254052387,0.3834706668371143,-2.3564882946363723,3.1098671460369274,2.889609905889941,1.4357451553664176,2.754464113660676,-1.7640520066388046,-3.0530749282097993,-2.175272022064281,-2.4870062785290714,-1.9787070409279168,-2.3837762991257065,-1.9897264733018598,-2.044358196727377,-2.6008541052324623,-6.501645629097683,-0.4149947018869021,-1.557784113019692,-2.1808756361337664,-1.2836882420540907,0.2121420580461215,-0.4633533264651907,-0.3062594014877651,0.24513684267409652,0.08522137821363006,-0.07565685592763789,0.21385603359248195,0.24797231298121866,-2.9385744518327437,-2.574988731597164,1.5523314089134976,0.9948389912378841,-0.10360312134659096,0.7524505229116425
2012,7,331,0.5647481317402928,0.671575510234252,0.6395272173535925,0.6010481436794034,0.6254578479035946,0.7318617376709029,0.8248910526734409,0.5794655166986303,0.7447382124733162,0.8130783861606435,0.8305208163461768,0.5772608574620699,0.8100355088206962,0.5674980130517502,2.3114394826696745,2.5087762850637993,0.7881609108770812,1.8119152842327397,1.2013345049427149,0.43623698593671867,0.43270256061644113,0.40001785003134416,2.8951986109595436,2.103904633597993,1.9647786627704382,3.5225098698502513,1.3892204995192918,1.0526523726245314,-1.6462330080721752,-2.9168388405832677,-2.929738083969386,-1.523935030130144,-2.120004660712385,-2.0664749739449015,-2.6878340296198635,-2.400061454858622,-1.599419508392093,-2.9075362787307255,-0.11320598365768542,-1.680121479676073,-3.226058743466471,-1.9400493656964395,0.5492804829352954,0.035996163594655246,-0.9778518701053089,1.8745271420265825,-0.1605368439774195,-0.6722777541792755,-0.5237631811510673,-0.46027542748626066,2.141749647247646,-0.4222067858170811,2.299686315612744,1.0173832621294063,-0.33589304654981317,0.4835090980912798
2012,8,332,0.621095243835849,0.7786460864346246,0.7808101771220961,0.5676417290898774,0.6832229177130631,0.8934892225701581,0.8854044846535891,0.7346470668029298,0.05861875729680159,0.4952073309129219,0.43910453613971184,0.7223419661767722,1.0940609138228465,0.8733103612380048,1.4454063665542436,1.4290924494391009,1.2107646051962273,0.5802080688036977,1.4583337934447163,-0.12789434582932402,0.5710445293778699,1.6646030327940062,3.873257456582938,2.943431166810687,2.2517426302529917,0.6950826402631207,0.8802899060485092,2.708281102783403,-1.9036613892121677,-3.1174010635982308,-1.5463936863084602,-3.023038728029546,-1.5786467070898416,-2.029321941933684,-2.305235014019768,-1.8038880219770839,0.5241545899853202,-4.42257799199169,-1.3787083234982707,-2.990181572169272,-2.5467676603591656,-0.18123233509842115,0.02533703830594522,-0.4077721047868498,0.1369468137555796,0.2835945615652611,0.5909199601987334,-0.1311305989455238,-0.2560192193758479,0.17078255713166116,2.825522811491933,-0.9273948337129341,1.1993444621793432,-0.24271647456334522,0.871410030919309,3.454413655327126
2012,9,333,0.8317847265892624,0.5163507493805044,0.7339799768555035,0.7805949308880353,0.7062982227093882,0.7489001576044938,0.8087276055007675,0.8307463677203513,0.7351324109485213,0.43350253360899893,0.7436999152567632,0.6329861486447327,0.7954432479492579,1.3698630140000014,1.7557448765512733,0.9532123482652216,0.7525720441990136,0.9318725744047046,1.1686207765015815,-1.7763276621001445,1.0784063288403607,2.7974598858900066,-0.31902830118095077,5.400491373702585,1.5023919400964927,2.9001792461675757,1.4408967079483748,1.030726542829624e-14,-1.8470836021085744,-2.813434562081724,-1.5203116948941369,-2.1370665359674965,-1.8220136304351893,-2.541094194195111,-2.1548106760943386,-0.9453982074140963,-1.2998973023167852,-0.6548485240550264,-1.791753321903624,-2.204152857996157,-1.3199415744464758,2.7397260270000126,-0.1103543791032541,-0.27631140344404165,0.25995799014707177,0.600897917454146,0.3758514086786129,-1.278346877570384,0.37405292945945817,0.9449592717900138,1.0065429002824131,3.2288463967210164,0.7244208774449371,1.624414996279837,0.8992772895818836,4.109589041000019
2012,10,334,0.9407937286912077,0.6419774570770578,0.9956511423403349,0.7583911485906799,0.6003369831310079,0.7082898363609977,0.8127362791144563,0.6182185873278458,0.5022803199022374,0.14209629533373797,0.7283195972788735,0.6419083584578258,0.4875991419602029,0.3567808099490528,1.5469545513150342,1.46923824383793,0.9487314793518524,0.10010897088113219,0.2152350904247215,-0.17303855067672422,0.8466890773605702,2.0289815463313503,2.692958511248784,0.5957889366770027,2.511281298401571,2.6530207298708155,1.8965961708965122,1.945915423610939,-1.9126406548891686,-2.5958935694642205,-2.028796468817416,-1.8577353984680587,-1.6612254654486867,-2.658144729829506,-1.8597691864011978,-1.764687447143327,-0.09928569267654465,-2.1604549157478568,-0.9892410203859316,-2.1338940932444097,-1.7960945588295956,0.9499260729532573,-0.664881447254462,0.057504271798237555,-0.37908562461540624,-0.20094614759385612,0.2183350476269908,-0.5294518093373781,0.06896488176704978,0.4426671395603402,2.3087075446756877,1.429902448937546,1.522018763990784,1.446855247095916,0.4856699850881861,6.709137648441106
2012,11,335,0.6722827669365466,0.6863807422343917,0.8260970233313212,0.9126080171933102,0.6390287677324833,0.5478624897334315,0.7341812552914599,0.728170899781001,0.030905176358227072,0.3918050321280666,0.8762506814635012,0.6200244307353546,0.8388192514493057,0.20252345609352895,2.418832101802921,1.2742539191894662,1.1763504185624574,1.3609762382613515,0.2142426444279085,-0.12365966371059528,1.0001905873849704,1.8109450072120763,1.9597517376474851,4.41119781016634,0.9779958060196717,3.9704915900834195,0.09599887762018071,3.905320529447166,-1.7868533117230538,-2.164358632808519,-1.3937006563964374,-2.790358746617272,-1.6689073217381623,-1.668187535843744,-2.0353411299500737,-2.1081584449992454,0.07566917734132292,-0.8823493627355796,-1.3593124426716419,-2.8930670251268995,-2.609453355542722,0.014402317427417983,0.6804840582047283,-0.1425283592739512,0.20197657325760818,0.058070929378666314,-0.3162877329754835,-0.10153362794422788,0.3346291216365897,0.48190289798721514,1.9728850295248612,3.4100030381297755,0.08339985317140036,2.335601704654019,-0.39713442608399674,2.9425824591341194
2012,12,336,0.736517811593911,0.4702406277961662,0.7257634672134066,0.6386153889495341,0.5134266796635129,0.7087011550822551,0.7475555978004309,0.5452526878584684,0.5733221927778708,0.6077418356629226,0.57815569957654,0.5102206350886054,0.8859877782094435,1.0848726643180528,1.9384680958450824,0.902808095632005,0.6670410023292955,2.0169696421651064,-0.5868758880794266,1.52175892135014,1.4605887195483782,1.670664893988717,2.802884743097448,3.9138680783107063,2.029407336922107,2.073744761934548,1.6251093996107073,-1.5715651234973578,-1.6326186544779655,-2.334238125576741,-2.1614569773807073,-0.15052225643734243,-2.4827567752989346,-1.3142160890389467,-2.1584997089652562,-2.0935550620116126,-0.12045027982421079,-3.1455857929916755,-2.0959246970438823,-1.4726416312518467,-2.4709466342108177,-4.305434970095952,0.5912417668591825,-0.09197732296750685,-0.8225470095474127,2.829553565834,-0.42557900521234465,1.8809567373881941,0.39004314053125866,0.10933527146700867,1.1777459917064528,1.4403091582870802,0.413918298696938,1.0896962348771047,0.18650737383124336,-2.211812537395329
2013,1,337,0.790049010249351,0.5508675767205179,0.7047835679690247,0.5473635837447334,0.7570534511773657,0.4152652069180181,0.7813974176834232,0.6566308318641214,0.8587823090331125,0.7332069953000739,0.48782546125169285,0.45045914959698596,0.5365105343358733,1.2663869123997273,0.7724068220796444,1.2773330861873509,0.60108562693738,2.9676485248249875,0.3130790981736872,-0.2440267168085578,1.6877260210798997,1.5522195003973496,1.5399525459008518,4.057070859828802,2.4750000654925386,2.4716682806523322,2.0316472561476298,2.0863461420468776,-1.9980600725698987,-2.0657915546476397,-2.073198007502232,-1.9156924084769624,-1.721940328638749,-1.5389476937465034,-2.0088143377256267,-2.2161257091020654,-1.9587466568754006,-2.202752571397045,-0.9930554467939899,-2.169618602277801,-1.7217505322744082,-0.8649325125229028,-0.7037427389706142,-0.059475649054716154,0.3130828015760441,1.2097304492118142,-0.16774043286873774,0.45300858566228275,0.4656484197931943,-0.0775556071746307,1.223329382051475,4.6698097139884185,1.2386145790972016,1.7924289128728945,0.8638636448824979,1.1813109394178054
2013,2,338,0.7316213803032158,0.6387293278357056,0.9139276530880001,0.7259035616521231,0.5156818470846267,0.5508495367318971,0.7758582909916178,0.6387485773321491,0.4342722072434494,0.03594641503034968,1.0217151863483904,0.7372056050018749,0.7818133866102931,0.6854981383837666,1.7423929299939451,1.077295700701618,-0.16728084988868086,2.2787089274101433,0.9715047974190096,0.8988144232908397,1.4527023465494895,1.154683106126462,1.6138209801157737,-1.4459794931286762,1.64283953837431,-0.15036104380142942,2.4869935589991092,-2.648831886771221,-1.643747920864896,-2.4881910752966117,-1.8457453556779972,-2.1814059990470813,-1.666733569988133,-2.7488522075874275,-2.1616783970573055,-1.9429976685301655,0.023590230208780472,-3.7399008587501594,-2.298288023946408,-4.26872742428043,-2.3928689122815756,-3.0821944935541437,0.6976856776429339,-0.22865036627609125,0.4415049035660624,0.9676334991001625,0.012780137099858861,-0.4601360302413572,0.34094151707209,0.41779110884836973,2.725066735279739,-1.0594485700297054,0.19443142756482634,-1.080326409402328,0.5469164762177922,-0.6558068876883876
2013,3,339,0.6932416372266503,0.6651500416074326,0.7690574327557291,0.6253290942952081,0.6830975903726333,1.0108649944655619,0.7618451732874745,0.5157526294922921,0.5418361084791629,0.07177579683791087,0.618126078954889,0.5049048793226271,0.5540493859467667,,1.9376578951714358,0.7564540753647533,0.015413732821899452,0.25541825010429675,0.436962682242075,-0.30179855082636325,1.0450493986417357,1.9364776479303412,4.677978230391428,1.293678928266837,1.8589742812573467,1.6796890568395506,1.5020401064450402,,-1.586686945091511,-2.449447104941207,-2.396160657198977,-2.8045043979280364,-1.9071017898811147,-2.129062275825788,-2.387973887622703,-1.7342870763036309,-1.1575483358625747,-2.264408539719566,-0.9821052228005361,-2.179124430067172,-1.7429590042672167,,0.5730527295200019,0.0022048717244336283,-0.34600905042650787,0.35132837777697257,-0.027554641966660298,-0.49992460872392336,-0.022089925745728385,0.35828984180200313,1.8232834219749308,1.6244435022507062,1.4713211771713628,1.1717396354922625,0.007645020804504005,
2013,4,340,0.6041041105327388,0.7488412295566409,0.8006619393892619,0.5700148853543191,0.7906512144861677,1.1893863160711342,0.7374319163144141,0.6385736973624407,0.2607224919014336,0.5809458362722562,0.8114560485617525,0.13630244881128084,0.5967871698688011,0.987183133231438,1.687674188387061,0.2651126957870732,1.3543731714236515,1.0788269307393115,0.3458805673873588,-3.0127347573799286,1.700183119208182,1.7014493730491789,1.0484218098718145,6.246145236639916,1.4462260364899695,4.624882047264475,0.4092935349902491,2.5538423422218557,-1.94718644260232,-2.4984810079399677,-2.03997352989868,-1.7003233167002765,-1.7430572617179658,-2.7721000577148356,-1.7206521124839471,-2.007533262979671,-3.7537527794188046,-3.8731292700564484,-1.974256249666558,-1.1063409205710397,-2.467279335202725,-0.09550541042680878,0.20290432034261544,-0.5628635945872963,0.5476548515079301,0.08741214473255444,-0.10107799056621505,-3.8854849774246945,0.2196398349691251,0.040465288680583196,-2.868734647136249,1.5428407071088444,0.4906784950193935,3.2784098009428804,0.10129026635675858,2.219697925882212
2013,5,341,0.8164300915414286,0.6353140781729297,0.6876026372194792,0.7849280029697921,0.6718739975415877,0.7569337138935447,0.7285534856454856,0.7976720551869734,1.4359104702830134,1.1987371130303461,1.0409068456683055,0.5364035900503522,0.6604869121783391,0.5530189312340638,1.7766897627298892,0.8159125785711197,0.9002867583587215,1.84880011650436,1.2212258298406677,0.4091495968776401,1.3494106921821747,1.3586633836207487,1.1609273187691413,3.218863187871295,1.2929821275689874,2.863546245198443,1.8095432286186892,0.013206880646472198,-2.084232266639395,-2.8999260759863636,-1.875531440878063,-1.1915479913886498,-1.80568397250331,-1.9253881456280664,-1.792154125690023,-1.9320568832595868,-1.2833851606936508,-3.6988611867501593,-2.114101282508121,-1.5891898672841653,-1.2826240107029652,0.05703236850453792,0.1623025224176513,-0.4429724763736602,0.16614153722532604,0.8358408979184685,0.032162292394217744,0.5697714865062022,0.29235660758455184,-0.04296544599383467,0.1321063329135338,2.442603412970284,-0.2471634556764667,0.6789074617192893,1.1317335939949715,1.965439093460174
2013,6,342,0.605293644781915,0.5318881444146583,0.7726963686237274,0.4704696827313065,0.6195574372325953,0.698298557714755,0.7686699459357896,0.709773136625794,-0.08085088501406595,0.5956793995713558,0.831991643934968,-0.021405312863427804,0.9141277192619569,0.23323824790781403,2.0653942324751617,1.6894460092260968,0.08440084717651665,-0.5844233941293181,-0.019172110386227084,0.08722047258596775,1.4313609995529126,1.6839940695483058,-0.42771345072724076,-0.4410160776153445,1.6133461714899258,3.127018283146658,1.7549056703709622,-0.3376827158898919,-1.8561847519122099,-1.7343647694255726,-2.247082730800409,-1.8190673471806378,-1.953889260851573,-1.4386725225460226,-2.074155321436621,-2.107547228943577,-1.0773596278555568,-3.222267570064693,-2.2866484862698635,-3.220444847172033,-1.8143433136331253,-2.8084565493215385,0.3504900916248255,0.6076031174283881,0.5401234867148331,-0.6543103412943495,-0.3539140540700606,0.23024288786554523,0.11300371441847058,-0.1816496341451329,-0.9850631442997472,0.07877140716764519,0.9586372655111493,1.3037185524925547,0.4844635982072293,-1.3450705097679658
2013,7,343,0.6893947052150388,0.6933515925879142,0.6000365129563482,0.40375855501201485,0.5627515216380177,0.9843244174326717,0.8853653422812453,0.5369571024768449,0.7253185878042423,0.9431330874672018,0.7789191504875259,0.3741789786254027,0.6733715783374943,0.7818499103106383,1.7085214822931754,1.0847788348972451,0.15501253040368518,0.8411831017147893,0.41698509491948543,-0.5320822050746834,0.7517627507540122,1.9376366161809024,-8.567440455234482,4.583997692998322,1.9485955950660323,2.8534460434540003,2.154692863202773,-0.21119771610217458,-1.9393489570504368,-2.8524435404820707,-2.5509648980743673,-2.501841016276965,-2.0707055272509494,-1.7879516452498698,-1.9905023445135328,-1.7420715208632227,-3.171138069575234,-1.0841688928867228,-1.6943461120432222,-1.1100094808808219,-2.718221413980736,-1.5429670549826784,0.20962792997044544,-0.599911775595344,-1.209735093672985,0.024343040767669494,-0.02400373308179973,-0.5909378635037603,0.16870514234150719,0.2982852128507907,-5.839235513751123,4.14948667876354,0.18637596429461772,1.992083783324889,0.7289209397111142,1.2589406567406862
2013,8,344,0.7344019476149863,0.8805568767854351,0.7978456219837186,0.6762189448019084,0.904674472114683,0.8439990519530954,0.7458528819958351,0.7049227322939906,0.6470703856403374,1.0552821616240822,1.0401136336228851,0.6011180370055264,0.8066282205638056,0.7168318849108657,1.9107901899047064,1.9301986918449932,0.030542292472801987,1.4188412861648951,0.8390792793947097,-0.686587675234365,0.9982439053700178,2.261497951222453,3.4290441091584394,5.7022538264012965,2.3764370127810235,1.7285268473617983,1.7672777111367677,5.701316676467423,-2.1050047024686878,-3.0211830918265945,-2.378355431746065,-1.4446478506352503,-1.9551578478200327,-2.8119842892260727,-2.0618249664848127,-2.0221279598501782,-2.5163619377721984,-0.28655985080208674,-1.6938685807113751,-1.6281894473113503,-1.808124998941311,-0.015294832358418846,0.49798256991052386,-0.1452387338907139,-0.730899367140102,1.0371112805326508,-0.18100852415841723,-1.5661696259480227,0.050417815989386605,-0.1531307484339857,0.37928167958858017,3.3664396419983147,1.527169435789372,-0.925308860283809,0.9855278036576078,2.042910740258567
2013,9,345,0.6814858605180053,0.5420034737546082,0.7525222100699109,0.31580856448721384,0.7790381860708636,0.7516130593462791,0.7894622651213616,0.6814828222510498,0.9872746042344629,0.7947859723990455,0.721054169320954,0.5483880062699685,0.5068622208413519,1.470290999577901,2.303143231882954,1.9704523370723768,1.6974737785795193,2.2414935542379886,0.4541412469238056,-0.1495634913669422,1.0071522465305631,1.9057190705667777,-0.2656434684066868,3.1398222296174767,1.940448523782421,4.944897882158786,0.5563842615518165,1.7983830973449426,-1.9742824616326384,-2.1128344988845793,-1.9871388290799683,-1.3440160297539334,-1.705754458422922,-2.3574404929591064,-2.283324922667108,-1.6293251839731604,-0.4434859963875073,-2.5675640669239135,-1.398691684462791,-3.538807486451722,-2.464118390108387,0.3885499828966314,0.625594136631493,-0.5258683941724528,0.4185153389905334,0.9882169242834121,0.040685825321375935,-1.155401789676753,-0.32983634604425544,0.5089024933458526,0.5367915344907809,2.794255262186563,1.031758516542231,1.6865925166064715,-0.17775059947929656,4.561814923772026
2013,10,346,0.5852571014831011,0.6482076455557161,0.78618324638743,0.7629092352221216,0.6234877241627556,0.6989869537488254,0.751273690543836,0.7832081247626593,0.5920752142201332,-0.13645297843733667,0.8633113434093447,0.49129704721702205,0.5652108023446262,0.3712746377371508,1.4094288328171287,0.13032183055492721,0.5854009038479372,0.0978948807568369,-0.025065017048351672,-0.1960749990094564,1.159433573668651,1.4344373846704503,3.1791530697476253,0.8056061466831483,1.3828239091434753,2.989305786936256,0.9892097856327688,-0.7037558616118951,-2.1569347544054365,-2.8912821658640784,-1.1965160689076404,-2.129454227171804,-2.1188632149803928,-2.496022227898479,-2.074441590414745,-1.9493234549022898,-1.1375241920186387,-4.696855089740934,-1.6097157233209247,-2.41761632641266,-2.6037083511946055,-2.3424354294958123,-0.041665247707039235,-0.24433306673685432,0.009179436587137733,0.17895315902507475,-0.3613544821321454,-0.15707229706295392,-0.12559752598575283,0.29361444598420045,3.329379136069363,0.0022674697128926367,0.5403420112190682,0.8443798448256524,0.11210705113474859,1.0775328334213845
2013,11,347,0.5323285642214481,0.6493422086536131,0.6864362325349065,0.2864812392060115,0.6247779302029702,0.7368373112142378,0.7310403982527834,0.626252086957004,0.5816821395352628,0.33031538308675135,0.429088513601406,0.7455808404127782,0.9882331289652854,1.498490975898105,2.234442709807512,0.4941956304853695,0.7334436439584808,2.8400559500546354,0.8168246002204558,0.023836508245278006,1.8027839835489268,2.07123975019184,-1.0487688815801173,4.105412601423862,1.668431650855534,2.077672849641479,2.0556392773452816,1.0820112672218547,-1.5567928735437548,-3.0811609547124377,-1.8076887416137668,-2.366163377892111,-1.7918415708527022,-1.7461071516292581,-1.3944980597474372,-1.9464961718370037,-0.2755332486227623,-2.1364630400575306,-1.897052434664157,-2.2200432504934815,-1.705948049362096,-1.6584942700934868,0.6718955150251528,-0.7430386659832046,0.10234022144739849,0.9524358274710826,0.2677908906891509,-0.052342856266915434,0.9586657746172108,0.49019902222114786,1.1703823405767546,2.0276225245648622,0.4943323975952007,0.4240831300471385,1.37857119456981,-2.1119501701177916
2013,12,348,0.8407238762441412,0.6885486083723156,0.7013892300775565,0.4515948472388592,0.6148865151880408,0.5374331408913049,0.8488152156033723,0.8369506217359024,1.3488588462770608,0.09320414588674841,0.5962792362675379,0.5294533105143694,0.45108470659847694,0.06624527005156464,2.3790855180319057,0.9466029803653733,0.4973382379882732,1.269120711481368,0.5919451047494303,-0.4931417920141037,0.9543848898003285,2.5305186031551705,2.9596443576807343,3.7446645450238574,1.893660280637507,1.00291594901443,1.489620851920175,3.2732404160191075,-1.82421636487041,-2.7708940907798865,-2.257429103433962,-2.8762976412586054,-1.888782757130014,-1.231954137626956,-2.2423439126576072,-1.6065052304796144,0.21928972967344812,-2.7703162826575247,-1.282340874872797,-3.235046297893613,-2.292593731056042,-1.3191713396572902,0.7401642086750944,-0.3780490904025894,-0.5674073817059411,-0.36473097670454635,-0.3466907320199615,-0.5346714445371075,-0.10276161717431362,0.9608654617581099,4.361031447834497,2.5429769091648606,0.948473348971302,-0.4888589410346723,0.2263985970725147,3.1493398303345637
2014,1,349,0.699520145609655,0.878421710635604,0.6047108055921459,0.860919536253385,0.5573382121467723,0.7081284307545834,0.7086156378078144,0.5002338186529169,0.564295669486391,1.085462278614241,0.826664703036134,0.3315658800947168,0.6329483431972861,0.7838940786690716,2.2984713395343808,1.6815317659083524,0.6592595752984782,0.8727369525163975,0.9984433882411801,0.9245656801806764,1.402338392693198,1.8973507492173418,1.5832460410353828,2.55466022710418,1.6702536123459932,3.2841547808146854,2.719864923416143,4.614240279843336,-1.5829010394170846,-2.731402541450881,-1.6671416152236298,-2.045553569045446,-1.8763317488779176,-1.4149500958938492,-1.726165214071007,-1.4835403978689776,-1.0328622351997574,1.4791633382653264,-1.0724083918797642,-1.8934920729041296,-1.9625783076311074,0.3852733472522704,0.5974888630785599,-0.5041452759665486,-0.3263490976078106,-0.7203200730818902,-0.03981954971005894,-0.9657483083261432,0.4380315065090772,0.38768868540776225,0.4687333938093281,5.2308598989769095,2.1225148314847115,1.3366279530820109,0.8360116011254879,3.866539795934838
2014,2,350,0.7217499739388809,0.6686362269171554,0.868853044051522,0.38657507529006835,0.6474930105713496,0.7067126098484724,0.6490000058589265,0.583097953690153,0.6207484586155513,0.18761022116064272,0.8426616655866999,1.1029829166926033,0.4794722563052535,0.8456365615773456,1.42057883411171,0.4149793837431519,1.1231714708278453,2.8563027757763857,0.597363991775333,1.1495832667316275,1.5237600571872523,1.7957575702851172,-1.0912963981760817,-0.939476570402012,1.4483288722889591,2.0608452072492613,2.011929023207304,-0.7707418094713396,-1.6632249176078064,-2.3295519726407683,-1.6109258066687706,-2.069218102795524,-1.9716062476510212,-1.3391879250056222,-1.7378841588186893,-2.0964222770138004,-1.016382750595713,-1.8971932470640578,-1.4264505097548135,-2.678004925334645,-1.8738544026197492,-8.112886273485937,-0.10691375817209853,-0.4475867391960055,-0.21739961877472327,2.0739580469200196,-0.18670827159281506,-0.6728532616617915,0.692042259056528,0.6637847314680707,0.2301674250577205,1.4394396655162514,0.6829722968907832,0.153680373808239,1.0084687102070442,-5.076741147998154
2014,3,351,0.5939566190645967,0.7470921300726374,0.6578640662762193,0.998387919031063,0.6463657430331815,1.149674138039017,0.7245401381334928,0.5347855318442214,0.888988832946238,0.17870541690739034,0.516593338841965,0.4785777407542259,0.5377910877504595,1.5277826778340644,2.154465387660838,1.4723765653150596,-0.6537590963347001,1.9984730418565153,0.047037516344278746,-1.3001575756920982,1.5905885462231426,2.144475083316517,-3.636624399775255,-0.37983475540646877,0.4969595876090249,2.7224095283912733,1.3139688161628225,3.9799841630464754,-1.7988365707022562,-2.5935922467584063,-3.2680337421856516,-0.491858692368939,-2.104514134588408,-3.429425177052881,-1.8493773401703035,-1.6350540272392882,-2.7473221954883122,-1.2845375043361034,-2.277795642127681,-3.2807443713348703,-1.7991051798056619,-1.1023227876954642,0.18791395489315046,-0.33671746003966824,-1.2667491917310874,0.8306777355872934,-0.4168337604537979,-2.012680637857756,0.5961941202096063,0.5159325731855023,-2.114095662221832,1.7834928533514973,0.47681671191765757,-0.39698915160360976,0.0914334746886226,2.763449868660173
2014,4,352,0.7134209247391051,0.8645358871335476,0.5461138668315749,0.47985491604256647,0.6345056944948556,0.5858907943371302,0.7892458494592907,0.6800980430010316,0.061159627260445534,0.31550825159924367,0.5290115991613669,0.7091243402052468,0.7052455571467933,0.07804849401797043,1.0776129121802773,0.13441483148240363,-0.17980003878926207,2.9163384655026006,0.6283915255272279,0.5546537650840841,1.4128932042269207,2.023942950243916,1.2971420579907833,0.19878873866148764,2.1665828105012093,2.4377679560031944,2.022420336482307,2.163754169303923,-2.000806806802378,-3.7857091959510756,-2.962912513670819,-2.2472477588040367,-1.6768503690229903,-2.07702448294102,-2.0515630139671472,-1.7300498206335693,-0.7417573267582384,-2.1392599362930045,-1.815232263321256,-2.9244361075208953,-2.0346044772645713,1.3093116178999313,-0.4485016322940878,-1.277707326350203,-0.8793310213650867,1.3196985521890559,-0.1537274676153716,-0.871138173566743,0.2620143619395974,0.10617049105194397,1.7288969767624147,-0.12859461736932642,0.46570623396702654,0.06523106632833624,0.7013024929185426,0.5137823174754278
2014,5,353,0.701643901873807,0.8821070610559075,0.6193305961510122,0.44696292371916135,0.7721570626072701,0.44500161831330404,0.7158123633823154,0.6976375144843225,0.1426180124671123,0.449028930078539,0.7864225147136946,0.053287556219668145,0.8039208541232479,0.3703219956659291,2.1980083917901174,1.06306152388959,0.5679219917075973,0.21635815662276547,1.230334684944739,-1.074140494197066,1.2880406435643583,2.102604954246131,3.2984342718325936,0.6058072885156249,1.8795410246005304,2.4121595667638225,1.082537801895193,1.288915050398476,-1.7390924483317338,-3.082794554909755,-2.575346725952181,-2.164983745346467,-1.4386339158268169,-2.469799336189642,-2.1513201937660895,-1.6352021675639612,-0.5982034802011778,-3.9538021263901384,-1.9382740073390474,-3.132023417171006,-1.8707558675793605,-1.7929270190454545,0.13761016675280058,-0.44682500455645047,-0.6555296757096761,0.7836196249813924,0.30060389306448293,-1.6080068535413339,0.05941465564538438,0.45223983268363727,2.36851417143521,0.07162022301471264,0.7266751420010081,0.062288633953978455,0.24338598039137754,0.8995558540765899
2014,6,354,0.6973902661927315,0.628799287244544,0.6435523461036281,0.8279679711048321,0.6261716008835941,0.5880453033869106,0.6128257662194794,0.6010075445311054,1.045926615022371,-0.11896374156671793,0.7901755481837189,0.2225162561912241,0.7278670209108776,1.0904505074202542,2.087183476730795,0.5237431496190473,-0.254888177365988,0.8574190865995596,0.14511738557125123,0.4619191548991654,1.535002234213696,2.3125552682246573,0.7439940065644035,3.9747645918532633,-0.05259224356619404,2.417341704092173,2.3208402857461925,1.9880512884887758,-1.4388873405455733,-3.2056159161315456,-3.0521236470932194,-0.9923217558807809,-1.8735569008984476,-1.9804599142180348,-1.9125171162112053,-1.4668198990156331,-1.7087429310092919,-0.8682344207736017,-2.7094717881168724,-2.141621884739301,-1.9510194558473637,0.2520017044010844,0.5581820183412708,-0.43248592856081935,-0.6925403471389812,1.1357733836049888,0.14062350786530584,0.04100607950012551,0.5950217138295074,0.5443214168293258,1.2868002476263452,3.646638725787097,-0.5043987131188779,-0.0526778028387008,1.097257019809172,5.175499252435099
2014,7,355,0.985955146609548,0.5284451910114167,0.9379706150701035,0.49573766090965904,0.5801586283583696,1.0644849614259186,0.7995929059908683,0.5951080969770309,0.2361749955571617,-0.0852478989812575,0.8172958282750262,0.7024799911212875,0.6871980715510991,1.043688563216219,2.2521346049436195,0.757534298882422,0.6902103107092237,1.6194438545598302,0.7889908674451583,0.7384338723779365,1.7351389912275226,1.807923962697162,1.679965730687719,3.4086603634872175,1.3404658798827076,3.5245977040043286,1.6461961831654555,2.977777444135654,-1.8977355055878944,-2.6973733367617587,-2.345696867258604,-2.2688546900588236,-1.8701987937746813,-1.5915559578334828,-1.628826164671856,-1.5060976583574064,-0.24413990810750924,-0.13969626452659178,-1.828961784536631,-2.0974709114062793,-1.653055086141727,-0.10580070348071267,0.2591788168063776,-0.9214308596684859,-0.3813538908745639,-0.15897816931711362,0.06258037093532147,0.17266413728053503,0.7169396444983434,0.7123075575492169,2.923326645105356,3.7610992696319596,0.771367340583653,1.899215549690966,0.4024383501346459,2.0383757738361292
2014,8,356,0.6277182376853484,0.6414450302544572,0.6765633751579426,0.8509148260532281,0.6758602277302218,1.1020998373370987,0.7817892136848801,0.6824268977767637,0.4614998186726168,0.4032997419430427,0.9715547212689722,0.3944839861894666,0.7610424071497237,0.4355218927170873,1.2602313696424612,1.6387340605210126,-0.4172629289164252,1.132640900525197,0.16551243878015673,0.502395652634222,1.506947143917211,1.7830168743490227,1.4932288642905658,2.7511231093178528,2.33256378230473,3.6846496925071253,2.3039413912829514,1.0075263391890732,-1.621700384415161,-2.5141869580989487,-4.0615957122858015,-1.7842119844764353,-2.7665078653395088,-1.5014016404540969,-1.9624391542710413,-1.8122921534208012,-1.1766987811916767,-1.9442398435954458,-2.338136609532546,-1.4106213930257279,-1.7260050459143554,0.6564734623970926,-0.0976048166125915,-0.16492637507891314,-1.415448451053419,-0.2205243525662196,-0.835848359125403,-0.6342559506069689,0.18801017712195775,0.23251288328572883,0.7465023091064239,0.6415449294220591,0.8111408076659434,0.7270110604703848,0.9781044531943831,0.754428167349084
2014,9,357,0.7859989509164632,0.8026038548968595,0.722042890720126,0.40901392293582717,0.7047429697336117,0.5060398537507775,0.7296006594308735,0.753525042339509,0.6218241891552768,0.03031578106827451,0.8247629800241781,0.6079129618448306,0.8661312176717746,0.8286284101516403,2.12661925197443,1.763720874818094,0.278311306585988,0.28287205211272426,0.9146167231253058,0.8030017932324363,0.9481444586743575,1.8723806130122465,3.841096667183322,-0.9864017601196555,2.1010535483977963,3.5245250521954197,2.3883810402797097,4.087380246804473,-1.532971669317796,-2.852244925023571,-2.1844364149467483,-1.8047062887954288,-1.8677278836243798,-1.2752394248987102,-2.049746802382519,-1.6347043792278175,-0.4121624413003295,-1.2476982615558947,-1.7027161150017298,-1.898875283719389,-1.8177541502919017,-1.4900297718664393,0.811156705362251,0.19247137285669005,-0.7350301220911561,1.2558142533943435,0.638976036482175,-0.6229455545987342,0.060357054763454945,0.5755335585006595,2.24105727194828,-0.764823482672982,1.0491540672363189,0.4853982647959889,0.2717593522449366,2.0990801496124676
2014,10,358,0.8311859061683949,0.5767722880049431,0.681661259484047,0.6562135786920307,0.6044816944615738,0.507418810285874,0.6609315601800098,0.6576558332791295,0.6511963680607782,1.2015537843559454,0.41428990203316474,0.5218389116063218,0.6466586785399824,0.8022231319245168,1.5539472033205655,0.12059397487181306,-0.06464052898673643,0.9619763797184422,1.1412983557887413,-0.15858606979208895,1.086396358627429,1.9330227510071458,-0.12161212569909094,5.18223038528194,2.0156606083446196,1.6030398311258034,2.0605425020765327,3.4325748635020004,-2.2153212192212512,-3.008317677246138,-3.5995184268210476,-1.2947017609641078,-1.788134523717401,-1.5843055507250117,-1.938749630844553,-1.9244381642301478,-1.9727748515340697,-0.029157855934443526,-1.8575153133010163,-2.3564511492281657,-2.239052186159289,-0.08136490808347492,0.04912473916744081,-0.5901540196599214,-1.185202699422472,0.3329546940747391,0.21545708600534083,-0.9340950012694393,0.27740324994176085,0.13957992387601317,-0.5180876972133893,4.2104018117447515,0.7813658127088058,1.437731867475993,0.63165782763634,2.613310716053248
2014,11,359,0.5525538329299869,0.5474455317258237,0.6905615068717873,0.4164081726388539,0.8000523770681298,0.8937649857600164,0.6745788853152846,0.6817901151518466,0.3299406287213753,0.6728387207657276,0.729950932558803,0.1804099745646097,0.2605188838203726,-3.6399212708812895e-16,1.5386012423032702,1.4725324596042466,-0.3666160913840881,0.8097917040798706,-0.24893296572784118,1.2432409797418578,1.1828932358176028,1.3473171151262544,1.283320957199804,1.6735835120202833,1.8904159510558718,2.4963933288622595,1.0426847000741648,2.4999999999999947,-2.1024378255232445,-2.0958834529100976,-3.525565226069803,-2.0517601754911015,-2.277555524009164,-1.3608030190457456,-1.7528696040130796,-2.089830417706865,0.38658066240336836,-2.235514087532301,-1.3055964792202155,-2.9349532231021827,-2.5038708359417003,8.899758239781657e-16,-0.33248536191842865,0.30974858461582194,-0.8986840771181014,0.7243048629928084,-0.6617344083892152,0.2014355279737666,0.3490291821788694,0.3030640730706464,1.9999472177828437,0.7485175525454624,1.4455191394598925,1.547302183757066,0.40046867016183113,2.499999999999996
2014,12,360,0.7970682410651526,0.495837127513815,0.6612593036502259,0.35981457598868793,0.6928219082833795,0.8365737650556805,0.8832311071948878,0.6055854315068508,0.8557697011026172,0.6520949838157735,0.47155512479540757,0.30417513386636935,0.4585807302535043,0.5132110728346991,2.5052983162783,-0.33510471847843587,-0.6500510230057179,0.14602756717404855,0.22067513063248775,-0.38768595235404685,1.458926023027632,1.5362692429860252,0.9693690138675803,-0.8114218881088721,2.52203728296068,1.2786408474134217,2.6063869329771294,1.204501425760566,-2.133192427149787,-3.2085464962756576,-3.5373516750590417,-0.38878024097387087,-2.3152430939297335,-2.0149800699803726,-2.020514435551515,-1.5704947857471556,-0.7200924058063986,-3.94366412372278,-1.8949473854257755,-2.8757941671017218,-1.897348824286671,-0.45720247928960034,0.5377782856877579,-1.5810662600412952,-1.2659889144217944,0.3178012585926453,-0.14125746616006965,-1.1644620952701255,0.3328065986208399,0.6585967222539835,0.735114761164154,-2.1450212308143746,0.4866840292930049,-0.8996015319080035,1.9641115167548255,0.04123210336746619
2015,1,361,0.4540314241873489,0.4880227715344358,0.6807155396550055,0.44863096416636483,0.6901200345640442,1.1192940985981998,0.6209690276074417,0.8680588260451096,1.1883102663688714,-0.17460225193172244,0.459432528944624,0.6290551708663502,0.5266064172290664,0.5851272460519356,1.6859711885440403,0.39556164844790415,0.11719864112001675,3.3345491021706093,1.171147720564613,1.346109413372231,0.6081675754850455,1.3591861351239714,1.4331248875424873,5.044133371380339,3.1118262321234273,2.514575907604837,2.0846896218335513,2.6692826265633056,-2.2324329383205024,-2.983469702177459,-2.2836323446900857,-1.285846364918735,-1.3877293066468908,-0.976526943436556,-2.164580775529594,-1.9015811261763134,-0.3050168479467964,-1.471431293555899,-1.5364444946259272,-1.795262955603441,-2.1981289153231907,-2.3365664250689093,-0.1399287268099062,-1.0460530387097586,-0.20906452401074202,2.873703318086867,0.6491121812489845,0.6204147598855579,-0.3848030050386074,-0.5056893744806988,-0.3571987775940396,-0.46047596067297936,1.2804974221132983,0.8004109683208414,0.7551589531233012,1.2079390635146943
2015,2,362,0.7034063508097224,0.7582851788411473,0.7910542632578629,0.6696356409131178,0.6216535094935065,0.31503989716252256,0.8314501212549306,0.6744192314630846,0.07354188220183262,0.015274910559658437,0.5701626782755802,0.38993834837260305,0.7413993694858896,1.1951471260773454,2.5316212842488888,0.5826727205073673,-0.2469654872177791,2.8469957068054543,2.4072929748477616,1.4468294617456263,0.5989215813900401,1.6965383959798213,1.306741515583944,2.1333732024460006,1.8356739892665157,1.6679521447454948,2.256189084051666,3.5405381990286564,-2.0034211321184237,-2.562589626213462,-2.705600768120512,-1.1003798104434133,-1.7346113423303025,-1.2533361211033638,-2.2011722960351343,-1.679509170022029,-0.7491957159458759,-1.54229074078227,-1.4939478595983136,-2.5503997542373775,-1.6302095077573098,0.6424082330140632,0.5122956968280764,-0.3320978171226454,-0.9583379928677889,1.5097662124708302,1.593858944790358,-0.5815798607303899,0.049098701340903626,0.34171070069364057,1.3876119295067937,1.7449472513514015,1.3025305937934717,0.561181733095105,1.1577443329654928,3.1365801845018444
2015,3,363,0.78721329317564,0.46906103821260603,0.5136488785180708,0.5007381504936039,0.6416527987255254,0.7088403221102179,0.7041629858071078,0.647401890536799,0.011640784222620083,0.5751553691606408,0.8279207142440803,0.8771306182293468,0.6251295325216947,0.3970630381231468,2.587517692084118,0.8691503692411969,0.4461009174557166,1.3632484663428222,1.0794088732606202,-0.3183045188946206,0.751976854503321,1.5327689578657357,6.561838110452006,0.8406623095979863,1.7336858531415174,1.1789977159049236,1.9572739523482174,1.3005706555117875,-1.277771111607781,-2.2676218705185205,-2.11958083220534,-1.451321478330881,-1.6693527753222213,-2.202792341336035,-1.9523465289506032,-1.6576352977772773,-1.056292026374644,-1.2903568560640626,-1.5303695254082255,-3.0925880910502994,-1.4727406138752965,-2.071117255800812,0.44118037894761714,0.1300957488838744,-0.12771569518216852,1.058379981559996,0.16104063273650934,-0.1866134502352226,0.2561179548382281,0.19065241253839968,3.2532031944963062,1.5579382105162496,0.9457159731496887,-0.7848758668744761,1.2255587936099424,0.16087076385178337
2015,4,364,0.7946354713267512,0.5750463000043377,0.6657316483559645,0.6869547896604592,0.5999521557708871,0.5677120255178361,0.7218862051259043,0.7251284377117317,0.3852734889710519,0.6162257823172369,0.7727413854482452,0.16823615841508488,0.6604552117527471,1.0012872755433748,1.8513092154392345,-0.12316990189115411,0.3707269152053509,1.4159776511645676,0.24670193426001372,1.2740180421455445,1.5083559006120146,2.2764987753993267,1.0662175137956635,3.439463271009215,0.9697933029647472,2.447505114278382,1.3944357380251333,0.8862621602007036,-2.0290059907603273,-3.265859981789432,-2.271061758683068,-1.9191870843458039,-1.9364662615918076,-2.059792790055647,-1.58205093476435,-1.3235336904828725,-0.28430805670209197,0.4417978965492874,-1.9721822483816196,-2.5880156407546293,-1.6496798256450722,0.28471767113800145,0.17421260192450377,-0.4970552275132723,-0.5146671365204858,-0.032312908195931606,-0.20790429427859605,-1.036925422976563,0.5804365131059526,0.7989697068060132,0.45980933923611655,2.111584018811897,-0.6981312296123162,0.9624022038526474,0.5160879639225618,1.2534357162093315
2015,5,365,0.6326000839639476,0.4190147862772671,0.4694057934728508,0.7412393939637787,0.7551373564433412,1.3569209419569805,0.7529785085192777,0.5775113939633344,0.5405135232684393,0.7030317422471233,0.7829135331031679,0.4618055091203909,0.6605537234194622,0.7416460731391461,2.6791063382977467,2.200204731080004,0.8272609703527336,1.1807365886411598,1.4221451099497637,0.852539896687441,2.0303724094707354,2.394945692363915,2.4802283829067417,4.875671279709383,1.9637374662475755,3.1903230264311926,2.638420120069442,2.537533257622993,-1.9403884503583557,-2.700418103028519,-2.3130935998474214,-1.2048810161306296,-1.5377291775257973,-0.7330645537526687,-1.5452566381930877,-1.5054801464891039,-1.2520718960885115,-1.4453970626340822,-1.4035389526896265,-2.9216025224001383,-2.467531145954502,-1.2920032376815938,0.2493901039592257,0.18964530153835027,-0.39964407556405834,1.0126020907316007,1.0320334592980747,-0.8477872296537963,0.6785766434934117,0.6697508559838504,0.5874121552291176,3.5603997150088373,0.3449646332092382,-1.585909036714757,0.40078672909204477,1.5078336810282904
2015,6,366,0.7307919777501813,0.6200493451850946,0.6618480029472045,0.863769976893485,0.716051707929691,0.8295997438000712,0.8896472266253499,0.8342354916957472,0.9010122679437271,0.7511209256952006,0.44432659036502936,0.41083407866441873,0.5297410590410967,0.1623581288253347,2.156914485932505,1.3223672889839597,-0.23713756504080052,1.716249937698907,0.4507678608081156,2.6801286316778166,1.535445638089335,1.883585159477155,1.595550431014072,1.1405643187904113,1.5742669257098103,2.999153137188264,1.1651372032200265,0.26162924518893554,-1.481198806432889,-2.7323987768519427,-3.0072293522655906,-0.6853864440956248,-2.1607448957066904,-2.171661753284553,-1.8123831491653268,-1.361485495886738,0.8717122146734503,-2.9909605385794924,-1.8262599146747645,-2.079539137051719,-2.1271609677259598,0.18519039560104883,0.5879812999109276,-0.6803736891735677,-0.9260663923678674,1.060281407278091,-0.2981469887652793,0.7723899451541844,0.5686314094485908,0.25778838295491197,1.0344096301678305,1.2651496542223055,1.504920903131437,0.3215147041035717,1.0577775723908083,-0.9986840357819181
2015,7,367,0.8964335157328923,0.6570683322012388,0.8307120427094326,0.4373692919956459,0.625572011773036,0.3739040654196012,0.6148745914859607,0.6304899813392701,0.6412473461808362,1.0812401910316294,0.6044053952719208,0.47231846068966593,0.6316143755560977,0.44065834258977027,2.1206155029582137,1.6555868364881714,0.7892030598131877,2.8054026995097683,1.1653579297861685,0.565490015082766,1.4197060963426091,2.0926076004485625,-0.9030978353059697,1.5005581811335134,1.5374354573790983,1.585831294476698,0.7865359247266499,-0.9158427059345808,-1.4981464762217116,-2.629899246571968,-3.0062153878887004,-0.3553445090611895,-2.0664381734932546,-1.9394660900788787,-1.9368276338689538,-1.943067804335617,-1.3957641719182285,-2.489380816069748,-2.024283417830495,-2.296199434651398,-3.1868563548358324,-0.37219155002850784,0.4575847242102907,0.09346847924087662,-0.3733781208319959,1.5701051344791044,0.8093125905919302,0.3838429296605457,0.5510274433480074,0.4152922946513007,-1.3120146939248842,2.5993664709248177,-0.2305228512972264,0.3193403225832879,-0.5642582875290286,-0.8006414630983095
2015,8,368,0.7630362914666992,0.534511566253403,0.9522849533839405,0.9306784351531888,0.8068754427942169,0.6750553942332586,0.7513735535946653,0.5601597754334621,0.784768957928289,1.699887044099065,0.5514968533667506,0.6033669118105374,0.685666914075345,0.2853262425465466,1.8062208896809422,-0.09865402053011815,0.3265144972037628,2.0601048904814405,-0.08448980641207512,-0.46262709957879455,1.6350804565767798,1.2502381175345822,-3.6558470749369634,-1.0366157417137587,3.1579983245138425,1.5930684098955137,1.0123446197266002,9.423868355763032,-1.7873531494741894,-2.7007797205033572,-1.9138070266088654,-1.1206496316058834,-2.0882737300571583,-2.9535451789630693,-1.8071494373976007,-1.8034411407595825,-2.3783938123421784,-2.2088967785586116,-1.967218391196577,-2.704890331024436,-1.8630825277815073,0.9162939244630502,0.5970669122831301,-1.171798308599597,0.3807713740518791,1.0072591233209633,-0.3703096451048064,-0.807599322752321,0.618095314984522,0.0481801618645618,-0.13092182029563265,1.7298747808901174,2.2931208215213417,0.3362802113425838,1.0178717621489661,4.134579216998771
2015,9,369,0.6504505895399934,0.6661655493580079,0.768851125810138,0.7880690272546744,0.7537320906607734,0.8182941304476222,0.8192933468243168,0.7091159686786094,0.3114178449700304,0.5603299001967862,0.5751903176721754,1.3646282405431691,0.6671115105503405,1.3638524183982308,1.781230226808397,0.21495890916396412,-0.2069141727528272,0.744170679453823,0.5225056517602437,-1.9405540649175452,1.9517566546055154,1.6745762631010739,3.0782915355006746,3.287472252852638,0.39993278316508346,1.5935285391120435,1.173332511211754,3.310501292992397,-2.238856221078776,-2.4643460154644052,-3.051202298922143,-2.8015872734307856,-2.4644239133456898,-4.078103366427699,-1.9391255007363402,-1.785329759713886,-0.38223469959961964,-1.4724883221047427,-3.238316871354658,-2.2939280886021223,-2.1758909010759275,-1.1421450369443265,0.16849594876982,-0.4557768850699209,-0.6718012159614979,0.6514389884217674,-0.5007202931093316,-1.9870083259435765,0.5424921407536705,0.6096953338422927,2.222953710217963,2.6665549270615454,-1.0052857503418322,1.0195940749849053,0.04257425074070428,1.4912137673917856
2015,10,370,0.8722179447286607,0.643101981210617,0.8838977292455407,0.5499764366431447,0.7581557243066056,1.016626764544298,0.6902117798646762,0.6017811128287751,0.4375535366827919,0.5530028013583248,0.7830776767309435,0.30512362150155764,0.6520207766260464,0.5126899233973798,2.5092050516295465,1.8517911267930316,0.30002177440294486,2.1663212788017088,0.5985298600750871,-0.07397331407789533,0.8202619631942619,2.418902992129012,1.8276980070588664,0.8969714563162918,1.4471059826545283,1.8958398609771039,1.174741564500841,2.022287902499879,-1.610601942256313,-2.3348514188627325,-2.5577152073408187,-1.7839716183899017,-2.1772350311858375,-2.3828800155312377,-1.9201032337614377,-1.7881583162811598,-1.779627268333633,-1.5753896950354551,-2.0566111114335617,-1.4316192896456543,-2.3315155833895345,-0.6965513081758066,0.5452399679816192,0.08073609586478679,-0.5125518709536664,1.0202341980289473,0.10355168929202661,-0.7074985913771599,0.21271714523660537,0.578963552418078,2.174821051526435,2.308774972509292,0.24159506394123553,2.3289936027035956,-0.5694818861406729,1.7374568868737517
2015,11,371,0.6730733017406396,0.8133536456281569,0.6320904932650756,0.2635434194057846,0.5807437818801758,0.6383026119170324,0.6829909970180075,0.5703035554880665,0.6992338544852779,0.3459234686953379,0.8076486422054581,0.59042638859889,0.45968379673173954,0.7800205057776807,1.4623930273614312,1.4852988715176185,-0.09764619514260553,1.145260016514037,0.5822252728504583,0.23857041761971504,0.950557238698017,1.9549307657540855,1.3494773715632438,0.9859436724306347,2.5807045666878516,0.4776129662740918,1.4550095768210969,1.6964197250184392,-2.109131472426739,-1.7264701153620023,-2.81397605886015,-1.6555816177009572,-2.7598869312645413,-1.2804404738725588,-1.7773791094085427,-1.5126640089373653,0.5930650849103623,-2.810477639502736,-0.8131486670695673,-3.7864675188015156,-2.0983459128481883,-1.0540292610563982,0.5699746305651229,0.5663032096758186,-0.4857187202674858,0.5390046427267212,-0.3730715042121045,-0.6808012404957616,0.443357003214156,0.35414366642511136,2.6415123055533787,0.26386243898188244,2.1226652013065697,-0.4849607234610089,0.2417628349595368,1.4489382500639687
2015,12,372,0.5539155812516335,0.5652232067646511,0.7420085757130482,0.5297102992663174,0.7927064361095512,0.35738897122660584,0.79654788562458,0.661942513627671,0.5753119263130085,0.5812779193535644,0.5586767812323729,0.3889268886999246,0.6405216098406328,0.0780484940179702,1.2831644130990605,1.5135295188246043,0.24848090548090138,-0.5409942680526758,0.4727699717546137,-0.07201128732273038,1.1440704450829833,1.5033850488672478,1.9240075862108033,2.5583084732475565,2.1998348935259675,3.761535414677156,2.253725268097467,6.2757655979705795,-2.2022898630600682,-2.562165121137668,-2.7377677855312417,-1.6335194881220811,-2.3526114483032705,-1.8888403450935254,-1.8988980374497268,-1.8783457987349994,-0.7606650323930485,-2.2719268808334228,-2.431284487343321,-2.1904077617546074,-1.893829763178512,-2.689625257100073,-0.27031101476035607,0.06712204760424456,-1.1309397210072525,-1.3120973752417076,0.03398509752030286,-0.40741197082259073,0.2374559967290092,-0.042838586798260164,1.644473788710061,1.171225265313539,0.7797763582451104,1.5118759318227308,0.8861002409865476,-3.4930935158579093
2016,1,373,0.8210624012137862,0.5730932700216957,0.8586919248118128,0.7870696336346226,0.7302746824427735,0.6356119718186036,0.6648045946374076,0.5126490305016572,0.05668145446044681,0.46902878785527835,0.3921458717253296,0.4822113109858776,0.4304511427863233,0.8872705016277225,1.2005256538223168,0.9430039173993312,0.1518168040089463,-0.759227971528645,0.9268599049896505,-0.045803573882161296,1.0991596736169678,1.7761031444724518,3.80773668859078,0.5229590631995409,2.5117869282499434,3.5032348264474926,1.7092008712576796,4.4612360954831365,-2.033995637772826,-2.4467542893460563,-2.7334273165168392,-1.6628564288791174,-1.8899206188781987,-2.092790133748658,-2.0248462800439553,-1.5655933217755367,-0.08788260795823638,-1.7665780769818256,-2.2201294680268147,-1.3110077380033536,-1.88626787733891,-0.036404743920552166,0.3908643494800181,-0.2151370030180908,-0.8172702700444098,0.12940583870412944,-0.0677935735171071,-0.7417409714650679,0.21625347133394465,0.2816720564520912,1.2014237457624097,-1.3893918574080035,0.4354798526265499,2.2971586502054895,0.23038146662039455,4.857575799428614
2016,2,374,0.7497465608418774,0.6434168252948969,0.5771292005510402,0.6817005866967055,0.6154020624878943,0.5875550316460811,0.7614398235598955,0.7261405738808517,0.6139143021322429,1.1386757163086634,0.8660607809761689,0.5757333187332293,0.6245052971708757,1.1873573906781387,2.019124674794619,0.3075560944321372,-0.5588650394972636,-1.2387085655870367,0.9194929659497187,-1.0527826302908256,1.401440726274504,3.2933758942433085,1.3586338886183573,-1.1238382196288537,1.751464478954653,-0.7437015481008225,2.558787014308214,1.2886346078537918,-1.8866357338644362,-3.607277953673277,-2.598019558900612,-3.5009901819447964,-2.051516978683792,-1.5434974447945342,-1.6173014511956016,-0.9020133082652075,-1.2228845804801882,-1.785243118294863,-1.747277951546762,-3.2731809456016188,-2.1073241711202892,-1.5013076172593545,-0.19461352309983726,-1.232839766355447,-0.6883081359004609,-0.3966225516141856,-0.3437771584052274,-0.2575636042073273,0.42789543109470174,1.0696010153762445,0.22570438654379463,-3.549065188926243,1.3277634884738425,-1.8128638800166124,0.7514199695145314,0.10380264865786222
2016,3,375,0.7332008390654244,0.6131346245615951,0.7105191005136654,0.5659382560816492,0.7117699646755049,0.8313271212251586,0.9193152932083817,0.7448624565992102,0.19459790002644856,0.1558845238720307,0.9348648568004562,1.066026876888252,0.429162041310491,0.7453222636844514,2.501112425647829,0.5463502541179345,1.5640326364556858,1.1421108430999691,1.0353600032589378,0.739554128189813,0.8840013709125876,1.6795016346704843,2.2238586684354487,3.258474568808058,0.4694848308315831,2.237990629978394,1.567651243739146,1.6441812536984848,-1.5997793071225739,-2.776594284914577,-1.5678272031108886,-1.6387739237818688,-1.7302492866847086,-0.6297352132219812,-1.9327398653880443,-2.0829453346014315,-0.8025633493477081,-1.156566321840035,-1.2536725737428138,-3.0685384110492944,-1.60922736380922,-0.7696175543942634,0.8555936919108243,0.12449772419429969,0.2660031526788823,1.0042600359995455,-0.1595851245177073,-0.09825905504526782,0.016908832459604527,-0.2142523757138417,1.1387982624633743,1.6321612710263456,0.1298520326665405,-0.32998776206752123,0.6479100373305252,2.1326786208853563
2016,4,376,0.6349586585048521,0.6857881545854493,0.6665394140170015,0.5499773844860402,0.6464188253548724,0.3914978847530688,0.9053536295673305,0.7957534477017676,0.5203657134279457,0.8677453296442688,0.5948695914597664,0.7078313808066512,0.6330928390152814,0.7628741982674396,2.3724169415044454,0.9494636856745353,1.197079758638739,1.750953502524365,1.2716540306205855,1.45389462070318,1.0595448813175516,2.1723593600399163,2.203333316214435,1.5023062662681386,1.0273996810812178,1.4698186081099167,1.2711433929333666,1.6630545153087097,-1.8832265196843632,-2.081791119621323,-2.263093634764548,-2.75832510953059,-2.0806440325583053,-2.319515858693039,-1.709354175991697,-1.4912334495630328,0.29961290621462794,-1.2002135629128723,-1.932033484099856,-3.6512051779992585,-1.937280700498639,-1.8671636671904541,0.6663231230386282,0.18049461698552655,0.1124363068356589,-0.5847867973928722,0.5553966547516072,0.8084757683744896,0.10525726501636495,0.7537366239857664,1.128838644295346,-0.2932383853086197,0.52221890782621,0.064927114652458,-0.25308245685583036,2.5327360266143173
2016,5,377,0.5791650483091646,0.6717720944658843,0.7161657172355301,0.6885266091622644,0.6616637499275156,0.6615548516207269,0.7776322728534978,0.7839352494213987,0.6744308215730529,-0.02732225094538094,0.5261809572196148,0.7487753159225468,0.49704792298132944,0.8936094866775441,2.169567318955299,0.9424716842672888,0.580260564179487,1.0743760565049005,0.46802042976301655,0.6476245040205245,1.2964898082131657,1.7304503014314818,0.7201595642033097,0.879571451104276,0.5410993285907189,-0.6764048581515415,1.190581366091982,4.032461725121325,-1.9464838135450502,-2.392096980708602,-2.913114712795499,-1.7838590497899594,-2.1413213582975184,-1.4747060437289499,-1.7020745507087858,-1.8124194650632865,-1.0973149915903748,-4.830194689444717,-1.8243569778911624,-2.898251760669364,-1.4734359167142812,0.06604195626226636,0.3983211748456833,-0.34026440520776585,-0.29106622941943056,0.8199897987788405,-0.3385894414910077,0.023981848966231435,0.6746579913564458,0.17036239231982428,0.4650546295692316,-1.5489112585383884,-0.8160338723622305,-1.1431650552798835,-0.18124348584722696,2.3214255460852042
2016,6,378,0.6750681025900097,0.8310998674291011,0.7137629384622614,0.5471471518972163,0.7083261097194938,0.48687479171129205,0.8230371065265992,0.6800271470392921,0.6620757168471672,1.133593882451947,0.5644334588930845,0.5796250225401606,0.6721758008414439,0.5754001753872341,1.8974640287655817,0.12775834970585154,0.9997481684108788,1.8122152324353928,1.145948360071731,-0.07211438748382733,0.6823652267715585,2.012360588766102,2.1763594098957175,3.8538872913541886,1.6614617777946903,0.7480341317604116,1.4934743210841974,2.504706270464735,-2.006757933489073,-3.0356817237972864,-2.9782804507222096,-1.4156609587280153,-2.3426331099666946,-1.3540055339554897,-1.867358297293226,-1.3976951045498989,-0.607747096722548,-3.4267963913246455,-1.5685855540121545,-0.767877416570337,-2.1196188956422706,1.2244590772376165,-0.10932513449195254,-1.0325117374198183,0.32307084650497714,-0.3003630720068542,0.4150779088203861,-0.050361176982636896,0.12975867908206684,0.4811439516992357,1.365369684035225,1.0107909651354055,1.1316857521509986,1.0557738016355283,0.579137211741934,0.6364111114361645
2016,7,379,0.5894787979932028,0.6586067697788437,0.6110670184023823,0.6510230051791029,0.6579208596949122,0.877054503087354,0.7294626632234277,0.5105447989381937,0.5316129243945229,0.030405873717776036,0.3226059243268443,0.2878064714159656,0.4802655208075281,0.5054551700782831,1.9860324694967508,0.2406107540744753,1.0704443750244699,0.8910898663166078,0.3335831090969004,-0.5142397045855728,1.4458542842277666,1.5311794993389842,0.31739306286465097,3.48828094555152,1.1578523590569265,0.5202554230388852,2.938618268369932,1.14020120677792,-2.205258745246479,-2.8251183633543087,-2.170791686621169,-1.9358819859155403,-2.3507424923212628,-2.5293660850519113,-1.460376342209538,-2.1955379011250997,-1.3654616955010597,-1.0339633921732356,-1.5855019636857657,-1.8946455531673885,-2.1916567030221485,-1.2271921977877898,0.22025762262566984,-0.8650380104637204,-0.22813552867955422,0.5216060094557999,-0.6299223661140494,-1.6577691391823066,0.7081489218927346,0.47545877635426936,0.4072515469762848,2.021276983106132,0.2562938897633239,-1.2481461127570792,0.17716341315980277,0.9258095496379444
2016,8,380,0.7881368073645758,0.7504288595596247,0.6468241243996051,0.31780753558246544,0.5681305901337851,0.5031949506653165,0.7042668500371034,0.6036793398917922,0.5526477388942777,0.6821716911776031,0.5822936192593667,0.4647252804174313,0.4377251909981191,0.5922759433803901,2.370147290647195,1.5356018569857994,1.4021617314860553,1.9891696625531285,0.8751664288360155,0.19375768277278693,0.7962680140679976,1.6102287853367239,1.323224618548147,5.253380803779636,-1.1683181776698834,3.2154496466586275,1.7567100553371444,-0.07537755989917734,-1.5113335873735712,-2.337619933457429,-2.113076154346663,-1.6112984136939685,-1.7184028117570587,-1.321782949819027,-1.6480269542117505,-1.0361388827760651,-0.8948660451172594,-0.5204033868549452,-3.0519644341709484,-1.4863410957129541,-1.6799217232518118,-1.1337532109913846,0.8392553352163953,0.5695009950222991,0.31495332383705116,0.6734279955778272,0.5847249223184021,0.6933308862897651,0.607809143908388,0.927539215853419,1.0111900982976143,4.750170895615292,-1.0560859295253053,0.8440427362213401,0.4223349109461378,0.26634459241635683
2016,9,381,0.7262439124112412,0.662318764115164,0.5321648715401128,0.4986334517830624,0.8317914463223239,0.666537185092902,0.8706534180087954,0.5910577136993002,0.6801616284943993,0.5127922473164898,0.8527942455934934,0.7002643998739129,0.9093157009328884,0.07804849401796904,2.1696185913133443,-0.0012484073380678792,0.5773750356656452,0.679769634107497,0.9761274124249193,1.5234079958225735,1.3199221027394898,2.498913791347639,1.434406406115733,0.09954894085455418,2.9470706027083575,3.105466140429862,1.4326311602679225,1.6867923286372586,-1.5113878034857728,-3.0451469630383565,-2.572718649608294,-1.5102768761104086,-2.03257381662559,-2.006193677498764,-1.7898481634516745,-1.8883886498409583,-2.0754072820404414,-3.5575068127301344,-1.451535938777144,-2.835913930365672,-1.9915610387517282,-0.6816455481000697,0.6011228952560388,-1.3823742205827498,-0.48656776072784585,1.4509965186331704,0.5228033690347639,-0.38264443193093667,0.3517260537266513,0.7660330475742474,0.38465518115975667,-1.5938107609963958,1.406233917655197,0.9500240984311557,-0.04069058669760703,3.07274632914209
2016,10,382,0.6605545234020276,0.6372178363246522,0.9266943518696534,1.227905089876375,0.7900975171398935,1.0635246694729408,0.7242511766599371,0.6192997425468153,0.8543462080039084,0.04278322131242483,0.5125212058285065,0.620766980039584,0.7818929770666642,0.4613706880849859,1.5096327551922482,1.8823217393277756,0.9176473585368625,1.3780501678840464,1.573220677646865,1.1080183275583229,1.1454448691204562,1.8639823507416593,0.46175652881645607,2.1681190360182283,3.6344304883723946,2.2003278398246766,2.3641403760913886,2.7575307180914725,-1.8845717255683516,-1.8405568011069748,-2.3460445951088245,-1.6553968545605235,-1.6405323108734722,-1.0992487901292975,-1.5602393935547743,-1.5905488879907264,-0.4806983448733354,-2.731579078815228,-1.297358597359638,-2.097822148510264,-2.549291208348479,-0.146426252573241,-0.17884584561064695,0.8514376077377597,-0.481607642374161,1.9880177849592642,0.8261151414511781,-0.16550579172063917,0.4285813488577865,1.0388404504822852,0.18682407291909808,1.5465272501100322,1.6788801697454712,0.5205338810835002,0.2959452003585541,0.8250652741178184
2016,11,383,0.838213366392184,1.201271333905493,0.7018026169773394,1.174979527064641,0.9023517150368977,0.681524695557236,0.9612852864013335,0.7733976469520174,0.48045912971482574,0.32086272962608986,0.6675525478265176,0.8095149016127974,0.5215655551774315,0.6468889465390053,2.170310255566942,1.0570751890362742,0.9677289587647407,0.5372437548722034,0.41307454600336563,2.022471878901285,0.8908570524227094,1.454518994049579,0.3234538458661387,0.9484538862344366,1.2655265522590764,2.0744733383795464,0.5448391611019648,-2.2555281118782866,-1.8819387250530268,-2.6914935246733735,-2.048048588528225,-1.3854301939797131,-1.9852286185542158,-0.3019008161635655,-0.9987687216885035,-1.3843565846932957,-1.3641187291848844,-1.2685260656951014,-1.2860587572219082,-1.5639952671997222,-1.8348181365761511,-5.4969642209536875,-0.05471993938896607,-0.817652003379273,-0.10649871358356211,0.14417712749257672,-0.2664638395115722,1.1670942833612967,0.9332907409586578,0.42932511580076627,0.6575955979296194,0.8648783634211932,0.45332457719422586,0.7783308383500721,0.3535413131180399,-1.9097921210716629
2016,12,384,0.7320228025368261,0.8221212509695616,0.7785816391222571,0.7880263501133797,0.6702011302300459,0.8390881983489005,0.9616124031973198,0.7047423755724334,0.5991661992195613,0.273983186679403,0.7039017886047263,0.6404712705775855,0.5537773185765391,0.26762986729118804,2.1103974845727618,0.04091748526959416,1.0044129138024114,1.4922724002059442,1.1481759166790857,0.11108519207251866,1.613303471785364,2.061277077976969,3.7769275821944763,-0.22434075115781413,1.3100805265555737,1.4574179634757682,0.9550355439762533,0.5021134353241167,-1.2409320961809704,-2.1816751163566592,-2.1507421805497424,-1.5340367051862858,-1.4661691691315306,-1.3176617169308926,-0.8961839971832557,-1.1802106320030736,-0.38348548515285336,-2.2181580620037273,-1.4755441654048025,-2.844261046823389,-2.2856486673681204,-0.4879220520576361,1.1477660313497735,-0.5505786710844878,-0.6989778927271276,0.6989584160655472,0.5630312380165885,-0.03176913992928721,1.2168358208673653,1.1071960408732944,2.7923821385349075,0.37004794791042306,0.45827994641779257,0.5364083060855289,0.054856816171406836,-0.27026272991125144
2017,1,385,0.7826362165666946,0.6104752346119968,0.6847244121687739,0.5338204959060793,0.6715379022150946,0.8794624070374804,0.9638154254926377,0.8317951102688841,0.29073271871056117,0.5374833866736872,0.91624853632128,1.0631429361118725,0.6644385436185518,1.3243904027847417,2.4983791399543094,1.6871972689076518,0.1746043794747172,0.7182540457955258,0.2941853924189341,2.161252699154329,0.9184581362580828,2.516374366690127,2.360898745125427,-2.5248338446449456,0.9815812916441718,2.5723594612678187,1.9414066242046424,1.2808194543521412,-1.8224306681559665,-2.0175081755195223,-3.145002793341103,-2.2309499264169195,-2.705105538491352,-0.6072570774402963,-1.4893770991762727,-0.983254022778773,-0.15610426135174285,-4.528351106623817,-2.2283008066257857,-3.327828424088858,-1.8688958005398657,-0.9943552451766594,0.7332602760016179,0.5614743759384914,-1.0258874738923007,0.6264982676450557,-0.4323949732776456,1.661030510937516,0.7900109086764413,1.2873030670034995,2.70983830433272,-0.18421721962018753,-0.8782056790908133,0.44025892859272464,0.726613438843179,0.22925841769365934
2017,2,386,0.5484692460241449,0.5092977772382116,0.6217560748526985,0.547406828377763,0.6796827033991052,0.3635740910735262,0.8636524673207112,0.7537321794823499,1.1170093898625617,0.43147439497421763,0.4921046974717142,0.6535920166648713,0.551961151132406,1.1840501472380018,1.6207788261784586,1.024674603415952,1.8436343479442965,1.3322243924482795,0.9023134308706983,0.6626691888126758,1.4747815258191228,1.6199081071955084,-4.942040539619351,1.0217505143652648,2.7584803552662804,2.2934640279701006,1.5359545749644263,0.4117672392834126,-1.752870530877156,-2.686566347479246,-1.836459614785875,-1.8305998615593944,-1.8917456791320526,-2.3680198148878686,-0.9093295609525848,-1.3880279777425504,-2.0952728116610926,-2.0378669013482935,-1.1907593971854897,-2.581150745318786,-1.522898006019269,-0.657857979348422,0.023416705202708762,0.3360324674135524,0.9607448108798314,0.9421730562202908,0.29269619738039676,0.7650846443408189,1.1752607139389177,0.8255117717076956,-0.5494249991892022,-0.09746668122354374,1.1515606511769345,0.5345286768056406,0.061759405668086756,0.7726101160771243
2017,3,387,0.7235800693014643,0.5648421283910778,0.5633886182774757,0.7752297166074913,0.5537325297548854,1.0415034355660069,0.9130011609173883,0.6422854789028876,0.24850620745104646,0.6812842630442043,0.6214113021314939,0.5807430665560228,0.5329005809826347,0.372953078028783,2.0195261543624743,2.2946276374065455,0.8772106043640743,1.624087250476159,0.8811715765795497,1.5400902406285655,1.6031822198272603,1.42633533341549,2.9583476623677694,1.7318057621490275,1.9568035534027626,3.890975236006724,1.7604113596518645,1.0535069486694777,-1.845874295686638,-1.84385522606753,-1.5630300116874751,-2.048551410760846,-2.0909906649584014,-1.2216000464476362,-0.9941937718384047,-1.8495766969365666,-1.7627047680242156,-1.0450357557244252,-1.6757137500349617,-2.1096887793182346,-1.5270855547230695,-0.588906885967594,0.7827473323460459,0.7491708200891405,0.34962298035214706,0.6231025805741115,0.15091699847882958,0.9881590724406561,1.348248154785598,0.7439969167621223,2.44072153927382,-0.3453587233305286,0.8759259123213168,1.4079976948311643,0.973935508023635,1.6007927422984107
2017,4,388,0.619495266783628,0.5963982740129471,0.7135664375865435,0.8169526776145004,0.7218378426413856,1.077697980129705,0.7731156268719813,0.6032705381184783,-0.12968568565876856,0.8228186352414645,0.5768598615044708,0.5245357272511985,0.7100683954724037,0.6276640926701144,2.243506598732774,0.8949650974778773,0.9133240820196536,-0.4108551778449868,1.1580994265727929,-0.36669178676297864,0.9495588919527048,1.3936956960507858,-3.287643116375541,3.206461853850651,1.3854358519862326,2.104520372642354,1.5715033058118395,3.351654017038748,-1.9826600858854115,-2.5446990617516,-1.6126307416228873,-1.204947978604411,-1.615045605161752,-2.0454588263413216,-1.6037106240724082,-1.7396468702462526,-2.5478680123322146,-1.7298793414351383,-1.858481163827294,-2.0985494356395504,-1.8797911572354669,0.39508181047840163,0.9004679401475361,-0.626238160004005,0.21723074350000518,0.025258197555215245,0.4982572065064388,0.09651695588756364,0.7069973046535231,-0.20556054176975921,-2.9137067515594137,1.5678406361877635,0.7456871977378063,0.5258819963770716,0.7008417691057621,1.6684681971480901
2017,5,389,0.9599215055561751,0.48427967174741515,0.6316744718042527,0.9138169445302867,0.7124861269537438,0.3934086310615349,0.858956270569704,0.5832908688735792,0.5738586303653102,1.3619764128147522,0.6036909657011805,0.812711866616681,0.7463393045383324,0.9493066791231468,1.5400104683598101,1.0289026562909693,0.6999717213333667,1.9324490558802112,0.8149420936738714,0.766636164417585,0.78631211658547,2.785980639605331,3.9691249574989174,2.2468876487335283,2.502517297163248,0.7638687295135715,1.6346322695307451,0.33661816951177825,-2.0796630886873744,-2.465731841674492,-2.6121803068846097,-2.815460947299108,-2.319237970381873,-1.3079300037534896,-1.4419020340726951,-1.2682852723432227,-0.9952447719464159,-1.690607896965216,-1.5127555176706158,-2.849400934980065,-1.83511869656315,-2.0157857238008243,-0.2743474325058539,-0.47754847491355246,0.08679801774315711,1.0333901634989922,-0.12600766054445106,0.8482773406737052,0.8039769513854111,0.958246734956017,1.6023295901961343,0.9310904944293801,0.816116567013777,-0.053095477384941595,0.7420200268261867,-0.42838793064822406
2017,6,390,0.7331116723883631,0.8871513769559997,0.6893412112379314,0.8787539342821726,0.6763522674694328,0.7516570818704076,0.7249956245370625,0.6735323360146871,1.1624763752319762,0.5195357107220475,1.0402833267095655,0.44846184800451416,0.46282879581013503,1.1616815347902014,1.855674150826308,0.6786181080265878,1.2810843376427503,0.355134075797679,0.7980882001836245,0.9131926090286845,0.8456223417543486,1.7827301636813633,0.1735652748889501,1.1999206783615934,2.574965052399309,1.5411558505581504,2.3253400179460675,1.7799742473648423,-2.1087835830348456,-2.745535513593984,-1.3386835247828615,-2.8595234454978327,-1.7120725376934067,-1.5358978993449164,-1.6989977986298617,-1.5647794563457325,-1.8503372850314987,-3.1990423581688443,-2.014564237201862,-2.6803935600262223,-1.9923499308108923,-1.0974078192674652,0.049431470776692674,-1.1463532680198436,0.3589002112093993,0.8683914751043966,0.7910962177753398,0.5825124215211284,0.6472971748158474,0.40725611068772977,-0.13641533253616275,0.005161016343782498,-0.3788326202019123,0.23931286443268993,1.062019890678607,-0.3679321064705333
2017,7,391,0.7168966775976152,0.8946108599089717,0.9027390379864878,0.5323455387022717,0.6245936058809705,0.5123326512692397,0.844979733440812,0.591199620018855,0.8106068310357756,0.628372536482677,0.5933755376174075,0.7017193754903802,0.5707199307983422,1.2233044849021766,1.8619014881150557,1.5831788793130042,0.15625527424328536,0.28141820245950655,0.1825229284712858,-0.7464180233710214,1.1466428234668409,2.415687221285749,2.712432681674547,1.414831167892572,1.3367584296398116,0.7599690344831519,1.2626389916200709,1.8471221647865184,-1.7457036984063037,-2.4738359173961695,-2.5232480480938766,-2.1981056800292813,-2.5010460950037863,-2.910853520130449,-1.749870597771594,-1.3195610641574709,0.2433043615330666,-3.764475764044051,-1.6303573012922763,-2.391257015160844,-2.614444554630614,0.0610410294635647,0.4850344476906365,-0.4369544012694407,-0.6311211110980789,0.48722380663494086,-0.674475744539063,-1.171426892269004,0.5209960384489456,0.8546102727013802,0.9289748384462452,-0.9078811919932694,0.7384645362167591,-1.0368923900555513,-0.04955813581146771,0.23108673894290246
2017,8,392,0.6033704315165238,0.9133911384169185,0.6016275015508402,0.3577659903853972,0.75078587888982,0.8076738010532335,0.6235353626728524,0.5447248308092041,0.476333294779683,0.2205964003079791,0.8601980415543621,0.7974499636191488,0.5020763039029758,0.45497834993254876,2.345610735594075,0.5360454441624268,-0.1913500997202809,0.6213636902121231,0.5678912673840987,1.2754101336018069,1.3279438046024128,2.652915664994608,-0.8496891539717585,2.574117147224201,1.6784386549471126,3.9328472924288174,1.123549880702022,3.2320067722217347,-1.743855142013156,-2.388423924499868,-2.558284936842171,-1.936437181831441,-1.9447819827177355,-1.9622811990561657,-1.7343504706736823,-0.7816515159131132,-1.3873013180615708,-2.122803287331207,-2.6701064495845546,-1.973139511510847,-2.724831761618932,-0.6136802865183945,0.6145778764575389,-0.3486277270678215,-0.21959783844794212,0.194323319813003,0.17989917997737087,0.33486908777214425,0.6989101226882706,1.3133518671037252,0.3482547405132629,0.4635068343041117,0.25740187210839477,2.4481148432570454,-0.6835987822399728,2.689997308743207
2017,9,393,0.6855300858367117,0.6026205917579419,0.8271002229176155,0.6407675307331421,0.5861343286535019,0.3400708431137008,0.6750573215777517,0.7457028613243842,0.2684120264544793,0.5690500244256972,0.5210879128287123,1.0168759334243744,0.6570408929324717,0.25307530111172477,2.8080221411402295,2.226613315013895,1.3918124416458957,0.9889178232329693,0.8035362137947579,-0.6751732209922273,1.4881492718042826,2.1344411225545357,2.764680377030776,7.586138895456341,1.363803907572888,0.5765091007357717,3.266564777618166,3.8376808744839725,-2.0119710205076444,-1.8972818801015385,-1.5520617130787404,-2.673475769362836,-1.9931854177134647,-1.831348877339485,-1.6884002776843496,-1.8673871091617777,-2.0120049440329746,-0.816541274937287,-2.3695391664022543,-4.5388517979300085,-0.8651282630172713,-1.1672666356607833,0.7561404023049405,0.2696806145884637,0.5375273860077395,-0.15629490885329345,0.21128854619738205,-0.4010690807709573,0.3742223717798818,0.32948577459717043,-0.14541094363357165,3.9669559618977703,0.3945855823164169,-0.5067651932973777,1.2644518283282555,2.306600689132156
2017,10,394,0.801623373477741,0.8072276603722942,0.6796792443692573,0.618805069381358,0.6175348387025817,0.6025315639532695,0.8598132194075634,0.7794696288913984,0.8090922244658272,0.37232132983648614,0.7489898718111577,0.4280190516251621,0.7127073278456965,0.15508932761296554,1.5244932864383005,1.093509072148221,0.31122886990179743,3.382631964258945,1.0036515644119566,1.432865659061772,0.8765486052238652,1.8565700449882652,1.4515965733574963,0.060054146472652205,2.5505180667288037,2.3283007050175204,1.7272740923046561,5.50807824487276,-1.7455630486706766,-2.358037080411265,-2.132476003455894,-1.7427255663712486,-1.5534156284712577,-1.2354397989161348,-1.5952583893308947,-1.720220620089873,-0.9937107848890104,-2.840536005372797,-1.5811322052236416,-1.7909664312755273,-2.0898292459204844,-0.8434104973617692,0.3121045499890817,-0.052740640490855584,-0.4724052513511476,1.3167282166712355,0.6439807756380681,0.9508726110435652,0.831519662350528,0.6738400229419182,1.4192740724235076,-1.195155041076302,0.2311977775937692,0.6721152524885837,0.39379841841142077,3.6192360762478586
2017,11,395,0.7894078120347288,0.8669219715265772,0.8618493448175623,0.7807976597297359,0.6803574129462266,0.723169831682897,0.7471213163549033,0.594483033309605,0.5955886771518156,0.9348030261802086,0.6764074757075805,1.2804258426409376,0.42676216452759874,0.4498262787695805,1.0652560264686264,2.344747329380986,0.6853604674176653,1.3958153930189372,1.5528980886917918,0.8807945995782396,1.2495358148580487,1.5262422903484165,0.28167661343204353,8.026860966233578,1.4235922808930186,1.8261683414116041,2.216218846794344,3.38567525841806,-2.267283396230142,-2.244339179166209,-1.4562258193340978,-1.2601879504977727,-1.8122969717408182,-0.9957205105887486,-1.6223319034696553,-1.7960315644804288,-2.0769689472527593,0.7478524648463152,-1.2825277208408472,-1.981661254299583,-2.20552840819599,-0.22520720580350204,-0.4654669991525151,1.1417654219946232,0.4839686039412687,1.1226091082795266,0.7523546110633611,0.39700387121735486,0.8549282757607002,0.659831793178662,1.0476897909690228,4.53877914681158,0.9598510619679312,0.9663988486873126,0.5888789206189962,2.251384478621986
2017,12,396,0.6880808387913904,0.5938618179110307,0.7000611001031214,0.5586578145216069,0.5915892849970499,0.39201904165115675,0.7053365641347655,0.6906563803373458,0.7532083408582294,0.3969761441616527,0.8126846751754141,0.6435840228116764,0.6566557670707608,0.0990145449104912,1.4344187178247116,1.7347155378563346,0.17292222701302684,1.099103486986397,0.2757988449792426,-0.26613924121373295,1.7114198442161384,2.0749048806103727,-3.015251363519189,2.2929869100718387,1.4231134667880512,4.34811702643282,2.3405920785827266,-0.019179961410123552,-1.9931549729755424,-2.321421309457463,-1.5039409597255802,-1.9747012569505595,-2.334833223664878,-2.640777625884977,-1.4264805176701207,-1.396845781483198,-1.804977346825349,-2.019835690181579,-1.2956607464841854,-2.633123859868983,-1.6735026217672808,0.527621581053194,0.04608440742283228,0.5417797073603792,-0.02099040818660162,0.6311345150096304,-0.0930531976955821,-0.7481806084270937,1.100304754165625,0.9402262089878813,-0.633915168308468,0.7716321622168106,1.3594796119050085,1.3122085651599622,0.8326416439299674,-1.3137528929215652
2018,1,397,0.7182043534890564,0.610840053228644,0.630753175101748,0.6460636434255729,0.6001064317580908,0.47358603462427434,0.6092414548589075,0.6242324287870027,0.626190562886516,0.310590823827311,0.332159220077249,0.6136838867462987,0.6502365567748049,0.04915391228839455,2.455538739530261,1.2118008283074855,-0.7073250122279481,2.877056360191861,1.086024967353692,-0.26819919489576843,1.0150234632795108,1.9934956491669293,-0.4856692982326059,4.196689947931318,1.3142811853039507,2.1017656607695594,1.601675943462124,5.13017780935618,-1.587598365563303,-2.650556108217319,-2.0657601164346837,-1.5395112886953257,-1.8280606612381365,-2.7853130287595014,-1.3347250418418317,-1.6434968722047174,-1.5945124250421023,-3.391456191397399,-2.0424486796563395,-2.4465808876199073,-1.661757159294969,-1.0931623529342611,0.9281109822773039,0.2899198580742802,-1.220226735437006,1.7126091973383484,0.28502478521769137,-0.01719420645655136,0.971871002971007,0.5812619571615935,1.1536601389182763,1.6783058958495836,0.7579057796777259,-0.6390711795952774,1.3510517463776899,5.133048765615828
2018,2,398,0.6047868538480722,0.8414392252552133,0.7947779952677969,0.6888216712715777,0.5325559362186741,0.3181042994438849,0.8713012464414376,0.7967697131557,0.7694364197613773,0.49451947347974967,0.6050263112247879,0.616712403221701,0.6072086899619354,0.11192048354337612,1.5369780126150712,0.727359186563463,0.5036693555200077,1.3518169996107376,0.8604425585353719,0.4028504606134401,0.9831371024912132,1.760625128885871,-0.45869622468790827,0.5247254159161826,1.4595277179176778,3.5102123922627615,0.5224139250073295,-0.4334750750493062,-2.061847719079573,-2.7080563935132385,-2.4085462047267305,-1.724310668586311,-1.777233617528268,-1.8982771219943848,-1.369847926811048,-1.9411802184607116,-1.858237292432485,-2.2761483261027804,-1.5236526731814133,-1.4693581173335177,-3.020522221711696,-3.2645450588619997,0.2070473324334572,-0.3611437971656536,-0.16476877061376446,-0.3355868819633461,0.5268255128519931,0.49977443180965375,0.9520937257284503,0.3068263916551002,1.0360563059247312,-0.09703423862456663,0.5735017546471856,1.8831007708559586,-0.3657253805999673,-0.9117482092906765
2018,3,399,0.8200632628437667,0.6845113122740913,0.7092721328334115,0.8996885097298839,0.5830107385956326,0.4791968961327158,0.6126134383887534,0.6712517792863075,0.06768473444572722,0.3271669772428719,0.7864674919778413,0.18793082744419723,0.6134345398093894,1.1237402854350196,0.845244996142059,1.4347189385595296,-0.2920584969756879,-0.0801086885127387,1.0792632506248183,0.6913032847087475,1.0659628320321202,2.1627772177497597,-0.19134259966988548,0.5916237381851963,1.4595910304814983,-0.1178466379438115,1.807127887049943,2.541570264333389,-2.078284484462925,-2.476539354192435,-2.8580349621116685,-2.421058829746077,-1.8630759059295705,-1.8532363935887741,-1.6317717641190759,-1.3472104930342512,-2.2790101387348147,-4.299234943141528,-1.7719931666114728,-3.2007160820465836,-2.3702256141700464,-0.3689030526025303,-0.03731840234814418,0.1394928148237236,-1.1867223281600945,-0.19306340839272784,0.4957118858067257,0.49055506133278975,0.8201223658728981,0.1338598320621562,-0.0346850590110671,0.7250644333722378,0.09223940813214221,-0.20726289932131484,0.850696794351772,-0.349442948529648
2018,4,400,0.6118265873974814,1.0546720807579497,0.6926716505501277,0.623147437975063,0.47270801300958154,0.6140960903926778,0.756481485916002,0.7248682450951273,0.5885591167503128,0.3589521009338878,0.8220313214152726,0.5094635260864016,0.8925208729253681,1.1184675490777192,1.4109847713455432,0.5954642794994545,0.926438289991151,0.2032422784924817,0.9843821978196787,0.38522334784617934,0.9638571630239029,2.6096439801214286,4.091199979326628,2.937831074928842,1.8927452556446054,0.6849554358111694,1.393065465544261,4.156798096406188,-1.9156140794988563,-3.4298281650824243,-1.918069137884865,-2.1307291983049987,-1.9901988037143892,-3.4640359073987246,-1.5951043500013824,-1.6830776783067642,0.5901351404281056,-2.7369357186664507,-1.9009586863920926,-3.088050911360175,-2.463588616847142,0.8992178757691057,0.27204534316141354,-0.9644343992612034,0.3123181192506642,-0.5484593737022925,0.4726809079779512,-0.37905444114111125,0.532358203278367,0.7226061545854845,4.734888820592592,3.4150971931733167,0.6532860618076155,0.43886429938942995,0.3198025775987753,2.3821679328486316
2018,5,401,0.7016687624482437,1.0255073566425548,0.8241119600306956,0.8852097558606207,0.8396926091443969,1.257786753774757,0.8674082483300409,0.738230473055444,0.3393313010702298,0.24191774024989418,0.7978876119117732,0.5431755666494019,0.7525902593402489,0.03328951089810371,1.1329393880566336,2.046747814008538,-0.34308614249264896,2.792640962026928,0.725252510442562,2.322018087455654,1.6652464672426717,1.6585477987631714,1.7745688445835022,6.298618992819355,2.829942187783922,1.567306468197173,1.2144067952750215,5.147051917221862,-2.4751467050515266,-2.441211191651157,-1.6176593723341934,-2.2780407767168738,-2.643666455159045,-1.2333177167617209,-1.6781834383634584,-1.5582633171032172,-2.108960015287677,-2.0853499637587425,-0.7148913434681744,-3.034523911786836,-2.0599749343786273,-3.5257327220934824,-0.2364775730999168,-0.6361074912353062,0.17868559396603123,1.6586730239391676,-0.8777955294549499,0.15743972065702538,0.6111878584299091,0.5137400734407241,1.9908525880113381,2.958232265755074,0.6206683349023651,-1.2233684358285675,0.40378355996729737,-4.059596020117779
2018,6,402,0.6681347436754165,0.5790199166504749,0.6983681735140157,0.8632166707032985,0.7387317921913283,0.9293642599269386,0.723035652678532,0.7507427532481331,0.18743998410914636,0.17190330418861133,0.7477251264912272,0.6906517958105368,0.5378617668870728,1.457894048577899,2.3754395770988315,1.907002173373947,1.0372770529230377,0.32773154903323765,1.459793543209552,3.6244177376533218,0.8099805179133313,2.266194327835653,3.187571031770828,-0.39882092580046263,1.1785405291510345,1.3796503523929118,0.9993124595538085,-0.9289459796550507,-1.916660215891575,-2.2789946412850255,-1.2699484245352477,-2.489899870029059,-1.776667678792759,-1.0634623624931123,-1.7071481055177862,-1.2127289300339894,1.8877000622424842,-5.03344604298183,-1.4357141242890015,-3.1626840901120876,-2.5778391658161657,-3.683848207103367,0.23495438131564525,0.042450001221955025,0.0111413270833414,-0.40515225167439245,0.6786364625502816,2.1108720877349163,0.31559615641268146,0.7666241166395874,2.9396077057766288,-3.4872359700746727,0.7613250222150152,0.5842999595282591,-0.0766926095220736,-3.1676836192279714
2018,7,403,0.6874920456505391,0.6272118788478198,0.8553752283866255,0.5637778353254344,0.5638235985905967,0.29562728626113405,0.740604178919618,0.7710225962116879,0.6279402462447488,-0.08009332767509622,0.7813659718095057,0.5545021151000554,0.6778844774087381,0.39547248947046015,1.4651609689141782,0.097671884370163,0.35645219966413233,1.5406783917127882,0.05829878611527318,0.30138542011992775,1.2710611336769377,1.6576564017889133,0.5405610808722069,0.8661009122573768,1.798104588384449,0.7715961542446527,1.3134334102948342,1.4500032576781228,-1.825030452751676,-3.1946911163511467,-1.475102255101843,-1.8963592648804237,-2.0686334487510005,-2.5248823127283435,-1.5104647806783513,-1.698333810207521,-0.14894945262705542,-4.526362735484228,-2.3599288724893213,-2.4115401113981005,-2.001959470150886,-0.09874668466903391,-0.23864418523480255,-1.5374314014832484,-0.283554988663812,0.7680647163908574,-0.22409362283787287,0.08465714680697403,1.0559775553243478,0.30548190608897974,-0.3846494205764569,0.2976471746482057,0.30087253485356213,1.077840517183373,-0.20997356778343257,0.3046638649106685
2018,8,404,0.7152552687623623,0.9100498073714013,0.5907180391593062,0.8854051878581496,0.719478778161783,0.6088567630054416,0.7974106517072079,0.5010584845698103,0.5706573528756733,0.8962184812791102,0.7526434333709225,0.5798275881328924,0.4665226975864114,0.847189374021753,1.4342565190519267,1.5501668186271793,1.1833775938712725,0.8328852500346547,0.23297381828221078,-0.2675734161718951,1.3479207835222462,1.662674267705032,1.0852202001055746,3.8858634359246658,1.0187239478496488,0.9232954254932312,1.9536828329547908,3.083270948575974,-2.23841655867492,-2.0302499187126197,-1.7259458826930876,-2.2065678704852063,-2.085446395612532,-4.582215318862512,-1.739374406159685,-1.6225250644329232,-0.8293100811135943,-2.337944121297115,-2.221483015828961,-1.461810520038806,-0.8962159194251764,1.0495327868578666,-0.06680041112170633,-0.12943673072555187,0.1496679329464694,1.1087515710328635,-0.25630928852814,-0.8840820212543004,0.9639213165119287,0.5264778975234414,1.0220225707578736,3.563283437252751,-0.5474415509677286,0.1838344952161909,1.808224423783914,3.5630830755037546
2018,9,405,0.6069499038690257,0.7563178558507183,0.7951622174484815,0.4310341631746362,0.6011370170203182,0.5293015921643166,0.6486553953769923,0.6817281019227945,0.2545425042313796,0.4305424891852695,0.8127746917556015,0.41386981189871747,0.9915617562741291,0.7425869298562713,2.5522170064191765,1.6053074999741945,1.2190740655959067,1.4717959620953491,0.9428832123845428,-0.28063122147784486,0.9820491454671562,3.3437934010112746,0.21891118450338407,1.1029463699254372,1.4169065110182857,1.7949914777404155,3.1165193731254557,-1.9226782466335006,-1.6078659874825367,-1.8812334229645225,-2.279924205101667,-1.7626985694765407,-1.5648850682667756,-2.224199989856316,-1.8647940504608576,-1.3467238874670557,-4.38738189008747,-1.6344517170736705,-2.405577850026966,-1.549120919575814,-1.4705812973859227,0.9532957895642258,0.5843880988090701,0.477710068009794,0.7160594665937832,0.1379178999705114,0.27345999106654906,-0.5224038313083258,0.6513432478078305,1.192321106322027,-0.45952860480395924,-0.52986627262909,-0.466929151829261,1.8058285537634364,1.3465965997095746,0.7653959389261188
2018,10,406,0.7753555704631596,0.7916984332458286,0.7756208643450803,0.7255665950726244,0.729147725194235,0.8059765643865806,0.7293480719883084,0.6021316588502553,0.9055751976295141,0.37574851649930824,0.9061920051037654,0.5496202483128891,0.4783195908394246,1.1356770538731868,1.9453982299804802,2.2862896234705303,0.7898047175494086,1.185870696233796,1.3779376088967754,2.179409602714036,1.279144601549432,1.877277690814209,1.7619406787254404,1.8252975994586682,1.3592285941641624,2.2559032138541886,3.081836549273054,-0.08617043037251089,-2.3020958264218923,-2.7671112380527987,-2.1929583231803385,-1.5683557710044822,-1.663888136572294,-1.2606864904104675,-1.5286146252252977,-1.793129687226756,-1.864846134426071,-0.17866508199433545,-1.8132930792344566,-1.9320676964437606,-1.228238784516872,-2.059737204509583,-0.17489974116244839,0.24822716209217197,-0.005219018933299437,1.5157986181470897,0.36911339186031983,1.772588491395263,0.9273150347321627,0.37970420237273617,0.6422488283610109,-0.4582114941522071,0.3378380741640715,0.6990463883812866,1.0400847633281083,0.808610546533261
2018,11,407,0.7444539934513031,0.688624329331284,0.8511160800837078,0.7782679315994668,0.6575867902974067,0.7332712703921507,0.7906346895593565,0.7104023070973116,0.3402051566378488,0.16359124556994853,0.424512256077248,0.566194144416447,0.5220942519515362,0.9577887408981022,1.807441780336417,1.186600897580475,0.7902884921466119,2.5645233974549275,0.9639414894479763,0.7114670802923289,1.238905242239392,1.3665235706831413,2.1000150989784205,1.4777793139942088,1.4259764372548247,4.352445640933761,2.5462921122800957,3.239176136221848,-2.080757561506653,-3.511052937714426,-2.457529939610423,-1.7413155050137272,-1.5034190389531426,-2.4907982223643272,-1.8011385164949383,-1.8824370487525939,0.4829546479982376,-2.1235209705721547,-1.6837714370280203,-1.9572058364909164,-2.4292296985691415,-1.155607326093485,0.21175817776327643,-0.7278507500049156,0.04057924143163141,1.4853919501771014,0.33763118990266167,-0.6642494523977786,0.8313728886704801,0.45916103740920705,0.8928899377053562,0.0834585272158973,0.04139885906639687,2.0027863625822375,0.6442617076321975,-0.26012967511779905
2018,12,408,0.7598636148795996,0.788206899173186,0.5534922191120578,0.6036624527981154,0.7979239341777177,0.26873930712991034,0.6422525592378443,0.6732722160325474,1.1489163191748253,-0.03063948842158741,0.4592792052508691,0.7324023391172134,0.5189507092548545,1.1376665144668114,1.6738753283462153,0.9104176806347859,1.0408956704864436,1.0757034764116313,0.8225488234641877,-0.5463684335184401,1.6468667106280677,1.8259196756780103,-0.5914826526103467,-0.04044777270336311,1.1499644756989982,1.326194584042876,0.99904699371211,3.51706506615592,-2.2236825682950156,-1.9853753581398423,-2.16073980352837,-2.174119649844585,-1.8287929860626266,-3.4312509015330934,-1.6771152057213876,-2.1479991082645915,-1.7419178409400513,-3.3990183245938743,-1.7449018753162016,-2.955817964374197,-2.0792144339320786,0.9672695777058054,0.03203761729402614,0.057521837538129436,-0.7415073374952249,0.594425999644284,0.263385894412804,-0.8259611954342191,1.175589279445259,0.8529951487474567,-0.5347346933270539,-0.4903210936179116,-0.027569104095519992,0.49526659100468273,0.01717487102836676,5.06595596808899
2019,1,409,0.6425959126826938,0.6582026514866225,0.7381883806715276,0.4484700378727492,0.7626463504935914,0.8222416073019003,0.8030902587585227,0.8647958185910246,1.002708846868285,0.5636873935917843,0.5887396975790073,0.5985581968729751,1.168235833874657,0.5807828652234267,2.849653534792445,1.1144214499726974,1.350135006553034,1.3953615481952295,0.6571499975038962,0.4969898146363958,1.9245518379928228,1.8134333814089232,1.2530415783079936,8.544098448365611,2.029646323707402,3.674182314863709,2.2446273455818524,1.8354880628527166,-1.997306708928998,-1.9976285759595072,-2.0567107462193044,-2.818392430643917,-2.0921563687996203,-2.3926834876227683,-1.6328790341662713,-1.699299281621731,-1.9722713328258092,-0.4895975989950842,-1.4391484413039048,-2.572421136986959,-1.8484445081572796,-2.385503998733017,0.7084433634457957,0.11875037704057245,0.5937876630384579,0.13435854200568909,-0.2448238393074411,-0.023396118905954808,1.0484985158473754,0.3137502001582958,1.6541098133564753,5.992013997854652,-0.4481342611089149,2.031995064166073,1.0478200856128936,2.133504052573937
2019,2,410,0.6401178170151529,0.6513843869346414,0.6623236576987256,0.42973388358503856,0.7749391777028659,0.8651057186984201,0.6696626429593519,0.5617931687582356,0.6506777468463145,0.44628691716882213,0.714715783799533,0.5762881877176534,0.40978445803207225,1.245861188557316,2.2244691246698176,1.658580859811408,0.33450750151625414,2.774233002338316,0.739138828441815,1.324378647901105,1.115448009629889,2.2683918887646017,0.41176631911418027,2.2525993972141656,1.8979696899281608,2.7902210814884154,3.178829409697038,4.686079526297305,-1.9628174213052545,-2.3172288781502464,-2.2957787468369166,-1.1087778590183623,-1.9600562426140735,-1.894668860449849,-1.5619484666076682,-1.7282026427053077,-1.2510094258209778,-1.4771796524405498,-2.5354546844561114,-2.3392808893551553,-0.9807401391824689,1.1564360167105177,0.42034717370891206,0.312130888598538,-0.7476861562232652,1.7241575692207107,0.2510708618981711,0.7636978453699124,0.9707612651631896,0.5913243283017591,0.37735936743533693,1.071390730635007,-0.5809619502710206,0.7866982620050401,1.1144899983025722,0.37017537098054104
2019,3,411,0.6785631968229872,0.725575347253096,0.7127738019392781,0.6898972433535221,0.5115450200241815,0.7885606315389323,0.7176457210870607,0.7779203553945357,0.3232175019026151,0.6913132580885104,0.7562470391661518,0.3317157449411535,0.41212328472263904,0.27924959601082083,1.5497081911210107,1.5637590928485514,1.1424346874596714,1.5112783630187583,0.4734972817063959,2.5244386050152334,1.0909126866062184,1.9688460253216462,1.5397588308935566,3.747073659033319,0.7221894458658218,3.6273183327428664,2.849120704121277,3.4272458447515395,-2.234831536370101,-2.462808307430948,-2.1087472723533667,-2.3646739726839923,-2.5146855688593646,-2.2691727090624623,-1.759900017126749,-1.5133156384451603,-0.7377686421926686,-1.688048113815179,-2.238463386152075,-1.247369742367299,-1.4653211129805797,-0.5007217049144895,-0.0395151726169023,0.18436290990560242,0.3762539037387419,0.43898695723563247,0.0524775114416577,1.3674902149185673,0.3559534106853595,0.4251007750690787,3.061071053943893,1.8425084881866935,-0.7698555520111404,2.3943140904072484,0.42694441206640593,2.361113313175716
2019,4,412,0.5560880739259983,0.8302012667742842,0.69421508897771,0.7128775718087034,0.646452245796125,0.7431238253696646,0.6463404348897307,0.5907738013636935,0.43119842276392106,0.5090550503035409,0.6552281947672342,0.5347740202393158,0.6119495532597258,0.7358544726370816,2.1917961572926954,1.7116851546030316,-0.256271834105511,1.4414355290106076,0.9681737994259525,2.410165977850131,1.9016839022485248,2.484095459073222,3.9839552144340686,3.9104769472394048,2.0324311681758864,4.450879749550131,2.046311637401632,3.275128343166916,-2.04594817056509,-2.9217174237472046,-2.4592356763395506,-1.2719895921129991,-2.1488543991966793,-1.9514975450503613,-1.934439833132097,-1.4219298255358752,-1.4209894286914595,-0.961494968139087,-2.156896563358245,-1.4194079457923072,-1.304017883742633,-1.3714996129101984,0.45438490316147095,-0.4617464602053659,-0.5430212867243472,1.1452759165449975,-0.4323674897240707,-0.12166976250521015,0.7082727059959356,0.5639390922630991,1.6789458020825017,1.490335016499218,-0.0585683824434627,1.8216636431543412,0.7256591775050566,0.6671697357716833
2019,5,413,0.6126451414419659,0.5949746754150941,0.8138670414794559,0.4566346935461397,0.6461603663318966,0.4971160833184399,0.7675716924956953,0.7487840545427434,0.9443897140007121,0.5109559524701494,0.6159363771105589,0.6335308711277172,0.5874082605250546,1.3758082344214408,2.263780204679087,1.0307766998234906,0.8280164578126336,3.3002133258173743,1.3870056586833728,-0.13675615081858386,1.0758218798551966,2.391696319018959,2.2376750753630885,3.4454366106996526,1.3624056781362976,3.2113643292942142,2.4383180433743634,0.5885973338372044,-1.6301427751868802,-2.510348431542888,-2.115089517461258,-0.8613191315259003,-1.9094844475657051,-2.016081326164942,-1.9957083702983607,-1.2329936614401695,-0.891015579973655,-1.461073512974617,-2.675995057065285,-2.2489965337189917,-1.9646950529685105,-2.9405942584633835,0.46055210944288444,-0.5880242984572456,-0.014917453379346645,1.4207550186838078,0.5750295426100882,-0.6754734236657277,0.4273462320306832,0.34053396721030127,-0.2383851139013537,2.6530607698634583,-0.7875359016795986,0.21918964824006157,1.159856317111332,-1.5868429065783016
2019,6,414,0.48808710320851545,0.6616062597812501,0.9105153415586948,0.42744210965203794,0.6340402453599105,0.4947395271977743,0.7506607880359195,0.7134173056971204,-0.10217372353355515,0.20241555902126251,0.9734609502202866,0.5451795328483735,0.6606267829827028,0.5266405398262638,1.9997171462295957,2.206649564550676,0.650061069295784,1.679258423352805,1.0210775894399813,1.0490376296888393,1.226535834771584,2.7288848125099974,2.0614535120700643,2.6817346420371613,1.3908684102727102,1.8079072610470093,2.22570038215692,3.9912325457500435,-1.7891983996744505,-2.471323224078273,-1.932194188890894,-0.9744872591947134,-2.050165139673662,-1.7788840933181445,-1.6822924337449867,-1.25349142167702,0.3038609721552714,-1.2984619985600072,-2.5199843222943357,-2.6900717685444953,-1.1964569494673563,-0.9435803369518968,0.33125241344200196,0.5979790957669239,0.22864493237289438,2.566418859136044,0.28969075603306027,-0.3905657065012733,0.3794335364352978,1.1385913358142796,1.5602156155859175,0.4740230946975549,0.06619981616581042,0.6907772553093573,0.8534433810056099,2.0741287338527643
2019,7,415,0.7060506685326404,0.9472169847667744,0.646694116606483,0.546060634324316,0.6709227107455716,0.4033219738896868,0.676284071190096,0.635972460782298,0.6772563466301128,-0.13645297843733575,0.5827125236941053,0.45902735886872625,0.6471186210903122,0.8450299669748476,1.7553086226071477,1.1774233275006818,1.0972379993670986,1.5676651490981657,1.2397367516132485,0.7841465049410882,1.262449319252832,2.519938682523933,2.6019877887122083,7.736299215683153,2.0324960601149846,2.3551246057939412,2.2696798294424614,3.0610921261596,-2.2864264544766186,-2.4419165648721886,-2.232608076805453,-1.8541595382542215,-1.8767666441413184,-2.5403469793086377,-2.1438741548948834,-1.3389713524960674,-0.8307300415581578,0.10314491025907016,-2.078360362732162,-2.8042979885306307,-1.6973364222868927,-1.596219466660885,-0.6395985002364735,-0.006275572625799787,0.14285592982077458,1.1949570075118294,0.2163142143277983,-1.1057129358511026,0.62388720148487,1.160250803575272,-0.6477082508980669,1.7923664797128975,1.0856242832172078,0.3485272536760107,0.4615187940135381,1.8700205100108105
2019,8,416,0.8751815026096638,0.671410401900232,0.7059158724399087,0.8140151842228028,0.6707369781266722,0.7058732616854501,0.666114180009653,0.6994475837042657,0.5405163962722122,0.9585114479626037,0.642394488838109,0.6491634172588355,0.7900260240377439,0.7808767309242446,1.7548396388189886,0.9077087127817773,-0.5331039246299127,0.9675995067029755,0.8519879142444219,0.09358291677599029,1.5090899439564167,2.445459163953278,1.7879980006328386,2.739054578525567,0.7484575272240097,2.2120724292269847,2.924632576074978,0.1218224271632762,-2.260699594880533,-2.743117479585545,-3.1905109281682504,-0.9992407600267531,-1.9061030083866202,-2.1853866105322104,-1.7234073414147766,-1.6145096896740885,-1.1895042100609834,-2.925650527915609,-2.695829441917134,-2.287201703426626,-1.61058168715343,-1.7499278840315344,-0.2588915237582695,0.27810343679676064,-1.0988203595006285,0.5890177973472634,0.0970293034601331,-0.7787703875035804,0.9129258722343853,0.48307688915414954,1.5727121529351256,-0.15607547385632523,-0.6173212116160306,-0.3845232636396038,0.15073093589115505,-0.6092274192320831
2019,9,417,0.7584503513369051,0.7640484578573428,0.7464518757217371,0.8763811909460357,0.5817305185256011,0.4599257779484087,0.5943068887809284,0.5786283672285677,0.5089953248470648,0.5919876824547256,0.5040831995047712,0.6831222456532364,0.7376385306107126,1.3034909273004613,2.0213983161219766,0.5654352793913323,1.3996702010123951,1.017831874432221,0.6441934856545801,1.6576294724455791,1.9670382783793794,1.7868654032110682,5.019187319109944,2.221285326569256,1.5516725841204155,1.0835362318130801,1.9732691362819128,0.322463094047906,-2.2824453624165235,-2.978448537826519,-2.1262225162734776,-1.5691067398737333,-1.8497178354818646,-1.4045787290519849,-1.8152939965541177,-1.9298985864365379,-0.24470506248387347,-3.0468168775382156,-2.427832047666947,-3.126020823572802,-2.294503101966154,-1.4998715369288094,-0.23918688312861458,-0.584501892441185,0.2787227533397756,0.11127802026490333,-0.06432682484297828,0.8169458125125594,0.5243329619187916,0.15042014991038252,2.305782651798465,-0.8408070800495712,0.1348235019862177,-0.7800233728602923,-0.09406097248133058,-0.12170491669406268
2019,10,418,0.7221114671893357,0.7596513514025839,0.5665028500066117,0.9041247955153184,0.6008261812944884,0.705379272972068,0.7780956942139076,0.7069161543009157,0.30888033889205846,0.4050492590346318,0.6479061934200031,0.7434686807656776,0.7258187704769199,0.8965600098627962,1.6712851195880647,0.8883164091299662,0.5107643272019011,1.726111887006688,0.7618776543736564,0.6579263189782198,1.669822042456874,2.985018637325427,1.2175122955024946,0.5171712209332032,0.7486068712688712,1.6360561744933872,1.5344820286932506,3.4266380030770756,-2.4048907736795346,-2.888155952708765,-2.3548626332528335,-1.74716817981372,-2.3619505254298234,-2.081839142571937,-1.890074205283848,-1.4232202589927085,-0.7064782975143334,-4.25432912433196,-2.749509144267619,-3.156726774636202,-1.8489218467990676,-0.9650071096296726,-0.3650542415753651,-0.688616774198735,-0.04611588435461569,0.2388959191369727,-0.41234201045438845,-0.7263373782418088,0.7318057893807516,0.49756611625317365,-0.49933787683587433,-3.0712361996535096,-0.3594867490074299,0.32149189854523275,0.7043110738382802,1.8204838209530252
2019,11,419,0.6255182334317071,0.636011018693934,0.680351959858268,0.4762079183537421,0.6899479347546492,0.5644291279112295,0.7368028864650412,0.7396953237910026,0.8032733329588133,0.46446439893137276,0.6016392096410706,0.4473003518473758,0.4845577639679264,1.016644755449051,2.2846222551206434,1.4984322945508566,0.10878654995008202,1.8498836355218766,0.69080715663585,0.7193902861952102,1.3130545816798087,0.6349944871299386,1.2598639929833406,-1.1228069655189126,1.6141961143042005,2.1775811426004528,1.4725732910952114,1.791005633610935,-2.206930138525756,-2.295123513810694,-2.278649975162601,-2.164431905902914,-2.547698550353709,-2.0533760593898265,-1.927362715450437,-2.1121083495171646,-1.1454877598871465,-2.833246823005822,-2.194642013290653,-2.574563038197723,-2.2716865308250296,-0.9671881415467332,-0.04277641565700002,0.5420311285073405,-0.10562427876540502,0.2463144560897476,-0.2286270146488994,0.0037656094683206024,0.2654895554332988,-0.1353074516925111,-0.8562623139021138,-2.3114898182660784,-0.3500997894508384,1.0354134054982236,-0.3994643250989261,0.9881737484411164
2019,12,420,0.7225332056749255,0.5420720503279576,0.7143461214025268,0.4897171441369017,0.7732171261608639,1.0160981998079937,0.7677568182201889,0.6717651694254958,0.5214645506409582,0.3679255263342223,0.9412774227857814,0.3963783011483922,0.6954242885640235,0.9788138632883764,1.7099253003093955,0.7934345967233605,0.8430168126843611,-0.5697428666947142,1.046026183659395,0.018486988366837633,0.9573374798901333,1.5730221131015953,2.5928963326088876,1.7553029410073777,2.706119363790523,1.9252156731173011,2.190805961248058,-2.286934134470125,-2.114534723140163,-2.2951740319956917,-2.2805014538099404,-2.827335808576431,-1.8391221238586086,-2.4290402585710087,-1.779158897520431,-1.551332663109224,-0.997429733446773,-1.7816917809953101,-1.5287959829897455,-2.4702938322506967,-1.7841789128217924,-2.2309999830743634,0.00022846364246047237,0.1541315247596554,0.09106139349806655,-0.8464214621476265,0.34527432603706776,-1.3045964176222062,0.7277161293997201,0.7977729600199331,1.820202554989025,2.1847847991624296,1.2315478105867925,-0.06393930859342635,0.44784185188834763,-1.9374028929757516
2020,1,421,0.7198798630253624,0.5605391801524985,0.7162140177433965,0.4564754729749251,0.7291229244483789,0.5596913497681056,0.7474962498301893,0.658394722089605,-0.23037022135174243,0.3421301823673007,0.7668174582419509,1.1800373890150422,0.4513843995017849,0.4690403086634507,1.9259754214328533,2.1020881935005136,1.2534899707634233,1.8716659501455895,0.891196862098596,2.30073201392207,0.7849098412934576,1.9632766947154745,2.249574363318377,2.6716612353809595,1.9889474227000623,1.7350059312157735,2.308845496597025,0.9022894934045452,-1.9424349426960439,-2.493451057164247,-1.7178188907950436,-1.9152042846453543,-1.9581835811867994,-1.282490038008022,-2.187548763287424,-1.8250301791480827,-2.5695241567074696,-1.9224369446021894,-0.9842081774335482,-2.785998391039133,-2.372100042968356,-2.063968831733295,0.2921529777074724,0.8082654192549037,0.2698806038317598,1.7408685495593637,0.22530498572934202,1.2960884921104914,0.5053220183207812,0.032294312675921956,1.2150621107388033,1.3369487887817935,0.38607781169152205,0.2313620737625168,1.5940869741382404,-1.1993100259993519
2020,2,422,0.7636951101491956,0.9258036007180385,1.0011211205515127,0.2249255615874561,0.5159611014097564,0.22758600240376042,0.5973360127196787,0.5793658793298874,1.1709300809741146,0.505050504999999,0.6601053025954955,0.7102073042310519,0.5119320616357446,0.7385706140219431,1.693938034523649,1.005370070902434,0.835655725232717,2.4984388061001535,0.3857709071705967,1.5855620612256554,1.4809072357790476,2.0600969097917847,2.242931337360064,4.444444443999998,1.3242858332218663,2.826740628036624,1.6376981440831748,0.7475310467723661,-1.7690377524460006,-2.9330502799597387,-2.433588398445063,-1.8438106569555288,-2.0501604997457727,-1.478158167718108,-1.7289371273926644,-1.347131629572735,-0.7212693543703566,-0.5050505049999978,-2.582856566771285,-2.1592987067103855,-1.7980234060168674,-2.619224497563696,0.22581301813736251,-0.4842124436656043,-0.15480218330040826,0.8860520221473203,0.08321682836875552,1.5273873728484377,1.2851100341770578,0.8067085949208084,0.9545892550476934,4.1414141409999985,0.0372696459949589,0.5955410461176406,0.5963182600046953,2.5708434741131456
2020,3,423,0.6091177244341545,0.6502032213603245,0.5977898158937932,0.6398225165603189,0.6211363771438385,0.7994652747713602,0.8356431996279057,0.7135555939721338,0.7690392035815503,0.6131702352591698,0.6863128391664332,0.35167099718484535,0.77739441639473,0.3387679127034745,2.116577086768983,0.5056397360853419,-0.9470133601528888,3.7459594107853027,1.3091200683175805,2.608132836261525,1.1540668545567128,2.2570238575104127,1.5731420963066884,2.9782717577588413,3.292314948490016,1.1618335009597374,1.965942005671255,2.7833206733891522,-2.006598821467954,-2.7575273250985624,-2.584916825318644,-1.7462263422687727,-1.8769242878243777,-0.9390808785465308,-1.9733448284379203,-2.0770838760767956,-1.6611050171556268,-1.0574989544997746,-2.3418520522972726,-2.2349011556803697,-2.663553144797391,-4.138398035857063,0.010352167015385905,-0.6931868723433784,-1.447258541732598,2.3438224546936044,0.3799047157110003,0.10728472793575554,0.5161934386561172,0.5201494983978431,-0.09576555468703411,0.8524591522418347,-0.17493630940559113,-0.7612132795085909,-0.169005488991009,-0.21755539523558476
2020,4,424,0.8959897755356417,0.6563744146196309,0.7391353116397672,0.633546951542828,0.780090770163792,0.5934247367164736,0.7318000171679947,0.7628254868023485,0.8549759262705122,0.7645607117838791,0.46577885968335025,0.17992854967068903,0.7907420537717889,0.2583967851556122,2.045117450046407,0.348561429228897,0.6897106591136376,0.600461359096276,0.9016487488000496,3.0627919784498556,1.4553213937467249,2.0090487231935357,2.764345423000995,-1.4717884193108937,2.93828287920912,0.4677426737098788,1.9285055788559504,0.7397289498768068,-1.8005404547731811,-2.894179946381301,-2.065328565179934,-3.3278382935440893,-1.8043784435920736,-0.3981889220332862,-2.286574098398284,-2.1404601054724335,-0.6416211142613532,-3.4756737836260885,0.5589459074250245,-3.256342937136685,-2.0571976984142752,-1.4347812388261039,0.3486075164316936,-0.5322231578255842,-0.3280116885111559,0.36783582800069514,-0.11969789124687752,2.035892444704116,0.07380124062257189,0.3035931489094511,2.891187888046832,-2.251938169332401,3.0881491873218496,0.04803865868507031,-0.08518545501083082,-0.8438694887124477
2020,5,425,0.8491999031943624,0.727997874086961,0.705643661501187,0.5889577696211716,0.8241051445144884,1.2180739884354996,0.6520263391059825,0.6291116057795139,0.10345063799381254,0.39014458800812857,0.6546970531710335,0.42070090318332437,0.6187971680655314,0.1857055932165317,2.793350755628426,0.9295444497142769,1.5712349833992003,1.1417213903505723,1.262994050466666,4.880122250239433,1.3173432984006948,1.3427145444809097,5.0507742704046095,-1.3033923620107113,1.389993733678342,0.922895436609366,1.6177569571638006,5.578054573872763,-1.420648492915973,-3.040069370283533,-1.1213602899373927,-1.827472529888313,-2.8388773383564083,-1.446875293940436,-2.153155947964945,-2.0948327188544544,-1.3841730807753014,-3.9988845528950843,-3.15877534537236,-2.5088783573130127,-1.6214905190517253,-0.6630998309854799,1.0207302293712126,-0.8610801954154007,0.9902740929126302,0.439319887350692,-0.33922893960812334,3.2228343382216487,0.17574846221204746,0.5292056774067753,3.163161812756894,-0.28315001642501253,-0.6358308428153598,-0.11126034868935553,0.9757736184132526,2.7691508295788876
2020,6,426,0.802796557958153,0.8215137931067253,0.8996789998536562,0.7910025497576083,0.5230828464194391,0.6957193143527145,0.6869699584662124,0.6426520937123893,0.11906660233404544,1.00571838301411,0.5295606470880538,0.11861367802133754,0.6263633827909538,0.7462627878057323,1.9281926629254609,1.7519467902854988,1.2348476937698127,0.82968449265276,1.0172221359890605,0.7551004454552668,0.6905435944440254,1.362242693313987,2.933498693029747,1.3569346549069614,1.4570762183187513,3.1369160151326616,1.0810529029060993,2.882925186240677,-1.5214580552139632,-2.364249416756122,-1.5040195115685342,-2.927721862820496,-2.1549503816913194,-3.136504405830156,-2.363428061036885,-2.0195657236775215,0.3059922850263436,-3.0084063284567977,-3.1486538104488,-1.5515685296486144,-3.0660786026845184,-2.321140077263125,0.9227073232663316,0.7119938224834171,1.2083924814436884,1.0677008056914947,0.3608875553275971,-0.6224580734645353,0.7082923069135453,0.32985438588737087,1.2021647834319875,0.5489057916294893,-0.285569101444815,1.9798875876843443,0.036176950251898786,0.6212425290446132
2020,7,427,0.8804143805579884,0.6983811522241452,0.6347185506372721,0.6705634718301634,0.5783547775334039,0.6158322304192286,0.613501814905998,0.6039301723283786,-0.22901675058064247,0.210727985964633,0.7975178314533016,0.8682687065145538,0.7632450651621169,0.832351627867138,2.535778392482419,1.4793604372884888,0.49672057474704806,3.640637781343525,1.1472796237857446,1.1316656082233603,1.2387506241125557,3.3086901566362728,3.9852443048371256,1.108963127842725,1.0967674489469736,2.548342972295669,2.0957967683781025,1.8899166404860046,-1.967720150542128,-3.1089336281443996,-2.493727125213656,-2.039084092288437,-1.8523168698916006,-2.2053404369469862,-2.0870617931559257,-1.4271060481313418,0.3345666387675396,-1.340196769447475,-2.1276261930153586,-2.072524604458567,-1.9123385605530385,-2.672468232540212,0.2665043101433522,-0.2889767400781752,-0.23034050547559953,1.5107929393955912,0.35993433381744194,0.5566803803495373,0.1399839435439254,0.8829865316782991,1.654058509167259,2.603990816424964,-0.0557080269172147,0.3558982552770988,0.47936382364790087,0.6801303948527407
2020,8,428,0.9989302834901518,0.5568041200263956,0.7634615596791091,0.7785570055162929,0.5355987323618465,0.709423584408224,0.6719316180448883,0.7192133496134511,-0.012878931284937315,0.3929520947600356,0.7032863817439021,0.8649631491362069,0.4175595596454626,1.7695440351340341,1.6404095928791822,0.4527101921680477,0.6029949623279619,0.3888839865948468,0.4789314038005342,-1.9940463431459248,2.0957263701376174,2.864980790809197,6.904928623390237,3.8443246919689833,0.7460625128570105,2.3071633477911955,2.748745130555072,1.335333845417969,-1.8795407574018081,-2.445961292663078,-1.9376251689942574,-2.153975302496452,-2.3516087258376914,-3.652043138833859,-1.8071646993617494,-1.0500496960834276,-1.3779831599067713,-1.6835163636865484,-1.8774308429706406,-1.4266517408622854,-1.1456445934820916,-1.5739851143061352,0.30001439035236466,-1.0902412450565075,0.007562610818153931,-1.1557979454578151,-0.0866095148630209,-2.0646292141569105,1.176039182760901,1.376293343131453,3.6660336439892363,2.3126010071879346,0.02359929519006878,0.007567381159291051,0.9364474204293461,-0.7195267650032323
2020,9,429,0.8887774721069622,0.8374392171354396,0.5780814406955286,0.9653831201397711,0.6511103002170019,0.14163415849450786,0.6585141595436332,0.7963578790464394,-0.23438720000618518,0.03040531702967629,1.1463037748013492,0.4457690227111209,0.7011285795402371,0.6056879722544242,2.72777509047067,1.5034424932404369,1.8259315840685986,2.3872805853955503,1.075847286308641,-0.5599544504533759,1.326613334654056,1.439532351471238,0.7396320904046029,1.1774070281865416,1.1781120794234556,3.5963481919988536,1.7965606056501124,-0.5934378064717647,-1.843197660717394,-2.121622794516232,-1.7006905439812894,-2.5454589625766753,-2.1066987686870298,-2.9495600676301934,-1.7993154050138562,-1.8608387633441248,-3.1317790077753007,-3.1538428784085983,-2.9961181795912895,-3.5488690195744454,-1.685521027792213,-3.0996469343103135,1.2284393210762046,0.07854451739012765,1.337327960022156,1.8277913493726656,0.12980947320856837,-0.14404544090069396,0.5988539393502894,-0.4590659047094636,-3.0936149772431083,-0.34939390552154637,0.5469732866174845,1.5195489720862507,0.9369160249533681,-0.4604405724266748
2020,10,430,0.7171020129357335,0.7166028487341637,0.5317245011154428,0.971106242784575,0.6883458729049893,0.4098871104722158,0.6987554423293308,0.6344583161869884,,0.8979975913905157,0.5042959854293638,0.44515202330543086,0.8610589274528951,0.8616602145923103,2.619581926419611,2.537980875243484,1.1430654998759684,1.3622434731546567,0.6883316232367461,2.8465845657652555,1.2799688668599891,2.925456457179478,,0.9180991341437142,1.3589551853330275,1.7883857259625289,2.42820492941575,-1.2244063149776323,-1.8988181563863442,-1.4581484943944605,-1.743596971900923,-2.2071901860656262,-2.115037683080399,0.4615384904825845,-1.7732655437087192,-0.8915846573574224,,-0.5370175936438101,-2.704702067055476,-3.2465151190439037,-1.6027683862705453,-1.4624136848182232,0.6074758449379339,0.8162841953726186,0.6910858252109497,0.030096452771691262,0.009627715454564933,2.6222808289696937,0.5739602858152375,1.0929750226086823,,3.348214838567989,-0.1444173308585055,-0.12349745391194286,1.0602274524222022,0.27239091166257895
2020,11,431,0.6113113690317495,0.6052791889396566,0.7696248667668298,0.8476779972112397,0.7386400825351941,1.4568405292360673,0.8244500304636901,0.9284136127281089,0.5309987556634237,1.1292390168166904,0.9139569171687779,0.31694307303286107,0.5256386145429888,0.8994217638207391,2.825719953712982,0.8625862945371345,0.6392629580951211,1.4238587628524133,1.5573495586212216,0.46963609236341414,1.594796048573309,1.7802930706414808,2.7966626224150284,2.2662308435309018,0.7217793002665438,2.3908187630755315,1.3029991340518494,0.4110381982436146,-1.6584049734874033,-2.4704147289424236,-1.4857597192417795,-1.5995046179255248,-1.396099952293362,-1.9527082626759558,-1.1085534468180476,-1.5398728420925438,0.27435019154396584,-1.9789007994116354,-2.426825672651282,-3.4309957685876924,-1.3471559774238477,-1.3071216511191817,0.8363446044249847,-1.2792393575073429,0.3405426522610024,0.6349154155502611,1.2174150244576456,-0.519122720110668,1.1296827373804799,0.05349141363235461,2.9339210389614463,0.5245832390421284,-1.1258588634871507,0.3705924960376315,0.7050147282728474,0.4365020828893045
2020,12,432,0.6241600979948859,0.7175689172612058,0.5403707144289234,0.62526791236888,0.5902221336424868,0.30168231450915267,0.5807034543648691,0.6935059984798736,0.6227057377521592,-0.08009332767509648,0.850463831564226,0.27103277866982417,0.5278663997485756,0.7729358029353713,2.3185906389837125,-0.1983727354018305,0.761940801328315,2.463878748541231,0.8589233761351878,1.3723839833638014,1.3982041241876662,0.8727269045414621,2.392846295498625,3.164140281857371,1.138888084126434,3.026103965217676,2.0971454058188397,1.0087692225130553,-1.6868832390536115,-2.509549476723766,-1.8909103562639442,-1.7397293519429566,-1.420866979409649,-2.6041840079665506,-2.050042320779136,-1.6916035638414804,-0.2518658674161657,-0.5673236270842297,-2.6811339135293126,-2.5440841100311573,-1.8261558350975884,-1.1741788153912018,0.5007673714112061,-0.3835682581367542,0.3499131221101336,1.1470948422892793,0.33638761456794025,0.6168398821911392,0.8319824265912225,0.09212890340326986,1.8614547094430491,2.056023530048198,-0.2261398567011344,0.4114035483912994,0.9521025437644943,0.8813040770533884
2021,1,433,0.7093626216138402,0.7696442639798357,0.6111773835339521,0.4037354734829108,0.6995373419423442,0.8431128063258074,0.9094343294668666,0.8151266110168931,0.29767361054335423,0.6680830069395247,0.6963684230913713,0.6072182230721508,0.5002634513737946,1.691390459678421,1.8618440515864585,0.99929502642585,2.403894996269019,2.8313098278574063,1.403168386826742,1.7345669299382784,1.4299460554377992,2.23372799897654,1.4055929443183321,1.4355459618310362,1.7915313328293907,3.2169454759067397,3.204110691841534,2.06892351155797,-1.6431275712944438,-2.460693565520179,-1.0856229180931436,-0.8199893838401738,-1.7219399776213715,-2.555750192506699,-1.65683802105115,-1.2795289490453519,-1.695561436213389,-1.899120425705443,-2.1176214174176637,-1.1359065264628203,-1.1395226219042645,0.34561050328800264,0.47818583819350996,-0.0390724780929055,1.7876428768854151,2.6514158346932106,0.45442395412387915,2.1822522032634004,0.9144386199129326,1.3765674657666607,1.7757397570430282,0.5221262883777898,0.14762145135538843,0.8066036496710058,1.0585915751040227,0.4277734639898113
2021,2,434,0.6610763777223957,0.567580032953364,0.5275577696400111,0.5164300426404114,0.7169496665634973,0.8620200333875516,0.8533787981982278,0.8247728572738189,0.31616822370113257,2.402655210101075,0.7419866407334035,0.40994092925594283,0.6304636500628711,0.860905376629396,2.289798139249337,1.5066145449464972,0.4613552459955849,2.2624691914703408,0.685914278387292,1.753214056854742,2.0903274770173943,1.691257754651254,2.033024829215765,5.979379779030293,1.6565694218971154,1.004290773985773,1.2695157973804496,1.2381488343555525,-1.4187009998780316,-2.3990061577850996,-2.2025045997012915,-0.6522399285618588,-1.7127947184792511,-1.6927456595050145,-1.4199726195098097,-1.75366058504641,-1.2376856974057668,-0.8608993750976748,-2.2483237439402486,-2.82927326783176,-2.6008490250707847,-1.7832403689553984,0.5742052630258215,-0.12288514693034985,-0.2565570625097459,0.8936617280664629,-0.22320412633022954,0.4154186828148431,0.3928307697283368,-0.11329508916400367,1.3818186610191552,1.3748098807361724,-0.13051423431688297,-0.02794840121917912,-0.49023135985987615,-0.5126461263154743
2021,3,435,0.8024836887788813,0.64795068888923,0.6427703011746877,0.5258142388660435,0.6540578450637173,0.9698006652939454,0.6528860670554628,0.5381205673194371,0.5679768406769611,0.09200043567061109,0.5682120400433499,0.45232545705801985,0.4992148649918171,0.36386411578968697,1.9167862461640635,1.1592030080985762,1.1033978134016447,1.9436580422957426,1.3763285048447673,0.2641881707627701,2.316354381571441,0.9763477086508651,1.9460047589201717,3.4841666721496494,1.1072815283770434,1.4344436351859546,1.9462827439859902,2.562580769624283,-1.7357862876065306,-2.6605960390793224,-2.3529982687650155,-1.3246597020548991,-1.3854567353605973,-1.8834004703439178,-1.677802995834702,-2.050893303410723,-0.448248329394496,-1.6110324322940937,-2.9439589596186964,-1.6825019580525864,-2.327119163314597,-2.924685100463095,0.5274889424553496,-0.2939915713794403,-0.06918288096624275,1.513526549714631,0.7909509886470831,0.4608848692379048,0.8509740341049059,-0.5300503911093741,2.674327055582922,2.3755214501073314,-0.37269226506505704,-1.0002385307278157,0.9036337982419033,0.08076175792813331
2021,4,436,0.9624830300682519,0.5723946324441931,1.0447168685530175,0.3894061576924002,0.6293054102682514,0.7613498150495099,0.7278385776261472,0.679293571509829,0.09565903286374519,0.941608948737836,0.5370019300083941,0.6257171325502755,0.7168417882698832,0.972868567377188,1.8900505764781714,2.6325773851891543,0.4421431567890188,3.8009088289168727,1.130019219226163,1.6166036843377332,1.3756300847615022,3.155446439655511,1.4505397712778467,2.625775292843445,3.0280984134282725,2.1417189536503654,0.7332901333370436,2.0486053101275132,-1.7942902559216523,-1.1999792415628208,-1.9322748590892942,-1.1928998405408144,-1.5768149004275598,-0.7704965931682073,-1.8941529180624062,-1.432121171101748,-2.2485495344237254,-1.9674258851039783,-1.559124436344734,-1.4874939488857846,-2.98141962578034,-2.4549493450979654,-0.03258976509717281,1.7620998924889268,-0.1397907113160289,2.2080608720932204,-0.03464905672572487,1.2134395051244735,0.39923520476644736,0.6649402915288208,0.6008308983822102,-0.2176044241175643,0.07755462495496884,0.8363765604886508,0.4681570957721092,1.646843721904166
2021,5,437,0.6870625576832952,0.7793617799183474,0.6077504341171832,0.6133520965700442,0.6676953673256255,0.8035886175802444,0.6948684970429728,0.8469252538319317,0.6931426235166799,1.3691429806747863,0.6061973893446816,0.578028537586413,0.4617562436734199,,2.577199013213075,2.6928041797805156,1.508028013257252,0.9159894080606374,1.316057289491272,1.7492556866333262,2.1092056086941793,2.38395469841419,3.1917130408918424,2.0684282948611763,2.551913454768055,1.3012717224307657,1.0796700627546436,,-1.152986028526739,-2.235795230782355,-1.853422113434709,-2.2856834077351986,-1.5158528619317375,-1.1088185202633372,-1.6388544001947036,-1.2376957394002386,-1.4319005034595296,-0.9075763764689616,-2.009024422965498,-2.793153383630906,-2.187532711030692,,1.44183134549277,0.6471436082319915,0.18247528085346595,0.7878799527150712,0.5740420852818977,1.6008985470517851,1.134166906952237,0.7534824997792999,2.012801254105727,0.6820424682267294,0.6036377658348346,-0.3582943635597831,0.35185559986430537,
2021,6,438,0.8967580879435058,0.8714456090917762,0.6114881495571993,0.4916070224891182,0.6076194506412321,0.654692477281225,0.7878724267386072,0.7713867755949974,0.7884719957170181,0.3952820544551423,0.7611139249749505,0.7261377909521097,0.832904131692051,0.2348804721247056,1.7662221124510487,1.0174831698185391,1.3865876942167574,2.557279530218703,0.8334704548333767,4.079760578388004,1.8498986225791674,2.2552756896989847,3.9417292224080844,0.538280835825168,1.0623707147870445,1.6385285547071387,-0.5615476315194258,0.5353185882628878,-1.9626608356987805,-2.982433932208464,-2.0738158481876328,-1.1805840586571068,-1.9982357312288868,-1.41669393993764,-1.712639443800032,-2.2793530527750128,-0.39698718333554667,-2.1147265578148806,-2.7345829505309043,-2.619497631185258,-3.4467494400341487,-1.9312233294301098,0.38266669056165614,-0.10986735375014849,0.8602349615479711,0.6668210734728713,0.3421955593112265,1.1734757809814824,1.1259819937532798,0.31825480959932895,3.436113236491749,1.2720946610989095,-0.3543673536359345,-0.0401361185432689,-1.680585330904632,1.5628738271788218
2021,7,439,0.7533068361816558,0.8561737708946592,0.695579739389905,0.83168902316117,0.7780481912880639,1.2695466417235128,0.8144445894553503,0.7048380098703768,0.2515092320246896,0.25958937120881187,0.8682100138325214,0.8770219716797016,0.9704020129215648,0.027741259081754347,1.3103471090086876,2.3713313905773905,0.029613439473520107,1.383083028581916,0.8254496289160191,1.3457997631195828,2.1786858675152208,2.4218828734559112,4.60096085169403,4.6891739056306765,0.9167231564777675,0.905461941975831,2.2639629631347824,4.807571918518212,-2.2064241174409647,-2.453296854052456,-2.239798854009509,-2.1517128747941987,-1.8381070824010672,-0.5696361139878864,-1.6779796993784624,-1.9399405321229546,-0.36199571687964127,-1.7229864225506981,-3.354351404566567,-2.8378223469518935,-1.9850335720677308,0.16091598792209302,-0.1951486804084254,-0.3002357718330567,-0.7333675935958325,0.3020645445913312,0.42273344861795115,3.039997801280458,0.4275863565501389,0.1259896965464821,2.9836487460955285,-0.9425782625113889,-0.44902062315784674,1.5108027101823507,-0.4005120230311435,2.7400113899018383
2021,8,440,0.8150874948534131,0.8590223781186168,0.6306732205681596,0.4029147286654601,0.61698173484078,0.3657972777497223,0.801528531950557,0.6266389233397789,0.5801331556506377,0.49456066713784225,0.5370650979754003,0.6465446179736013,0.2928192031704143,0.04849911138376453,1.9469898957954066,1.644276580244892,1.152986519849381,2.32004376379606,1.2859047286900942,0.8797086940355586,2.03249592785308,2.3860559469702554,3.423391579086203,3.402954541534158,0.876173362864514,2.9693300892686976,2.1041526836590787,5.6601382618954545,-1.8943650737150286,-2.7239438934303086,-1.8705381168692539,-2.8433431791326114,-1.5619181811612608,-3.1693403228240657,-2.0418752359230434,-1.4763008331378757,-1.0916165846005244,-0.11039608970800686,-2.978611061636772,-2.570543261448827,-2.0867229896622366,1.1066147704458573,0.5624964313764418,-0.04451909149377186,-0.14752167963330953,0.033788728528575396,0.704199412852826,-0.9172906815031008,0.30493271706276665,0.5794009603245973,2.2214261043752974,3.0217828083806277,-0.8327601417042079,0.9823452899882529,-0.2636272790989986,2.621051763311617
2021,9,441,0.7758964399847844,1.0600454920044067,0.6271484285386398,1.0325495540391942,0.729420218271827,0.4974178573135095,0.8921224643522937,0.7383301566372306,0.6052520691378024,0.7564640240474597,0.6988638112042473,0.35700301045856947,0.6214416859731093,0.27310336185627593,2.060135676447519,2.0065014455468635,0.8029304702007355,0.9041154365073596,0.9645097044092327,-0.266418314762976,1.8860512513019094,1.968223577081328,2.1608645799385187,3.570173072100429,2.4052948433604953,0.36746984529253524,1.3802424318217663,-2.9666085509668303,-1.8549861311975437,-3.124308560734306,-1.9801052609269618,-2.9372300343794993,-1.6004308888157337,-2.540310441167593,-2.001349371216236,-1.6847409277649414,0.44616914629410964,-0.7038557663608889,-2.1386400262311454,-3.0537842844013485,-2.1574759189419477,-3.021391358102445,0.7976413745298315,-0.7372304175905644,0.1010013419680551,-0.8343787339552428,0.5534698681813222,-0.005351664482583196,0.12411621321549206,0.4544813257542025,1.418265815536888,1.4154258965535245,0.13794683077398295,0.11614702459328803,-0.6442461397057784,-4.61329577907388
2021,10,442,0.8115813982596435,0.6710863733485769,0.40855968689675787,0.7011359837186579,0.6326052534476558,0.8690233046165038,0.8268233777514569,0.9086699814533913,0.43072812745757405,0.27684294378680674,0.5844362285575283,0.6810155393960224,0.8655455989213755,1.129253995466949,2.545195624734091,2.0511246419054165,1.5541863389390356,2.6260875277553994,1.0615899439687386,-0.6142956083312198,1.87786598818011,2.9921588015884972,2.613032370545084,2.462788470655724,2.8525315773627,2.9946226412700425,2.060452856792244,1.3924233774849935,-1.2958169963541497,-3.052298935394876,-1.8181181022648556,-2.342657919436313,-2.0183811245869676,-1.9908251299374742,-1.7065659765405625,-1.3920427083701616,-1.885999678177268,-2.0874134864358003,-1.9582091276077584,-2.8296293529232392,-1.5267159974692759,-2.1083803196985507,0.7901857281996034,-0.5553458046028896,0.5987300388275795,0.920057956762028,0.11873703808999683,-1.282342083336587,0.6280315491818365,0.951172714771278,1.468776060145678,1.7420910753743897,0.329454141832246,-0.1356180083854199,0.9010764895277017,1.0523454955315314
2021,11,443,0.8833332305949971,0.6330919597584458,0.5105764656785463,0.8577167835038825,0.7499672137683984,0.5313911337638703,0.6286029700328887,0.5403032691042112,0.4723753205624227,0.5296954758933304,0.5612790622734667,0.9692731873622926,0.36251790905596676,0.9015540448783612,2.689613513905377,1.0340826048783387,1.5426245746491694,-1.5773417233714406,0.9825248922568118,1.0896648059248186,1.963180243883253,1.8656089624517016,1.8664193788225092,1.7773105227550101,2.2883000651594845,2.982253112522007,1.9323701993136277,1.8675067313803215,-1.3044679643710126,-2.8995166111192554,-1.6994372787032357,-2.0198810980140025,-1.6363693679449858,-1.9341704671492643,-1.7795514171024953,-1.4165843466666461,-0.9577188627739156,-3.556444693137386,-2.092116998158102,-2.1954398022181283,-1.808790090109565,-2.237810413306318,1.1157267345175645,-1.2511808837264544,0.3300827556814391,-1.5608294215791312,0.38413682578897457,0.7621891943186064,0.6489694571038725,0.7067453426654383,0.37799371930797404,0.7959574615080821,-0.16801922433190364,1.36024797266986,1.0975970310830307,0.06785840616594596
2021,12,444,0.8964152939317708,0.6283258319821455,0.805185315117042,0.5539962764091413,0.7261445485595437,0.734585320091812,0.6142738581992475,0.6757413914563802,0.4746519052941495,0.5358701135187456,0.5388131094377704,0.8271999370551911,0.6798089856625509,1.1275760898512868,1.7008920018636988,0.5627302388560435,0.4380400283317833,1.5103306481581968,1.2004568069707273,-0.7108714796266044,2.202599281397453,2.2404227731546547,0.8248031466501515,2.811817923987215,2.3652966768481236,1.3928164179170113,1.8593007752745028,1.4845765197607115,-1.881771830177445,-3.3829152500131143,-2.428477088186627,-2.5716641425010995,-2.2817787567565873,-0.6725496704972787,-1.550036185445064,-1.426868280822318,-2.477915829647905,-0.35699288602659673,-2.7430039733319442,-2.845054450410923,-1.8366001078508516,-2.5407032293452216,0.09691734324728218,-1.9777822372674567,0.06359845815762862,-0.045983321347274286,1.136220071958369,0.0613668919339732,0.9826380349824039,0.18839696165889613,1.5077605490977284,2.6603962336319635,-0.280124707666111,-0.8533924633467558,0.6890287291730527,0.7333928880705793
