nc_code,noun_chunks,rin,area,area_no,area_audited,area_no_audited
0,180-day exclusivity,0910-AC11,{1},1,{1},1.0
1,1983 amendment,2115-AB72,{2},1,{2},1.0
2,1988 amendment,1205-AB05,{4},1,{4},1.0
3,1990 farm bill,0584-AB28,{1},1,{1},1.0
4,1993 provision,"0970-AB32,3206-AG31",{1},1,{1},1.0
5,1994 amendment,1018-AE72,{5},1,{5},1.0
6,1995 amendment,"1625-AA16,2115-AF26",{2},1,{2},1.0
7,1996 agreement,0750-AA72,{2},1,{2},1.0
8,1996 amendment,1557-AD95,{7},1,{7},1.0
9,1996 farm bill,0560-AE81,{9},1,{9},1.0
10,1996 regulation,0648-AH64,{5},1,{5},1.0
11,1996 telecom act,3060-AH05,{11},1,{11},1.0
12,1996 telecommunication act,"3060-AF85,3060-AK57",{11},1,{11},1.0
13,1999 deadline,0648-AM69,{5},1,{5},1.0
14,1999 quota,"0648-AL79,0648-AN04",{5},1,{5},1.0
15,2002 revision,1293-AA08,{4},1,{4},1.0
16,2005 amendment,"1545-BF79,1545-BF88",{7},1,{7},1.0
17,2005 rule,0919-AA01,{1},1,{1},1.0
18,2005 transportation bill,2060-AN82,{5},1,{5},1.0
19,2007 implementation,1505-AB93,{7},1,{7},1.0
20,2008 farm bill,"0572-AC11,0572-AC12,0580-AB07","{9, 1}",2,"{9, 1}",2.0
21,2008 regulation,1550-AC33,{7},1,{7},1.0
22,2010 census,0607-AA47,{8},1,{8},1.0
23,2012 implementation,0648-BC86,{5},1,{5},1.0
24,2012 legislation,1625-AB85,{2},1,{2},1.0
25,2015 amendment,0581-AD39,{9},1,{9},1.0
26,2015 national ambient air quality standard,"2060-AS82,2060-AT41",{5},1,{5},1.0
27,2016 amendment,3170-AA74,{7},1,{7},1.0
28,2018 farm bill,"0572-AC47,0572-AC49",{9},1,{9},1.0
29,30-day hold,3150-AG02,{6},1,{6},1.0
30,30-month stay,0910-AC48,{1},1,{1},1.0
31,401(k plan,1545-BO82,{7},1,{7},1.0
32,5-gallon plastic bucket,3041-AB37,{1},1,{1},1.0
33,5-year extension,"0648-BC89,0648-BH60",{5},1,{5},1.0
34,504 loan,3245-AD91,{8},1,{8},1.0
35,6-year review,2040-AD67,{5},1,{5},1.0
36,8(a program,0750-AE56,{2},1,{2},1.0
37,90-day rule,0560-AD43,{9},1,{9},1.0
38,911 access,0572-AC24,{9},1,{9},1.0
39,911 service,3060-AG60,{11},1,{11},1.0
40,abandon area,1219-AB52,{4},1,{4},1.0
41,abandon claim,2900-AH65,{13},1,{13},1.0
42,abatement rule,1545-BO80,{7},1,{7},1.0
43,abbreviate financial statement,3235-AG49,{8},1,{8},1.0
44,abbreviate new drug application,"0910-AB64,0910-AB80,0910-AC48,0910-AF97",{1},1,{1},1.0
45,able account,1545-BP10,{7},1,{7},1.0
46,able bodied adult,0584-AE57,{1},1,{1},1.0
47,ablv bank,1506-AB39,{7},1,{7},1.0
48,abortion relate service,"0937-AA00,0940-AA00",{1},1,{1},1.0
49,absorb capacity,7100-AE37,{7},1,{7},1.0
50,abstinence education,0970-AC30,{1},1,{1},1.0
51,abuse prevention,0702-AA48,{2},1,{2},1.0
52,abusive act,3170-AA88,{7},1,{7},1.0
53,academic achievement,"1810-AA92,1810-AA95,1810-AA97,1810-AA98,1810-AB01,1810-AB02,1810-AB03,1810-AB16,1810-AB47,1820-AB55",{10},1,{10},1.0
54,academic institution,1653-AA28,{2},1,{2},1.0
55,accelerated payment,"0938-AJ45,2900-AL22,9000-AM37","{1, 13}",2,"{1, 13}",2.0
56,accelerator control,2127-AF76,{3},1,{3},1.0
57,accept request,0651-AD39,{8},1,{8},1.0
58,acceptable document,"1115-AB73,1615-AA01",{2},1,{2},1.0
59,acceptable evidence,"2900-AK26,2900-AK27,2900-AK30,2900-AK34,2900-AK35,2900-AK36,2900-AK47,2900-AK48,2900-AK49,2900-AK70",{13},1,{13},1.0
60,acceptable performance,0938-AT55,{1},1,{1},1.0
61,access road,1076-AF48,,0,,0.0
62,access rule,3142-AA14,{4},1,{4},1.0
63,accessibility guideline,"2105-AC06,3014-AA11,3014-AA12,3014-AA13,3014-AA16,3014-AA17,3014-AA18,3014-AA20,3014-AA21,3014-AA22,3014-AA23,3014-AA24,3014-AA26,3014-AA38,3014-AA39,3014-AA39,3014-AA41,3014-AA42",{3},1,{3},1.0
64,accessibility standard,"1190-AA26,1190-AA47,1190-AA50,2030-AA90,2501-AC47,2501-AD40,3014-AA40","{5, 3, 13}",3,"{5, 3, 13}",3.0
65,accessible cord,3041-AD31,{1},1,{1},1.0
66,accessible lavatory,"2105-AE88,2105-AE89",{3},1,{3},1.0
67,account class,3038-AC82,{7},1,{7},1.0
68,account identification,3038-AB08,{7},1,{7},1.0
69,account maintenance,0694-AE98,{8},1,{8},1.0
70,account settlement,3060-AH30,{11},1,{11},1.0
71,accountability measure,"0648-AV60,0648-AY48,0648-AY93,0648-BA23,0648-BC33,0648-BD87,0648-BE08,0648-BF18,0648-BI54",{5},1,{5},1.0
72,accountability standard,3037-AA00,{13},1,{13},1.0
73,accountable care organization,"0938-AQ22,0938-AS06,0938-AS67,0938-AT45",{1},1,{1},1.0
74,accounting and financial reporting,"1902-AC68,1902-AE38",{6},1,{6},1.0
75,accounting and reporting requirement,"1902-AD23,3052-AB63,3052-AC11,3052-AC68,3052-AC76","{6, 7}",2,"{6, 7}",2.0
76,accounting change,1545-AV93,{7},1,{7},1.0
77,accounting firm,0750-AK47,{2},1,{8},1.0
78,accounting guide,9000-AG79,,0,,0.0
79,accounting method,"1545-AV19,1545-AV20,1545-AX21",{7},1,{7},1.0
80,accounting period,"1545-BN62,1545-BO65,1545-BO66",{7},1,{7},1.0
81,accounting policy,"0938-AD01,0938-AH61,3235-AG42","{8, 1}",2,"{8, 1}",2.0
82,accounting practice,"0348-AB78,3211-AA04",{11},1,{8},1.0
83,accounting principle,1550-AC36,{7},1,{7},1.0
84,accounting regulation,1545-BC07,{7},1,{7},1.0
85,accounting relief,1010-AC30,{5},1,{5},1.0
86,accounting requirement,"0572-AB10,0572-AB36,0572-AB77,0572-AC08,2506-AC39,3052-AC35,3060-AH43,3060-AH76,3060-AH77","{9, 11, 13, 7}",4,"{9, 11, 13, 7}",4.0
87,accounting system,0750-AC96,{2},1,{8},1.0
88,accounting treatment,3235-AF94,{8},1,{8},1.0
89,accredit investor,"3235-AK21,3235-AK90",{8},1,{8},1.0
90,accreditation body,0910-AE34,{1},1,{1},1.0
91,accreditation organization,0938-AK36,{1},1,{1},1.0
92,accreditation requirement,1400-AD45,{14},1,{14},1.0
93,accrediting agency,"1840-AD00,1845-AA09",{10},1,{10},1.0
94,accrediting body,0910-AE27,{1},1,{1},1.0
95,accrediting organization,"0938-AN62,0938-AT83,0938-AT84",{1},1,{1},1.0
96,accrual basis,0938-AH61,{1},1,{1},1.0
97,accrual period,1545-AU95,{7},1,{7},1.0
98,accrue interest,2502-AI66,{13},1,{13},1.0
99,accuracy relate penalty,"1545-AS24,1545-AT13,1545-BF40,1545-BF41",{7},1,{7},1.0
100,accurate record,1218-AC84,{4},1,,0.0
101,acid rain program,"2060-AF43,2060-AF44,2060-AF45,2060-AF46,2060-AF47,2060-AF58,2060-AG41,2060-AG46,2060-AG75,2060-AH36,2060-AH64,2060-AH97,2060-AI27,2060-AJ43,2060-AM99,2060-AN16",{5},1,{5},1.0
102,acquire business,3235-AL77,{8},1,{8},1.0
103,acquire property,"0560-AE65,0560-AE69",{9},1,,0.0
104,acquisition plan,"0750-AD40,0750-AE53",{2},1,{2},1.0
105,acquisition planning,"0750-AE92,2700-AC91","{2, 10}",2,"{2, 10}",2.0
106,acquisition procedure,1093-AA13,{5},1,{5},1.0
107,acquisition process,3245-AG20,{8},1,{8},1.0
108,acquisition regulation,"0412-AA29,0917-AA18,1090-AB03,1990-AA27,1990-AA37,1991-AB20,1991-AB39,1991-AB40,1991-AB44,1991-AB54,1991-AB99,2030-AA65,2030-AA67,2105-AC32,3206-AF95,3206-AH14","{1, 3, 5, 6, 14}",5,"{1, 3, 5, 6, 14}",5.0
109,acquisition strategy,0750-AG61,{2},1,{2},1.0
110,acquisition vehicle,9000-AJ30,,0,,0.0
111,acreage allotment,0560-AG51,{9},1,{9},1.0
112,acreage limitation,"1006-AA32,1006-AA43",{5},1,{5},1.0
113,act bond,9000-AG99,,0,,0.0
114,act implementation,2590-AA29,{7},1,{7},1.0
115,act regulation,"0605-AA39,0651-AD17,2120-AG19,3041-AD75,3137-AA28","{8, 1, 10, 3}",4,"{8, 1, 10, 3}",4.0
116,act rule,3235-AG69,{8},1,{8},1.0
117,active conduct,1545-AY20,{7},1,{7},1.0
118,active duty,"0720-AB46,0790-AJ24,0790-AJ88,2900-AH25,2900-AI55,2900-AI63,2900-AI90,2900-AJ69,2900-AJ70,2900-AJ89,2900-AK06,2900-AK44,2900-AL01,2900-AL17,2900-AM08","{1, 2, 13}",3,"{1, 2, 13}",3.0
119,active ingredient,"0910-AF89,0910-AF95",{1},1,{1},1.0
120,active military,"2900-AK20,2900-AM39",{13},1,{13},1.0
121,active mode,"1904-AC02,1904-AC26",{6},1,{6},1.0
122,active service,"2900-AH58,2900-AL90,2900-AP19,2900-AP86",{13},1,{13},1.0
123,active sonar,"0648-AM62,0648-AT80,0648-BB14,0648-BG35,0648-BI42",{5},1,{5},1.0
124,active trade,1545-BN47,{7},1,{7},1.0
125,actual charge,0938-AH50,{1},1,{1},1.0
126,actual performance,0750-AI47,{2},1,{2},1.0
127,actuarial service,"1545-BC82,1545-BG88",{7},1,{7},1.0
128,actuarial table,"1545-BH67,1545-BH96,1545-BI56,1545-BP00,1545-BP06",{7},1,{7},1.0
129,actuarial value,0938-AR03,{1},1,{1},1.0
130,acute care hospital,"0938-AP80,0938-AQ03,0938-AQ24,0938-AS11,0938-AS41,0938-AS77,0938-AS98,0938-AT27,0938-AT73,0938-AU11",{1},1,{1},1.0
131,ada regulation,3046-AA70,{4},1,{4},1.0
132,adam walsh child protection and safety act,"1105-AB19,1105-AB24",{12},1,{12},1.0
133,adapt regulation,3038-AD53,{7},1,{7},1.0
134,adaptive management,0648-AY98,{5},1,{5},1.0
135,addictive potential,0720-AB54,{1},1,{1},1.0
136,additional application,"0938-AJ32,0938-AJ79",{1},1,{1},1.0
137,additional authority,"2125-AF66,2132-AB21",{3},1,{3},1.0
138,additional authorization,1115-AF43,{2},1,{2},1.0
139,additional benefit,0938-AL49,{1},1,{1},1.0
140,additional compensation,2900-AP18,{13},1,{13},1.0
141,additional condition,"0910-AA96,0910-AD52,0910-AH62,3038-AC71","{1, 7}",2,"{1, 7}",2.0
142,additional criterion,0910-AC22,{1},1,{1},1.0
143,additional evidence,"1115-AD70,2900-AG90","{2, 13}",2,"{2, 13}",2.0
144,additional exception,0648-AU10,{5},1,{5},1.0
145,additional export,0694-AH90,{8},1,{8},1.0
146,additional extension,2060-AS29,{5},1,{5},1.0
147,additional federal funding,0938-AI78,{1},1,{1},1.0
148,additional guidance,"1545-BC48,1545-BG28,1545-BG29,1545-BL85",{7},1,{7},1.0
149,additional improvement,0694-AG51,{8},1,{8},1.0
150,additional information,"0651-AC49,1512-AB80","{8, 1}",2,"{8, 1}",2.0
151,additional limitation,1545-BN24,{7},1,{7},1.0
152,additional measure,0648-AK29,{5},1,{5},1.0
153,additional method,"1400-AD00,2040-AD90","{5, 14}",2,"{5, 14}",2.0
154,additional opportunity,2900-AK81,{13},1,{13},1.0
155,additional party,3150-AF93,{6},1,{6},1.0
156,additional protection,"0925-AA14,0937-AA09,0940-AA02,0940-AA11",{1},1,{1},1.0
157,additional protocol,"0694-AD27,3150-AH38","{8, 6}",2,"{8, 6}",2.0
158,additional provision,"2040-AF85,2060-AS01",{5},1,{5},1.0
159,additional remedy,2132-AB09,{3},1,{3},1.0
160,additional requirement,"0905-AE70,1545-BJ53,1545-BK57,2900-AJ02,3038-AD36,9000-AL08,9000-AL50","{1, 13, 7}",3,"{1, 13, 7}",3.0
161,additional restriction,"0579-AB41,0648-AP84","{1, 5}",2,"{1, 5}",2.0
162,additional revision,0694-AF72,{8},1,{8},1.0
163,additional rule,"1545-BI16,1545-BI55,1545-BN23,1545-BN50",{7},1,{7},1.0
164,additional safeguard,"0910-AC07,0910-AG71",{1},1,{1},1.0
165,additional safety measure,"1010-AD72,1014-AA03",{5},1,{5},1.0
166,additional screening,0938-AQ20,{1},1,{1},1.0
167,additional security check,"1115-AG82,1615-AA84",{2},1,{2},1.0
168,additional service,0750-AJ89,{2},1,{2},1.0
169,additional source,"2060-AQ00,2060-AR23",{5},1,{5},1.0
170,additional spectrum,3060-AJ25,{11},1,{11},1.0
171,additional station,0703-AB04,{2},1,{2},1.0
172,additional tax,"1545-BG39,1545-BG40",{7},1,{7},1.0
173,address change,"1400-AD75,3150-AF71,3150-AF72","{14, 6}",2,"{14, 6}",2.0
174,address correction,"1076-AE30,1545-AX51,2125-AF30","{3, 7}",2,"{3, 7}",2.0
175,address notification,"1115-AG61,1653-AA15",{2},1,{2},1.0
176,address ozone,2060-AS54,{5},1,{5},1.0
177,address update,"1076-AF41,2137-AE29",{3},1,{3},1.0
178,adequate and well control study,0910-AB01,{1},1,{1},1.0
179,adequate disclosure,1545-AW20,{7},1,{7},1.0
180,adequate fire,"1601-AA32,1660-AA49",{2},1,{2},1.0
181,adequate yearly progress,1810-AB40,{10},1,,0.0
182,adjudication officer,"0960-AE06,0960-AE55",{13},1,{13},1.0
183,adjudicatory proceeding,"1550-AB44,1550-AB95,1550-AB96,1550-AC27,1557-AE14,1557-AE26,3038-AC50,3072-AC62","{3, 7}",2,"{3, 7}",2.0
184,adjudicatory process,3150-AG49,{6},1,{6},1.0
185,adjust net capital requirement,3038-AC73,{7},1,{7},1.0
186,adjustable rate mortgage,"1550-AA90,2502-AH84,2502-AI26","{13, 7}",2,"{13, 7}",2.0
187,adjustable seat,2127-AG24,{3},1,{3},1.0
188,adjusted income,2501-AC72,{13},1,{13},1.0
189,adjustment assistance,0610-AA57,{8},1,{8},1.0
190,adjustment notice,1550-AB12,{7},1,{7},1.0
191,administration cost,2127-AG09,{3},1,{3},1.0
192,administration fee,"0960-AE82,0960-AE87",{13},1,{13},1.0
193,administration procedure,2700-AE12,{10},1,{10},1.0
194,administration regulation,"0694-AF75,3245-AC20",{8},1,,0.0
195,administrative action,"0584-AE63,0694-AC47,1035-AA03,1076-AD50,1076-AE21,1076-AE48,1076-AF04,1076-AF05","{8, 1, 7}",3,"{8, 1, 7}",3.0
196,administrative amendment,"1991-AB58,2590-AA96","{6, 7}",2,"{6, 7}",2.0
197,administrative appeal,2900-AF62,{13},1,{13},1.0
198,administrative application,1115-AD78,{2},1,{2},1.0
199,administrative change,"0412-AA77,0572-AC37,0648-AK62,0648-BG28,1510-AB31,1513-AA76,1513-AA80,1513-AB06,2030-AA82,2060-AE70,2700-AD31,2700-AD36,2900-AH27,3150-AH62,3150-AI18,3150-AI39,3150-AI41,3150-AI46,3150-AI69,3150-AI73,9000-AK96","{1, 5, 6, 7, 9, 10, 13, 14}",8,"{1, 5, 6, 7, 9, 10, 13, 14}",8.0
200,administrative claim,"0701-AA79,1290-AA13,1652-AA19,3206-AI70,3212-AA09","{2, 4, 5}",3,"{2, 4, 5}",3.0
201,administrative control,1653-AA46,{2},1,{2},1.0
202,administrative cost,"0648-AY81,0750-AI96,0970-AB76,0970-AC14,1006-AA39,1545-AX46,3220-AB48,9000-AN21","{1, 2, 5, 7, 13}",5,"{1, 2, 5, 7, 13}",5.0
203,administrative decision,1615-AA71,{2},1,{2},1.0
204,administrative detention,"0910-AC38,0910-AG67",{1},1,{1},1.0
205,administrative determination,1902-AB00,{6},1,{6},1.0
206,administrative enforcement proceeding,"0694-AC16,0694-AE68",{8},1,{8},1.0
207,administrative error,"2900-AH19,2900-AJ70,3206-AN89",{13},1,{13},1.0
208,administrative exemption,"1515-AB53,1515-AE09","{8, 2}",2,"{8, 2}",2.0
209,administrative expense,"0906-AA65,1212-AA65,3052-AB83,3052-AC27,3052-AD30","{1, 13, 7}",3,"{1, 13, 7}",3.0
210,administrative fee,"3141-AA16,3245-AG65",{8},1,{8},1.0
211,administrative function,0920-AA55,{1},1,{1},1.0
212,administrative fund,0584-AD33,{1},1,{1},1.0
213,administrative guideline,"0599-AA06,2506-AB74,2577-AB53","{9, 13}",2,"{9, 13}",2.0
214,administrative hearing,"1125-AA17,1290-AA26,1505-AA59","{2, 4, 7}",3,"{2, 4, 7}",3.0
215,administrative issuance,0596-AC65,{5},1,{5},1.0
216,administrative law judge,"0960-AD54,0960-AE97,0960-AG52,0960-AG61,0960-AH58,0960-AH67,0960-AH75,0960-AH96,0960-AI02,0991-AB45,1125-AA17,1290-AA20,1290-AA26,1290-AA36,3206-AI08,3206-AN72","{1, 2, 4, 13}",4,"{1, 2, 4, 13}",4.0
217,administrative leave,3206-AN59,,0,,0.0
218,administrative matter,"0750-AE77,3090-AI72",{2},1,{2},1.0
219,administrative measure,1205-AB19,{4},1,,0.0
220,administrative personnel,3090-AH50,,0,,0.0
221,administrative practice,0910-AB14,{1},1,{1},1.0
222,administrative procedure,"0910-AA08,0910-AG14,0960-AF20,0960-AG09,1018-AD92,1901-AA19,1901-AA25,1901-AA93,1901-AB31,2137-AE29","{1, 3, 5, 6, 13}",5,"{1, 3, 5, 6, 13}",5.0
223,administrative proceeding,"0648-AS54,1625-AA59,1625-AB54,2115-AF59,2126-AA63","{2, 3, 5}",3,"{2, 3, 5}",3.0
224,administrative process,"1651-AA58,2501-AC45,2501-AC58,2502-AH44,2502-AI43","{2, 13}",2,"{2, 13}",2.0
225,administrative provision,"0524-AA02,0524-AA03,0524-AA09,0524-AA15,0524-AA26,0524-AA27,0524-AA28,0524-AA45,0524-AA54,0524-AA56,0524-AA57,0560-AE73,0560-AE75,0560-AE77,0560-AE79,1018-AF60","{9, 10, 5}",3,"{9, 10, 5}",3.0
226,administrative record,0910-AC03,{1},1,{1},1.0
227,administrative regulation,"2502-AJ36,2506-AC38,2577-AC94",{13},1,,0.0
228,administrative remedy,"0563-AB73,1004-AE61","{9, 5}",2,"{9, 5}",2.0
229,administrative requirement,"0412-AA36,0505-AA10,0581-AC25,0605-AA11,0991-AA92,1018-AG60,1018-AI10,1018-AV99,1018-AY57,1018-BA51,1018-BB84,1018-BB85,1018-BB86,1018-BC68,1090-AA62,1121-AA45,1291-AA25,1400-AA87,1890-AA04,1991-AB57,1991-AC02,2030-AA54,2501-AC39,2501-AC43,2577-AC92,2900-AJ00,3045-AA14,3090-AG59,3095-AA78,3116-AA13,3136-AA23,3137-AA09,3145-AA35","{1, 4, 5, 6, 8, 9, 10, 12, 13, 14}",10,"{1, 4, 5, 6, 8, 9, 10, 12, 13, 14}",10.0
230,administrative review,"0584-AE30,1212-AA97,1212-AB35,1545-BF21,1545-BF22","{1, 13, 7}",3,"{1, 13, 7}",3.0
231,administrative revision,3037-AA11,{13},1,{13},1.0
232,administrative rewrite,"2127-AG87,2127-AH37,2127-AJ75",{3},1,{3},1.0
233,administrative rule,0960-AI22,{13},1,,0.0
234,administrative rulemaking,2105-AE84,{3},1,{3},1.0
235,administrative ruling,"1505-AB65,1515-AC37,1515-AC56,1515-AD58","{8, 2, 7}",3,"{8, 2, 7}",3.0
236,administrative safeguard,"1120-AA40,1120-AA83",{12},1,{12},1.0
237,administrative sanction,"0584-AD18,0584-AD78",{1},1,{1},1.0
238,administrative simplification,"0938-AI32,0938-AQ11,0938-AQ12,0938-AQ13,0938-AQ85,0938-AR01,0938-AS31,0938-AT42,0938-AT52,0938-AU19,1545-BB47","{1, 7}",2,"{1, 7}",2.0
239,administrative site,1018-AZ88,{5},1,{5},1.0
240,administratively uncontrollable overtime,3206-AN63,,0,,0.0
241,adminstrative detention,0910-AI05,{1},1,{1},1.0
242,admission policy,0790-AJ91,{2},1,{2},1.0
243,admission preference,2501-AC38,{13},1,{13},1.0
244,adopt child,"1545-AV08,1545-AV09",{7},1,{7},1.0
245,adopt standard,0938-AO42,{1},1,{1},1.0
246,adoption fee,1004-AC61,{5},1,{5},1.0
247,adoption proceeding,0790-AJ97,{2},1,{2},1.0
248,adult day health care,2900-AJ74,{13},1,{13},1.0
249,adult education,"1830-AA15,1830-AA17",{10},1,{10},1.0
250,adult requirement,0991-AC09,{1},1,{1},1.0
251,advance construction,2125-AF23,{3},1,{3},1.0
252,advance directive,"0938-AF50,2900-AQ16","{1, 13}",2,"{1, 13}",2.0
253,advance disclosure,2501-AC04,{13},1,{13},1.0
254,advance information,1651-AA41,{2},1,{2},1.0
255,advance notice,"0648-AI14,0648-AL87,0648-AN38,1018-AG57,2115-AF19,2115-AF54,2140-AA42,2501-AD80,2502-AJ44,2502-AJ47","{13, 2, 3, 5}",4,"{13, 2, 3, 5}",4.0
256,advance notification,"2700-AC13,3150-AG41","{10, 6}",2,"{10, 6}",2.0
257,advance payment,"0938-AJ45,1545-AX36,1545-BN62,1545-BO66,2700-AB87,9000-AI74","{1, 10, 7}",3,"{1, 10, 7}",3.0
258,advance refunding,0938-AI75,{1},1,{1},1.0
259,advance regulation,"3069-AA83,3069-AA94,3069-AA97",{7},1,{7},1.0
260,advanced air bag,"2127-AG70,2127-AI10",{3},1,{3},1.0
261,advanced approach,"7100-AD89,7100-AE17,7100-AE24",{7},1,{7},1.0
262,advanced biofuel,0570-AA75,{9},1,{9},1.0
263,advanced boiling water reactor,3150-AE87,{6},1,{6},1.0
264,advanced construction,2125-AD59,{3},1,{3},1.0
265,advanced education,0906-AA47,{1},1,{1},1.0
266,advanced medical technology,3060-AI76,{11},1,,0.0
267,advanced method,3060-AK62,{11},1,{11},1.0
268,advanced micro device,"0694-AE87,0694-AG91",{8},1,{8},1.0
269,advanced notice,"0648-AI12,0648-AX66",{5},1,{5},1.0
270,advanced payment,2900-AI31,{13},1,{13},1.0
271,advanced practice register nurse,2900-AP44,{13},1,{13},1.0
272,advanced processing,1615-AA87,{2},1,{2},1.0
273,advanced reactor,3150-AK19,{6},1,{6},1.0
274,advanced service,3060-AJ15,{11},1,,0.0
275,advanced technology,"2125-AD65,2126-AA16",{3},1,,0.0
276,advanced telecommunication capability,"3060-AH03,3060-AH05",{11},1,{11},1.0
277,advanced wireless service,"3060-AJ19,3060-AJ20,3060-AJ73,3060-AJ86",{11},1,{11},1.0
278,adverse action,"0938-AR83,3206-AL30,3206-AL39,3206-AM26,3206-AM94,3206-AM95,3206-AN60,3206-AN61",{1},1,{1},1.0
279,adverse credit,1840-AD17,{10},1,{10},1.0
280,adverse drug experience,0910-AI30,{1},1,{1},1.0
281,adverse environmental impact,"2040-AC34,2040-AD62,2040-AD70,2040-AD85",{5},1,{5},1.0
282,adverse event,0910-AC35,{1},1,{1},1.0
283,adverse impact,0596-AD27,{5},1,,0.0
284,adverse information,"0906-AA37,0906-AA41,0906-AA42,0906-AA43,0906-AA48,0906-AA51,0906-AA57,0906-AA96",{1},1,{1},1.0
285,adverse reaction,0910-AD18,{1},1,{1},1.0
286,advertising cost,0938-AI76,{1},1,{1},1.0
287,advertising regulation,1513-AB54,{1},1,{1},1.0
288,advisers act,"3235-AJ25,3235-AM03,3235-AM08",{8},1,{8},1.0
289,advisory and assistance service,0750-AE61,{2},1,{2},1.0
290,advisory committee,"0960-AG07,1004-AD26,1218-AC04,2105-AE22","{5, 3, 4, 13}",4,"{5, 3, 4, 13}",4.0
291,advisory contract,3235-AF57,{8},1,{8},1.0
292,advisory council,3010-AA07,{10},1,,0.0
293,advisory note,0694-AD39,{8},1,{8},1.0
294,advisory opinion,"0694-AE94,0910-AB14,0938-AI38,0991-AA85,0991-AA94,0991-AB43,3142-AA06","{8, 1, 4}",3,"{8, 1, 4}",3.0
295,advisory vote,3052-AD00,{7},1,{7},1.0
296,aerosol cans,2050-AG92,{5},1,{5},1.0
297,aerosol product,0910-AB10,{1},1,{1},1.0
298,aerospace manufacturing,"2060-AK08,2060-AQ99,2060-AS99",{5},1,{5},1.0
299,afdc recipient,1205-AB12,{4},1,{4},1.0
300,affect area,1029-AB76,{5},1,{5},1.0
301,affect broker dealer,3235-AJ97,{8},1,{8},1.0
302,affect state,1010-AC74,{5},1,{5},1.0
303,affiliate personnel,0790-AI79,{2},1,{2},1.0
304,affiliate sharing,3038-AD12,{7},1,{7},1.0
305,affiliate transaction,1902-AD37,{6},1,{6},1.0
306,affiliated group,1545-AC58,{7},1,{7},1.0
307,affirmative action,"0750-AC38,0750-AC50,0750-AC54,3046-AA94,9000-AH59,9000-AM76","{2, 4}",2,"{2, 4}",2.0
308,affirmative fair housing marketing,2529-AA87,{13},1,{13},1.0
309,affordable care act,"0938-AQ62,0938-AQ66,0938-AQ74,0938-AQ80,0938-AR04,0938-AR41,0938-AR42,0938-AR77,0938-AS32,0938-AS74,0938-AT20,0938-AT46,0938-AT54,0950-AA01,0950-AA02,0950-AA09,0950-AA17,0991-AB75,1210-AB43,1210-AB52,1210-AB56,1210-AB61,1210-AB67,1210-AB72,1210-AB83,1210-AB84,1218-AC55,1218-AC79,1545-BL50,1545-BM37,1545-BM38,1545-BM39,1545-BN91,1545-BN92,1545-BO46,3206-AM46","{1, 4, 7}",3,"{1, 4, 7}",3.0
310,affordable housing program,"2501-AB12,2506-AB76,3069-AA28,3069-AA38,3069-AB26","{13, 7}",2,"{13, 7}",2.0
311,afghanistan reconstruction,3460-AA01,{14},1,{14},1.0
312,african elephant,1018-AX84,{5},1,{5},1.0
313,african growth and opportunity act,"0350-AA07,1505-AB26,1505-AB38,1515-AC72,1515-AD20,1515-AD47,1515-AD50","{8, 2, 7}",3,"{8, 2, 7}",3.0
314,age 60 rule,2120-AF96,{3},1,{3},1.0
315,age aircraft,2120-AD43,{3},1,{3},1.0
316,age band,3206-AJ46,,0,,0.0
317,age discrimination,"2105-AA45,3046-AA54,3046-AA59,3046-AA64,3046-AA76,3046-AA78,3046-AA87,3046-AB07","{3, 4}",2,"{3, 4}",2.0
318,age requirement,1115-AE86,{2},1,{2},1.0
319,agency action,3133-AC77,{7},1,{7},1.0
320,agency agreement,2133-AB73,{3},1,{3},1.0
321,agency authority,3206-AK65,,0,,0.0
322,agency decision,1212-AA97,{13},1,{13},1.0
323,agency determination,3206-AH50,,0,,0.0
324,agency employee,1990-AA47,{6},1,,0.0
325,agency evaluation,0584-AD72,{1},1,{1},1.0
326,agency funding,3206-AH25,,0,,0.0
327,agency guidance,0348-AB82,,0,,0.0
328,agency hearing,3150-AH74,{6},1,{6},1.0
329,agency implementation,1991-AB38,{6},1,{6},1.0
330,agency information,3137-AA20,{10},1,,0.0
331,agency interpretation,2900-AP38,{13},1,{13},1.0
332,agency name,"0625-AA97,0625-AA98,0625-AA99,0625-AB00,0938-AL02","{8, 1}",2,"{8, 1}",2.0
333,agency need,"0750-AE99,2900-AP81","{2, 13}",2,"{2, 13}",2.0
334,agency office,"0750-AG97,1550-AB80","{2, 7}",2,"{2, 7}",2.0
335,agency organization,0583-AC78,{1},1,{1},1.0
336,agency practice,1218-AC95,{4},1,,0.0
337,agency proceeding,"0960-AE46,0990-AA02,0991-AB22,1094-AA48,2700-AC00","{1, 5, 10, 13}",4,"{1, 5, 10, 13}",4.0
338,agency protest,1601-AA50,{2},1,{2},1.0
339,agency regulation,3015-AA00,{14},1,,0.0
340,agency relationship,"3206-AG38,3206-AH72",,0,,0.0
341,agency reorganization,"2137-AD77,3064-AC56,3133-AE81","{3, 7}",2,"{3, 7}",2.0
342,agency report,3145-AA45,{10},1,,0.0
343,agency requirement,"3090-AH04,3090-AJ37",,0,,0.0
344,agency response,2040-AE59,{5},1,{5},1.0
345,agency rule,"2126-AB38,2126-AB82",{3},1,,0.0
346,agency seal,3225-AA05,{12},1,{12},1.0
347,agency use,"3206-AI93,3206-AJ77,3206-AL36",,0,,0.0
348,agent rule,3235-AG24,{8},1,{8},1.0
349,aggravate felony,1115-AD76,{2},1,{2},1.0
350,aggravated felony,"1115-AC60,1115-AE49,1115-AE69",{2},1,{2},1.0
351,agreement minute,3072-AC23,{3},1,{3},1.0
352,agreement regulation,"0790-AG28,0790-AG87,0790-AH75,0790-AJ25,0790-AJ50",{2},1,{2},1.0
353,agreement state,"1117-AB38,3150-AF49","{1, 6}",2,"{1, 6}",2.0
354,agricultural chemical,2060-AE84,{5},1,{5},1.0
355,agricultural commodity,"0551-AA36,0551-AA38,0551-AA42,0551-AA43,0551-AA54,0551-AA56,0551-AA57,0560-AH10,0694-AC37,1215-AB11,2126-AB58,2126-AC24,3038-AB23,3038-AD15,3038-AD23","{3, 4, 7, 8, 9}",5,"{3, 4, 7, 8, 9}",5.0
356,agricultural equipment,2127-AL28,{3},1,{3},1.0
357,agricultural facility,1018-BD74,{5},1,{5},1.0
358,agricultural laborer,1400-AB01,{14},1,{14},1.0
359,agricultural marketing act,"0580-AB29,0581-AB90","{1, 9}",2,"{1, 9}",2.0
360,agricultural producer,3038-AB79,{7},1,{7},1.0
361,agricultural product,2140-AB35,{3},1,{9},1.0
362,agricultural research,0524-AA54,{9},1,{9},1.0
363,agricultural swap,3038-AD21,{7},1,{7},1.0
364,agriculture improvement act,"0584-AE66,0584-AE73,1117-AB53",{1},1,{1},1.0
365,aid regulation,0412-AA34,{14},1,{14},1.0
366,aids program,2506-AB78,{13},1,{13},1.0
367,air and sea port,"1601-AA34,1650-AA04",{2},1,{2},1.0
368,air bag,"2127-AF30,2127-AG59,2127-AG60,2127-AG61,2127-AH12,2127-AH13,2127-AH24,2127-AH25",{3},1,{3},1.0
369,air brake system,"2127-AF63,2127-AF97,2127-AG31,2127-AK62,2127-AK84,2127-AL11",{3},1,{3},1.0
370,air card,0750-AF42,{2},1,{2},1.0
371,air cargo carrier,1545-AT30,{7},1,{7},1.0
372,air carrier,"2105-AC54,2105-AD04,2105-AD06,2105-AD27,2120-AH43,2120-AH60",{3},1,{3},1.0
373,air conditioning,"1904-AB06,1904-AB83,1904-AC47,1904-AD23,2060-AS04","{5, 6}",2,"{5, 6}",2.0
374,air contaminant,1218-AB54,{4},1,{4},1.0
375,air emission,"2050-AH00,2060-AM26,2060-AT96,2060-AU45",{5},1,{5},1.0
376,air pollutant,2060-AM96,{5},1,{5},1.0
377,air pollution,"2060-AF50,2060-AF76,2060-AH50,2060-AI12,2060-AI17,2060-AI36,2060-AJ54,2060-AJ71,2060-AJ72,2060-AJ98,2060-AK27,2060-AK55,2060-AK63,2060-AL92,2060-AM17,2060-AM32,2060-AN19,2060-AN68,2060-AO82,2060-AO88,2060-AQ86,2060-AR91,2060-AS31,2060-AT26,2060-AU41",{5},1,{5},1.0
378,air port,1651-AA66,{2},1,{2},1.0
379,air quality,"1219-AA48,2060-AH01,2060-AK37,2060-AN34,2060-AO17,2060-AQ38,2060-AQ97,2060-AR65,2060-AR67,2060-AR70,2060-AR92,2060-AR93,2060-AR94,2060-AS87,2060-AT52,2060-AT87","{4, 5}",2,"{4, 5}",2.0
380,air reception device,3060-AG24,{11},1,{11},1.0
381,air release,"2050-AG37,2050-AG66",{5},1,{5},1.0
382,air service,"2900-AK20,2900-AM39",{13},1,,0.0
383,air tour operation,"2120-AG44,2120-AG73,2120-AH02",{3},1,{3},1.0
384,air traffic,"0790-AI06,0790-AK83,2120-AH25,2120-AI04,2120-AI11","{2, 3}",2,"{2, 3}",2.0
385,air transport,"2105-AD48,2120-AH69",{3},1,{3},1.0
386,air transportation,3245-AF29,{8},1,{3},1.0
387,air travel,"2105-AB60,2105-AB61,2105-AB62,2105-AC77,2105-AC81,2105-AC97,2105-AD41,2105-AE37",{3},1,{3},1.0
388,air traveler,"2105-AA45,2105-AE83",{3},1,{3},1.0
389,aircraft dispatcher,"2120-AG04,2120-AJ00,2120-AK95",{3},1,{3},1.0
390,aircraft engine,"2060-AF50,2060-AK01,2060-AO70,2060-AT26,2120-AB76,2120-AD21,2120-AK15","{3, 5}",2,"{3, 5}",2.0
391,aircraft impact,3150-AI19,{6},1,{6},1.0
392,aircraft landing,1515-AD10,{2},1,{2},1.0
393,aircraft operation,"1024-AC23,2120-AG34","{3, 5}",2,"{3, 5}",2.0
394,aircraft operator,1652-AA09,{2},1,{2},1.0
395,aircraft part,"2120-AD40,2120-AG08",{3},1,{3},1.0
396,aircraft registration,"2120-AC17,2120-AI89,2120-AK37,2120-AL45",{3},1,{3},1.0
397,airfare advertising,2105-AE91,{3},1,{3},1.0
398,airline delay,2139-AA09,{3},1,{3},1.0
399,airline deregulation,"1205-AA07,1205-AB17",{4},1,{3},1.0
400,airline passenger,2105-AE45,{3},1,{3},1.0
401,airline service,2105-AC56,{3},1,{3},1.0
402,airline transport pilot certificate,2120-AL23,{3},1,{3},1.0
403,airman certificate,2120-AH84,{3},1,{3},1.0
404,airplane flight manual,2120-AH32,{3},1,{3},1.0
405,airplane operation,2120-AE83,{3},1,{3},1.0
406,airplane performance,2120-AI14,{3},1,{3},1.0
407,airplane system,2120-AI31,{3},1,{3},1.0
408,airport concession,"2105-AB99,2105-AC76,2105-AD51",{3},1,{3},1.0
409,airport delay,2120-AB42,{3},1,{3},1.0
410,airport landing fee,2105-AB63,{3},1,{3},1.0
411,airport noise compatibility planning,"2120-AE64,2120-AI37",{3},1,{3},1.0
412,airport revenue,2120-AG01,{3},1,{3},1.0
413,airport safety,2050-AE91,{5},1,{5},1.0
414,airport security,2120-AD46,{3},1,{3},1.0
415,airport worker,1652-AA06,{2},1,{2},1.0
416,airworthiness certification,2120-AK04,{3},1,{3},1.0
417,airworthiness directive,"2120-AA64,2120-AH17",{3},1,{3},1.0
418,airworthiness standard,"2120-AA57,2120-AB36,2120-AB91,2120-AD21,2120-AD27,2120-AE59,2120-AE60,2120-AE61,2120-AE62,2120-AE87,2120-AF57,2120-AG86,2120-AH47,2120-AH80,2120-AI73,2120-AI74,2120-AI95,2120-AJ05,2120-AJ06,2120-AK13,2120-AK29,2120-AK65",{3},1,{3},1.0
419,alameda whipsnake,"1018-AF98,1018-AT93",{5},1,{5},1.0
420,alarm monitoring service,3060-AG44,{11},1,{11},1.0
421,alaska fisheries,0648-AU93,{5},1,{5},1.0
422,alaska national wildlife refuge,1018-AX56,{5},1,{5},1.0
423,alaska natural gas transportation system,"1091-AA04,1990-AA25","{5, 6}",2,"{5, 6}",2.0
424,alaskan native,"0648-AM57,0917-AA07","{1, 5}",2,"{1, 5}",2.0
425,albacore tuna,0648-AU78,{5},1,{5},1.0
426,alcohol and drug abuse,0790-AG34,{2},1,{2},1.0
427,alcohol beverage,"1512-AB97,1512-AC87,1513-AA09,1513-AA46,1513-AB16,1513-AB60",{1},1,{1},1.0
428,alcohol fuel,1545-BF17,{7},1,{7},1.0
429,alcohol misuse,"2132-AA53,2132-AA56,2132-AA71,2137-AC67,2137-AC95",{3},1,{3},1.0
430,alcohol rule,2126-AA58,{3},1,{3},1.0
431,alcohol testing,"2105-AB95,2115-AF02,2126-AC11,2130-AB31","{2, 3}",2,"{2, 3}",2.0
432,alcohol use,"2125-AD11,2125-AD46,2125-AE16",{3},1,{3},1.0
433,alcohol violation,2120-AH82,{3},1,{3},1.0
434,alcoholic beverage labeling act,1513-AC28,{1},1,{1},1.0
435,algorithmic trading,3235-AL69,{8},1,{8},1.0
436,alien child,1615-AA50,{2},1,{2},1.0
437,alien eligible,1615-AC15,{2},1,{2},1.0
438,alien ineligible,"1115-AG07,1615-AB01",{2},1,{2},1.0
439,alien order,1115-AF82,{2},1,{2},1.0
440,alien registration,1615-AB12,{2},1,{2},1.0
441,alien spouse,"0790-AH88,0790-AK26,1115-AE04,1615-AA03",{2},1,{2},1.0
442,alien student,1215-AA68,{4},1,{4},1.0
443,all act,1105-AB09,{12},1,,0.0
444,all agency,3090-AI79,,0,,0.0
445,all benefit,1212-AA91,{13},1,{13},1.0
446,all bird,0579-AA22,{1},1,{1},1.0
447,all child,1820-AB40,{10},1,{10},1.0
448,all department,2133-AB37,{3},1,{3},1.0
449,all fishery management plan,0648-AS66,{5},1,{5},1.0
450,all food,0584-AE09,{1},1,{1},1.0
451,all information,0960-AI15,{13},1,{13},1.0
452,all light vehicle,2127-AG35,{3},1,{3},1.0
453,all list security,3235-AH49,{8},1,{8},1.0
454,all patient,0938-AQ06,{1},1,{1},1.0
455,all program,3090-AH48,,0,,0.0
456,all refrigerant,2060-AF35,{5},1,{5},1.0
457,all terrain vehicle,"2060-AO35,3041-AC11,3041-AC28,3041-AC56,3041-AD04","{1, 5}",2,"{1, 5}",2.0
458,allege crime,0750-AH57,{2},1,{2},1.0
459,allege misconduct,0960-AD54,{13},1,{13},1.0
460,allege violation,1653-AA26,{2},1,{2},1.0
461,allocation formula,"0570-AA30,2125-AD30,2126-AA13,2506-AC43,2506-AC46","{9, 3, 13}",3,"{9, 3, 13}",3.0
462,allocation system,"0560-AH68,0694-AA02,0694-AD79,1901-AB28,3090-AH88,9000-AK93","{8, 9, 6}",3,"{8, 9, 6}",3.0
463,allowable cost,"3067-AC50,3067-AC59",{2},1,{2},1.0
464,allowable fee,2900-AP62,{13},1,{13},1.0
465,allowable length,1076-AF48,,0,,0.0
466,allowable level,0910-AF10,{1},1,{1},1.0
467,allowable percentage,0648-AQ44,{5},1,{5},1.0
468,allowable use,0906-AB07,{1},1,{1},1.0
469,allowance system,"2060-AH67,2060-AL90,2060-AO76,2060-AQ82,2060-AQ98,2060-AR04,2060-AU26",{5},1,{5},1.0
470,alternate compliance program,"1625-AA92,2115-AF74,2115-AG17",{2},1,{2},1.0
471,alternate use,"1010-AD30,1010-AD66",{5},1,{5},1.0
472,alternative application,1615-AB08,{2},1,{2},1.0
473,alternative approach,0910-AE24,{1},1,{1},1.0
474,alternative compliance,3038-AE87,{7},1,{7},1.0
475,alternative dispute resolution,"0750-AB79,0790-AI63,2105-AC94,3072-AC18","{2, 3}",2,"{2, 3}",2.0
476,alternative form,"1550-AB86,3038-AC04,3072-AB80,3206-AG16","{3, 7}",2,"{3, 7}",2.0
477,alternative fuel,"1545-BF17,1904-AA66,3084-AA57,3084-AA89,3084-AB21","{8, 6, 7}",3,"{8, 6, 7}",3.0
478,alternative language,0651-AC00,{8},1,{8},1.0
479,alternative mean,2120-AD66,{3},1,{3},1.0
480,alternative method,"1545-BF23,2120-AL13","{3, 7}",2,"{3, 7}",2.0
481,alternative mortgage transaction parity,3170-AA04,{7},1,{7},1.0
482,alternative option,2127-AM02,{3},1,{3},1.0
483,alternative payment model,0938-AS69,{1},1,{1},1.0
484,alternative procedure,"0910-AA16,3038-AB38","{1, 7}",2,"{1, 7}",2.0
485,alternative simplify credit,"1545-BH32,1545-BH33,1545-BL78,1545-BL79",{7},1,{7},1.0
486,alternative source,2115-AF98,{2},1,,0.0
487,alternative test method,2060-AP17,{5},1,{5},1.0
488,alternative trading system,"3235-AH41,3235-AM45",{8},1,{8},1.0
489,alternative use,1010-AD34,{5},1,{5},1.0
490,aluminum alloy,"2127-AF79,2137-AD78",{3},1,{3},1.0
491,aluminum cylinder,2137-AD78,{3},1,{3},1.0
492,aluminum foundry,2060-AP04,{5},1,{5},1.0
493,ambulance service,"0720-AA28,0938-AH13,0938-AI72,0938-AK30,0938-AL97,0938-AM44,0938-AN99,0938-AO11,0938-AO11,0938-AO39",{1},1,{1},1.0
494,ambulatory care,0720-AA20,{1},1,{1},1.0
495,ambulatory surgery center,0720-AB73,{1},1,{1},1.0
496,ambulatory surgery facility,0938-AI90,{1},1,{1},1.0
497,ambulatory surgical center,"0938-AH81,0938-AH83,0938-AL36,0938-AL80,0938-AM02,0938-AN23,0938-AO13,0938-AO71,0938-AO73",{1},1,{1},1.0
498,amend list,"1018-AF93,1018-AG42",{5},1,{5},1.0
499,amend procedure,1515-AC82,{2},1,{2},1.0
500,amend regulation,"0551-AA74,0581-AB75,0648-AH83,0648-AU75","{9, 5}",2,"{9, 5}",2.0
501,amend regulatory definition,2127-AJ13,{3},1,{3},1.0
502,amend return,1545-BN36,{7},1,{7},1.0
503,amend section,"1545-AO89,1545-BI89",{7},1,{7},1.0
504,amend standard,"0910-AE15,1512-AB96,1513-AA08",{1},1,{1},1.0
505,amendment correction,3041-AC16,{1},1,{1},1.0
506,amendment no,"3150-AG87,3150-AG88,3150-AG94,3150-AG97,3150-AH05,3150-AH13,3150-AJ47,3150-AJ50,3150-AJ62,3150-AJ63,3150-AJ77,3150-AJ86,3150-AK12,3150-AK20,3150-AK33,3150-AK35",{6},1,{6},1.0
507,amendment rule,0790-AJ38,{2},1,{2},1.0
508,america label,9000-AF40,,0,,0.0
509,american act,1090-AA66,{5},1,{5},1.0
510,american alligator,"1018-AC72,1018-AE15",{5},1,{5},1.0
511,american automobile labeling act,2127-AG18,{3},1,{3},1.0
512,american competitiveness,"1115-AG11,1615-AA55",{2},1,{2},1.0
513,american crocodile,1018-AI41,{5},1,{5},1.0
514,american eel,1018-AF09,{5},1,{5},1.0
515,american flag,0750-AI51,{2},1,{2},1.0
516,american ginseng,1018-AC55,{5},1,{5},1.0
517,american indian group,1076-AF18,,0,,0.0
518,american indian tribe,1094-AA54,{5},1,{5},1.0
519,american indians,"0917-AA07,0917-AA11,0985-AA01,1024-AC77,1024-AD62,1820-AB32,1820-AB63","{1, 10, 5}",3,"{1, 10, 5}",3.0
520,american lobster,"0648-AO88,0648-BF01",{5},1,{5},1.0
521,american make good,9000-AN99,,0,,0.0
522,american national standards institute,"2127-AH08,2529-AA88","{3, 13}",2,"{3, 13}",2.0
523,american osteopathic association,"0938-AJ66,0938-AK53,0938-AK84",{1},1,{1},1.0
524,american petroleum institute,2137-AE42,{3},1,{6},1.0
525,american recovery and reinvestment act,"0348-AB63,0938-AP70,1810-AB05,1810-AB06,3245-AF89,3245-AF90,3245-AF91,3245-AF93,3245-AF94,3245-AF95,9000-AL20,9000-AL21,9000-AL22,9000-AL24","{8, 1, 10}",3,"{8, 1, 10}",3.0
526,american requirement,"0572-AA73,0572-AC42,1090-AA59","{9, 5}",2,"{9, 5}",2.0
527,american shad,0648-AO34,{5},1,{5},1.0
528,american viticultural area,"1512-AA07,1512-AC70,1512-AC71,1512-AC72,1512-AC76,1513-AA33,1513-AA34,1513-AA35,1513-AA36,1513-AA63,1513-AA92,1513-AB57",{1},1,{1},1.0
529,american wines,"1512-AB80,1512-AC50,1512-AC79,1513-AA42,1513-AC24",{1},1,{1},1.0
530,americorps regulation,3045-AA41,{13},1,{13},1.0
531,ammonium nitrate,1140-AA27,{1},1,{1},1.0
532,amortization limit,3052-AC92,{7},1,{7},1.0
533,amyotrophic lateral sclerosis,"0960-AF95,2900-AN05,2900-AN60,2900-AP26",{13},1,{13},1.0
534,anabolic steroid control act,1117-AA95,{1},1,{1},1.0
535,analysis system,"0625-AA64,0625-AA82,0625-AA93,0625-AB09,0625-AB17",{8},1,{8},1.0
536,analyte specific reagent,0910-AF76,{1},1,{1},1.0
537,analytic method,"2040-AC77,2040-AC88,2040-AD29",{5},1,{5},1.0
538,analytical method,"2040-AD04,2040-AD30,2040-AD81,2040-AD81,2040-AE62,2040-AF00",{5},1,{5},1.0
539,analytical testing,0583-AD70,{1},1,{1},1.0
540,anchorage area,2115-AG02,{2},1,{2},1.0
541,ancillary service,"1902-AC51,1902-AE38,1902-AE85",{6},1,,0.0
542,anesthesia service,"0938-AK08,0938-AK95",{1},1,{1},1.0
543,anesthesiology device,0910-AC30,{1},1,{1},1.0
544,animal auction,0579-AA76,{1},1,{1},1.0
545,animal consumption,0910-AG67,{1},1,{1},1.0
546,animal drug,"0910-AA49,0910-AG28",{1},1,{1},1.0
547,animal fat,2050-AE64,{5},1,{5},1.0
548,animal feeding operation,2060-AM26,{5},1,{5},1.0
549,animal food,"0910-AA91,0910-AB90,0910-AF46,0910-AG08,0910-AG98",{1},1,{1},1.0
550,animal product,0579-AA71,{1},1,{1},1.0
551,animal waste,"2050-AG37,2050-AG66,2050-AH00",{5},1,{5},1.0
552,animal welfare,"0579-AA59,0579-AA76,0579-AA89,0579-AA94,0579-AB12,0579-AB24,0579-AB25,0579-AB39,0579-AB51,0579-AB69,0579-AB87,0579-AC02,0579-AC41,0579-AC75,0579-AD55,0579-AD57,0579-AD99,0579-AE35,0750-AI22","{1, 2}",2,"{1, 2}",2.0
553,annual accounting period,1545-AX15,{7},1,{7},1.0
554,annual adjustment,"0648-AS72,1004-AE01,2130-AB21,2130-AB30,3038-AE51,3038-AE58,3038-AE69,3038-AE82","{3, 5, 7}",3,"{3, 5, 7}",3.0
555,annual cap,0651-AD19,{8},1,{8},1.0
556,annual catch limit,"0648-AV60,0648-AY22,0648-AY93,0648-BA23,0648-BC51,0648-BD87,0648-BH10,0648-BH64,0648-BI54,0648-BI73",{5},1,{5},1.0
557,annual charge,"1902-AB92,1902-AC21,1902-AC33,1902-AC48,1902-AC66,1902-AC98,1902-AD24,1902-AD51,1902-AD59,1902-AE31,1902-AF13,1902-AF41,1902-AF62",{6},1,{6},1.0
558,annual deductible,"0938-AP00,0938-AP48,0938-AP81,0938-AQ16,0938-AR16,0938-AR58,0938-AR95,0938-AS34,0938-AS38,0938-AS72,0938-AT07,0938-AT35,0938-AT78,0938-AU16",{1},1,{1},1.0
559,annual disclosure,1210-AB68,{4},1,{4},1.0
560,annual earning report,0960-AE04,{13},1,{13},1.0
561,annual estimate,0648-AW55,{5},1,{5},1.0
562,annual fee,"0575-AC90,3141-AA18",{9},1,,0.0
563,annual financial report,"1215-AB29,1215-AB34,1215-AB62,1245-AA10,3038-AC38,3150-AH39","{4, 6, 7}",3,"{4, 6, 7}",3.0
564,annual independent audits,"3064-AC06,3064-AC91,3064-AD21",{7},1,{7},1.0
565,annual information return,1210-AB14,{4},1,{4},1.0
566,annual inspection,1010-AC16,{5},1,{5},1.0
567,annual inventory,"1140-AA09,1512-AC08",{1},1,{1},1.0
568,annual leave,"3206-AF38,3206-AL49",,0,,0.0
569,annual liability,1505-AB92,{7},1,{7},1.0
570,annual limit,"0651-AD39,0938-AS56,0991-AB69,1210-AB43,1210-AB72,1545-BJ57,1902-AC12,1902-AC35,1902-AC49,1902-AC61,1902-AD30,1902-AD55,1902-AD73,1902-AE28,1902-AF00","{1, 4, 6, 7, 8}",5,"{1, 4, 6, 7, 8}",5.0
571,annual limitation,1125-AA25,{2},1,{2},1.0
572,annual list,0648-AG77,{5},1,{5},1.0
573,annual performance,2577-AC74,{13},1,{13},1.0
574,annual rate,3206-AN52,,0,,0.0
575,annual renewal fee,"0570-AA34,1625-AB56","{9, 2}",2,"{9, 2}",2.0
576,annual report,"0579-AE54,1210-AB04,1293-AA07,1293-AA08,1293-AA16,1293-AA20,1400-AB14,1902-AB67,1902-AB87,1902-AC43,3038-AC34,3038-AD38,3052-AB94,3052-AC37,3235-AG05","{1, 4, 6, 7, 8, 14}",6,"{1, 4, 6, 7, 8, 14}",6.0
577,annual reporting,"0910-AI37,1140-AA51",{1},1,{1},1.0
578,annual review,"0694-AF01,0694-AF13,0694-AF22,1625-AB39,1625-AB48,1625-AC22,1625-AC34,1625-AC40,1625-AC49,1625-AC56","{8, 2}",2,"{8, 2}",2.0
579,annual stress test,"1557-AD58,1557-AD85,1557-AE28,3038-AD73,3064-AD91,3064-AE18,3064-AE84",{7},1,{7},1.0
580,annual survey,"0691-AA25,0691-AA26,0691-AA28,0691-AA30,0691-AA32,0691-AA38,0691-AA39,0691-AA40,0691-AA42,0691-AA43,0691-AA48,0691-AA56,0691-AA58,0691-AA63",{8},1,{8},1.0
581,annual update,"1902-AC20,1902-AC56,1902-AD18,1902-AD35,1902-AD57,1902-AD85,1902-AD90,1902-AE27,1902-AE47,1902-AE63,1902-AE83,1902-AE97,1902-AF01,1902-AF17,1902-AF35,1902-AF47,1902-AF63,2137-AD68","{3, 6}",2,"{3, 6}",2.0
582,annuity contract,"1212-AA57,1545-AS76,1545-AV29","{13, 7}",2,"{13, 7}",2.0
583,annuity provider,1210-AB19,{4},1,{4},1.0
584,another agency,0694-AD31,{8},1,,0.0
585,another jurisdiction,"1545-AT92,1545-AT93",{7},1,{7},1.0
586,antarctic marine living resource,0648-AN42,{5},1,{5},1.0
587,anthropomorphic test device,2127-AJ79,{3},1,{3},1.0
588,anti abuse,1545-BO69,{7},1,{7},1.0
589,anti avoidance,1545-BG25,{7},1,{7},1.0
590,anti disruptive trading rule,3235-AL68,{8},1,{8},1.0
591,anti fraud provision,0960-AF09,{13},1,{13},1.0
592,anti kickback statute,"0936-AA02,0936-AA03,0936-AA06,0936-AA10,0991-AA66,0991-AB07,0991-AB38,0991-AB39,0991-AB72",{1},1,{1},1.0
593,anti lobbying statute,9000-AD76,,0,,0.0
594,anti manipulation,3038-AD27,{7},1,{7},1.0
595,anti money laundering program,"1506-AA05,1506-AA28,1506-AA48,1506-AA49,1506-AA50,1506-AA51,1506-AA52,1506-AA53,1506-AA54,1506-AA55,1506-AA56,1506-AA57,1506-AA58,1506-AA59,1506-AA60,1506-AA68,1506-AA69,1506-AA70,1506-AA71,1506-AA72,1506-AA73,1506-AA74,1506-AA75,1506-AA76,1506-AA77,1506-AA78,1506-AA79,1506-AA80,1506-AA88,1506-AB02,1506-AB09,1506-AB10,1506-AB14,1506-AB28",{7},1,{7},1.0
596,anti scald valve,2502-AJ21,{13},1,{13},1.0
597,anti terrorism reason,0694-AD57,{8},1,{8},1.0
598,antibiotic drug,0910-AB31,{1},1,{1},1.0
599,antibody test,0910-AI12,{1},1,{1},1.0
600,anticarie product,0910-AC70,{1},1,{1},1.0
601,anticipate shortage,1902-AC69,{6},1,{6},1.0
602,anticipatory breach,1515-AB65,{2},1,{2},1.0
603,antilock brake system,"2125-AD42,2126-AB27,2127-AI14",{3},1,{3},1.0
604,antimicrobial agent,"0583-AB97,0583-AC96",{1},1,{1},1.0
605,antimicrobial pesticide,"2070-AD54,2070-AK41",{5},1,{5},1.0
606,antimicrobial product,0910-AC83,{1},1,{1},1.0
607,antiperspirant product,"0910-AC89,0910-AF30",{1},1,{1},1.0
608,antiseptic product,0910-AD38,{1},1,{1},1.0
609,antiterrorism and effective death penalty act,"1512-AB61,1512-AB63",{1},1,{1},1.0
610,antitrust procedure,1105-AA40,{12},1,{8},1.0
611,antitrust review,3150-AH78,{6},1,,0.0
612,antiviral drug,0906-AA79,{1},1,{1},1.0
613,any employee,1215-AA14,{4},1,{4},1.0
614,any felony,1515-AB83,{2},1,{2},1.0
615,any information,"1545-BF61,1545-BF62",{7},1,{7},1.0
616,any other act,3220-AB63,{13},1,{13},1.0
617,any return,"1545-BF61,1545-BF62",{7},1,{7},1.0
618,appalachian national scenic trail,"1024-AC42,1024-AC67,1024-AD83",{5},1,{5},1.0
619,apparel good,1515-AB50,{2},1,{2},1.0
620,appeal board decision,0651-AC70,{8},1,{8},1.0
621,appeal decision,2040-AF47,{5},1,{5},1.0
622,appeal procedure,"0563-AC06,0563-AC18,0596-AB62,0596-AB69,0596-AB89,0596-AC28,0596-AD18,1004-AC67,1004-AC99,1004-AD97,1010-AD58,1012-AA08,2060-AK36,2133-AB41,3067-AC56,3095-AB75,3095-AB76,3133-AE68","{2, 3, 5, 7, 9, 10}",6,"{2, 3, 5, 7, 9, 10}",6.0
623,appeal proceeding,"3141-AA47,3141-AA57",,0,,0.0
624,appeal process,"0720-AA56,0938-AI11,0938-AK10,0938-AM73,0938-AR86,0938-AS23,1018-AU19,3245-AC98","{8, 1, 5}",3,"{8, 1, 5}",3.0
625,appeal regulation,"2900-AH16,2900-AI50,2900-AI59,2900-AJ57,2900-AJ66,2900-AJ72,2900-AK14,2900-AK33,2900-AK61,2900-AK62,2900-AL96",{13},1,{13},1.0
626,appeal right,1115-AD45,{2},1,{2},1.0
627,appeals council,"0960-AG52,0960-AI12,0960-AI25",{13},1,{13},1.0
628,appellate jurisdiction,1115-AD41,{2},1,{2},1.0
629,appellate review,"0651-AC63,1400-AC46,1400-AC49,2900-AL08","{8, 13, 14}",3,"{8, 13, 14}",3.0
630,applicability date,"1210-AA89,1210-AB79,2040-AF80","{4, 5}",2,"{4, 5}",2.0
631,applicability threshold,"0348-AB68,1557-AE56,1557-AE63,3064-AE96,3064-AE99,7100-AF21",{7},1,{7},1.0
632,applicable requirement,2060-AJ36,{5},1,{5},1.0
633,applicant violator system,1029-AB62,{5},1,{5},1.0
634,application and approval process,1840-AD10,{10},1,{10},1.0
635,application fee,"0938-AQ20,2133-AB50,3150-AH53","{1, 3, 6}",3,"{1, 3, 6}",3.0
636,application form,"2125-AE31,2125-AE32,2126-AA33",{3},1,{3},1.0
637,application period,"0648-AK69,3067-AC82","{2, 5}",2,"{2, 5}",2.0
638,application procedure,"1004-AC41,1004-AC83,1004-AD19,1004-AD77,1004-AD85,1004-AD98,1105-AB17,1105-AB31,1105-AB41,1651-AB34,3038-AC14","{2, 12, 5, 7}",4,"{2, 12, 5, 7}",4.0
639,application process,"0648-AS99,0660-AA17,1615-AB36,3170-AA58","{2, 11, 5, 7}",4,"{2, 11, 5, 7}",4.0
640,application processing,"0694-AF16,0790-AI83,1550-AA83,1550-AB14","{8, 2, 7}",3,"{8, 2, 7}",3.0
641,application requirement,"0584-AC89,1018-BC92,2040-AC61,2120-AK54","{1, 3, 5}",3,"{1, 3, 5}",3.0
642,application supplement,0910-AA87,{1},1,{1},1.0
643,applied material,0694-AF26,{8},1,{8},1.0
644,applied research,9000-AI91,,0,,0.0
645,appoint representative,0960-AH63,{13},1,{13},1.0
646,appraisal fee,0560-AG42,{9},1,{9},1.0
647,appraisal management company,"1557-AD64,2590-AA61,3064-AE10,3133-AE11,3170-AA44,7100-AE15",{7},1,{7},1.0
648,appraisal procedure,0596-AB26,{5},1,{5},1.0
649,appraisal regulation,"0560-AH01,3052-AC94","{9, 7}",2,"{9, 7}",2.0
650,appraisal requirement,"0560-AH56,0575-AC70,7100-AE62","{9, 7}",2,"{9, 7}",2.0
651,appraisal review,"1557-AE49,3064-AE87",{7},1,{7},1.0
652,appraiser qualification,"2502-AH59,2502-AI96",{13},1,{13},1.0
653,apprenticeship program,"1205-AB50,1205-AB85,3046-AA59",{4},1,{4},1.0
654,approach regulation,0648-BF98,{5},1,{5},1.0
655,appropriate and necessary finding,2060-AR31,{5},1,{5},1.0
656,appropriate fee,"0651-AB69,0651-AB87",{8},1,{8},1.0
657,appropriate fund,"3206-AI93,3206-AJ24,3206-AJ77,3206-AL36",,0,,0.0
658,appropriate review,3064-AE86,{7},1,{7},1.0
659,appropriate use,"0596-AC38,2040-AF17",{5},1,{5},1.0
660,approval authority,9000-AJ90,,0,,0.0
661,approval document,9000-AL13,,0,,0.0
662,approval procedure,3038-AD07,{7},1,{7},1.0
663,approval process,"0938-AQ46,0938-AQ75,0950-AA10,1505-AC30","{1, 7}",2,"{1, 7}",2.0
664,approval program,2137-AD86,{3},1,{3},1.0
665,approval regulation,0648-AI43,{5},1,{5},1.0
666,approval test,0920-AA10,{1},1,{1},1.0
667,approval threshold,0750-AI56,{2},1,{2},1.0
668,approve application,"0910-AA57,0910-AB61,0910-AH55",{1},1,{1},1.0
669,approve drug,0910-AG94,{1},1,{1},1.0
670,approve form,"1615-AA87,1615-AB07",{2},1,{2},1.0
671,approve list,"1018-AG64,1018-AH89",{5},1,{5},1.0
672,approve log,3072-AC42,{3},1,{3},1.0
673,approve measure,0648-AR19,{5},1,{5},1.0
674,approve new drug application,"0910-AH47,0910-AI30",{1},1,{1},1.0
675,approve petition,1115-AD45,{2},1,{2},1.0
676,approve plant,0581-AB40,{9},1,{9},1.0
677,approve test,0579-AD74,{1},1,{1},1.0
678,aquatic life,2040-AF79,{5},1,{5},1.0
679,aquatic product,0648-AI59,{5},1,{5},1.0
680,aquatic resource,"0710-AA55,0710-AA83,2040-AF90",{5},1,{5},1.0
681,arbitrage restriction,"1545-AS49,1545-AU39",{7},1,{7},1.0
682,arbitration agreement,0938-AT18,{1},1,{1},1.0
683,arbitration policy,3076-AA11,{4},1,{4},1.0
684,arbitration procedure,"2140-AB02,2140-AB24",{3},1,{3},1.0
685,arbitration regulation,0648-AX47,{5},1,{5},1.0
686,arbitration service,"3076-AA12,3076-AA14",{4},1,{4},1.0
687,arbitrator 's finding,1125-AA40,{2},1,{2},1.0
688,archaeological material,"1505-AB45,1505-AB56,1505-AB86,1505-AB87,1505-AB99,1505-AC11,1505-AC23,1515-AC70,1515-AD16,1515-AD17,1515-AD70,1515-AD91,1515-AD98,1515-AE01,1515-AE05,1515-AE40","{8, 2, 7}",3,"{8, 2, 7}",3.0
689,architectural coating,"2060-AE55,2060-AI63,2060-AM47,2060-AN42,2060-AP09,2060-AP94",{5},1,{5},1.0
690,architectural product,3041-AD26,{1},1,{1},1.0
691,architectural service,"0572-AB54,3245-AD89","{8, 9}",2,"{8, 9}",2.0
692,arctic coastal plain,1018-BD62,{5},1,{5},1.0
693,arctic national wildlife refuge,1018-BC92,{5},1,{5},1.0
694,arctic regulation,"1010-AD85,1014-AA21,1082-AA00",{5},1,{5},1.0
695,area designation,"2060-AT45,2060-AU05",{5},1,{5},1.0
696,area source,"2060-AM44,2060-AM71,2060-AM75,2060-AN21,2060-AN45,2060-AP44,2060-AQ74,2060-AR14,2060-AS10",{5},1,{5},1.0
697,area study,1840-AC27,{10},1,{10},1.0
698,arkansas river shiner,"1018-AC62,1018-AF39,1018-AG12,1018-AT84",{5},1,{5},1.0
699,arlington national cemetery,0702-AB08,{2},1,{2},1.0
700,arm control treaty,9000-AN57,,0,,0.0
701,arm embargo,0694-AB08,{8},1,{8},1.0
702,arm regulation,"1400-AA95,1400-AB61,1400-AB62,1400-AB70,1400-AB71,1400-AB82,1400-AB86,1400-AB97,1400-AC47,1400-AC51,1400-AC52,1400-AC61,1400-AC63,1400-AC65,1400-AC66,1400-AC68,1400-AC70,1400-AC71,1400-AC72,1400-AC73,1400-AC74,1400-AC77,1400-AC80,1400-AC83,1400-AC84,1400-AC85,1400-AC88,1400-AC90,1400-AC91,1400-AC93,1400-AC94,1400-AC95,1400-AC96,1400-AC97,1400-AC98,1400-AC99,1400-AD00,1400-AD01,1400-AD02,1400-AD03,1400-AD04,1400-AD05,1400-AD07,1400-AD08,1400-AD10,1400-AD13,1400-AD15,1400-AD16,1400-AD18,1400-AD19,1400-AD22,1400-AD23,1400-AD24,1400-AD25,1400-AD26,1400-AD32,1400-AD33,1400-AD34,1400-AD35,1400-AD37,1400-AD40,1400-AD41,1400-AD46,1400-AD49,1400-AD56,1400-AD62,1400-AD64,1400-AD66,1400-AD68,1400-AD69,1400-AD70,1400-AD73,1400-AD77,1400-AD79,1400-AD89,1400-AD95,1400-AE05,1400-AE23,1400-AE24,1400-AE25,1400-AE26,1400-AE27,1400-AE28,1400-AE29,1400-AE30,1400-AE31,1400-AE32,1400-AE46,1400-AE51,1400-AE52,1400-AE66,1400-AE67,1400-AE70,1400-AE76,1400-AE94",{14},1,{14},1.0
703,arm's length standard,"1545-BK69,1545-BK70",{7},1,{7},1.0
704,armed force,"0790-AH73,0790-AH88,0790-AH99,0790-AI07,0790-AJ97,0790-AK23,0790-AK26,0790-AK35,1400-AD51,1545-AS98,2040-AD39,2040-AF53,2120-AE41,2120-AI02,2900-AN96,2900-AO31,2900-AP07,2900-AP26,2900-AQ74","{2, 3, 5, 7, 13, 14}",6,"{2, 3, 5, 7, 13, 14}",6.0
705,armed services board,"0750-AK46,0750-AK73",{2},1,{2},1.0
706,army action,"0702-AA34,0702-AB02",{2},1,{2},1.0
707,army corps,"0710-AA51,0710-AA75",{5},1,{5},1.0
708,army land,"0702-AA31,0702-AA58",{2},1,{2},1.0
709,army materiel,"0702-AA67,0702-AA96",{2},1,{2},1.0
710,army regulation,"0702-AA23,0702-AA26",{2},1,{2},1.0
711,arrest authority,1994-AA03,{6},1,{6},1.0
712,arrest person,"1120-AA61,1120-AB01",{12},1,{12},1.0
713,arrest policy,"1105-AB43,1121-AA35",{12},1,{12},1.0
714,arrest warrant,1653-AA11,{2},1,{2},1.0
715,arroyo southwestern toad,1018-AS49,{5},1,{5},1.0
716,arroyo toad,"1018-AG15,1018-AT42,1018-AV89,1018-AY82",{5},1,{5},1.0
717,arsenic standard,2040-AD91,{5},1,{5},1.0
718,art innovation,2127-AF76,{3},1,{3},1.0
719,artificial island,2115-AF15,{2},1,{2},1.0
720,artificial reef,0648-BC47,{5},1,{5},1.0
721,artificially alter,1018-AD74,{5},1,{5},1.0
722,as amend,1840-AD00,{10},1,,0.0
723,asbestos contain material,"2070-AC62,2070-AD34",{5},1,{5},1.0
724,asbestos exposure,3206-AK64,,0,,0.0
725,ash plant,0579-AC87,{1},1,{1},1.0
726,aside fund,0575-AB60,{9},1,,0.0
727,assateague island national seashore,1024-AD02,{5},1,{5},1.0
728,assembly process,1505-AB90,{7},1,{7},1.0
729,assessment amount,1515-AB65,{2},1,{2},1.0
730,assessment base,"3064-AB46,3064-AD66",{7},1,{7},1.0
731,assessment framework,1625-AB32,{2},1,{2},1.0
732,assessment program,1810-AB09,{10},1,,0.0
733,assessment rate,3064-AD63,{7},1,{7},1.0
734,assessment requirement,"2137-AE72,3150-AE40","{3, 6}",2,"{3, 6}",2.0
735,asset acquisition,"1545-AF29,1545-AY49",{7},1,{7},1.0
736,asset allocation,1212-AA55,{13},1,{13},1.0
737,asset back,3064-AD48,{7},1,{7},1.0
738,asset disposition,2502-AI14,{13},1,{13},1.0
739,asset management,0575-AD17,{9},1,,0.0
740,asset sale,1545-BO26,{7},1,{7},1.0
741,asset securitization,"3064-AC34,3133-AE29",{7},1,{7},1.0
742,asset transfer,2900-AO73,{13},1,{13},1.0
743,assistance agreement,"2020-AA39,2090-AA38",{5},1,{5},1.0
744,assistance loan,0560-AH18,{9},1,{9},1.0
745,assistance program,"1090-AA58,1090-AA59,1090-AA66,1090-AA67,1660-AA34","{2, 5}",2,"{2, 5}",2.0
746,assistance regulation,"1991-AB53,1991-AB72",{6},1,{6},1.0
747,assistant general counsel,2900-AI75,{13},1,,0.0
748,assisted housing,"2501-AB78,2501-AC10,2501-AD19,2501-AD43",{13},1,{13},1.0
749,associated equipment,"1400-AB54,2127-AB76,2127-AH81,2127-AJ75,2127-AK99,2127-AL00,2127-AL27,2127-AL83","{3, 14}",2,"{3, 14}",2.0
750,associated fee,0580-AA85,{1},1,{1},1.0
751,associated rule,"0581-AC23,3038-AB32","{9, 7}",2,"{9, 7}",2.0
752,association health plans,1210-AB85,{4},1,{4},1.0
753,association retirement plan,1210-AB88,{4},1,{4},1.0
754,association transfer,3052-AB80,{7},1,{7},1.0
755,assume loss,3150-AH43,{6},1,{6},1.0
756,assurance policy,0648-BF79,{5},1,{5},1.0
757,assurance regulation,1018-BB25,{5},1,{5},1.0
758,asylum application,"1115-AF38,1615-AA18,1615-AC27",{2},1,{2},1.0
759,asylum case,1615-AB90,{2},1,{2},1.0
760,asylum claim,"1125-AA46,1615-AA91",{2},1,{2},1.0
761,asylum officer,1115-AD64,{2},1,{2},1.0
762,asylum procedure,1115-AE93,{2},1,{2},1.0
763,atf form,"1140-AA34,1512-AC84",{1},1,{1},1.0
764,atlantic bluefin,"0648-AK87,0648-AM82,0648-AX85",{5},1,{5},1.0
765,atlantic coast,1625-AC57,{2},1,{2},1.0
766,atlantic coastal fisheries cooperative management act,0648-AO58,{5},1,{5},1.0
767,atlantic herring,"0648-AE50,0648-AN11,0648-AN65,0648-BD17,0648-BF64",{5},1,{5},1.0
768,atlantic large whale,"0648-AK41,0648-AN40,0648-AN88,0648-AO60,0648-AP48,0648-AP93,0648-AP97,0648-AQ04,0648-AQ23,0648-AQ42,0648-AR02,0648-AS01,0648-AU23,0648-AW84,0648-BC90,0648-BE57,0648-BE83,0648-BH98,0648-BJ09",{5},1,{5},1.0
769,atlantic mackerel,"0648-AF01,0648-AJ06,0648-AK37,0648-AK47,0648-AK80,0648-AL54,0648-AL56,0648-AL76,0648-AM49,0648-AN69,0648-AO54,0648-AP08,0648-AP12,0648-AP60,0648-AQ11,0648-AQ11,0648-AQ15,0648-AQ57,0648-AQ83,0648-AR44,0648-AR56,0648-AT58,0648-AT65,0648-AU31,0648-AU54,0648-AX05,0648-AY00,0648-AY26,0648-BA03,0648-BB28,0648-BB99,0648-BC08,0648-BD50,0648-BD65,0648-BE49,0648-BF00,0648-BF53,0648-BG21,0648-BH04,0648-BH16,0648-BI17,0648-BI41,0648-BI49,0648-BJ16",{5},1,{5},1.0
770,atlantic region,"0648-BB33,0648-BD83,0648-BD86,0648-BF14,0648-BF66,0648-BG43,0648-BH72,0648-BI46,0648-BI68",{5},1,{5},1.0
771,atlantic salmon,"0648-AG50,0648-AW02,0648-AW77,1018-AD12,1018-AH20",{5},1,{5},1.0
772,atlantic scallop fishery,0648-BC33,{5},1,{5},1.0
773,atlantic sea scallop,"0648-AM25,0648-AU67,0648-AV05",{5},1,{5},1.0
774,atlantic shark fishery,"0648-AS07,0648-AY98,0648-BA17",{5},1,{5},1.0
775,atlantic states marine fisheries commission,0648-AT31,{5},1,{5},1.0
776,atlantic stripe bass,0648-AI72,{5},1,{5},1.0
777,atlantic surf clam,"0648-AF41,0648-AI26,0648-AI27,0648-AL55,0648-AL56,0648-AL77,0648-AM50,0648-AN72,0648-AP09,0648-AP57,0648-BI18",{5},1,{5},1.0
778,atlantic swordfish,"0648-AE09,0648-AI23,0648-AK90,0648-BI09",{5},1,{5},1.0
779,atlantic tuna fishery,"0648-AJ65,0648-AJ66,0648-AJ69,0648-AL39,0648-AL79",{5},1,{5},1.0
780,atlantic tunas,"0648-AF86,0648-AQ65,0648-AR60,0648-AV92",{5},1,{5},1.0
781,atmospheric administration,"0605-AA37,0648-BI72","{8, 5}",2,"{8, 5}",2.0
782,atmospheric condition,1219-AA82,{4},1,,0.0
783,atmospheric research,0648-AL45,{5},1,{5},1.0
784,attainment area,2060-AE90,{5},1,{5},1.0
785,attendance requirement,2137-AC24,{3},1,{3},1.0
786,attorney 's fee,"1545-AX46,9000-AH38",{7},1,{7},1.0
787,attorney advisor,"0960-AE10,0960-AE86,0960-AF01,0960-AF07",{13},1,{13},1.0
788,attorney contact,1076-AE18,,0,,0.0
789,attorney fee,"1545-BI08,2105-AC52,2900-AM62,3072-AC61","{3, 13, 7}",3,"{3, 13, 7}",3.0
790,attorney general,"1115-AC83,1115-AE84,1115-AF20,1115-AF87,1125-AA86",{2},1,,0.0
791,attorney practice,0703-AA54,{2},1,{2},1.0
792,attribution rule,"1545-AU91,3052-AC99",{7},1,{7},1.0
793,au pair regulation,"1400-AB08,3116-AA14",{14},1,{14},1.0
794,au pairs,"1400-AC48,1400-AC82,3116-AA12",{14},1,{14},1.0
795,audio description,1190-AA63,{13},1,{13},1.0
796,audit client,3235-AI31,{8},1,{8},1.0
797,audit finding,3206-AG35,,0,,0.0
798,audit regulation,"3090-AE77,3141-AA68",,0,,0.0
799,audit requirement,"0412-AA73,0505-AA15,0551-AA85,0551-AA91,0570-AA11,0584-AE42,0605-AA34,0960-AH73,1121-AA81,1205-AB71,1291-AA27,1601-AA71,1801-AA16,1890-AA19,1991-AB94,2030-AA99,2105-AE33,2501-AD66,2700-AE18,2700-AE29,2700-AE49,2900-AP03,2900-AP22,3041-AC76,3045-AA61,3136-AA35,3145-AA57,3201-AA00,3245-AG62,3600-AA03","{1, 2, 3, 4, 5, 6, 8, 9, 10, 12, 13, 14}",12,"{1, 2, 3, 4, 5, 6, 8, 9, 10, 12, 13, 14}",12.0
800,audit service,"0750-AC02,0750-AJ04,1550-AB53,1557-AC10,2900-AQ38,3064-AC57,3090-AI59","{2, 13, 7}",3,"{2, 13, 7}",3.0
801,auditing and reporting requirement,0938-AN09,{1},1,{1},1.0
802,auditing process,3235-AI41,{8},1,{8},1.0
803,auditor independence,"3235-AH91,3235-AI73,3235-AM01",{8},1,{8},1.0
804,australia group,"0694-AC13,0694-AC43,0694-AC62,0694-AC70,0694-AC88,0694-AC96,0694-AG45",{8},1,{8},1.0
805,authority control,1902-AF30,{6},1,{6},1.0
806,authority regulation,"2140-AA65,2140-AA67",{3},1,{3},1.0
807,authority rule,7100-AE99,{7},1,{7},1.0
808,authorization process,3060-AF29,{11},1,,0.0
809,authorize rate,3060-AH18,{11},1,{11},1.0
810,authorize recipient,"1545-BF21,1545-BF22",{7},1,{7},1.0
811,authorize use,1006-AA35,{5},1,{5},1.0
812,authorized transaction,0694-AH86,{8},1,{8},1.0
813,automate access,3038-AB30,{7},1,{7},1.0
814,automate clearing house,"1510-AA17,1510-AA97,1510-AA98,1510-AB00,1510-AB04,1510-AB24,1510-AB32,1530-AA05,1530-AA14,1530-AA16",{7},1,{7},1.0
815,automate clearinghouse,"1510-AA81,1510-AA84,1515-AE47","{8, 7}",2,"{8, 7}",2.0
816,automate drive system,"2126-AC17,2127-AM00,2127-AM06,2127-AM15,2127-AM18,2127-AM19",{3},1,{3},1.0
817,automate processing,1515-AE49,{8},1,{8},1.0
818,automate teller machine,3170-AA36,{7},1,{7},1.0
819,automate underwriting,2502-AH15,{13},1,{13},1.0
820,automate valuation model,"1557-AD87,2590-AA62,3064-AE68,3133-AE23,3170-AA57,7100-AE71",{7},1,{7},1.0
821,automatic brake adjuster,2125-AD37,{3},1,{3},1.0
822,automatic enrollment,1210-AB46,{4},1,{4},1.0
823,automatic extension,"1545-AS04,1545-AS05,1545-AU47,1545-AX98",{7},1,{7},1.0
824,automatic external defibrillator,2120-AI55,{3},1,{3},1.0
825,automatic identification,1650-AA01,{2},1,{2},1.0
826,automatic revocation,1115-AD56,{2},1,{2},1.0
827,automatic sprinkler system,0938-AN79,{1},1,{1},1.0
828,automatic train control,"2130-AB47,2130-AB55",{3},1,{3},1.0
829,automatic waiver,2900-AO76,{13},1,{13},1.0
830,automotive assembly plant,2050-AG15,{5},1,{5},1.0
831,automotive fuel economy,"2127-AG00,2127-AL47",{3},1,{3},1.0
832,automotive mechanic,3206-AM63,,0,,0.0
833,auxiliary regulation,"1625-AB66,2115-AF94",{2},1,{2},1.0
834,average cost,0906-AA68,{1},1,,0.0
835,average daily trading volume,"3038-AB77,3235-AI13","{8, 7}",2,"{8, 7}",2.0
836,average manufacturer price,"0938-AO20,0938-AP67",{1},1,{1},1.0
837,aviation fuel,1545-AL43,{7},1,{7},1.0
838,aviation insurance,2120-AF23,{3},1,{3},1.0
839,aviation regulation,1014-AA22,{5},1,{3},1.0
840,aviation safety,3060-AK92,{11},1,{3},1.0
841,avoidable loss,2140-AA21,{3},1,{3},1.0
842,award contract,9000-AL48,,0,,0.0
843,award document,"2700-AC61,2700-AC90",{10},1,{10},1.0
844,award fee,"2030-AA31,2700-AD69","{10, 5}",2,"{10, 5}",2.0
845,baby bath seat,"3041-AB93,3041-AC03",{1},1,{1},1.0
846,baby walker,3041-AB40,{1},1,{1},1.0
847,back door latch,2127-AF35,{3},1,{3},1.0
848,back pay,3206-AI61,,0,,0.0
849,back up rate,"0938-AL27,0938-AN02",{1},1,{1},1.0
850,background check,"0790-AJ19,0790-AJ96,0790-AK89,1140-AA43,1652-AA06,1991-AB71","{1, 2, 6}",3,"{1, 2, 6}",3.0
851,background investigation,"2030-AA80,3141-AA35,3141-AA36",{5},1,{5},1.0
852,backover injury,"1218-AC51,1218-AC52",{4},1,{4},1.0
853,bad check,0703-AB26,{2},1,{2},1.0
854,bad debt,"1545-AT14,1545-AU06",{7},1,{7},1.0
855,bag limit,"0648-AU77,0648-BC51",{5},1,{5},1.0
856,baggage compartment,"2120-AG12,2120-AG42",{3},1,{3},1.0
857,baggage fee,2105-AE53,{3},1,{3},1.0
858,balanced budget act,"0584-AC45,0584-AC63,0938-AI70,0938-AJ73,0938-AJ75,1512-AC55",{1},1,{1},1.0
859,balanced system,"1545-BE45,1545-BE46,1545-BL88,1545-BL89",{7},1,{7},1.0
860,bald and golden eagle protection act,1018-AV11,{5},1,{5},1.0
861,bald eagle,"1018-AC48,1018-AF21",{5},1,{5},1.0
862,bald eagles,"1018-AD26,1018-AH74,1018-AT94,1018-AX08",{5},1,{5},1.0
863,ballast water,2135-AA13,{3},1,{3},1.0
864,balloon payment,0560-AG53,{9},1,{9},1.0
865,baltic state,"1115-AD29,1615-AB14",{2},1,{2},1.0
866,ban importation,0648-AX36,{5},1,{5},1.0
867,ban text message,9000-AL64,,0,,0.0
868,banca privada d'andorra,1506-AB30,{7},1,{7},1.0
869,band spectrum,3060-AK31,{11},1,{11},1.0
870,bank activity,"1557-AB89,1557-AB94,1557-AB97,1557-AC73,1557-AC78,1557-AD27",{7},1,{7},1.0
871,bank control,"7100-AB39,7100-AB41,7100-AB77,7100-AB85,7100-AB87,7100-AB92,7100-AB93,7100-AB94,7100-AB95,7100-AC00,7100-AC01,7100-AC13,7100-AC19,7100-AC29,7100-AC31,7100-AC38,7100-AC39,7100-AC49,7100-AC65,7100-AC66,7100-AC70,7100-AC71,7100-AC75,7100-AC76,7100-AC77,7100-AC78,7100-AC79,7100-AC80,7100-AC81,7100-AC82,7100-AC88,7100-AD02",{7},1,{7},1.0
872,bank director,3052-AB75,{7},1,{7},1.0
873,bank exclusion,1545-AQ39,{7},1,{7},1.0
874,bank hold company,"3235-AI10,7100-AB39,7100-AB41,7100-AB77,7100-AB82,7100-AB85,7100-AB87,7100-AB92,7100-AB93,7100-AB94,7100-AB95,7100-AC00,7100-AC01,7100-AC13,7100-AC19,7100-AC29,7100-AC31,7100-AC38,7100-AC39,7100-AC49,7100-AC59,7100-AC65,7100-AC66,7100-AC70,7100-AC71,7100-AC75,7100-AC76,7100-AC77,7100-AC78,7100-AC79,7100-AC80,7100-AC81,7100-AC82,7100-AC88,7100-AD02","{8, 7}",2,"{8, 7}",2.0
875,bank insurance fund,3064-AD04,{7},1,{7},1.0
876,bank note,3133-AE55,{7},1,{7},1.0
877,bank operation,1557-AD72,{7},1,{7},1.0
878,bank product,3064-AD28,{7},1,{7},1.0
879,bank program,0572-AA76,{9},1,{9},1.0
880,bank request,3069-AA06,{7},1,{7},1.0
881,bank review,3052-AC95,{7},1,{7},1.0
882,bank secrecy act,"1506-AA90,7100-AD92",{7},1,{7},1.0
883,banking act,7100-AC17,{7},1,{7},1.0
884,banking institution,1505-AB69,{7},1,{7},1.0
885,banking organization,"1557-AE60,3064-AE31,3064-AE63,7100-AE02,7100-AE24,7100-AF46",{7},1,{7},1.0
886,banking regulation,1550-AB50,{7},1,{7},1.0
887,banking service,1506-AA85,{7},1,{7},1.0
888,bankruptcy estate,1545-BF13,{7},1,{7},1.0
889,bankruptcy rule,"3038-AD79,3038-AE67",{7},1,{7},1.0
890,barbecue sauce,0583-AC09,{1},1,{1},1.0
891,barton springs salamander,1018-AC22,{5},1,{5},1.0
892,base closure,"0750-AD53,0790-AG80",{2},1,{2},1.0
893,base control,0694-AD59,{8},1,{8},1.0
894,base maintenance,3245-AF03,{8},1,{8},1.0
895,base salary,3069-AA74,{7},1,{4},1.0
896,basel accord,3052-AC57,{7},1,{7},1.0
897,basel ia,1557-AC95,{7},1,{7},1.0
898,basel ii,"1550-AB56,1550-AC41,1557-AC91,1557-AD53,7100-AD61",{7},1,{7},1.0
899,basel iii,"1557-AD46,3064-AE51,7100-AD87",{7},1,{7},1.0
900,basic agreement,0750-AE69,{2},1,{2},1.0
901,basic financial statement,1902-AB20,{6},1,{6},1.0
902,basic pay,"3206-AJ47,3206-AL61",,0,,0.0
903,basic program,"0720-AA06,1810-AA73","{1, 10}",2,"{1, 10}",2.0
904,basic provision,"0563-AB69,0563-AB81,0563-AB85,0563-AB94,0563-AC07,0563-AC19,0563-AC23,0563-AC43,0563-AC49,0563-AC50,0563-AC51,0563-AC53",{9},1,{9},1.0
905,basic rate,"1235-AA24,1625-AA74,2115-AG46","{2, 4}",2,"{2, 4}",2.0
906,basic research,"0790-AH90,0790-AK51,0910-AB00,0925-AA03,0925-AA46","{1, 2}",2,"{1, 2}",2.0
907,bath seat,3041-AC60,{1},1,{1},1.0
908,bats exchange,3235-AL20,{8},1,{8},1.0
909,batter spouse,"1400-AA72,1615-AC17","{2, 14}",2,"{2, 14}",2.0
910,battery charger,"1904-AB75,1904-AC03,1904-AD21,1904-AD45,1904-AD57,1904-AD68,1904-AE49,1904-AE50",{6},1,{6},1.0
911,battery power device,"2137-AE27,2137-AE31,2137-AE54",{3},1,{3},1.0
912,battery recycler,2050-AE94,{5},1,{5},1.0
913,bear population,1018-AT38,{5},1,{5},1.0
914,bedside sleeper,3041-AC91,{1},1,{1},1.0
915,beer regulation,1513-AB05,{1},1,{1},1.0
916,begin farmer,0524-AA59,{9},1,{9},1.0
917,below market loan,"1545-AH72,1545-BC78",{7},1,{7},1.0
918,beluga sturgeon,"1018-AI11,1018-AU02",{5},1,{5},1.0
919,beneficial owner,3235-AG95,{8},1,{8},1.0
920,benefit amount,"0960-AD65,0960-AD77",{13},1,{13},1.0
921,benefit claim,"2900-AK19,2900-AK24",{13},1,{13},1.0
922,benefit design,0938-AQ73,{1},1,{1},1.0
923,benefit determination,1212-AB17,{13},1,{13},1.0
924,benefit eligibility,2900-AJ53,{13},1,{13},1.0
925,benefit limitation,1545-BO37,{7},1,{7},1.0
926,benefit overpayment,"0960-AG06,1212-AA87,1212-AB47",{13},1,{13},1.0
927,benefit payment,"0960-AF86,1212-AB27",{13},1,{13},1.0
928,benefit plan,0960-AF68,{13},1,{13},1.0
929,benefit program,2900-AO17,{13},1,{13},1.0
930,benefit regulation,1210-AA96,{4},1,{4},1.0
931,benefit restriction,1545-BG72,{7},1,{7},1.0
932,benefits review board,1290-AA32,{4},1,{4},1.0
933,benzene emission,2060-AI65,{5},1,{5},1.0
934,benzoic acid,0583-AD47,{1},1,{1},1.0
935,benzoyl peroxide,"0910-AD62,0910-AG00",{1},1,{1},1.0
936,berry amendment,"0750-AB61,0750-AD76,0750-AE15",{2},1,{2},1.0
937,beryllium compound,"1218-AD21,1218-AD29",{4},1,{4},1.0
938,beverage use,"1512-AC73,1513-AA37",{1},1,{1},1.0
939,bias test,2060-AH64,{5},1,{5},1.0
940,bicknell 's thrush,1018-BC40,{5},1,{5},1.0
941,bicycle facility,2125-AE50,{3},1,{3},1.0
942,bicycle route,1024-AE08,{5},1,{5},1.0
943,bicycle trail,1024-AC62,{5},1,{5},1.0
944,bicycle use,"1024-AD51,1024-AD94,1024-AD95,1024-AD97,1024-AE11",{5},1,{5},1.0
945,bid opening,9000-AF48,,0,,0.0
946,bid protest,9000-AM31,,0,,0.0
947,biennial review,"0579-AC53,0579-AD09,0579-AE08,0579-AE52,0920-AA25,0920-AA34,0920-AA59,0920-AA71,3060-AH19","{1, 11}",2,"{1, 11}",2.0
948,big cypress national preserve,"1024-AC54,1024-AD57,1024-AD61,1024-AE26,1024-AE54",{5},1,{5},1.0
949,big game hunting,1018-AD31,{5},1,{5},1.0
950,big pine,"1018-AZ95,1018-AZ96",{5},1,{5},1.0
951,big south fork national river and recreation area,"1024-AD51,1024-AD67",{5},1,{5},1.0
952,bigeye tuna,"0648-AO21,0648-AQ37,0648-BB73",{5},1,{5},1.0
953,biggert water flood insurance reform act,1660-AA95,{2},1,{2},1.0
954,bighorn sheep,0596-AC72,{5},1,{5},1.0
955,bigleaf mahogany,"1018-AD61,1018-AE94,1018-AE99,1018-AF47,1018-AF58",{5},1,{5},1.0
956,bilateral agreement,2120-AI19,{3},1,,0.0
957,bilateral transaction,3038-AB58,{7},1,{7},1.0
958,bill shock,3060-AJ51,{11},1,{11},1.0
959,billing agent,0938-AQ61,{1},1,{1},1.0
960,billing procedure,3090-AG35,,0,,0.0
961,bind arbitration,0750-AB79,{2},1,{2},1.0
962,biodiversity conservation,0596-AC55,{5},1,{5},1.0
963,bioengineered food,0910-AC15,{1},1,{1},1.0
964,biologic license application,"0910-AA49,0910-AH21,0910-AH50",{1},1,{1},1.0
965,biological agent,"0579-AB47,0694-AB85","{8, 1}",2,"{8, 1}",2.0
966,biological contaminant,2040-AD08,{5},1,{5},1.0
967,biological evidence,1105-AB10,{12},1,{12},1.0
968,biological license,0579-AC29,{1},1,{1},1.0
969,biological material,0651-AB33,{8},1,{8},1.0
970,biological opinion,0648-AO82,{5},1,{5},1.0
971,biological product,"0579-AA65,0910-AA12,0910-AA94,0910-AA97,0910-AB20,0910-AB29,0910-AB51,0910-AC56,0910-AF62,0910-AF96,0910-AG05,0910-AG13,0910-AG16,0910-AG18,0910-AG94,0910-AH49,0910-AI27",{1},1,{1},1.0
972,biological relationship,2900-AK26,{13},1,{13},1.0
973,biologics license,0910-AB29,{1},1,{1},1.0
974,biometric identifier,"2125-AC24,2126-AA01",{3},1,{3},1.0
975,bird hunting,1018-AD71,{5},1,{5},1.0
976,bird strike,2120-AF80,{3},1,{3},1.0
977,birth certificate,0920-AA46,{1},1,{1},1.0
978,birth control,1120-AA31,{12},1,{1},1.0
979,bisphenol a,2070-AJ83,{5},1,{5},1.0
980,black abalone,0648-AW32,{5},1,{5},1.0
981,black bear,1018-BA44,{5},1,{5},1.0
982,black cap vireo,"1018-AW59,1018-BB79",{5},1,{5},1.0
983,black carp,1018-AG70,{5},1,{5},1.0
984,black cohosh,1018-AI91,{5},1,{5},1.0
985,black foot ferret,"1018-AD29,1018-AD99,1018-AG26,1018-AU65,1018-AW74,1018-BA42,1018-BD61",{5},1,{5},1.0
986,black footed ferret,"1018-AH54,1018-AI60,1018-AJ18",{5},1,{5},1.0
987,black grouper,"0648-AL01,0648-AM70",{5},1,{5},1.0
988,blanket approval,1018-AU09,{5},1,{5},1.0
989,blanket authorization,1902-AD40,{6},1,{6},1.0
990,blanket licensing,"3060-AI43,3060-AI46",{11},1,{11},1.0
991,blanket purchase agreement,9000-AJ63,,0,,0.0
992,blast agent,"1140-AA27,1140-AA27,2137-AD75","{1, 3}",2,"{1, 3}",2.0
993,blind veteran,2900-AP70,{13},1,{13},1.0
994,block grant,"0930-AA01,0930-AA03",{1},1,,0.0
995,block trade,"3038-AD68,3038-AD84",{7},1,{7},1.0
996,blood component,"0910-AA05,0910-AA05,0910-AB76,0910-AB76,0910-AB86,0910-AB87,0910-AB89,0910-AE81,0910-AE86,0910-AE87,0910-AE88,0910-AE89,0910-AE92,0910-AE96,0910-AE99,0910-AF00,0910-AF25,0910-AF26,0910-AF84,0910-AG62,0910-AG87,0910-AI11",{1},1,{1},1.0
997,blood derivative,"0910-AB86,0910-AG62",{1},1,{1},1.0
998,blood glucose monitor,0938-AI85,{1},1,{1},1.0
999,blood lead level,1218-AD10,{4},1,{4},1.0
1000,blood test,1024-AE35,{5},1,,0.0
1001,blood testing,2105-AB95,{3},1,{3},1.0
1002,blood vessel,0910-AF65,{1},1,{1},1.0
1003,bloodborne pathogens,"1218-AB85,1218-AC34",{4},1,{4},1.0
1004,blowout preventer system,"1014-AA38,1014-AA39",{5},1,{5},1.0
1005,blowout prevention,1010-AC96,{5},1,{5},1.0
1006,blue butterfly,1018-AT51,{5},1,{5},1.0
1007,bluefin tuna,"0648-AM27,0648-AP90,0648-AV58",{5},1,{5},1.0
1008,blueline tilefish,"0648-BD87,0648-BE97,0648-BG07",{5},1,{5},1.0
1009,board 's jurisdiction,2140-AA60,{3},1,{3},1.0
1010,board 's regulation,2140-AA44,{3},1,,0.0
1011,board aircraft,"2120-AJ77,2120-AK18,2120-AK35",{3},1,{3},1.0
1012,board compensation,"2105-AD63,2105-AE39,2105-AE61",{3},1,{3},1.0
1013,board decision,"2900-AM31,3142-AA03","{4, 13}",2,"{4, 13}",2.0
1014,board governance,3069-AB19,{7},1,{7},1.0
1015,board records,2900-AI15,{13},1,{13},1.0
1016,boat manufacturing,"2060-AG27,2060-AT12",{5},1,{5},1.0
1017,boat safety,2115-AF52,{2},1,{2},1.0
1018,boat sale,"1506-AA60,1506-AA80",{7},1,{7},1.0
1019,body system,0960-AI28,{13},1,{13},1.0
1020,bog turtle,1018-AD05,{5},1,{5},1.0
1021,boil water reactor,3150-AJ26,{6},1,{6},1.0
1022,boll weevil,0579-AB91,{1},1,{1},1.0
1023,bona fide executive,1215-AA14,{4},1,{4},1.0
1024,bona fide wellness program,"0938-AK19,0938-AM15,1545-AY34","{1, 7}",2,"{1, 7}",2.0
1025,bond appeal,1653-AA48,{2},1,{2},1.0
1026,bond application,1515-AE49,{8},1,{8},1.0
1027,bond requirement,"0605-AA37,1029-AC73","{8, 5}",2,"{8, 5}",2.0
1028,bonding requirement,"1004-AE41,1210-AA80","{4, 5}",2,"{4, 5}",2.0
1029,boneless beef,0579-AB93,{1},1,{1},1.0
1030,bonneville power administration,1902-AD72,{6},1,{6},1.0
1031,bonus payment,0720-AA60,{1},1,{1},1.0
1032,bookkeeping service,"3235-AI31,3245-AE16",{8},1,{8},1.0
1033,booster seat,3041-AD58,{1},1,{1},1.0
1034,border community,"1115-AG75,1615-AA79,1653-AA32",{2},1,{2},1.0
1035,border patrol agent,3206-AN19,,0,,0.0
1036,border protection,"0625-AB10,1651-AB26","{8, 2}",2,"{8, 2}",2.0
1037,border zone,1651-AA95,{2},1,{2},1.0
1038,borrower defense,"1840-AD19,1840-AD22,1840-AD25,1840-AD28",{10},1,{10},1.0
1039,bottled water,"0910-AA11,0910-AE02,0910-AF10,0910-AF80,0910-AI03",{1},1,{1},1.0
1040,bottlenose dolphin,"0648-AD39,0648-AW68,0648-BB37",{5},1,{5},1.0
1041,bottom trawl,0648-BH70,{5},1,{5},1.0
1042,bounce protection,3133-AC57,{7},1,{7},1.0
1043,boundary adjustment,1024-AA96,{5},1,{5},1.0
1044,boundary change,"0607-AA18,0607-AA35,0607-AA47",{8},1,{8},1.0
1045,boundary expansion,0648-BD18,{5},1,{5},1.0
1046,bovine product,0579-AC68,{1},1,{1},1.0
1047,bovine spongiform encephalopathy,"0579-AB26,0579-AB73,0579-AB97,0579-AC01,0579-AC45,0579-AC68,0579-AD04,0579-AD10,0910-AF46",{1},1,{1},1.0
1048,bovine tuberculosis,"0579-AC73,0579-AD65,0579-AD74",{1},1,{1},1.0
1049,box election,1545-BK47,{7},1,{7},1.0
1050,box regulation,"1545-AY16,1545-BA58,1545-BA59",{7},1,{7},1.0
1051,brady handgun violence prevention act,1512-AB83,{1},1,{1},1.0
1052,brake adjustment indicator,2125-AD37,{3},1,{3},1.0
1053,brake fluid,2127-AH96,{3},1,{3},1.0
1054,brake hose,"2127-AG02,2127-AG32,2127-AH79,2127-AK24",{3},1,{3},1.0
1055,brake lining,2127-AC66,{3},1,{3},1.0
1056,brake system,2127-AG05,{3},1,{3},1.0
1057,brake testing,2127-AI63,{3},1,{3},1.0
1058,branch rule,1545-BI50,{7},1,{7},1.0
1059,brand name,"0750-AD07,0750-AJ50,0910-AB17","{1, 2}",2,"{1, 2}",2.0
1060,brazilian state,0579-AD12,{1},1,{1},1.0
1061,breach notification,0991-AB56,{1},1,{1},1.0
1062,breakpoint discount,3235-AI95,{8},1,{8},1.0
1063,breath mint,0910-AG82,{1},1,{1},1.0
1064,breeding facility,1018-AF44,{5},1,{5},1.0
1065,breeding habitat,1018-AG14,{5},1,{5},1.0
1066,broadband access service,3060-AI70,{11},1,{11},1.0
1067,broadband deployment,3060-AK22,{11},1,{11},1.0
1068,broadband era,3060-AI73,{11},1,{11},1.0
1069,broadband technologies,"3060-AJ95,3060-AK15",{11},1,{11},1.0
1070,broadcast application,3060-AK68,{11},1,{11},1.0
1071,broadcast cross ownership,3060-AG53,{11},1,{11},1.0
1072,broadcast interest,3060-AF82,{11},1,{11},1.0
1073,broadcast license,3060-AG30,{11},1,{11},1.0
1074,broadcast ownership,3060-AG79,{11},1,{11},1.0
1075,broadcast satellite service,3060-AI43,{11},1,{11},1.0
1076,broadcast service,"3060-AG78,3060-AJ27",{11},1,{11},1.0
1077,broadcast television network,3060-AF78,{11},1,{11},1.0
1078,broadcasting satellite service,3060-AI84,{11},1,{11},1.0
1079,broker 's commission,1545-AY15,{7},1,{7},1.0
1080,broker dealer,"1506-AA21,1506-AA32,1557-AB73,3038-AB70,3235-AI96,3235-AJ48,3235-AJ72,3235-AJ85,3235-AK56,3235-AL12,3235-AM47","{8, 7}",2,"{8, 7}",2.0
1081,brokerage commission,"3235-AF94,3235-AJ07",{8},1,{8},1.0
1082,brokerage firm,2133-AB35,{3},1,{7},1.0
1083,brooks act,9000-AI34,,0,,0.0
1084,brown pelican,1018-AV28,{5},1,{5},1.0
1085,brown rice,"0580-AA94,0580-AB17",{1},1,{1},1.0
1086,bsa regulation,1506-AA24,{7},1,{7},1.0
1087,budget approval,0648-AX31,{5},1,{5},1.0
1088,budget authority,"2501-AB71,2501-AC17",{13},1,{13},1.0
1089,budget guidance,2501-AD54,{13},1,{13},1.0
1090,build america bond,"1545-BJ80,1545-BJ86",{7},1,{7},1.0
1091,build in gain,1545-BP07,{7},1,{7},1.0
1092,build in loss,1545-BE59,{7},1,{7},1.0
1093,builder warranty,2502-AH08,{13},1,{13},1.0
1094,bulk electric system,"1902-AE00,1902-AE51",{6},1,{6},1.0
1095,bulk ingredient,"0910-AC20,0910-AC20",{1},1,{1},1.0
1096,bulk power system,1902-AD20,{6},1,{6},1.0
1097,bulk sale,1512-AB43,{1},1,{1},1.0
1098,bump stock type device,1140-AA52,{1},1,{1},1.0
1099,bumper standard,"2127-AH51,2127-AM01",{3},1,{3},1.0
1100,bunk bed,3041-AB75,{1},1,{1},1.0
1101,burden reduction,"0938-AQ96,0938-AR49,0938-AT23,0938-AT36,1545-BG49","{1, 7}",2,"{1, 7}",2.0
1102,burial assistance,1076-AF29,,0,,0.0
1103,burial benefit,"2900-AL72,2900-AO82",{13},1,{13},1.0
1104,burley tobacco,"0560-AD63,0560-AE47,0560-AF02,0560-AF18,0560-AF50,0560-AF85,0560-AG29,0560-AG59,0560-AG93,0581-AB01,0581-AC36",{9},1,{9},1.0
1105,bus emergency exit,"2127-AJ47,2127-AK20",{3},1,{3},1.0
1106,bus transportation,2140-AA26,{3},1,{3},1.0
1107,business activity,"1545-BO79,3235-AJ98","{8, 7}",2,"{8, 7}",2.0
1108,business aircraft,1545-BF34,{7},1,{7},1.0
1109,business combination,"2140-AB18,9000-AH56",{3},1,{3},1.0
1110,business conduct standard,"3038-AC96,3038-AD25,3038-AD38,3038-AD39,3038-AD40,3038-AD41,3038-AD42,3038-AD43,3038-AD44,3038-AD45,3038-AE18,3235-AL10","{8, 7}",2,"{8, 7}",2.0
1111,business continuity,3038-AC91,{7},1,{7},1.0
1112,business datum service,"3060-AJ80,3060-AJ80",{11},1,{11},1.0
1113,business development,3245-AH19,{8},1,{8},1.0
1114,business equipment,0694-AB43,{8},1,{8},1.0
1115,business expense,"1545-AV87,1545-AV89",{7},1,{7},1.0
1116,business information,2025-AA39,{5},1,{5},1.0
1117,business loan,"3245-AB99,3245-AD31,3245-AD48,3245-AD55,3245-AD75,3245-AE68,3245-AG42",{8},1,{8},1.0
1118,business meal,9000-AG59,,0,,0.0
1119,business practice,"1115-AF07,1115-AF09,1115-AF17,1115-AG48,1615-AA70,1653-AA36,1902-AC13,1902-AC22,1902-AC37,1902-AC63,1902-AC75,1902-AD21,1902-AD21,1902-AD31,1902-AD62,1902-AD68,1902-AD79,1902-AD83,1902-AD87,1902-AD94,1902-AE46,1902-AE50,1902-AE76,1902-AF08,1902-AF23,1902-AF54,1902-AF55,1902-AF65","{2, 6}",2,"{2, 6}",2.0
1120,business system,0750-AG58,{2},1,{2},1.0
1121,buy america,2105-AE79,{3},1,{3},1.0
1122,buy american act,"0750-AA42,0750-AG53,9000-AJ72,9000-AK34",{2},1,{2},1.0
1123,buy american requirement,"0572-AB55,1090-AA58","{9, 5}",2,"{9, 5}",2.0
1124,buy back,9000-AK19,,0,,0.0
1125,bycatch reduction device,0648-AK29,{5},1,{5},1.0
1126,byproduct material,"3150-AD34,3150-AE33,3150-AE44,3150-AF54,3150-AF74,3150-AG03,3150-AG06,3150-AH06,3150-AH08,3150-AH19,3150-AH41,3150-AH47,3150-AH84,3150-AH91,3150-AI12,3150-AI14,3150-AI26,3150-AI33,3150-AI59,3150-AI63",{6},1,{6},1.0
1127,c corporation,"1545-BI84,1545-BO01",{7},1,{7},1.0
1128,cab car,2130-AB80,{3},1,{3},1.0
1129,cable act,3060-AF39,{11},1,{11},1.0
1130,cable and satellite tv operator,3060-AK23,{11},1,{11},1.0
1131,cable communications policy act,3060-AI69,{11},1,{11},1.0
1132,cable customer service standard,3060-AF69,{11},1,{11},1.0
1133,cable television consumer protection and competition act,3060-AI69,{11},1,{11},1.0
1134,cable television rate regulation,"3060-AF41,3060-AF48",{11},1,{11},1.0
1135,cafeteria plan,"1545-AT47,1545-AU61,1545-AV43,1545-AY23,1545-AY67,1545-BF00,1545-BF01,1545-BI59",{7},1,{7},1.0
1136,cair rule,2060-AM99,{5},1,{5},1.0
1137,california coast,1512-AC83,{1},1,{1},1.0
1138,california condor,"1018-AD62,1018-AT23,1018-BB70,1018-BC65",{5},1,{5},1.0
1139,california gnatcatcher,"1018-AI72,1018-AV38",{5},1,{5},1.0
1140,california least tern,1018-AW03,{5},1,{5},1.0
1141,california plant,1018-AD09,{5},1,{5},1.0
1142,california red legged frog,"1018-AC34,1018-AG32,1018-AJ16,1018-AV90",{5},1,{5},1.0
1143,california spot owl,1018-BE25,{5},1,{5},1.0
1144,california tiger salamander,"1018-AI61,1018-AI68,1018-AT68,1018-AU23,1018-AW86",{5},1,{5},1.0
1145,california training,"0648-BC52,0648-BH29,0648-BJ06",{5},1,{5},1.0
1146,caller -PRON- would,3060-AK83,{11},1,{11},1.0
1147,calorie labeling,"0910-AG56,0910-AH42,0910-AH83",{1},1,{1},1.0
1148,camp counselor,1400-AE33,{14},1,{14},1.0
1149,camp lejeune,2900-AP66,{13},1,{13},1.0
1150,can spam act,3084-AA96,{8},1,{8},1.0
1151,canaan valley national wildlife refuge,1018-AD70,{5},1,{5},1.0
1152,canada lynx,"1018-AF03,1018-AF40,1018-AJ14,1018-AU52,1018-AV17,1018-AV78,1018-AZ05,1018-AZ77,1018-BD69",{5},1,{5},1.0
1153,canadian exemption,"1400-AB19,1400-AB61,1400-AE25",{14},1,{14},1.0
1154,canadian lynx,1018-AH17,{5},1,{5},1.0
1155,canadian water,0648-AU78,{5},1,{5},1.0
1156,canary rockfish,0648-BC76,{5},1,{5},1.0
1157,cancer screening,0720-AB20,{1},1,{1},1.0
1158,candle wick,3041-AB87,{1},1,{1},1.0
1159,canis rufus,1018-AY02,{5},1,{5},1.0
1160,cannabis plant,"1117-AA55,1117-AA84,1117-AA85",{1},1,{1},1.0
1161,canola oil,2060-AQ35,{5},1,{5},1.0
1162,capacity datum,2139-AA08,{3},1,{3},1.0
1163,cape cod,0648-BC50,{5},1,{5},1.0
1164,cape lookout,0648-AM60,{5},1,{5},1.0
1165,cape may national wildlife refuge,1018-AD03,{5},1,{5},1.0
1166,capital adequacy,"1557-AD31,3052-AB10,3052-AB48,3052-AC05,3052-AC08,3052-AC09,3052-AC14,3052-AC55,3052-AC57,3052-AC61,3052-AC71,7100-AD87",{7},1,{7},1.0
1167,capital advance,2502-AH36,{13},1,{13},1.0
1168,capital asset,"0572-AB02,0572-AB84",{9},1,{7},1.0
1169,capital case,1105-AA72,{12},1,{12},1.0
1170,capital classification,2590-AA21,{7},1,{7},1.0
1171,capital component,3052-AC61,{7},1,{7},1.0
1172,capital cost,"1545-BE96,1545-BE97",{7},1,{7},1.0
1173,capital credit,0572-AB01,{9},1,,0.0
1174,capital crime,"2900-AJ77,2900-AM86,2900-AQ36",{13},1,{13},1.0
1175,capital distribution,1550-AA72,{7},1,{7},1.0
1176,capital gain,"1545-AW22,1545-AW47,1545-BP03,3235-AJ53","{8, 7}",2,"{8, 7}",2.0
1177,capital grant,2130-AC18,{3},1,{3},1.0
1178,capital guideline,"3064-AC34,3064-AC47",{7},1,{7},1.0
1179,capital investment program,2132-AA96,{3},1,{3},1.0
1180,capital lease,"2132-AA55,2132-AA65,2132-AB34",{3},1,{3},1.0
1181,capital magnet fund,1559-AA00,{7},1,{7},1.0
1182,capital maintenance,"1550-AB79,1550-AB81,1550-AC19,1557-AC76,1557-AC77,1557-AC95,1557-AD18,1557-AD26,1557-AD51,3064-AB22,3064-AB31,3064-AB43,3064-AB54,3064-AB61,3064-AB64,3064-AB78,3064-AB96,3064-AC07,3064-AC34,3064-AC47,3064-AC74,3064-AC75,3064-AC96,3064-AD32,3064-AD34,3064-AD42,3064-AD48,7100-AC90",{7},1,{7},1.0
1183,capital plan,"2590-AA71,7100-AD77,7100-AF02",{7},1,{7},1.0
1184,capital planning,"3133-AE27,3133-AE44,3133-AE80",{7},1,{7},1.0
1185,capital requirement,"1557-AE62,3038-AD54,3069-AB06,3235-AL12,7100-AE53","{8, 7}",2,"{8, 7}",2.0
1186,capital rule,"1550-AB11,1557-AB14,3064-AE81",{7},1,{7},1.0
1187,capital stock,"7100-AC25,7100-AC40",{7},1,{7},1.0
1188,capital treatment,7100-AC94,{7},1,{7},1.0
1189,capitalize cost,"1545-BD82,1545-BH82",{7},1,{7},1.0
1190,capitalize interest,1545-BO10,{7},1,{7},1.0
1191,capps ii,1652-AA32,{2},1,{2},1.0
1192,captive breed specie,1018-AG64,{5},1,{5},1.0
1193,captive rear mallard,1018-AI05,{5},1,{5},1.0
1194,captive wildlife,1018-AD53,{5},1,{5},1.0
1195,carbon black,"2060-AH19,2060-AH68",{5},1,{5},1.0
1196,carbon dioxide,"2040-AE98,2050-AG60,2060-AN30,2060-AP88",{5},1,{5},1.0
1197,carbon fiber,"0750-AB35,0750-AE52",{2},1,{2},1.0
1198,carbon monoxide,2060-AI43,{5},1,{5},1.0
1199,carbon pollution standard,2060-AR88,{5},1,{5},1.0
1200,carcinogen risk assessment,2080-AA06,{5},1,{5},1.0
1201,carcinogenic compound,"0910-AC13,0910-AC45,0910-AG28",{1},1,{1},1.0
1202,carcinogenic volatile organic compound,2040-AF29,{5},1,{5},1.0
1203,card club,1506-AA18,{7},1,{7},1.0
1204,cardiovascular condition,2900-AL26,{13},1,{13},1.0
1205,cardiovascular device,0910-AI33,{1},1,{1},1.0
1206,cardiovascular disorder,"0960-AF48,0960-AG74,0960-AI43",{13},1,{13},1.0
1207,cardiovascular system,"2900-AE40,2900-AQ09,2900-AQ67",{13},1,{13},1.0
1208,care exercise,1557-AC72,{7},1,{7},1.0
1209,care labeling,3084-AB28,{8},1,{8},1.0
1210,care program,"2506-AC29,2506-AC51",{13},1,{13},1.0
1211,care service,1545-BB86,{7},1,{7},1.0
1212,cargo bed,2127-AF49,{3},1,{3},1.0
1213,cargo container,1651-AA78,{2},1,{2},1.0
1214,cargo datum,1651-AA55,{2},1,{2},1.0
1215,cargo information,"1651-AA45,1651-AA49",{2},1,{2},1.0
1216,cargo preference,"0750-AC45,2133-AA95,2133-AB12,2133-AB17,2133-AB25,2133-AB74,2133-AB75","{2, 3}",2,"{2, 3}",2.0
1217,cargo release,"1515-AE03,1515-AE06",{8},1,{8},1.0
1218,cargo tank,"2137-AC90,2137-AD36,2137-AE53,2137-AF25",{3},1,{3},1.0
1219,carrier agreement,3072-AC24,{3},1,{3},1.0
1220,carrier identification code,3060-AG61,{11},1,{11},1.0
1221,carrier management,2126-AB00,{3},1,{3},1.0
1222,carrier payment,3090-AF42,,0,,0.0
1223,carrier violation,1115-AC17,{2},1,{2},1.0
1224,case docket,2900-AJ72,{13},1,{13},1.0
1225,case filing,2140-AA59,{3},1,{3},1.0
1226,case management,"0938-AF07,1125-AA36,1660-AA52","{1, 2}",2,"{1, 2}",2.0
1227,case report,0750-AH67,{2},1,{2},1.0
1228,cash advance,1545-AV21,{7},1,{7},1.0
1229,cash balance,1212-AA96,{13},1,{13},1.0
1230,cash deposit,1653-AA66,{2},1,{2},1.0
1231,cash management,1840-AC37,{10},1,,0.0
1232,cash reporting,1545-AT06,{7},1,{7},1.0
1233,cash settlement,3038-AB86,{7},1,{7},1.0
1234,cash value,"1545-AQ70,2900-AJ35","{13, 7}",2,"{13, 7}",2.0
1235,cat protection,"1505-AB31,1515-AC87,1515-AD49","{8, 2, 7}",3,"{8, 2, 7}",3.0
1236,catalytic cracking unit,"2060-AF28,2060-AK51",{5},1,{5},1.0
1237,cataract surgery,0938-AG65,{1},1,{1},1.0
1238,catch all provision,0694-AD15,{8},1,{8},1.0
1239,catch limit,0648-BE84,{5},1,{5},1.0
1240,catch share,"0648-BC80,0648-BD01",{5},1,{5},1.0
1241,catch up contribution,"1545-BA23,1545-BA24",{7},1,{7},1.0
1242,categorical exclusion,"0596-AB54,0596-AB65,0596-AB94,0596-AC53,2125-AF80,3067-AC41,3135-AA23,3150-AI27","{2, 3, 5, 6, 10}",5,"{2, 3, 5, 6, 10}",5.0
1243,cathode ray tube,2050-AE52,{5},1,{5},1.0
1244,cathodic protection,2137-AF39,{3},1,{3},1.0
1245,cautionary labeling,"3041-AC05,3041-AD20",{1},1,{1},1.0
1246,cdbg program,2506-AB83,{13},1,{13},1.0
1247,cease and desist order,0648-AI59,{5},1,{5},1.0
1248,ceiling fan,"1904-AC75,1904-AD10,1904-AD17,1904-AD28,1904-AD88,1904-AE51",{6},1,{6},1.0
1249,ceiling rent,2577-AB75,{13},1,{13},1.0
1250,cell company,1545-BI69,{7},1,{7},1.0
1251,cellular and tissue base product,0910-AF98,{1},1,{1},1.0
1252,cellular phone,2126-AB29,{3},1,{11},1.0
1253,cellular radio signal,3060-AG97,{11},1,{11},1.0
1254,cellular service,3060-AI28,{11},1,{11},1.0
1255,cellular telephone,2130-AC21,{3},1,{11},1.0
1256,cellulosic biofuel,1904-AB73,{6},1,{6},1.0
1257,cement kiln dust,"2050-AE02,2050-AE34",{5},1,{5},1.0
1258,census data,2577-AC64,{13},1,{13},1.0
1259,center line,2125-AD68,{3},1,{3},1.0
1260,central air conditioner,"1904-AA77,1904-AB42,1904-AC06,1904-AC68,1904-AD37,1904-AD71",{6},1,{6},1.0
1261,central california coast,0648-AG56,{5},1,{5},1.0
1262,central city,2502-AH07,{13},1,{13},1.0
1263,central counterpartie,3235-AK26,{8},1,{8},1.0
1264,central gulf,"0648-AK71,0648-AT71,0648-AT90,0648-BA97,0648-BC23,0648-BC80",{5},1,{5},1.0
1265,central liquidity facility,3133-AB97,{7},1,{7},1.0
1266,central registry,0648-AJ77,{5},1,{5},1.0
1267,central time zone,"2105-AD30,2105-AD98",{3},1,{3},1.0
1268,centralized certification,2900-AL43,{13},1,{13},1.0
1269,ceramic material,2070-AJ68,{5},1,{5},1.0
1270,ceramic pitcher,0910-AD82,{1},1,{1},1.0
1271,ceremonial use,1024-AC77,{5},1,{5},1.0
1272,certain accounting requirement,3064-AF15,{7},1,{7},1.0
1273,certain acquisition,"1545-BJ25,1545-BJ26,3235-AF78","{8, 7}",2,"{8, 7}",2.0
1274,certain action,"0694-AH19,2700-AD45","{8, 10}",2,"{8, 10}",2.0
1275,certain adjustment,1615-AB60,{2},1,{2},1.0
1276,certain administrative cost,"0584-AB66,0584-AD05,0584-AD94",{1},1,{1},1.0
1277,certain affiliate,7100-AC52,{7},1,{7},1.0
1278,certain agricultural commodity,0580-AA54,{1},1,{1},1.0
1279,certain airport,"1652-AA39,2120-AH62","{2, 3}",2,"{2, 3}",2.0
1280,certain alien,"1115-AG14,1125-AA29,1615-AB02,1651-AA75",{2},1,{2},1.0
1281,certain amendment,1512-AC55,{1},1,{1},1.0
1282,certain animal,"0579-AA38,0579-AA38",{1},1,{1},1.0
1283,certain applicant,"1115-AE02,1115-AF74,1615-AA89",{2},1,{2},1.0
1284,certain application,1115-AD81,{2},1,{2},1.0
1285,certain arrangement,"0991-AB72,0991-AB73",{1},1,{1},1.0
1286,certain bank hold company,"1557-AD69,3064-AE01",{7},1,{7},1.0
1287,certain benefit,1615-AA93,{2},1,{2},1.0
1288,certain borrower,0572-AB85,{9},1,,0.0
1289,certain broker,3235-AH36,{8},1,{8},1.0
1290,certain cargo,2120-AG12,{3},1,{3},1.0
1291,certain cdo,"3038-AE13,3235-AL52","{8, 7}",2,"{8, 7}",2.0
1292,certain chemical,"2070-AB79,2070-AD42",{5},1,{5},1.0
1293,certain child,"1625-AA62,2115-AG04,2900-AK67,2900-AK90,2900-AP09","{2, 13}",2,"{2, 13}",2.0
1294,certain circumstance,"0750-AD62,1115-AG00,1615-AA46",{2},1,,0.0
1295,certain clause,0750-AI13,{2},1,{2},1.0
1296,certain collateralized debt obligation,"1557-AD79,3064-AE11",{7},1,{7},1.0
1297,certain commodity,0560-AH22,{9},1,{9},1.0
1298,certain communication,3235-AL41,{8},1,{8},1.0
1299,certain company,7100-AE39,{7},1,{7},1.0
1300,certain compensation arrangement,1545-AV29,{7},1,{7},1.0
1301,certain contract,"9000-AH62,9000-AJ13",,0,,0.0
1302,certain criminal activity,"1115-AG21,1115-AG39",{2},1,{2},1.0
1303,certain criminal conviction,"0960-AH78,1125-AA33","{2, 13}",2,"{2, 13}",2.0
1304,certain datum,"0910-AC00,2501-AD09","{1, 13}",2,"{1, 13}",2.0
1305,certain deadline,"0651-AD22,0694-AE68,1545-BG16,1545-BG17","{8, 7}",2,"{8, 7}",2.0
1306,certain debenture,3245-AD51,{8},1,{8},1.0
1307,certain debt,3220-AB48,{13},1,{13},1.0
1308,certain decision,0910-AH37,{1},1,{1},1.0
1309,certain department,"0960-AE14,1651-AA89","{2, 13}",2,"{2, 13}",2.0
1310,certain derivative,1545-BK14,{7},1,{7},1.0
1311,certain destination,"0694-AH07,0694-AH93",{8},1,{8},1.0
1312,certain determination,0960-AG72,{13},1,{13},1.0
1313,certain device,0938-AH21,{1},1,{1},1.0
1314,certain dietary supplement,3041-AB52,{1},1,{1},1.0
1315,certain disability,"2900-AL70,2900-AN68,2900-AO09",{13},1,{13},1.0
1316,certain disaster,2900-AM40,{13},1,{13},1.0
1317,certain dispute,2140-AA38,{3},1,{3},1.0
1318,certain distribution,"1545-AY42,1545-BA55,1545-BF93,1545-BG21,1545-BG85,1545-BG86",{7},1,{7},1.0
1319,certain drug,"0910-AH12,0938-AK01",{1},1,{1},1.0
1320,certain election,"1545-AS14,1545-AU41",{7},1,{7},1.0
1321,certain electronic device,3041-AC70,{1},1,{1},1.0
1322,certain emergency,0694-AC98,{8},1,{8},1.0
1323,certain employee,"3090-AG76,3090-AH04,3090-AJ21,3090-AJ37,3206-AI02,3206-AI55,3206-AN35,3206-AN35,3206-AN91",,0,,0.0
1324,certain engine,0694-AE22,{8},1,{8},1.0
1325,certain entity,"0694-AD83,0694-AH25,0694-AH27,0694-AH39,0694-AH41,0694-AH42,0694-AH43,0694-AH48,0694-AH50,0694-AH57,0694-AH57,0694-AH63,0694-AH68,0694-AH72",{8},1,{8},1.0
1326,certain entry,"0694-AE57,0694-AG74,0694-AG81",{8},1,{8},1.0
1327,certain equity security,"3064-AC11,3235-AH37,3235-AH48,3235-AK54","{8, 7}",2,"{8, 7}",2.0
1328,certain exchange,1545-BH93,{7},1,{7},1.0
1329,certain exemption,2070-AJ27,{5},1,{5},1.0
1330,certain expense,2501-AC72,{13},1,{13},1.0
1331,certain export,"0694-AB43,0694-AD56",{8},1,{8},1.0
1332,certain facility,"2501-AC47,2501-AD40",{13},1,{13},1.0
1333,certain family,0938-AK92,{1},1,{1},1.0
1334,certain farm,1545-AT66,{7},1,{7},1.0
1335,certain fee,"1115-AE75,1115-AF61",{2},1,{2},1.0
1336,certain filing,1125-AA90,{2},1,{2},1.0
1337,certain financial information,3235-AI68,{8},1,{8},1.0
1338,certain financial product,3170-AA30,{7},1,{7},1.0
1339,certain financial record,"7100-AC03,7100-AC10,7100-AD91",{7},1,{7},1.0
1340,certain firm,3038-AC55,{7},1,{7},1.0
1341,certain fish,0648-AF32,{5},1,{5},1.0
1342,certain flight,"2120-AF72,2120-AF74,2120-AF85,2120-AF87,2120-AF94,2120-AG10,2120-AG17,2120-AG25,2120-AG28,2120-AG40,2120-AG48,2120-AG56,2120-AG67,2120-AG78,2120-AG98,2120-AG99,2120-AH64,2120-AI34,2120-AI46,2120-AJ03,2120-AJ69,2120-AJ93,2120-AK07,2120-AK42,2120-AK50,2120-AK56,2120-AK59,2120-AK60,2120-AK61,2120-AK70,2120-AK72,2120-AK75,2120-AK78,2120-AK92,2120-AK93,2120-AK99,2120-AL06,2120-AL07,2120-AL27,2120-AL28,2120-AL34,2120-AL38,2120-AL39,2120-AL40,2120-AL44,2120-AL46,2120-AL47,2120-AL48,2120-AL49",{3},1,{3},1.0
1343,certain food,0910-AI44,{1},1,{1},1.0
1344,certain foreign corporation,"1545-AL89,1545-BB36,1545-BE47,1545-BF49",{7},1,{7},1.0
1345,certain former member,2900-AQ74,{13},1,{13},1.0
1346,certain fringe benefit,1545-BF42,{7},1,{7},1.0
1347,certain gain,1545-BH20,{7},1,{7},1.0
1348,certain good,0750-AJ71,{2},1,{2},1.0
1349,certain government service,3206-AK84,,0,,0.0
1350,certain health,0938-AF15,{1},1,{1},1.0
1351,certain hedge fund adviser,3235-AJ25,{8},1,{8},1.0
1352,certain human drug,0910-AB93,{1},1,{1},1.0
1353,certain indebtedness,2900-AN14,{13},1,{13},1.0
1354,certain independent system operator,3038-AD97,{7},1,{7},1.0
1355,certain individual,"0960-AF75,0960-AF86,1117-AA28,1545-AS42,1545-AY83,3090-AF63","{1, 13, 7}",3,"{1, 13, 7}",3.0
1356,certain information,"1105-AB21,2060-AR45","{12, 5}",2,"{12, 5}",2.0
1357,certain institution,"0750-AA29,0750-AD10,0750-AD96,0750-AF27",{2},1,{2},1.0
1358,certain instrument,3235-AG42,{8},1,{8},1.0
1359,certain insurance company,1545-BM69,{7},1,{7},1.0
1360,certain investment,1545-AH85,{7},1,{7},1.0
1361,certain issuer,3235-AG33,{8},1,{8},1.0
1362,certain law,9000-AN72,,0,,0.0
1363,certain lease,1010-AD44,{5},1,{5},1.0
1364,certain limit,0938-AI05,{1},1,{1},1.0
1365,certain list,"1117-AA35,1117-AB08",{1},1,{1},1.0
1366,certain loan,2501-AC76,{13},1,,0.0
1367,certain loss,"1545-AU31,1545-AU35,1545-AV30,1545-AV88,1545-AV98,1545-AV99",{7},1,{7},1.0
1368,certain magnet,0750-AK15,{2},1,{2},1.0
1369,certain material,3041-AC63,{1},1,{1},1.0
1370,certain meat,"0583-AC38,0583-AD71",{1},1,{1},1.0
1371,certain medical condition,0584-AB09,{1},1,{1},1.0
1372,certain medical expense,2900-AO79,{13},1,{13},1.0
1373,certain metal,2070-AD10,{5},1,{5},1.0
1374,certain microwave,0694-AF38,{8},1,{8},1.0
1375,certain migratory,0584-AD62,{1},1,{1},1.0
1376,certain money market fund,3235-AK24,{8},1,{8},1.0
1377,certain mortgage loan,1545-BP38,{7},1,{7},1.0
1378,certain nonbank financial company,4030-AA00,{7},1,{7},1.0
1379,certain nonimmigrant,"1115-AG70,1615-AC17,1650-AA01,1653-AA29",{2},1,{2},1.0
1380,certain nurse,1115-AD74,{2},1,{2},1.0
1381,certain offense,3206-AH76,,0,,0.0
1382,certain operation,1652-AA49,{2},1,{2},1.0
1383,certain option,3235-AI38,{8},1,{8},1.0
1384,certain participant,1615-AB43,{2},1,{2},1.0
1385,certain payment,"1545-AP71,1545-BG45,1545-BG69,1545-BM54",{7},1,{7},1.0
1386,certain pension plan,1545-BN24,{7},1,{7},1.0
1387,certain pesticide,2070-AC33,{5},1,{5},1.0
1388,certain plastic,3041-AD59,{1},1,{1},1.0
1389,certain practice,0991-AA53,{1},1,{1},1.0
1390,certain product,"0910-AG88,1904-AD26,2060-AF93,2070-AJ46","{1, 5, 6}",3,"{1, 5, 6}",3.0
1391,certain prohibition,1018-BA47,{5},1,{5},1.0
1392,certain proposal,1400-AC62,{14},1,,0.0
1393,certain provision,"0551-AA67,0660-AA31,0938-AO16,2060-AQ33,2060-AQ34,2060-AQ53,2060-AQ85,2060-AR75,2105-AE81,2126-AA96,2126-AB60,2126-AB89,3235-AM63","{1, 3, 5, 8, 9, 11}",6,"{1, 3, 5, 8, 9, 11}",6.0
1394,certain public housing,2577-AB79,{13},1,{13},1.0
1395,certain publicly trade partnership,1545-AL57,{7},1,{7},1.0
1396,certain radioactive material,3150-AH09,{6},1,{6},1.0
1397,certain real property,0960-AH23,{13},1,{13},1.0
1398,certain record,1076-AF11,,0,,0.0
1399,certain refinery,"1545-BF05,1545-BF06",{7},1,{7},1.0
1400,certain reporting requirement,0648-AY28,{5},1,{5},1.0
1401,certain requirement,"0651-AB15,0651-AC93,0910-AA45,0910-AH56,0938-AH68,1004-AE53,1004-AE54,1115-AC83,1190-AA69,2060-AT65","{1, 2, 5, 8, 13}",5,"{1, 2, 5, 8, 13}",5.0
1402,certain respiratory,2900-AL26,{13},1,{13},1.0
1403,certain restriction,"1115-AD83,1115-AF91,1615-AA40",{2},1,,0.0
1404,certain retirement account,3064-AD01,{7},1,{7},1.0
1405,certain return,"1545-AU83,1545-AU84",{7},1,{7},1.0
1406,certain rule,"0651-AD24,2060-AM02,3038-AB20","{8, 5, 7}",3,"{8, 5, 7}",3.0
1407,certain sale,1545-AL89,{7},1,{7},1.0
1408,certain security,"1545-BB90,1557-AB54,3064-AB85",{7},1,{7},1.0
1409,certain service,"0750-AF69,0938-AF01,1505-AB62,1545-BE32","{1, 2, 7}",3,"{1, 2, 7}",3.0
1410,certain standard,1513-AC45,{1},1,{1},1.0
1411,certain stock purchase,1545-AF29,{7},1,{7},1.0
1412,certain survivor,"0720-AB04,0720-AB07",{1},1,{1},1.0
1413,certain swap,3038-AD98,{7},1,{7},1.0
1414,certain symbol,0991-AA81,{1},1,{1},1.0
1415,certain taxpayer,1545-AQ49,{7},1,{7},1.0
1416,certain telecommunication,9000-AN83,,0,,0.0
1417,certain term,1512-AB50,{1},1,{1},1.0
1418,certain testing requirement,"0579-AC26,0579-AD18",{1},1,{1},1.0
1419,certain thrift institution,3235-AI16,{8},1,{8},1.0
1420,certain tobacco product,0910-AH86,{1},1,{1},1.0
1421,certain training,2120-AH51,{3},1,{3},1.0
1422,certain transaction,"1117-AA44,1505-AC61,1506-AA10,1506-AA12,1545-AU70,1545-AY74,1545-BC05,1545-BD84,1545-BN32,2133-AB30","{1, 3, 7}",3,"{1, 3, 7}",3.0
1423,certain transfer,"1545-AY25,1545-BD46,1545-BG09,1545-BN06,1545-BN39",{7},1,{7},1.0
1424,certain u.s water,"1625-AA10,2115-AE56",{2},1,{2},1.0
1425,certain use,"2070-AK03,2070-AK46",{5},1,{5},1.0
1426,certain vaccine,0906-AA49,{1},1,{1},1.0
1427,certain vehicle,1515-AE11,{8},1,{8},1.0
1428,certain vessel,2115-AF56,{2},1,{2},1.0
1429,certain veteran,"2900-AJ34,2900-AJ65,2900-AM95,2900-AN49,2900-AP94,2900-AQ01",{13},1,{13},1.0
1430,certain weapon,0694-AE50,{8},1,{8},1.0
1431,certain wine,1512-AB78,{1},1,{1},1.0
1432,certificate holder,2120-AJ86,{3},1,{3},1.0
1433,certificate program,"2577-AB60,2900-AL34",{13},1,{13},1.0
1434,certificate regulation,1902-AD33,{6},1,{6},1.0
1435,certification activity,"0938-AO96,0938-AP22,2070-AD11","{1, 5}",2,"{1, 5}",2.0
1436,certification label,"2127-AE71,2127-AG65",{3},1,{3},1.0
1437,certification mark,0651-AD29,{8},1,{8},1.0
1438,certification procedure,"2120-AA70,2120-AG93,2132-AA62",{3},1,{3},1.0
1439,certification process,"1121-AA74,1121-AA76,1121-AA77",{12},1,{12},1.0
1440,certification program,"0648-AG32,0692-AA21","{8, 5}",2,"{8, 5}",2.0
1441,certification provision,"0584-AB76,0584-AC40",{1},1,{1},1.0
1442,certification regulation,1904-AD05,{6},1,,0.0
1443,certification requirement,"0648-AR87,0750-AI48,1515-AC20,1904-AA71,1904-AA71,1904-AD12,2060-AG06,2120-AF22,2120-AG04,2126-AB67,2127-AE27,2127-AH49,3090-AG10,9000-AH23,9000-AL71","{2, 3, 5, 6}",4,"{2, 3, 5, 6}",4.0
1444,certification rule,2070-AC64,{5},1,{5},1.0
1445,certification service,"0581-AB34,0581-AB44,0581-AB68,0581-AB80,0581-AB83,0581-AB95,0581-AC13,0581-AC49,0581-AC95,0910-AA07,2120-AE72,2120-AI77","{9, 3, 1}",3,"{9, 3, 1}",3.0
1446,certification statement,1902-AB20,{6},1,{6},1.0
1447,certify compliance,1904-AB11,{6},1,{6},1.0
1448,certify development company,"3245-AD16,3245-AE29,3245-AG76",{8},1,{8},1.0
1449,certify historic structure,1545-BN83,{7},1,{7},1.0
1450,certify statement,3064-AC84,{7},1,{7},1.0
1451,cfr part,"0906-AA38,0906-AA53,0960-AE81,2050-AE33,2080-AA13,3150-AF47","{1, 5, 13, 6}",4,"{1, 5, 13, 6}",4.0
1452,cftc regulate institution,3038-AD14,{7},1,{7},1.0
1453,champus tricare,"0720-AA62,0720-AA63,0720-AA96,0720-AB22,0720-AB60",{1},1,{1},1.0
1454,change fee,1018-AU56,{5},1,{5},1.0
1455,change procedure,2700-AD60,{10},1,,0.0
1456,change product,"2120-AF68,2120-AK19",{3},1,{3},1.0
1457,change regulation,0560-AH75,{9},1,,0.0
1458,chapter 11 case,1105-AB30,{12},1,{12},1.0
1459,charitable activity,1400-AA92,{14},1,{14},1.0
1460,charitable choice,0930-AA11,{1},1,{1},1.0
1461,charitable contribution,"1545-AP30,1545-BD47,1545-BF10,1545-BF29,1545-BO39,1545-BO89,3069-AA47,3133-AC15",{7},1,{7},1.0
1462,charitable entity,1545-BP40,{7},1,{7},1.0
1463,charitable hospital,"1545-BK57,1545-BL30",{7},1,{7},1.0
1464,charitable institution,0584-AD45,{1},1,{1},1.0
1465,charitable organization,0581-AD42,{9},1,,0.0
1466,charitable remainder trust,"1545-AU25,1545-AX62,1545-BH02",{7},1,{7},1.0
1467,charles bacon,1512-AE19,{1},1,{1},1.0
1468,charter fishing vessel,0648-BH91,{5},1,{5},1.0
1469,charter operation,2120-AH66,{3},1,{3},1.0
1470,charter vessel,0648-AS99,{5},1,{5},1.0
1471,check baggage,"1652-AA14,2120-AG51","{2, 3}",2,"{2, 3}",2.0
1472,chemical agent,1120-AB67,{12},1,{12},1.0
1473,chemical distributor,1117-AB14,{1},1,{1},1.0
1474,chemical drug,2115-AF02,{2},1,{2},1.0
1475,chemical export,2070-AJ01,{5},1,{5},1.0
1476,chemical exposure limit,1218-AB26,{4},1,{4},1.0
1477,chemical facility anti terrorism standard,"1601-AA41,1601-AA69,1670-AA01",{2},1,{2},1.0
1478,chemical management,1218-AC74,{4},1,{4},1.0
1479,chemical manufacturing,"2060-AN44,2060-AO85",{5},1,{5},1.0
1480,chemical mixture,"1117-AA31,1117-AA64,1117-AA66,1117-AA77,1117-AB11",{1},1,{1},1.0
1481,chemical oxygen generator,"2120-AK14,2120-AK36,2137-AE49",{3},1,{3},1.0
1482,chemical precursor,"1117-AB12,1117-AB24",{1},1,{1},1.0
1483,chemical registration,"1117-AA46,1117-AA50,1117-AA72,1117-AA96,1117-AB32",{1},1,{1},1.0
1484,chemical substance,"1219-AA48,2070-AJ54,2070-AJ94,2070-AK39","{4, 5}",2,"{4, 5}",2.0
1485,chemical testing,"0560-AF40,1625-AA27,1625-AA80,2115-AF67,2115-AG00","{9, 2}",2,"{9, 2}",2.0
1486,chemical weapon,0694-AA69,{8},1,{8},1.0
1487,chemical weapons convention,"0694-AB67,0694-AC35,0694-AC62,0694-AC88,0694-AE08,0694-AE36,0694-AE55",{8},1,{8},1.0
1488,cherry point,0648-AX10,{5},1,{5},1.0
1489,chicago 's o'hare international airport,"2120-AI47,2120-AJ39",{3},1,{3},1.0
1490,chicago o'hare international airport,"2120-AI51,2120-AI87",{3},1,{3},1.0
1491,chief accountant,1902-AB48,{6},1,,0.0
1492,chief administrative law judge,1902-AC32,{6},1,,0.0
1493,chief compliance officer,3038-AD38,{7},1,{7},1.0
1494,chief information officer,0651-AB39,{8},1,{8},1.0
1495,child 's environment,3014-AA17,{3},1,{3},1.0
1496,child 's facility,"1190-AA34,1190-AA38",{13},1,{13},1.0
1497,child 's health insurance plan,0938-AT96,{1},1,{1},1.0
1498,child 's health insurance program,"0938-AJ75,0938-AJ77,0938-AP53,0938-AP68,0938-AP69,0938-AQ32,0938-AQ99,0938-AR79,1210-AB40","{1, 4}",2,"{1, 4}",2.0
1499,child 's hospital,0720-AB73,{1},1,{1},1.0
1500,child 's jewelry,3041-AD07,{1},1,{1},1.0
1501,child 's metal jewelry,3041-AC48,{1},1,{1},1.0
1502,child 's online privacy protection act,3084-AA84,{8},1,{8},1.0
1503,child 's online privacy protection rule,"3084-AA88,3084-AB00,3084-AB20,3084-AB58",{8},1,{8},1.0
1504,child 's product,"3041-AC43,3041-AC50,3041-AC55,3041-AC70,3041-AC75,3041-AD14",{1},1,{1},1.0
1505,child 's relationship,"2900-AK26,2900-AK47",{13},1,{13},1.0
1506,child 's sleepwear,"3041-AB27,3041-AB61,3041-AB62,3041-AB69,3041-AB74,3041-AB80,3041-AD01",{1},1,{1},1.0
1507,child 's television programming,3060-AF77,{11},1,{11},1.0
1508,child 's toy,"3041-AC72,3041-AD25",{1},1,{1},1.0
1509,child 's tv,3060-AH68,{11},1,{11},1.0
1510,child abuse,0970-AB86,{1},1,{1},1.0
1511,child and adult care food program,"0584-AB19,0584-AB21,0584-AC07,0584-AC20,0584-AC21,0584-AC24,0584-AC42,0584-AC52,0584-AC82,0584-AC94,0584-AD15,0584-AD26,0584-AD27,0584-AD66,0584-AD67,0584-AD69,0584-AD80,0584-AE12,0584-AE18,0584-AE59",{1},1,{1},1.0
1512,child care,"0970-AB33,0970-AB74,3041-AD25",{1},1,{1},1.0
1513,child custody,"0702-AA84,2900-AI10","{2, 13}",2,"{2, 13}",2.0
1514,child development,0970-AC53,{1},1,{1},1.0
1515,child health,"0925-AA19,0925-AA41",{1},1,{1},1.0
1516,child labor regulation,"1215-AA09,1215-AA89,1215-AB44,1215-AB57,1235-AA01,1235-AA06",{4},1,{4},1.0
1517,child labor violation,1215-AB20,{4},1,{4},1.0
1518,child nutrition,"0551-AA78,0584-AC07,0584-AC20","{9, 1}",2,"{9, 1}",2.0
1519,child occupy facility,2070-AD65,{5},1,{5},1.0
1520,child placement,1120-AA31,{12},1,{12},1.0
1521,child relationship,"0960-AD97,0960-AE30",{13},1,{13},1.0
1522,child resistant packaging,"3041-AA22,3041-AB46,3041-AB52,3041-AB55,3041-AB56,3041-AB57,3041-AB72,3041-AB76,3041-AB78,3041-AC05",{1},1,{1},1.0
1523,child restraint,"2127-AF46,2127-AH02,2127-AI34",{3},1,{3},1.0
1524,child safety seat,2120-AK17,{3},1,{3},1.0
1525,child support,"0703-AA67,0703-AA97,0970-AC01,1400-AA77,1510-AA66,3206-AG84,3206-AH43,3206-AH55,3206-AI91","{1, 2, 14, 7}",4,"{1, 2, 14, 7}",4.0
1526,chinese company,0750-AJ81,{2},1,{2},1.0
1527,chinook salmon,"0648-AK02,0648-AM38,0648-AM54,0648-AV07",{5},1,{5},1.0
1528,chiropractic service,2900-AQ70,{13},1,{13},1.0
1529,chop meat,0583-AC60,{1},1,{1},1.0
1530,christian science practitioner,0960-AG01,{13},1,{13},1.0
1531,chromium compound,"2060-AN44,2060-AO85",{5},1,{5},1.0
1532,chromium emission,2060-AK72,{5},1,{5},1.0
1533,chronic condition,0938-AQ48,{1},1,{1},1.0
1534,chronic fatigue syndrome,2900-AG86,{13},1,{13},1.0
1535,chronic lymphocytic leukemia,2900-AL55,{13},1,{13},1.0
1536,chronic waste disease,"0579-AB35,0910-AC21",{1},1,{1},1.0
1537,chum salmon,"0648-AK53,1018-AH11",{5},1,{5},1.0
1538,church plan,"1545-AY33,1545-BO31",{7},1,{7},1.0
1539,chytrid fungus,1018-AX05,{5},1,{5},1.0
1540,cigarette and smokeless tobacco product,0910-AA48,{1},1,{1},1.0
1541,cigarette ignition,3041-AC27,{1},1,{1},1.0
1542,cigarette lighter,"3041-AB65,3041-AC24,3041-AC24,3041-AC25",{1},1,{1},1.0
1543,cigarette package,0910-AI39,{1},1,{1},1.0
1544,cigarette paper,"1512-AB03,1512-AB81,1512-AB88,1512-AB95,1512-AC14,1512-AC24,1512-AC39,1512-AC41,1512-AC42,1512-AC46,1512-AC47,1512-AC57,1512-AC75,1512-AC90,1512-AC95,1513-AA14,1513-AA17,1513-AA20,1513-AA27,1513-AA38,1513-AA49,1513-AA52,1513-AA99,1513-AB38",{1},1,{1},1.0
1545,cigarette sale,3220-AB20,{13},1,{13},1.0
1546,circulator pump,"1904-AD61,1904-AD77",{6},1,{6},1.0
1547,cite action,1018-AE16,{5},1,{5},1.0
1548,cite patent,0651-AA67,{8},1,{8},1.0
1549,citizen parent,1615-AB08,{2},1,{2},1.0
1550,citizen petition,"0910-AB73,0910-AG26",{1},1,{1},1.0
1551,citizen suit,"2020-AA30,2060-AD80",{5},1,{5},1.0
1552,citizenship applicant,"1115-AF90,1615-AA39",{2},1,{2},1.0
1553,citizenship document,1115-AD51,{2},1,{2},1.0
1554,citizenship issue,2105-AD25,{3},1,{3},1.0
1555,citizenship requirement,"1125-AA05,1625-AB61,2133-AB31","{2, 3}",2,"{2, 3}",2.0
1556,citric acid,0583-AB97,{1},1,{1},1.0
1557,citrus canker,"0579-AB15,0579-AC05,0579-AC07,0579-AC38,0579-AC81,0579-AC96,0579-AD29",{1},1,{1},1.0
1558,citrus fruit,0579-AC34,{1},1,{1},1.0
1559,citrus green,"0579-AC85,0579-AD07,0579-AD29",{1},1,{1},1.0
1560,civil action,3046-AA97,{4},1,,0.0
1561,civil aeronautics board,2105-AC42,{3},1,{3},1.0
1562,civil aircraft,"1515-AC59,2120-AJ14","{2, 3}",2,"{2, 3}",2.0
1563,civil and criminal penalty,"2127-AJ62,2127-AJ83,2127-AK07,2130-AB70,2137-AE14",{3},1,{3},1.0
1564,civil asset forfeiture,1515-AC69,{2},1,{2},1.0
1565,civil authority,"0790-AI34,0790-AJ41,0790-AK06",{2},1,{2},1.0
1566,civil aviation authority,0694-AE14,{8},1,{8},1.0
1567,civil cause,1545-AU68,{7},1,{7},1.0
1568,civil citation,0596-AC38,{5},1,{5},1.0
1569,civil claim,"2700-AD58,2900-AI27,2900-AK10","{10, 13}",2,"{10, 13}",2.0
1570,civil commitment,1120-AB45,{12},1,{12},1.0
1571,civil contempt,"1120-AA87,1120-AB13",{12},1,{12},1.0
1572,civil disturbance,"0790-AG21,0790-AK07",{2},1,{2},1.0
1573,civil end user,0694-AH84,{8},1,{8},1.0
1574,civil enforcement action,1125-AA82,{2},1,{2},1.0
1575,civil enforcement proceeding,0648-AI53,{5},1,{5},1.0
1576,civil fine,"1505-AB35,1515-AC98","{2, 7}",2,"{2, 7}",2.0
1577,civil investigative demand,1105-AA42,{12},1,{12},1.0
1578,civil jurisdiction,0790-AI89,{2},1,{2},1.0
1579,civil liberty,"0311-AA02,0311-AA06,0311-AA07,0311-AA08",{13},1,{13},1.0
1580,civil matter,1105-AA43,{12},1,{12},1.0
1581,civil monetary penalty,"0575-AC93,0605-AA27,0605-AA31,0690-AA31,0690-AA33,0690-AA34,0690-AA35,0790-AG36,0906-AA89,0936-AA02,0960-AG08,0960-AG78,0960-AH87,0991-AB81,1018-BB32,1018-BB97,1018-BE45,1024-AE34,1024-AE37,1029-AC61,1029-AC67,1076-AF35,1076-AF40,1076-AF44,1076-AF49,1125-AA61,1212-AA86,1235-AA28,1400-AE65,1625-AA73,1653-AA57,1801-AA12,1801-AA17,1801-AA18,1801-AA19,1901-AA76,1990-AA32,1990-AA43,1990-AA46,2020-AA46,2105-AE70,2105-AE80,2105-AE90,2133-AB48,2135-AA09,2135-AA16,2135-AA23,3038-AC13,3038-AC60,3038-AE45,3038-AE51,3038-AE58,3038-AE69,3038-AE82,3060-AK49,3072-AB96,3072-AC15,3072-AC36,3072-AC55,3072-AC63,3072-AC67,3072-AC70,3072-AC74,3150-AF57,3220-AB24,3235-AI07","{1, 2, 3, 4, 5, 6, 7, 8, 9, 10, 11, 13, 14}",13,"{1, 2, 3, 4, 5, 6, 7, 8, 9, 10, 11, 13, 14}",13.0
1582,civil money,"2501-AC91,2501-AD30,2501-AD59",{13},1,{13},1.0
1583,civil penalty,"1010-AD74,1012-AA05,1014-AA30,1014-AA36,1014-AA36,1014-AA42,1014-AA43,1014-AA47,1018-BB32,1018-BB97,1018-BC05,1018-BC05,1018-BD05,1018-BD05,1018-BE45,1024-AC48,1024-AC84,1024-AE34,1024-AE37,1024-AE40,1024-AE40,1076-AF35,1076-AF44,1076-AF49,1210-AA37,1210-AA68,1210-AA84,1210-AA85,1210-AA91,1210-AB01,1210-AB23,1210-AB24,1210-AB31,1212-AB33,1212-AB45,1219-AB03,1219-AB32,1219-AB51,1219-AB57,1219-AB72,1219-AB81,1400-AA80,1506-AB40,1515-AC10,1992-AA28,1994-AA05,2020-AA50,2105-AC92,2105-AD40,2105-AD77,2120-AG49,2126-AA54,2126-AA81,2127-AH48,2127-AI18,2127-AI42,2127-AJ32,2127-AK40,2127-AL16,2127-AL73,2127-AL94,2133-AB75,2133-AB89,2135-AA40,2137-AE97,3038-AD76,3052-AD33,3150-AG59,3150-AH55,3150-AI45,3150-AJ72,3150-AJ82,3150-AJ83,3150-AK02,3150-AK11,3150-AK25,3245-AE69","{2, 3, 4, 5, 6, 7, 8, 13, 14}",9,"{2, 3, 4, 5, 6, 7, 8, 13, 14}",9.0
1584,civil procedure,"0648-AF96,0648-AY66,1018-AH97,1018-AU38",{5},1,{5},1.0
1585,civil right,"1400-AD86,1400-AE35,3035-AA02,3035-AA04,3035-AA05,3035-AA06,3090-AH48,3090-AH49,3090-AH59","{13, 14}",2,"{13, 14}",2.0
1586,civil rights act,"0960-AE63,1190-AA31,1190-AA32,1291-AA31,1400-AE69,2501-AB82,3046-AA62,3095-AB09,3135-AA10,3245-AE19,3316-AA20","{4, 6, 8, 10, 13, 14}",6,"{4, 6, 8, 10, 13, 14}",6.0
1587,civil rights restoration act,"0991-AB10,1870-AA10,2501-AC70","{1, 10, 13}",3,"{1, 10, 13}",3.0
1588,civil service retirement system,3206-AN89,,0,,0.0
1589,civil surgeon,"1115-AG37,1615-AA65,1615-AB88",{2},1,{2},1.0
1590,civil work project,"0710-AA69,0710-AA89",{5},1,{5},1.0
1591,civilian authority,0702-AA47,{2},1,{2},1.0
1592,civilian board,"1601-AA42,3090-AI29,3090-AI99,3090-AI99,3090-AJ16,3090-AJ16,3090-AK02,3090-AK07,3090-AK07",{2},1,{2},1.0
1593,civilian health and medical program,"0720-AA01,0720-AA06,0720-AA07,0720-AA19,0720-AA20,0720-AA21,0720-AA23,0720-AA26,0720-AA27,0720-AA30,0720-AA33,0720-AA35,0720-AA36,0720-AA38,0720-AA39,0720-AA40,0720-AA41,0720-AA42,0720-AA43,0720-AA44,0720-AA46,0720-AA48,0720-AA49,0720-AA50,0720-AA51,0720-AA52,0720-AA53,0720-AA54,0720-AA55,0720-AA56,0720-AA57,0720-AA58,0720-AA59,0720-AA60,0720-AA61,0720-AA65,0720-AA66,0720-AA69,0720-AA70,0720-AB18,0720-AB27,0720-AB45,0720-AB48,2900-AK89,2900-AM22,2900-AM23,2900-AM43,2900-AM99,2900-AP02","{1, 13}",2,"{1, 13}",2.0
1594,civilian law enforcement,0702-AA23,{2},1,{2},1.0
1595,claim file,2900-AM34,{13},1,{13},1.0
1596,claim procedure,"1210-AB05,1625-AA03,2115-AD90,2900-AL65,3133-AE60","{2, 4, 13, 7}",4,"{2, 4, 13, 7}",4.0
1597,claim process,9000-AM83,,0,,0.0
1598,claim regulation,1210-AA89,{4},1,{4},1.0
1599,claimant representative,"0960-AD73,0960-AI22",{13},1,{13},1.0
1600,clarify amendment,"0648-AS80,2501-AC08,3150-AE25,3150-AI63,3170-AA64","{13, 5, 6, 7}",4,"{13, 5, 6, 7}",4.0
1601,clarify requirement,0570-AA69,{9},1,{9},1.0
1602,class a station,3060-AK42,{11},1,{11},1.0
1603,class iii gaming,1076-AD67,,0,,0.0
1604,classification society,"1625-AB14,1625-AB35",{2},1,{2},1.0
1605,classified and other sensitive information,1992-AA26,{6},1,{6},1.0
1606,classify information,"0790-AG54,1105-AA53,2105-AC51,2105-AE50,3133-AC76,3150-AF37,3150-AF97","{2, 3, 6, 7, 12}",5,"{2, 3, 6, 7, 12}",5.0
1607,classify matter,"1992-AA31,1992-AA36,1992-AA56",{6},1,{6},1.0
1608,clean air,"0750-AD13,9000-AI19",{2},1,{5},1.0
1609,clean aircraft engine,2060-AU69,{5},1,{5},1.0
1610,clean alternative fuel vehicle,2060-AP64,{5},1,{5},1.0
1611,clean energy financing,3170-AA84,{7},1,{7},1.0
1612,clean fuel,2060-AF87,{5},1,{5},1.0
1613,clean power plan,2060-AT67,{5},1,{5},1.0
1614,clean unit,2060-AK42,{5},1,{5},1.0
1615,clean water act,"0710-AA64,2040-AC34,2040-AC43,2040-AC49,2040-AC54,2040-AC63,2040-AC64,2040-AC75,2040-AC76,2040-AC95,2040-AD07,2040-AD08,2040-AD09,2040-AD12,2040-AD34,2040-AD44,2040-AD52,2040-AD53,2040-AD59,2040-AD62,2040-AD70,2040-AD71,2040-AD72,2040-AD74,2040-AD85,2040-AE68,2040-AF03,2040-AF09",{5},1,{5},1.0
1616,clean water rule,2040-AF30,{5},1,{5},1.0
1617,cleanup activity,3245-AE23,{8},1,{8},1.0
1618,clear swap,3038-AE12,{7},1,{7},1.0
1619,clear title,0580-AA63,{1},1,{1},1.0
1620,clearing agency,"3038-AB74,3235-AK87","{8, 7}",2,"{8, 7}",2.0
1621,clearing exemption,3038-AD98,{7},1,{7},1.0
1622,clearing house,0938-AQ61,{1},1,,0.0
1623,clearing member,3038-AB19,{7},1,{7},1.0
1624,clearing organization,"3038-AB55,3038-AB57,3038-AB66",{7},1,{7},1.0
1625,clearing requirement,"3038-AD60,3038-AE20,3038-AE33",{7},1,{7},1.0
1626,clia regulation,0938-AH82,{1},1,{1},1.0
1627,client record,1651-AA80,{2},1,{2},1.0
1628,clinical hold,"0910-AB41,0910-AI20",{1},1,{1},1.0
1629,clinical investigation,"0910-AC07,0910-AG48,0910-AG71,0910-AH32,0910-AI09",{1},1,{1},1.0
1630,clinical investigator,"0910-AA21,0910-AA30,0910-AA95,0910-AB77,0910-AF79,0910-AG49,0910-AH64",{1},1,{1},1.0
1631,clinical laboratory improvement amendment,"0938-AG87,0938-AJ47,0938-AN70,0938-AS04,0938-AT56",{1},1,{1},1.0
1632,clinical laboratory test,0938-AN26,{1},1,{1},1.0
1633,clinical nurse specialist,0938-AF01,{1},1,{1},1.0
1634,clinical research,0910-AB41,{1},1,{1},1.0
1635,clinical researcher,"0925-AA30,0925-AA33",{1},1,{1},1.0
1636,clinical trail,0720-AA96,{1},1,{1},1.0
1637,close captioning,"3060-AI72,3060-AJ67",{11},1,{11},1.0
1638,closed area,"0648-AT99,0648-BI28",{5},1,{5},1.0
1639,closed end fund,3235-AM31,{8},1,{8},1.0
1640,closed end management investment company,3235-AG74,{8},1,{8},1.0
1641,closing date,9000-AF48,,0,,0.0
1642,closure system,0910-AC24,{1},1,{1},1.0
1643,clothe dryer,"1904-AA89,1904-AB76,1904-AC02,1904-AD99",{6},1,{6},1.0
1644,clothe washer,"1904-AA67,1904-AB38,1904-AB43",{6},1,{6},1.0
1645,clothing allowance,"2900-AJ21,2900-AN64",{13},1,{13},1.0
1646,cloud service,0750-AI61,{2},1,{2},1.0
1647,club due,1545-AS74,{7},1,{7},1.0
1648,co pay,2900-AM11,{13},1,{13},1.0
1649,co payment,0720-AB38,{1},1,{1},1.0
1650,co product,0580-AB00,{1},1,{1},1.0
1651,coal combustion residual,"2050-AE81,2050-AG45,2050-AG98,2050-AH07,2050-AH10",{5},1,{5},1.0
1652,coal combustion waste,2050-AE83,{5},1,{5},1.0
1653,coal lease,"1076-AD32,1076-AE69",,0,,0.0
1654,coal management,"1004-AC37,1004-AD11,1004-AD27,1004-AD43,1004-AD93",{5},1,{5},1.0
1655,coal mine,2050-AG45,{5},1,{5},1.0
1656,coal miner,"0920-AA57,0920-AA68",{1},1,{1},1.0
1657,coal preparation plant,2060-AO57,{5},1,{5},1.0
1658,coal tar,2060-AH78,{5},1,{5},1.0
1659,coarse grain,"0563-AB27,0563-AB43,0563-AB49,0563-AB89",{9},1,{9},1.0
1660,coast guard,"1625-AA50,1625-AA59,1625-AB32,1625-AB33,2105-AD19,2115-AF59,2115-AG49,9000-AK12","{2, 3}",2,"{2, 3}",2.0
1661,coast line,"1014-AA23,1014-AA44",{5},1,{5},1.0
1662,coastal and marine environment,"1090-AA23,1090-AA89",{5},1,{5},1.0
1663,coastal area,3067-AD27,{2},1,,0.0
1664,coastal california gnatcatcher,1018-AF32,{5},1,{5},1.0
1665,coastal plain,1018-BC92,{5},1,{5},1.0
1666,coastal water,2040-AF21,{5},1,{5},1.0
1667,coastal zone management act,"0648-AD83,0648-BH78",{5},1,{5},1.0
1668,cockpit voice recorder,2120-AH88,{3},1,{3},1.0
1669,cocktail glass,3084-AA67,{8},1,{8},1.0
1670,cod fishery,0648-AI64,{5},1,{5},1.0
1671,code information,0750-AI44,{2},1,{2},1.0
1672,code list,0938-AM36,{1},1,{1},1.0
1673,code share arrangement,2105-AC10,{3},1,{3},1.0
1674,code sharing,2105-AD49,{3},1,{3},1.0
1675,codify regulation,"0648-BF60,0648-BG61",{5},1,{5},1.0
1676,coho salmon,"0648-AJ91,1018-AE28",{5},1,{5},1.0
1677,coke byproduct recovery plant,2060-AI65,{5},1,{5},1.0
1678,coke ovens,"2060-AH55,2060-AM83,2060-AS81",{5},1,{5},1.0
1679,cold storage warehouse,0560-AF04,{9},1,{9},1.0
1680,cold treatment,"0579-AC40,0579-AD90",{1},1,{1},1.0
1681,collaborative research,2127-AL99,{3},1,{3},1.0
1682,collateral change,2900-AO18,{13},1,{13},1.0
1683,collateral requirement,3245-AG61,{8},1,{8},1.0
1684,collection agency,3245-AC64,{8},1,{8},1.0
1685,collection effort,"2900-AI27,2900-AK10",{13},1,{13},1.0
1686,collection practice,3235-AJ02,{8},1,{8},1.0
1687,collection procedure,0575-AC22,{9},1,,0.0
1688,collection regulation,3136-AA38,{10},1,,0.0
1689,collective bargaining,"0790-AH99,0790-AK23",{2},1,{2},1.0
1690,college graduate,3206-AN79,,0,,0.0
1691,college tuition,1840-AD47,{10},1,{10},1.0
1692,color additive,"0583-AC69,0910-AD86,0910-AE50,0910-AE58",{1},1,{1},1.0
1693,color illustration,1505-AA69,{7},1,{7},1.0
1694,color specification,2125-AE67,{3},1,{3},1.0
1695,colorado river water,"1006-AA24,1006-AA40",{5},1,{5},1.0
1696,columbia bank,"1557-AB41,1557-AB64,1557-AB72,1557-AB90",{7},1,{7},1.0
1697,columbia gorge,"1512-AC81,1513-AA43",{1},1,{1},1.0
1698,combat vehicle,0750-AF39,{2},1,{2},1.0
1699,combat violence,1121-AA49,{12},1,{12},1.0
1700,combat violent crime,1121-AA27,{12},1,{12},1.0
1701,combination package,2137-AE32,{3},1,{3},1.0
1702,combination product,"0910-AF81,0910-AF82,0910-AH19,0910-AH94",{1},1,{1},1.0
1703,combine federal campaign,3206-AI53,,0,,0.0
1704,combine provision,0750-AH38,{2},1,{2},1.0
1705,combine sewer,2040-AF67,{5},1,{5},1.0
1706,combustible dust,1218-AC41,{4},1,{4},1.0
1707,combustible liquid,2137-AE52,{3},1,{3},1.0
1708,combustion source,2060-AE80,{5},1,{5},1.0
1709,combustion turbine,"2060-AG67,2060-AK35",{5},1,{5},1.0
1710,command experience,"2120-AK23,2120-AL03",{3},1,{3},1.0
1711,comment period,"0910-AC54,0910-AI42,1018-AH73","{1, 5}",2,"{1, 5}",2.0
1712,comment request,1506-AA90,{7},1,{7},1.0
1713,commerce bureau,1545-AY06,{7},1,{7},1.0
1714,commerce control list,"0607-AA34,0694-AA52,0694-AB29,0694-AB35,0694-AB41,0694-AB42,0694-AB46,0694-AB48,0694-AB53,0694-AB55,0694-AB75,0694-AB77,0694-AB85,0694-AB86,0694-AC08,0694-AC13,0694-AC31,0694-AC43,0694-AC44,0694-AC54,0694-AC65,0694-AC85,0694-AD00,0694-AD41,0694-AD57,0694-AD73,0694-AE22,0694-AE24,0694-AE29,0694-AE32,0694-AE33,0694-AE42,0694-AE43,0694-AE58,0694-AE67,0694-AE91,0694-AF11,0694-AF37,0694-AF50,0694-AF52,0694-AF62,0694-AF83,0694-AG05,0694-AG08,0694-AG93,0694-AH04,0694-AH13,0694-AH20,0694-AH60,0694-AH66,0750-AJ82","{8, 2}",2,"{8, 2}",2.0
1715,commercial acquisition,2700-AD00,{10},1,{10},1.0
1716,commercial activity,0348-AA45,,0,,0.0
1717,commercial air tour,2120-AK01,{3},1,{3},1.0
1718,commercial aircraft,"0579-AA68,1651-AA62,2105-AE06","{1, 2, 3}",3,"{1, 2, 3}",3.0
1719,commercial availability,0625-AA59,{8},1,{8},1.0
1720,commercial bank,1506-AA64,{7},1,{7},1.0
1721,commercial barge,1625-AB83,{2},1,{2},1.0
1722,commercial bill,9000-AH78,,0,,0.0
1723,commercial charge,0694-AB79,{8},1,{8},1.0
1724,commercial communication satellite,0694-AB84,{8},1,{8},1.0
1725,commercial component,9000-AJ75,,0,,0.0
1726,commercial construction,0750-AC44,{2},1,{2},1.0
1727,commercial contract,0750-AK32,{2},1,{2},1.0
1728,commercial customer,"0910-AH77,0910-AI23,0910-AI24",{1},1,,0.0
1729,commercial delivery service,1115-AF30,{2},1,{2},1.0
1730,commercial driver 's license,"1652-AA17,2126-AA10,2126-AA70,2126-AB24,2126-AB39,2126-AC11","{2, 3}",2,"{2, 3}",2.0
1731,commercial facility,"1190-AA26,1190-AA44,1190-AA45,1190-AA47,1190-AA50,1190-AA68",{13},1,{13},1.0
1732,commercial filming,0596-AD20,{5},1,{5},1.0
1733,commercial firm,"2700-AC44,2700-AE25",{10},1,,0.0
1734,commercial fish,0648-AX36,{5},1,{5},1.0
1735,commercial fishery,"0648-AI92,0648-AR94",{5},1,{5},1.0
1736,commercial fishing,"0648-AJ49,1018-AD18,1024-AE20",{5},1,{5},1.0
1737,commercial heating,"1904-AB06,1904-AB83,1904-AC47,1904-AD12,1904-AD23",{6},1,{6},1.0
1738,commercial helicopter,2120-AK47,{3},1,{3},1.0
1739,commercial information,"1515-AD29,1651-AA47",{2},1,{2},1.0
1740,commercial item,"0348-AB30,0348-AB74,0750-AA02,0750-AB00,0750-AC45,0750-AC76,0750-AD47,0750-AD97,0750-AE32,0750-AF38,0750-AG23,0750-AH39,0750-AH63,0750-AI13,0750-AI50,0750-AI64,0750-AJ01,0750-AJ21,0750-AJ29,0750-AK31,0750-AK66,2700-AC97,2900-AI05,2900-AP58,3090-AF86,3090-AI61,9000-AG38,9000-AG47,9000-AH01,9000-AI38,9000-AI59,9000-AI88,9000-AJ28,9000-AJ31,9000-AJ34,9000-AJ52,9000-AJ75,9000-AK17,9000-AK51,9000-AL12,9000-AL74,9000-AN51,9000-AN68,9000-AN76","{2, 10, 13}",3,"{2, 10, 13}",3.0
1741,commercial landing,0648-AJ37,{5},1,{5},1.0
1742,commercial mobile radio service,"3060-AF57,3060-AF58,3060-AH31,3060-AH81",{11},1,{11},1.0
1743,commercial mortgage loan,1545-BG77,{7},1,{7},1.0
1744,commercial motor vehicle,"1652-AA16,2125-AD05,2125-AE22,2125-AE60,2126-AA44,2126-AA51,2126-AB22,2126-AB87,2126-AC24,2127-AI64","{2, 3}",2,"{2, 3}",2.0
1745,commercial nuclear power reactor,2060-AE39,{5},1,{5},1.0
1746,commercial organization,0960-AE25,{13},1,{13},1.0
1747,commercial paint,2070-AK48,{5},1,{5},1.0
1748,commercial practice,3060-AF78,{11},1,,0.0
1749,commercial purpose,"1018-AD64,1018-AF26",{5},1,{5},1.0
1750,commercial radio operator,3060-AJ91,{11},1,{11},1.0
1751,commercial refrigeration equipment,"1904-AB14,1904-AB59,1904-AB60,1904-AC19,1904-AC40,1904-AC99,1904-AD82,1904-AD83",{6},1,{6},1.0
1752,commercial regulation,2126-AA49,{3},1,{3},1.0
1753,commercial sale,"0551-AA36,0551-AA42,0551-AA43,0551-AA54,0648-BH19","{9, 5}",2,"{9, 5}",2.0
1754,commercial scallop fishing,0648-AS92,{5},1,{5},1.0
1755,commercial shrimp fishery,0648-AR00,{5},1,{5},1.0
1756,commercial software,0750-AG32,{2},1,{2},1.0
1757,commercial space transportation,"2105-AA26,2120-AF98,2120-AH18",{3},1,{3},1.0
1758,commercial standard,0348-AB78,,0,,0.0
1759,commercial sterilization,2060-AG36,{5},1,{5},1.0
1760,commercial transaction,0750-AB47,{2},1,{2},1.0
1761,commercial transportation,"0579-AB06,0579-AC49,3090-AG73",{1},1,{1},1.0
1762,commercial truck,"1505-AC10,1515-AD65,2127-AI52","{8, 3, 7}",3,"{8, 3, 7}",3.0
1763,commercial use,0702-AA70,{2},1,,0.0
1764,commercial vehicle,"0750-AB16,1024-AC30,2125-AE63,2126-AB29,2127-AI59,2127-AM09","{2, 3, 5}",3,"{2, 3, 5}",3.0
1765,commercial vessel,"1625-AB04,1625-AB44,1651-AA62,2040-AF92","{2, 5}",2,"{2, 5}",2.0
1766,commercial zone,"2125-AE31,2126-AA33,2126-AA34,2126-AB86",{3},1,{3},1.0
1767,commission 's jurisdiction,3038-AC03,{7},1,{7},1.0
1768,commission 's policy,3060-AJ17,{11},1,{11},1.0
1769,commission 's procedure,3038-AB50,{7},1,{7},1.0
1770,commission 's regulation,"1902-AB73,1902-AB82,1902-AC01,1902-AE10,1902-AE93,3038-AC33,3038-AE17,3072-AC23","{3, 6, 7}",3,"{3, 6, 7}",3.0
1771,commission 's regulatory policy,3060-AF90,{11},1,{11},1.0
1772,commission 's rule,"3060-AD70,3060-AF14,3060-AF21,3060-AF59,3060-AG12,3060-AG13,3060-AG21,3060-AG87,3060-AG88,3060-AH32,3060-AH55,3060-AH62,3060-AH86,3060-AI35,3060-AI41,3060-AI49,3060-AI74,3060-AI89,3060-AI90,3060-AJ13,3060-AJ18,3060-AJ22,3060-AJ37,3060-AJ47,3060-AJ54,3060-AJ55,3060-AJ62,3060-AJ87,3060-AJ88,3060-AJ91,3060-AJ96,3060-AK05,3060-AK40,3060-AK41,3060-AK51,3060-AK79,3060-AK82,3060-AK92,3072-AC41,3072-AC48,3072-AC49,3072-AC52,3235-AH47,3235-AL87,3235-AL98","{3, 8, 11}",3,"{3, 8, 11}",3.0
1773,commission authorization,1902-AC80,{6},1,{6},1.0
1774,commission determination,3041-AC62,{1},1,{1},1.0
1775,commission disclosure requirement,3038-AA74,{7},1,{7},1.0
1776,commission employee,3037-AA09,{13},1,{13},1.0
1777,commission form,"1902-AF58,3235-AM59","{8, 6}",2,"{8, 6}",2.0
1778,commission guidance,"3235-AJ49,3235-AM26",{8},1,{8},1.0
1779,commission information,"3072-AC60,3072-AC66",{3},1,{3},1.0
1780,commission merchant,"3038-AC37,3038-AC45,3038-AE35",{7},1,{7},1.0
1781,commission procedure,1902-AD19,{6},1,{6},1.0
1782,commission proceeding,"1902-AC42,3072-AC64","{3, 6}",2,"{3, 6}",2.0
1783,commission record,3038-AC44,{7},1,{7},1.0
1784,commission regulation,3038-AE46,{7},1,,0.0
1785,commission requirement,1902-AF38,{6},1,{6},1.0
1786,commission review,"3038-AB21,3038-AB42,3060-AK52","{11, 7}",2,"{11, 7}",2.0
1787,commission rule,"3060-AI22,3060-AI33",{11},1,,0.0
1788,commission staff,1902-AE34,{6},1,,0.0
1789,commodity broker,3038-AC90,{7},1,{7},1.0
1790,commodity credit corporation,0560-AI18,{9},1,{9},1.0
1791,commodity derivative contract,3038-AD99,{7},1,{7},1.0
1792,commodity exchange act,"3038-AB23,3038-AB81,3038-AB82,3038-AD64,3038-AD83,3038-AD94,3038-AE08",{7},1,{7},1.0
1793,commodity futures trading commission,3038-AE21,{7},1,{7},1.0
1794,commodity interest,3038-AE23,{7},1,{7},1.0
1795,commodity option,3038-AB25,{7},1,{7},1.0
1796,commodity pool,3038-AB60,{7},1,{7},1.0
1797,commodity trading advisor,"1506-AA55,1506-AA75,3038-AB17,3038-AB39,3038-AB48,3038-AC20,3038-AC35,3038-AC37,3038-AC45,3038-AD30,3038-AE76,3235-AK92","{8, 7}",2,"{8, 7}",2.0
1798,commodity transaction,"0412-AA33,0412-AA34,0412-AA41,0412-AA51",{14},1,{8},1.0
1799,common carriage,2120-AG13,{3},1,{3},1.0
1800,common carrier,"3060-AG65,3060-AJ70,3060-AK47",{11},1,{11},1.0
1801,common provision,"0560-AC74,0560-AD86,0560-AG79",{9},1,{9},1.0
1802,common rule,"0925-AA21,0940-AA03,1400-AA55,1991-AA69,1991-AB15,1991-AB74,2080-AA13,2105-AC66,2501-AC42,3041-AD54,3076-AA03,3135-AA12,3145-AA28,3206-AL17,3245-AE19","{1, 3, 4, 5, 6, 8, 10, 13, 14}",9,"{1, 3, 4, 5, 6, 8, 10, 13, 14}",9.0
1803,common stockholder equity,1550-AA71,{7},1,{7},1.0
1804,common trust fund,1545-AQ64,{7},1,{7},1.0
1805,communicable disease,"0920-AA03,0920-AA12,0920-AA14,0920-AA15,0920-AA22,0920-AA23,0920-AA26,0920-AA27,0920-AA63,0920-AA72",{1},1,{1},1.0
1806,communication act,"3060-AF49,3060-AF98,3060-AF99,3060-AG00,3060-AG20,3060-AG21,3060-AG37,3060-AG45,3060-AH33,3060-AI15,3060-AI64,3060-AJ31,3060-AJ70,3060-AK00,3060-AK47",{11},1,{11},1.0
1807,communication assistance,"1105-AA39,1110-AA00,1110-AA21,1110-AA22,3060-AG74,3060-AI70","{11, 12}",2,"{11, 12}",2.0
1808,communication facility,0596-AB60,{5},1,{5},1.0
1809,communication network,"3060-AI78,3060-AJ95,3060-AK15",{11},1,{11},1.0
1810,communication procedure,"1625-AA34,2115-AG25",{2},1,{2},1.0
1811,communication service,1545-BB18,{7},1,{7},1.0
1812,communication system,2120-AE68,{3},1,,0.0
1813,communication technology,"1400-AD87,1400-AE35,9000-AN46",{14},1,,0.0
1814,communication use,1004-AC12,{5},1,{5},1.0
1815,communist organization,0960-AG94,{13},1,{13},1.0
1816,community assistance,0790-AG40,{2},1,{2},1.0
1817,community bank leverage ratio,3064-AE91,{7},1,{7},1.0
1818,community base service,"0938-AM05,0991-AB79",{1},1,{1},1.0
1819,community care,2900-AP55,{13},1,{13},1.0
1820,community charter,3133-AE71,{7},1,{7},1.0
1821,community development,"0648-AX76,2528-AA06","{13, 5}",2,"{13, 5}",2.0
1822,community eligibility,0584-AE16,{1},1,{1},1.0
1823,community forest,"0596-AC84,0596-AD23",{5},1,{5},1.0
1824,community health,1545-BL30,{7},1,{7},1.0
1825,community land trust,"2501-AD38,2502-AI68",{13},1,{13},1.0
1826,community live assistance service,0985-AA07,{1},1,{1},1.0
1827,community mental health center,"0938-AF53,0938-AH58,0938-AP51",{1},1,{1},1.0
1828,community mental health service,0930-AA16,{1},1,{1},1.0
1829,community planning,"2506-AC53,2577-AC92",{13},1,{13},1.0
1830,community program,"0575-AB48,0575-AC17,0575-AC58",{9},1,,0.0
1831,community redevelopment,0790-AG18,{2},1,{2},1.0
1832,community reinvestment,"3064-AB27,3064-AC97,7100-AB75,7100-AC87",{7},1,{7},1.0
1833,community relation,0701-AA75,{2},1,{2},1.0
1834,community residential care,"2900-AO62,2900-AP63",{13},1,{13},1.0
1835,community right,"2050-AG64,2050-AG85,2070-AC71,2070-AC77,2070-AD08,2070-AK32,2070-AK53,9000-AG68",{5},1,{5},1.0
1836,community service,"0790-AJ26,0790-AK44",{2},1,,0.0
1837,community supervision,3225-AA00,{12},1,{12},1.0
1838,commuter aircraft,2120-AI58,{3},1,{3},1.0
1839,commuter operation,"2120-AF62,2120-AI84",{3},1,{3},1.0
1840,commuter railroad,2130-AB75,{3},1,{3},1.0
1841,commuter slot,2120-AF31,{3},1,{3},1.0
1842,compact fluorescent lamp,1904-AC74,{6},1,{6},1.0
1843,companion document,0910-AF05,{1},1,{1},1.0
1844,company activity,1550-AB29,{7},1,{7},1.0
1845,company disclosure,3235-AJ70,{8},1,{8},1.0
1846,company loan,3245-AE68,{8},1,{8},1.0
1847,company system,3038-AB01,{7},1,{7},1.0
1848,company website,3235-AI33,{8},1,{8},1.0
1849,comparable requirement,1505-AA77,{7},1,{7},1.0
1850,compare cost,2577-AC33,{13},1,{13},1.0
1851,compassionate release,1120-AB66,{12},1,{12},1.0
1852,compatible regulation,0648-AY03,{5},1,{5},1.0
1853,compensation committee,3235-AK95,{8},1,{8},1.0
1854,compensation information,9000-AN10,,0,,0.0
1855,compensation payment,0960-AD36,{13},1,{13},1.0
1856,compensation regulation,"3206-AH11,3206-AH23",,0,,0.0
1857,compensation service,2900-AO48,{13},1,{13},1.0
1858,compensatory stock option,1545-BA57,{7},1,{7},1.0
1859,compensatory time,"3206-AL52,3206-AL55",,0,,0.0
1860,competent authority,2137-AE82,{3},1,{3},1.0
1861,competent jurisdiction,"0790-AJ51,2120-AH24,2120-AH75","{2, 3}",2,"{2, 3}",2.0
1862,competition requirement,"0750-AD57,0750-AD71,0750-AE23,0750-AF08,0750-AG03,2900-AQ21","{2, 13}",2,"{2, 13}",2.0
1863,competitive area,3206-AL64,,0,,0.0
1864,competitive award,1010-AD91,{5},1,{5},1.0
1865,competitive bidding,"3060-AF98,3060-AF99,3060-AG00,3060-AG21,3060-AG78",{11},1,{11},1.0
1866,competitive development,3235-AJ15,{8},1,{8},1.0
1867,competitive examination,"3206-AJ52,3206-AL13,3206-AN46",,0,,0.0
1868,competitive funding,0575-AC19,{9},1,{9},1.0
1869,competitive grant,"1076-AD82,3137-AA06",{10},1,{10},1.0
1870,competitive level,"3206-AI96,3206-AL19",,0,,0.0
1871,competitive market,1902-AE12,{6},1,,0.0
1872,competitive medical plan,0938-AF98,{1},1,{1},1.0
1873,competitive position,"3206-AI47,3206-AN60",,0,,0.0
1874,competitive process,"1004-AE24,2040-AD83",{5},1,{5},1.0
1875,competitive product,"3211-AA03,3211-AA07,3211-AA11",{11},1,{11},1.0
1876,competitive proposal,9000-AI44,,0,,0.0
1877,competitive service,"3206-AG62,3206-AJ75,3206-AM73",,0,,0.0
1878,competitive status,3206-AJ75,,0,,0.0
1879,complaint charge,3046-AA92,{4},1,{4},1.0
1880,complaint procedure,1902-AB75,{6},1,{6},1.0
1881,complete action,3245-AG48,{8},1,{8},1.0
1882,complete response letter,0910-AB34,{1},1,{1},1.0
1883,compliance agreement,0579-AD90,{1},1,{1},1.0
1884,compliance date,"0910-AH93,0938-AS31,1076-AF38,1190-AA69,1652-AA52,1904-AC58,1904-AD06,2040-AE85,2040-AE92,2050-AG28,2050-AG36,2060-AS99,2070-AJ74,2070-AK39,2070-AK40,2105-AE00,2105-AE66,2120-AJ65,2126-AC18,2126-AC22,2126-AC25,2126-AC32,2127-AH55,3038-AB74,3170-AA95,3235-AJ39","{1, 2, 3, 5, 6, 7, 8, 13}",8,"{1, 2, 3, 5, 6, 7, 8, 13}",8.0
1885,compliance deadline,"0596-AB87,0596-AC01,2060-AP39",{5},1,{5},1.0
1886,compliance documentation,0596-AC34,{5},1,{5},1.0
1887,compliance guidance,2501-AD21,{13},1,{13},1.0
1888,compliance initiative,"2125-AE33,2126-AA35",{3},1,{3},1.0
1889,compliance monitoring,"1545-AV44,2040-AD31","{5, 7}",2,"{5, 7}",2.0
1890,compliance no,"3150-AJ31,3150-AJ40,3150-AJ47,3150-AJ50,3150-AJ52,3150-AJ58,3150-AJ62,3150-AJ63,3150-AJ65,3150-AJ77,3150-AJ89,3150-AK03,3150-AK16,3150-AK18,3150-AK33,3150-AK35",{6},1,{6},1.0
1891,compliance obligation,"3038-AD30,3038-AD75",{7},1,{7},1.0
1892,compliance period,"2105-AE65,7100-AE39","{3, 7}",2,"{3, 7}",2.0
1893,compliance procedure,"2529-AA87,3064-AE28","{13, 7}",2,"{13, 7}",2.0
1894,compliance program,3235-AI77,{8},1,,0.0
1895,compliance term,3150-AI09,{6},1,{6},1.0
1896,compliance testing,2127-AG17,{3},1,{3},1.0
1897,compliance time,"2060-AS23,2060-AT62,2060-AT64",{5},1,{5},1.0
1898,compliance waiver,1904-AB66,{6},1,{6},1.0
1899,component part,3041-AC86,{1},1,{1},1.0
1900,composite wood product,"2070-AJ44,2070-AJ92,2070-AK30,2070-AK35,2070-AK36,2070-AK47",{5},1,{5},1.0
1901,comprehensive addiction and recovery act,"1117-AB42,1117-AB45",{1},1,{1},1.0
1902,comprehensive amendment,"0648-AL42,0648-AL43,0648-AL84,0648-AL85,0648-AL86,0648-AP51,0648-BE28,0648-BF18",{5},1,{5},1.0
1903,comprehensive assessment,0938-AJ11,{1},1,{1},1.0
1904,comprehensive care,"0938-AS64,0938-AS90,0938-AT16,0938-AU01",{1},1,{1},1.0
1905,comprehensive ecosystem,0648-BB26,{5},1,{5},1.0
1906,comprehensive environmental response compensation and liability act,"2020-AA25,2050-AC98",{5},1,{5},1.0
1907,comprehensive everglade restoration plan,0710-AA49,{5},1,{5},1.0
1908,comprehensive guideline,"2050-AE16,2050-AE23",{5},1,{5},1.0
1909,comprehensive income,2140-AB18,{3},1,{3},1.0
1910,comprehensive quality assurance,3150-AC42,{6},1,{6},1.0
1911,comprehensive review,"3060-AH43,3060-AH76,3060-AH77,3060-AJ98,3060-AK20",{11},1,,0.0
1912,comprehensive revision,"0596-AB22,2577-AB14","{13, 5}",2,"{13, 5}",2.0
1913,comprehensive smokeless tobacco health education act,"3084-AA48,3084-AB23",{8},1,{8},1.0
1914,compress natural gas,"2127-AF14,2127-AF29,2127-AF50",{3},1,{3},1.0
1915,compression ignition,2060-AP36,{5},1,{5},1.0
1916,compute depreciation,"1545-BC17,1545-BC18",{7},1,{7},1.0
1917,computer employee,"1235-AA11,1235-AA20",{4},1,{4},1.0
1918,computer equipment,1904-AC33,{6},1,,0.0
1919,computer generation,9000-AM15,,0,,0.0
1920,computer performance,"0694-AD66,0694-AD98,0694-AE03",{8},1,{8},1.0
1921,computer program,1545-AU70,{7},1,{7},1.0
1922,computer reservation system,"2105-AC56,2105-AD00,2105-AD24",{3},1,{3},1.0
1923,computer security,"1901-AB19,1992-AA27,1994-AA01",{6},1,,0.0
1924,computer server,1904-AD03,{6},1,,0.0
1925,computer service industry,3245-AC11,{8},1,{8},1.0
1926,computer software,"1545-BF56,1545-BF57,1545-BL53",{7},1,{7},1.0
1927,computer tape,3095-AA94,{10},1,{10},1.0
1928,computer technology,0694-AD18,{8},1,{8},1.0
1929,concentrated animal feeding operation,"2040-AD19,2040-AE85,2040-AE92,2040-AF22,2040-AF46",{5},1,{5},1.0
1930,concentration limit,"1219-AB08,7100-AE18","{4, 7}",2,"{4, 7}",2.0
1931,concept release,"3038-AC53,3235-AJ15,3235-AJ36,3235-AL23,3235-AL32","{8, 7}",2,"{8, 7}",2.0
1932,concession contract,"1024-AC72,1024-AC88,1024-AE22,1024-AE57",{5},1,{5},1.0
1933,concurrent federal enforcement,1218-AC31,{4},1,{4},1.0
1934,concurrent receipt,2900-AN19,{13},1,{13},1.0
1935,condition exclusion,"0938-AQ65,0938-AS56,0950-AA00,0991-AB69,1210-AB43,1545-BJ57","{1, 4, 7}",3,"{1, 4, 7}",3.0
1936,condition license,1902-AD53,{6},1,{6},1.0
1937,conditional approval,"0910-AG07,0910-AI18,1018-AD41,1018-AD84","{1, 5}",2,"{1, 5}",2.0
1938,conditional discharge,2900-AK93,{13},1,{13},1.0
1939,conditional exclusion,2050-AG60,{5},1,{5},1.0
1940,conditional exemption,0348-AB43,,0,,0.0
1941,conditional grant,1125-AA19,{2},1,{2},1.0
1942,condominium association,2502-AG93,{13},1,{13},1.0
1943,condominium development,2502-AH80,{13},1,{13},1.0
1944,condominium project,2502-AI57,{13},1,{13},1.0
1945,confer citizenship,1115-AE19,{2},1,{2},1.0
1946,conference planner,3245-AD63,{8},1,{8},1.0
1947,confidential business information,"0579-AC08,2060-AQ04,2126-AB79,2127-AI13,2127-AJ24,2127-AJ95,2127-AL62","{1, 3, 5}",3,"{1, 3, 5}",3.0
1948,confidential information,"2700-AC60,3038-AC44,3038-AC70,3038-AE04","{10, 7}",2,"{10, 7}",2.0
1949,confidential material,3072-AC59,{3},1,{3},1.0
1950,confidential treatment,"1515-AB89,3170-AA20,3235-AM03","{8, 2, 7}",3,"{8, 2, 7}",3.0
1951,confidentiality protection,"1515-AD18,1651-AA44",{2},1,{2},1.0
1952,confidentiality regulation,"2020-AA21,2025-AA02",{5},1,{5},1.0
1953,confidentiality requirement,2139-AA02,{3},1,{3},1.0
1954,confined space,"1218-AB47,1218-AB52,1218-AB52,1218-AD23,1219-AA54",{4},1,{4},1.0
1955,confinement facility,1653-AA65,{2},1,{2},1.0
1956,conflict mineral,3235-AK84,{8},1,{8},1.0
1957,conflict regulation,3038-AB76,{7},1,{7},1.0
1958,conform regulation,"0970-AB84,1010-AD29,1902-AC44","{1, 5, 6}",3,"{1, 5, 6}",3.0
1959,conformance period,7100-AD58,{7},1,{7},1.0
1960,congestion mitigation,"2125-AF63,2125-AF76",{3},1,{3},1.0
1961,congestive heart failure,0938-AI26,{1},1,{1},1.0
1962,congressional defense committee,"0750-AF99,0750-AI23",{2},1,{2},1.0
1963,congressional investigation,9000-AM97,,0,,0.0
1964,congressional medal,0750-AC63,{2},1,{2},1.0
1965,congressional notification,"0750-AF41,0750-AK45,1400-AB15,1400-AB18","{2, 14}",2,"{2, 14}",2.0
1966,congressional reporting requirement,0750-AI35,{2},1,{2},1.0
1967,congressional staff,3206-AM85,,0,,0.0
1968,connect america fund,3060-AJ92,{11},1,{11},1.0
1969,connect track,"2140-AA02,3120-AB43",{3},1,{3},1.0
1970,connect water,2115-AF04,{2},1,{2},1.0
1971,consent request,0651-AA89,{8},1,{8},1.0
1972,consent requirement,"1545-AT75,1545-AU05,3064-AE23",{7},1,{7},1.0
1973,conservation compliance,"0560-AH97,0560-AI26",{9},1,{9},1.0
1974,conservation effort,"0648-AL91,1018-AF11,1018-AF55",{5},1,{5},1.0
1975,conservation land,1018-AZ88,{5},1,{5},1.0
1976,conservation order,"1018-AF05,1018-AF85",{5},1,{5},1.0
1977,conservation program,"0560-AH58,1218-AB89","{9, 4}",2,"{9, 4}",2.0
1978,conservation reserve program,"0560-AD96,0560-AE56,0560-AE95,0560-AG37,0560-AG74,0560-AH80,0560-AI30,0560-AI41",{9},1,{9},1.0
1979,consignment sale,1513-AB12,{1},1,{1},1.0
1980,consolidated audit trail,"3235-AK51,3235-AL99,3235-AM22,3235-AM60",{8},1,{8},1.0
1981,consolidated billing,"0938-AI47,0938-AJ51,0938-AJ58,0938-AJ65,0938-AJ93,0938-AK47,0938-AL20,0938-AL47,0938-AL90,0938-AM46,0938-AO25,0938-AO64,0938-AQ29,0938-AR20,0938-AS07,0938-AS44,0938-AS75,0938-AS96,0938-AT17,0938-AT24",{1},1,{1},1.0
1982,consolidated group,"1545-AL63,1545-AS75,1545-AU36,1545-AU87,1545-AW32,1545-AX56,1545-AY57,1545-AY58,1545-BA14,1545-BC38,1545-BC39,1545-BC74,1545-BC77,1545-BC95,1545-BC95,1545-BC96,1545-BH16,1545-BH31,1545-BM14",{7},1,{7},1.0
1983,consolidated net,"1545-BJ79,1545-BO47",{7},1,{7},1.0
1984,consolidated regulation,"0648-AJ38,0648-AJ81",{5},1,{5},1.0
1985,consolidated return,"1545-AU31,1545-AU35,1545-AV30,1545-AV88,1545-AV98,1545-AV99,1545-BA09,1545-BA15",{7},1,{7},1.0
1986,consolidated subsidiary,"1545-BG25,1545-BG26",{7},1,{7},1.0
1987,construction contract,"0750-AD18,9000-AI47,9000-AJ73",{2},1,{2},1.0
1988,construction contracting,0750-AE91,{2},1,{2},1.0
1989,construction development,0570-AA69,{9},1,{9},1.0
1990,construction guarantee,0575-AC64,{9},1,{9},1.0
1991,construction industry,"1218-AA40,1218-AB48,1218-AB62,1218-AB68,1218-AB87",{4},1,,0.0
1992,construction manager,2125-AF61,{3},1,{3},1.0
1993,construction material,9000-AL22,,0,,0.0
1994,construction noise,"2125-AD97,2125-AE51,2125-AE80,2125-AF03",{3},1,{3},1.0
1995,construction project,0750-AA99,{2},1,,0.0
1996,construction standard,"1218-AB81,1218-AC81",{4},1,{4},1.0
1997,construction work,"1115-AG15,1615-AA58",{2},1,,0.0
1998,construction worker,"1218-AB89,1218-AB94",{4},1,{4},1.0
1999,constructive sale,1545-AW97,{7},1,{7},1.0
2000,consular service,"1400-AB94,1400-AB95,1400-AC41,1400-AC42,1400-AC57,1400-AC58,1400-AD06,1400-AD11,1400-AD20,1400-AD47,1400-AD71,1400-AD72,1400-AD81,1400-AE10,1400-AE11,1400-AE12,1400-AE15",{14},1,{14},1.0
2001,consumer access,3170-AA78,{7},1,{7},1.0
2002,consumer and commercial product,"2060-AE24,2060-AI30,2060-AI31,2060-AO14,2060-AP02",{5},1,{5},1.0
2003,consumer assistance,"2127-AK54,2127-AK61,2127-AK67",{3},1,{3},1.0
2004,consumer claim,3084-AB16,{8},1,{8},1.0
2005,consumer cost,"2502-AH85,2502-AI61",{13},1,,0.0
2006,consumer credit,1550-AB28,{7},1,{7},1.0
2007,consumer financial information,"3038-AE80,3064-AC32,3084-AA85,3084-AA97,3084-AB42,3133-AC39,3133-AC84,3235-AH90,7100-AC61","{8, 7}",2,"{8, 7}",2.0
2008,consumer financial protection act,"1218-AC54,1218-AC58",{4},1,{4},1.0
2009,consumer financial protection bureau,"1557-AD76,2501-AD67","{13, 7}",2,"{13, 7}",2.0
2010,consumer information,"0581-AD63,1550-AB87,1557-AC84,2127-AG67,2127-AL12,3060-AI61,3064-AC77,3084-AA87,3133-AC99,7100-AE13","{3, 7, 8, 9, 11}",5,"{3, 7, 8, 9, 11}",5.0
2011,consumer leasing,"3170-AA66,7100-AB74,7100-AC30,7100-AC53,7100-AD11,7100-AD60,7100-AE05,7100-AE35,7100-AE56,7100-AE86,7100-AE92,7100-AF24",{7},1,{7},1.0
2012,consumer price index,1515-AE25,{8},1,{8},1.0
2013,consumer problem,2105-AE73,{3},1,{3},1.0
2014,consumer product,"1515-AD82,1904-AA83,1904-AB43,1904-AB64,1904-AB65,1904-AB89,1904-AB99,1904-AC23,1904-AC25,1904-AC26,1904-AC70,1904-AC71,1904-AD38,1904-AD48,1904-AE25,1904-AE34,2060-AF62,2060-AI62,2070-AK05,3041-AB78,3041-AC86,3084-AB15","{8, 1, 5, 6}",4,"{8, 1, 5, 6}",4.0
2015,consumer protection,"1557-AB81,3060-AI73,3064-AC37,3064-AE49,3133-AC56","{11, 7}",2,"{11, 7}",2.0
2016,consumer reporting,3170-AA54,{7},1,{7},1.0
2017,consumer research,0910-AC50,{1},1,{1},1.0
2018,consumer use,"2070-AK07,3041-AC23","{1, 5}",2,"{1, 5}",2.0
2019,contact information,"1010-AD22,1010-AD94",{5},1,{5},1.0
2020,contact person,2900-AG75,{13},1,{13},1.0
2021,contain phthalate,3041-AD25,{1},1,{1},1.0
2022,container security,1652-AA31,{2},1,{2},1.0
2023,contaminant monitoring,2040-AB75,{5},1,{5},1.0
2024,contamination control,0583-AD52,{1},1,{1},1.0
2025,content product,1991-AB68,{6},1,{6},1.0
2026,contest hearing,3150-AH03,{6},1,{6},1.0
2027,contest regulation,1018-BE20,{5},1,{5},1.0
2028,contiguous state,1512-AB28,{1},1,{1},1.0
2029,contiguous territory,1115-AG09,{2},1,{2},1.0
2030,contiguous united states,1018-AZ82,{5},1,{5},1.0
2031,continental united states,"0579-AC70,0579-AD14,0579-AD40,0579-AD46,0579-AD48,0579-AD51,0579-AD59,0579-AD61,0579-AD69,0579-AD72,0579-AD80,0579-AD81,0579-AD87,0579-AD88,0579-AD93,0579-AD94,0579-AD95,0579-AD97,0579-AE04,0579-AE10,0579-AE12,0579-AE18,0579-AE20,0579-AE22,0579-AE23,0579-AE24,0579-AE32,0579-AE45,0750-AJ09,3090-AG38","{1, 2}",2,"{1, 2}",2.0
2032,contingency operation,"0720-AB46,0750-AG19,0790-AI38,0790-AK87,3090-AJ18,9000-AM48","{1, 2}",2,"{1, 2}",2.0
2033,contingent fee,"0750-AB57,0750-AD47,1545-BH81,9000-AG64","{2, 7}",2,"{2, 7}",2.0
2034,contingent interest,1545-AU27,{7},1,{7},1.0
2035,continue approval,"0938-AJ66,0938-AJ68,0938-AJ69",{1},1,{1},1.0
2036,continue authority,0938-AP07,{1},1,{1},1.0
2037,continue contract,"0710-AA69,0750-AE95","{2, 5}",2,"{2, 5}",2.0
2038,continue coverage,3206-AI62,,0,,0.0
2039,continue delay,0938-AK28,{1},1,{1},1.0
2040,continue detention,"1653-AA13,1653-AA60",{2},1,{2},1.0
2041,continue dump,1515-AC84,{2},1,{2},1.0
2042,continue education requirement,1651-AB03,{2},1,{2},1.0
2043,continue examination,"0651-AB53,0651-AC29,0651-AC53,0651-AC65",{8},1,{8},1.0
2044,continue manufacture,2137-AD31,{3},1,{3},1.0
2045,continue payment,0960-AF75,{13},1,{13},1.0
2046,continue use,"0651-AD07,0651-AD09",{8},1,,0.0
2047,continue validity,"1115-AE96,1615-AA12",{2},1,{2},1.0
2048,continuous emission monitoring,"2040-AC46,2060-AF58",{5},1,{5},1.0
2049,continuous mining machine,"1219-AB49,1219-AB65",{4},1,{4},1.0
2050,continuous monitoring,1219-AB27,{4},1,,0.0
2051,continuous review,0579-AE54,{1},1,{1},1.0
2052,contract action,"0750-AC91,0750-AE22,0750-AG19,0750-AG75,3090-AH22,9000-AG60,9000-AI76,9000-AI76,9000-AL24",{2},1,{2},1.0
2053,contract administration,"0599-AA08,0703-AB14,0750-AB25,0750-AC02,0750-AF05,1093-AA13,2125-AF01,2900-AQ38,3090-AI59,9000-AH27","{2, 3, 5, 9, 13}",5,"{2, 3, 5, 9, 13}",5.0
2054,contract appeal,"0510-AA02,1076-AE86,1601-AA42,1901-AA30,2105-AE27,2900-AH71,3090-AF62,3090-AF62,3090-AI29,3090-AI29,3090-AI99,3090-AI99,3090-AJ16,3090-AJ16,3090-AK02,3090-AK07,3090-AK07,3206-AL35,3206-AL46","{2, 3, 6, 9, 13}",5,"{2, 3, 6, 9, 13}",5.0
2055,contract approval,1076-AE03,,0,,0.0
2056,contract authority,"0750-AG76,0750-AI62",{2},1,{2},1.0
2057,contract award,"0750-AA85,0750-AA86,0750-AG82,2700-AC89,2700-AD18","{2, 10}",2,"{2, 10}",2.0
2058,contract bundling,"3245-AF07,9000-AI55,9000-AJ58",{8},1,{8},1.0
2059,contract carrier,1140-AA20,{1},1,{1},1.0
2060,contract clause,"0605-AA13,0690-AA08,0702-AA39,0702-AA64,0702-AB07,0703-AB15,0750-AH63,0790-AK52,1090-AA56,1505-AC40,2900-AJ06,3206-AG30","{2, 5, 7, 8, 13}",5,"{2, 5, 7, 8, 13}",5.0
2061,contract dispute,"2120-AG19,2120-AJ82",{3},1,,0.0
2062,contract extension,0560-AD95,{9},1,,0.0
2063,contract facility,1120-AA97,{12},1,{12},1.0
2064,contract file,0750-AF61,{2},1,{2},1.0
2065,contract form,0572-AA45,{9},1,{9},1.0
2066,contract goal,"0750-AC71,0750-AD96,0750-AF27",{2},1,{2},1.0
2067,contract grower,0560-AG33,{9},1,{9},1.0
2068,contract market,"3038-AB82,3038-AC14,3038-AC70,3038-AC74,3038-AE04",{7},1,{7},1.0
2069,contract modification,"0750-AE87,0750-AJ92,3090-AI55,3090-AI83",{2},1,{2},1.0
2070,contract officer,0605-AA15,{8},1,{8},1.0
2071,contract performance,"0750-AC09,0750-AE46",{2},1,{2},1.0
2072,contract period,"0750-AE25,0750-AI35",{2},1,{2},1.0
2073,contract pricing,0750-AE71,{2},1,{2},1.0
2074,contract procedure,2125-AD58,{3},1,{3},1.0
2075,contract program,"2900-AG58,2900-AH77",{13},1,{13},1.0
2076,contract reform,1991-AB28,{6},1,{6},1.0
2077,contract requirement,"0750-AE48,0750-AJ43,3090-AJ84,9000-AL80",{2},1,{2},1.0
2078,contract term,"3038-AB21,9000-AJ34,9000-AK51",{7},1,{7},1.0
2079,contract termination,0750-AE94,{2},1,{2},1.0
2080,contract type,"0750-AD78,0750-AF45,9000-AJ03",{2},1,{2},1.0
2081,contract year,"0938-AP77,0938-AQ00,0938-AQ86,0938-AR37,0938-AT08,0938-AT59,0938-AT97",{1},1,{1},1.0
2082,contracting activity,"1291-AA42,2700-AD21,2900-AJ26","{10, 4, 13}",3,"{10, 4, 13}",3.0
2083,contracting method,0750-AF45,{2},1,{2},1.0
2084,contracting officer,0412-AA94,{14},1,,0.0
2085,contracting policy,0938-AR62,{1},1,{1},1.0
2086,contractor 's report,3090-AH26,,0,,0.0
2087,contractor 's safety,0790-AG06,{2},1,{2},1.0
2088,contractor conflict,3064-AB39,{7},1,{7},1.0
2089,contractor cost,0750-AB66,{2},1,{2},1.0
2090,contractor employee,"0701-AA52,0750-AG09,1010-AC41,1601-AA72,2700-AB68,9000-AG16,9000-AG33,9000-AL25,9000-AN32","{2, 10, 5}",3,"{2, 10, 5}",3.0
2091,contractor employment,0599-AA05,{9},1,{9},1.0
2092,contractor liability,"0938-AO88,2700-AB41,9000-AI28","{1, 10}",2,"{1, 10}",2.0
2093,contractor performance,"0750-AD82,0750-AF09,0750-AF64,9000-AM09,9000-AM34",{2},1,{2},1.0
2094,contractor responsibility,"9000-AI40,9000-AJ10",,0,,0.0
2095,contractor use,"0750-AC21,0750-AE28,9000-AN55",{2},1,{2},1.0
2096,contractual arrangement,"1545-BG73,1545-BG74,3090-AK04",{7},1,{7},1.0
2097,contractual obligation,1215-AA43,{4},1,{4},1.0
2098,contribution limit,1545-BP10,{7},1,{7},1.0
2099,contributor name,"1545-BN28,1545-BN29",{7},1,{7},1.0
2100,control access,"0648-AM24,0648-AM25",{5},1,{5},1.0
2101,control corporation,"1545-BH49,1545-BH61,1545-BI13,1545-BL85",{7},1,{7},1.0
2102,control date,"0648-AI07,0648-AI12,0648-AJ88,0648-AK51,0648-AK56,0648-AM03,0648-AM67,0648-AM86,0648-AM99,0648-AN38,0648-AN61,0648-AO11,0648-AO12,0648-AO39,0648-AO45,0648-AO97,0648-AP19,0648-AP28,0648-AQ01,0648-AQ11,0648-AQ12,0648-AQ89,0648-AR00,0648-AR01,0648-AR37,0648-AR82,0648-AS82,0648-AS88,0648-AT47,0648-AT52,0648-AT53,0648-AT88,0648-AU16,0648-AU40,0648-AU55,0648-AU94,0648-AV26,0648-AV55,0648-AW03,0648-AW21,0648-AW98,0648-AX00,0648-AX51,0648-AX55,0648-AX66,0648-AX92,0648-AX99,0648-BA09,0648-BA83,0648-BA88,0648-BB19,0648-BB60,0648-BB95,0648-BC70,0648-BC96,0648-BD26,0648-BD38,0648-BD85,0648-BE04,0648-BE33,0648-BE52,0648-BE61,0648-BF45,0648-BF66,0648-BG05,0648-BG30,0648-BH66,0648-BJ01,0648-BJ10,0648-BJ17",{5},1,{5},1.0
2103,control entry,0648-AN61,{5},1,{5},1.0
2104,control foreign corporation,"1545-AM90,1545-AY30,1545-AY54,1545-BH06,1545-BM90,1545-BN51",{7},1,{7},1.0
2105,control group,"1545-AL63,1545-AU37,1545-BG39,1545-BG40,1545-BI62,1545-BI92",{7},1,{7},1.0
2106,control order,1018-AZ69,{5},1,{5},1.0
2107,control person,3235-AG32,{8},1,{8},1.0
2108,control regulation,2060-AD45,{5},1,,0.0
2109,control rest,2120-AF54,{3},1,{3},1.0
2110,control substance,"1117-AA03,1117-AA24,1117-AA40,1117-AA47,1117-AA51,1117-AA58,1117-AA61,1117-AA73,1117-AA91,1117-AA96,1117-AA98,1117-AB00,1117-AB01,1117-AB04,1117-AB17,1117-AB18,1117-AB23,1117-AB26,1117-AB28,1117-AB31,1117-AB32,1117-AB39,1117-AB45,1117-AB47,1117-AB48,1117-AB49,1117-AB51,1117-AB54,1117-AB55,1515-AC60,2125-AD11,2125-AD46,2125-AE16,2126-AC11,2132-AA86,2132-AB09","{1, 2, 3}",3,"{1, 2, 3}",3.0
2111,control technique guideline,"2060-AG59,2060-AI31,2060-AO14,2060-AT76",{5},1,{5},1.0
2112,conventional arm,0694-AB40,{8},1,{8},1.0
2113,conventional chemical,2070-AC12,{5},1,{5},1.0
2114,conventional food,"0910-AF83,0910-AH07",{1},1,{1},1.0
2115,conventional oven,1904-AC71,{6},1,{6},1.0
2116,conversion factor,1219-AB55,{4},1,{4},1.0
2117,convertible debt,1545-BN85,{7},1,{7},1.0
2118,convex mirror,2127-AI52,{3},1,{3},1.0
2119,convict felon,0584-AE41,{1},1,{1},1.0
2120,convulsive disorder,"2900-AF23,2900-AM32,2900-AQ73",{13},1,{13},1.0
2121,cook inlet,"0648-AM57,0648-AM84,0648-AO16,0648-BA73,0648-BE53,0648-BH44,0648-BI62,1018-BD63",{5},1,{5},1.0
2122,cooking product,"1904-AD60,1904-AE36",{6},1,{6},1.0
2123,cool off period,"3084-AA53,3084-AB10",{8},1,{8},1.0
2124,cool water intake structure,"2040-AC34,2040-AD62,2040-AD70,2040-AD85,2040-AE95",{5},1,{5},1.0
2125,cooperate government,0694-AB34,{8},1,{8},1.0
2126,cooperative agreement,"0412-AA21,0412-AA65,0503-AA16,0560-AH58,0692-AA14,0692-AA18,0790-AG49,0790-AG79,0790-AG92,0790-AG97,0790-AH01,0790-AJ45,0790-AJ47,0960-AE28,0960-AE29,0960-AF68,0991-AA56,0991-AB51,0991-AB52,1004-AD09,1029-AB84,1121-AA18,1218-AC32,1291-AA22,1601-AA61,1660-AA20,1880-AA63,1991-AC02,2030-AA34,2050-AE62,2050-AG58,2080-AA12,2105-AB46,2105-AC12,2105-AC66,2700-AA95,2700-AC07,2700-AC16,2700-AC44,2700-AC79,2700-AC82,2700-AC96,2700-AD11,2700-AD79,2700-AE25,3045-AA33,3067-AC08,3067-AD28,3136-AA19,9000-AH03","{1, 2, 3, 4, 5, 6, 8, 9, 10, 12, 13, 14}",12,"{1, 2, 3, 4, 5, 6, 8, 9, 10, 12, 13, 14}",12.0
2127,cooperative principle,"3052-AC49,3052-AD40",{7},1,{7},1.0
2128,cooperative research,0910-AI08,{1},1,{1},1.0
2129,cooperative state research education and extension service,0524-AA63,{9},1,{9},1.0
2130,cooperative training,2900-AJ10,{13},1,{13},1.0
2131,coordinated care,"0938-AJ49,0945-AA00",{1},1,{1},1.0
2132,coordinated clearing,3038-AB72,{7},1,{7},1.0
2133,coordinated enforcement,1290-AA11,{4},1,{4},1.0
2134,coordinated management,0648-AH41,{5},1,{5},1.0
2135,coot shoot,1018-AE61,{5},1,{5},1.0
2136,copper alloy,2025-AA18,{5},1,{5},1.0
2137,copyright infringement,2700-AD63,{10},1,{10},1.0
2138,coral reef,"0648-AH71,0648-AH74,0648-BD81,0648-BI61",{5},1,{5},1.0
2139,cordell bank,0648-BD18,{5},1,{5},1.0
2140,core principle,"3038-AC07,3038-AD09,3038-AD18,3038-AD90,3038-AE01,3038-AE66,3235-AK79","{8, 7}",2,"{8, 7}",2.0
2141,corn oil,0580-AA62,{1},1,{1},1.0
2142,corn syrup,0583-AC10,{1},1,{1},1.0
2143,coronary heart disease,0910-AH43,{1},1,{1},1.0
2144,corporate activity,"1557-AB27,1557-AB61,1557-AB97,1557-AC11,1557-AC13,1557-AC81,1557-AC82",{7},1,{7},1.0
2145,corporate average fuel economy standard,2060-AP58,{5},1,{5},1.0
2146,corporate citizenship,2133-AB90,{3},1,{3},1.0
2147,corporate credit union,"3133-AB67,3133-AB88,3133-AC28,3133-AD31,3133-AD58,3133-AD74,3133-AD95,3133-AE43,3133-AE52,3133-AE75",{7},1,{7},1.0
2148,corporate debt security,3064-AD88,{7},1,{7},1.0
2149,corporate governance,"1505-AC09,1550-AA87,2550-AA20,2550-AA24,2550-AA32,2590-AA59,2590-AA90,3052-AC53,3052-AC89","{13, 7}",2,"{13, 7}",2.0
2150,corporate inversion,"1545-AT42,1545-AT44",{7},1,{7},1.0
2151,corporate official,1902-AB90,{6},1,,0.0
2152,corporate opportunity,1550-AA89,{7},1,{7},1.0
2153,corporate owner,2050-AD77,{5},1,{5},1.0
2154,corporate parent,2060-AQ02,{5},1,{5},1.0
2155,corporate partner,"1545-AP52,1545-BE98",{7},1,{7},1.0
2156,corporate power,"3064-AC55,3064-AC94",{7},1,{7},1.0
2157,corporate practice,2590-AA90,{7},1,{7},1.0
2158,corporate relationship,2127-AG97,{3},1,{3},1.0
2159,corporate reorganization,"1115-AE55,1545-AU72,1545-BB80,1545-BB81,1545-BG14,1545-BG15,1545-BG28,1545-BG29,1545-BJ21,1545-BK26,1545-BK43,1545-BO28,3064-AD25","{2, 7}",2,"{2, 7}",2.0
2160,corporate resource,3235-AL36,{8},1,{8},1.0
2161,corporate sponsorship,1545-BA68,{7},1,{7},1.0
2162,corporate stock,"1545-BH35,1545-BN32",{7},1,{7},1.0
2163,corporate tax shelter registration,1545-AW26,{7},1,{7},1.0
2164,corporation 's board,3064-AB91,{7},1,{7},1.0
2165,correct typographical error,"0960-AH55,2050-AE88","{5, 13}",2,"{5, 13}",2.0
2166,correction notice,"0648-BE48,0938-AL47,0938-AL48,2060-AO22","{1, 5}",2,"{1, 5}",2.0
2167,correctional facility,"1121-AA41,3060-AK06","{11, 12}",2,"{11, 12}",2.0
2168,corrective action,2050-AB80,{5},1,,0.0
2169,correspondence course,2900-AH91,{13},1,{13},1.0
2170,correspondent account,"1505-AA87,1506-AA29,1506-AA35",{7},1,{7},1.0
2171,corrosion prevention,0750-AE53,{2},1,{2},1.0
2172,cost accounting standard,"0348-AB64,0348-AB65,0348-AB68,0348-AB70,0348-AB73,0348-AB73,0348-AB74,0348-AB74,0348-AB75,0750-AD25,0750-AE10,0750-AE71,9000-AH01,9000-AJ29",{2},1,{2},1.0
2173,cost allocation,1902-AE03,{6},1,{6},1.0
2174,cost basis reporting,1545-BK05,{7},1,{7},1.0
2175,cost comparison,0584-AD72,{1},1,{1},1.0
2176,cost employer,1545-BN21,{7},1,{7},1.0
2177,cost limit,"0938-AO57,0938-AQ40",{1},1,{1},1.0
2178,cost or pricing datum,"9000-AI31,9000-AK17,9000-AL12",,0,,0.0
2179,cost principal,3145-AA57,{10},1,{10},1.0
2180,cost principle,"0348-AA83,0348-AB01,0348-AB23,0348-AB39,0348-AB50,0412-AA73,0505-AA15,0551-AA85,0551-AA91,0584-AE42,0605-AA10,0605-AA34,0750-AA89,0750-AA90,0750-AE37,0960-AH73,0991-AC09,1090-AA58,1090-AA66,1090-AA67,1121-AA81,1205-AB71,1601-AA71,1660-AA20,1801-AA16,1890-AA19,1991-AB46,1991-AB94,2030-AA99,2105-AE33,2501-AD66,2700-AE18,2700-AE29,2700-AE49,2900-AP03,2900-AP22,3045-AA61,3067-AD28,3136-AA35,3201-AA00,3245-AG62,3600-AA03,9000-AJ38,9000-AJ42,9000-AJ60,9000-AJ65,9000-AJ77","{1, 2, 3, 4, 5, 6, 8, 9, 10, 12, 13, 14}",12,"{1, 2, 3, 4, 5, 6, 8, 9, 10, 12, 13, 14}",12.0
2181,cost recovery,"0596-AD35,0648-BE05,0648-BF35,0710-AA98,1004-AC64,1010-AD23,1024-AD18,1029-AC65,1545-AX12,2020-AA25,2050-AC98,2137-AE94,3150-AH03","{3, 5, 6, 7}",4,"{3, 5, 6, 7}",4.0
2182,cost report,"0938-AL51,0938-AN87",{1},1,{1},1.0
2183,cost share,0720-AB62,{1},1,{1},1.0
2184,cost sharing,"0579-AB50,0938-AO47,0938-AP73,0938-AQ73,0938-AT57",{1},1,{1},1.0
2185,cotton dust,"1218-AB74,1218-AB90",{4},1,{4},1.0
2186,cough cold,0910-AD43,{1},1,{1},1.0
2187,counter drug,0910-AF50,{1},1,{1},1.0
2188,counterfeit electronic part,"0750-AH88,0750-AI58,0750-AI86",{2},1,{2},1.0
2189,counterfeit part,2700-AE38,{10},1,{10},1.0
2190,counterintelligence activity,0790-AK78,{2},1,{2},1.0
2191,counterparty credit risk,"1557-AE44,3064-AE80",{7},1,{7},1.0
2192,countervail duty,0625-AA45,{8},1,{8},1.0
2193,country group,"0694-AD09,0694-AD70,0694-AH93",{8},1,{8},1.0
2194,country policy,1400-AC81,{14},1,{14},1.0
2195,county line,0560-AG68,{9},1,,0.0
2196,coupon program,"0660-AA16,0660-AA17",{11},1,{11},1.0
2197,court clerk,1545-AT06,{7},1,{7},1.0
2198,court commitment,"1120-AA87,1120-AB13",{12},1,{12},1.0
2199,court decision,"0910-AC11,1010-AD29,2060-AI56,2060-AJ16","{1, 5}",2,"{1, 5}",2.0
2200,court decree,"3220-AB29,3220-AB61,3220-AB69",{13},1,{13},1.0
2201,court martial,"0703-AA75,0703-AB18,0790-AG99",{2},1,{2},1.0
2202,court order,"0648-BA19,0648-BG79,0648-BI43,0790-AH94,0960-AE16,1018-AW80,1018-AW97,1018-AX93,1018-AZ31,1018-BA64,1018-BD86,2060-AM02,3206-AG28,3206-AG59,3206-AI49,3206-AM67","{2, 13, 5}",3,"{2, 13, 5}",3.0
2203,court remand,"2060-AJ78,2060-AK33",{5},1,{5},1.0
2204,court review,3206-AN21,,0,,0.0
2205,courtesy notice,"1505-AC21,1515-AD67","{8, 7}",2,"{8, 7}",2.0
2206,cover bank,3064-AE73,{7},1,{7},1.0
2207,cover birth defect,"2900-AK90,2900-AP09",{13},1,{13},1.0
2208,cover commodity,0583-AD38,{1},1,{1},1.0
2209,cover fund,7100-AD82,{7},1,{7},1.0
2210,cover outpatient drug,0938-AT09,{1},1,{1},1.0
2211,cover product,1904-AC69,{6},1,{6},1.0
2212,cover security,"3235-AJ03,3235-AL20",{8},1,{8},1.0
2213,coverage decision,0938-AI13,{1},1,{1},1.0
2214,coverage determination,"1904-AC83,1904-AD03",{6},1,{6},1.0
2215,coverage opportunity,0938-AS17,{1},1,{1},1.0
2216,coverage provision,0960-AE00,{13},1,{13},1.0
2217,coverage requirement,0938-AH58,{1},1,{1},1.0
2218,covered company,7100-AD86,{7},1,{7},1.0
2219,covered entity,0906-AA93,{1},1,{1},1.0
2220,covered service,2900-AN27,{13},1,{13},1.0
2221,cra regulation,7100-AD50,{7},1,{7},1.0
2222,crack cocaine,1104-AA01,{12},1,{12},1.0
2223,crash resistant fuel system,2120-AA57,{3},1,{3},1.0
2224,cream product,0910-AI40,{1},1,{1},1.0
2225,credible fear,"1125-AA92,1125-AA94,1615-AC42",{2},1,{2},1.0
2226,credit agency,3235-AJ78,{8},1,{8},1.0
2227,credit assistance,"2040-AF63,2040-AF98,2105-AC84,2105-AC87,2105-AD70,2125-AE49,2132-AA72","{3, 5}",2,"{3, 5}",2.0
2228,credit bureau reporting,0960-AF31,{13},1,{13},1.0
2229,credit card,"0651-AB07,0651-AB74,1115-AG48,1545-AW37,1545-AW38,1615-AA70,1653-AA36","{8, 2, 7}",3,"{8, 2, 7}",3.0
2230,credit counseling agency,"1105-AB17,1105-AB41",{12},1,{12},1.0
2231,credit enhancement,"1810-AB56,1855-AA02",{10},1,{10},1.0
2232,credit life insurance,1557-AB49,{7},1,{7},1.0
2233,credit practice,"3133-AC34,3133-AC43",{7},1,{7},1.0
2234,credit program,"0560-AE58,0560-AE90",{9},1,,0.0
2235,credit rating,"1530-AA09,1535-AA02,2590-AA40,3038-AD11,3052-AC71,3064-AD62,3064-AD70,3064-AE36,3133-AD86,3150-AJ92,3235-AL02,3235-AL08,3235-AL14,7100-AD53","{8, 6, 7}",3,"{8, 6, 7}",3.0
2236,credit reform,1902-AD89,{6},1,{6},1.0
2237,credit risk,7100-AD70,{7},1,{7},1.0
2238,credit score loan,2900-AJ91,{13},1,{13},1.0
2239,credit score model,2590-AA98,{7},1,{7},1.0
2240,credit standard,2900-AI16,{13},1,{13},1.0
2241,credit support,0572-AB09,{9},1,{9},1.0
2242,credit transaction,7100-AD14,{7},1,{7},1.0
2243,credit union,"0790-AG74,0790-AK03,1506-AA31,3133-AB71,3133-AC03,3133-AC47,3133-AC89,3133-AC95,3133-AC98,3133-AD91,3133-AE13","{2, 7}",2,"{2, 7}",2.0
2244,credit watch,2502-AH42,{13},1,{13},1.0
2245,creditor claim,"3133-AC06,3133-AC35",{7},1,{7},1.0
2246,crew size,0648-BB72,{5},1,{5},1.0
2247,crib bumper,3041-AD23,{1},1,{1},1.0
2248,crime act,"1121-AA61,1121-AA68,1121-AA69",{12},1,{12},1.0
2249,crime control,"0694-AB08,0694-AD33,0694-AE43,2700-AB49","{8, 10}",2,"{8, 10}",2.0
2250,crime victim assistance program,1121-AA61,{12},1,{12},1.0
2251,criminal activity,"1400-AB23,1615-AA67,1615-AB63,2502-AG12","{2, 13, 14}",3,"{2, 13, 14}",3.0
2252,criminal alien,"1115-AE83,1115-AE88,1653-AA06",{2},1,{2},1.0
2253,criminal and civil penalty,"1660-AA01,3067-AC61",{2},1,{2},1.0
2254,criminal background check,3045-AA44,{13},1,{13},1.0
2255,criminal case,0960-AE16,{13},1,{13},1.0
2256,criminal fine enforcement,1105-AA16,{12},1,{12},1.0
2257,criminal history,1400-AB37,{14},1,{12},1.0
2258,criminal investigation division,0702-AB00,{2},1,{2},1.0
2259,criminal investigator,"3206-AG47,3206-AJ04,3206-AJ49",,0,,0.0
2260,criminal jurisdiction,0790-AH73,{2},1,{2},1.0
2261,criminal justice,0701-AA57,{2},1,{12},1.0
2262,criminal penalty,3150-AI31,{6},1,,0.0
2263,criminal probation,1115-AE65,{2},1,{2},1.0
2264,criminal record review,2115-AD93,{2},1,{2},1.0
2265,criminal referral,3052-AB33,{7},1,{7},1.0
2266,criminal violation,"2900-AL31,3052-AC44","{13, 7}",2,"{13, 7}",2.0
2267,critical access hospital,"0720-AB21,0938-AK84,0938-AS59",{1},1,{1},1.0
2268,critical accounting policy,3235-AI44,{8},1,{8},1.0
2269,critical aircraft,0750-AB15,{2},1,{2},1.0
2270,critical control point haccp,0583-AC40,{1},1,{1},1.0
2271,critical control point system,0584-AD65,{1},1,{1},1.0
2272,critical energy infrastructure information,"1902-AC11,1902-AC50,1902-AD27,1902-AD28",{6},1,{6},1.0
2273,critical function,"0348-AB66,9000-AM41",,0,,0.0
2274,critical habitat,"0648-AG06,0648-AG49,0648-AH11,0648-AL82,0648-AM08,0648-AM41,0648-AM54,0648-AM58,0648-AN89,0648-AN90,0648-AP94,0648-AQ03,0648-AQ53,0648-AT84,0648-AU38,0648-AV35,0648-AV73,0648-AV74,0648-AW77,0648-AX04,0648-AY54,0648-AY62,0648-BA38,0648-BA77,0648-BB30,0648-BB79,0648-BB79,0648-BB80,0648-BC24,0648-BC55,0648-BC56,0648-BC74,0648-BC74,0648-BC76,0648-BD27,0648-BD27,0648-BF28,0648-BF32,0648-BF34,0648-BG20,0648-BG26,0648-BH42,0648-BI06,0648-BI52,0648-BJ44,1018-AC18,1018-AE95,1018-AF32,1018-AF36,1018-AF37,1018-AF72,1018-AF73,1018-AF76,1018-AF92,1018-AF95,1018-AF97,1018-AF98,1018-AG12,1018-AG13,1018-AG14,1018-AG15,1018-AG16,1018-AG17,1018-AG24,1018-AG27,1018-AG28,1018-AG29,1018-AG30,1018-AG32,1018-AG33,1018-AG34,1018-AG35,1018-AG36,1018-AG37,1018-AG38,1018-AG39,1018-AG71,1018-AG73,1018-AG74,1018-AG75,1018-AG78,1018-AG79,1018-AG80,1018-AG81,1018-AG84,1018-AG88,1018-AG89,1018-AG90,1018-AG91,1018-AG92,1018-AG93,1018-AG96,1018-AG97,1018-AH00,1018-AH01,1018-AH02,1018-AH03,1018-AH04,1018-AH05,1018-AH06,1018-AH07,1018-AH08,1018-AH09,1018-AH10,1018-AH15,1018-AH16,1018-AH17,1018-AH18,1018-AH20,1018-AH21,1018-AH22,1018-AH23,1018-AH24,1018-AH25,1018-AH31,1018-AH32,1018-AH35,1018-AH37,1018-AH40,1018-AH60,1018-AH61,1018-AH70,1018-AH82,1018-AH83,1018-AH91,1018-AH94,1018-AH95,1018-AH96,1018-AI15,1018-AI20,1018-AI21,1018-AI23,1018-AI24,1018-AI25,1018-AI26,1018-AI27,1018-AI46,1018-AI47,1018-AI49,1018-AI52,1018-AI69,1018-AI70,1018-AI72,1018-AI73,1018-AI74,1018-AI75,1018-AI76,1018-AI77,1018-AI78,1018-AJ07,1018-AJ08,1018-AJ09,1018-AJ10,1018-AJ11,1018-AJ12,1018-AJ15,1018-AJ16,1018-AL23,1018-AP27,1018-AP29,1018-AP31,1018-AP33,1018-AP35,1018-AS57,1018-AS58,1018-AT42,1018-AT44,1018-AT45,1018-AT52,1018-AT68,1018-AT78,1018-AT84,1018-AT86,1018-AT88,1018-AT89,1018-AT90,1018-AT91,1018-AT92,1018-AT93,1018-AT96,1018-AU23,1018-AU30,1018-AU31,1018-AU32,1018-AU33,1018-AU34,1018-AU37,1018-AU49,1018-AU75,1018-AV08,1018-AW50,1018-AW85,1018-AW86,1018-AW88,1018-AW89,1018-AW90,1018-AW91,1018-AW92,1018-AX16,1018-AX18,1018-AX40,1018-AX71,1018-AX86,1018-AX88,1018-AY62,1018-AY62,1018-AY63,1018-AY78,1018-AZ38,1018-AZ60,1018-AZ77,1018-BC88,1018-BD52,1018-BD54,1018-BD56,1018-BD84,1018-BE55,1018-BE69",{5},1,{5},1.0
2275,critical infrastructure protection,"1902-AD41,1902-AD77",{6},1,{6},1.0
2276,critical position,3206-AK87,,0,,0.0
2277,critical safety item,"0750-AF12,0750-AG92",{2},1,{2},1.0
2278,critical status,1210-AB26,{4},1,{4},1.0
2279,critical technology,1505-AC61,{7},1,{7},1.0
2280,critical use,"2060-AJ63,2060-AN13",{5},1,{5},1.0
2281,criticality control,3150-AH95,{6},1,{6},1.0
2282,crop insurance,"0560-AD90,0560-AD91,0560-AD96,0560-AD97,0560-AE08,0560-AH06,0563-AB00",{9},1,{9},1.0
2283,crop year,"0560-AE86,0581-AC03",{9},1,{9},1.0
2284,cross appeal,0651-AA65,{8},1,{8},1.0
2285,cross border,3235-AK10,{8},1,,0.0
2286,cross contamination,2070-AD03,{5},1,{5},1.0
2287,cross state air pollution rule,2060-AS40,{5},1,{5},1.0
2288,cross trading,1210-AB17,{4},1,{4},1.0
2289,crowd funding,1506-AB36,{7},1,{7},1.0
2290,crs regulation,"2105-AD00,2105-AD24",{3},1,{3},1.0
2291,crude oil,"0694-AG06,0694-AG83",{8},1,{6},1.0
2292,cruise ship,"1115-AD93,2040-AD89","{2, 5}",2,"{2, 5}",2.0
2293,crystalline silica,"1218-AB70,1218-AD18",{4},1,{4},1.0
2294,cuban asset control regulation,1505-AA95,{7},1,{7},1.0
2295,cuban national,"1125-AA80,1601-AA81",{2},1,{2},1.0
2296,cuban people,"0694-AB43,0694-AG42,0694-AG67",{8},1,{8},1.0
2297,cuban territorial water,1625-AA86,{2},1,{2},1.0
2298,cui ui,"1018-AJ05,1018-AT85",{5},1,{5},1.0
2299,cultural exchange,1018-AE33,{5},1,{5},1.0
2300,cultural resource,1018-AX67,{5},1,{5},1.0
2301,cumulative voting,3052-AB75,{7},1,{7},1.0
2302,cure provision,1545-BO19,{7},1,{7},1.0
2303,currency exchanger,1506-AA34,{7},1,{7},1.0
2304,current contract,0750-AG84,{2},1,{2},1.0
2305,current good manufacture practice regulation,"0910-AG04,0910-AG20,0910-AG70",{1},1,{1},1.0
2306,current good manufacturing practice,"0910-AA05,0910-AA45,0910-AA81,0910-AA98,0910-AB63,0910-AB70,0910-AB88,0910-AB89,0910-AC55,0910-AC58,0910-AE92,0910-AF08,0910-AF27,0910-AF71,0910-AF81,0910-AH09,0910-AH58,0910-AH61",{1},1,{1},1.0
2307,current law,1545-BJ87,{7},1,,0.0
2308,current liability,"1545-AT89,1545-AT90",{7},1,{7},1.0
2309,current practice,0691-AA78,{8},1,,0.0
2310,current provision,0579-AA80,{1},1,{1},1.0
2311,current requirement,2040-AC52,{5},1,{5},1.0
2312,custodial account,1545-BB64,{7},1,{7},1.0
2313,custodial bank,3064-AE81,{7},1,{7},1.0
2314,custodial care,0720-AA78,{1},1,{1},1.0
2315,custodial service,3133-AB89,{7},1,{7},1.0
2316,custody redetermination,1115-AE88,{2},1,{2},1.0
2317,custody rule,"3235-AM32,3235-AM66",{8},1,{8},1.0
2318,custom and border protection officer,3206-AL69,,0,,0.0
2319,custom and border protection regulation,1651-AA52,{2},1,{2},1.0
2320,custom bond warehouse,1515-AC41,{2},1,{2},1.0
2321,custom business,"1515-AD14,1651-AA43",{2},1,{2},1.0
2322,custom processing,"1505-AB39,1515-AD21","{2, 7}",2,"{2, 7}",2.0
2323,customer account,3038-AA77,{7},1,{7},1.0
2324,customer due,3064-AE69,{7},1,{7},1.0
2325,customer fund,"3038-AB22,3038-AB31,3038-AC01,3038-AC15,3038-AC79,3038-AC88,3038-AD88,3038-AE48",{7},1,{7},1.0
2326,customer identification program,"1506-AA31,1506-AA32,1506-AA33,1506-AA38,1506-AA39,1506-AA40,1506-AA41,1550-AB82,1557-AC06,3038-AB90",{7},1,{7},1.0
2327,customer information,"1550-AB77,1550-AB97,1557-AC92,3064-AC87",{7},1,{7},1.0
2328,customer limit order,3235-AG21,{8},1,{8},1.0
2329,customer margin requirement,3235-AM55,{8},1,{8},1.0
2330,customer notice,"1550-AB97,1557-AC92,3064-AC87",{7},1,{7},1.0
2331,customer own service line,2137-AC32,{3},1,{3},1.0
2332,customer permission,3038-AC16,{7},1,{7},1.0
2333,customer position,3038-AD51,{7},1,{7},1.0
2334,customer premise equipment,"3014-AA19,3060-AG58,3060-AH73","{11, 3}",2,"{11, 3}",2.0
2335,customer satisfaction,"3060-AJ14,3211-AA05",{11},1,,0.0
2336,customer segregate fund,3038-AD77,{7},1,{7},1.0
2337,customs broker,"1515-AC34,1651-AA80,1651-AB03",{2},1,{2},1.0
2338,customs duty,1515-AB76,{2},1,{2},1.0
2339,customs officer,1651-AA59,{2},1,{2},1.0
2340,customs organization,1515-AB84,{2},1,{2},1.0
2341,customs service,"1515-AB18,1515-AB64",{2},1,{2},1.0
2342,customs territory,2070-AD46,{5},1,{5},1.0
2343,cut flower,0579-AC18,{1},1,{1},1.0
2344,cuyahoga valley national park,1024-AE18,{5},1,{5},1.0
2345,cyber security,"3150-AJ56,3150-AJ64",{6},1,{11},1.0
2346,cyber system,1902-AF26,{6},1,{6},1.0
2347,daily bag limit,"0648-AK97,0648-BE78",{5},1,{5},1.0
2348,dairy plant,0581-AB59,{9},1,{9},1.0
2349,dairy product,"0581-AB40,0581-AB50",{9},1,{9},1.0
2350,dairy program,0581-AC66,{9},1,{9},1.0
2351,dam safety,1029-AC68,{5},1,{5},1.0
2352,damage assessment,0648-AE13,{5},1,{5},1.0
2353,danger zone,0710-AA57,{5},1,{5},1.0
2354,dangerous cargo,3207-AA26,{3},1,{3},1.0
2355,dangerous level,2070-AC63,{5},1,{5},1.0
2356,dangerous material,2700-AC38,{10},1,,0.0
2357,dark territory,2130-AC07,{3},1,{3},1.0
2358,date change,"0930-AA04,1545-BN12,1545-BN13","{1, 7}",2,"{1, 7}",2.0
2359,date restriction,2120-AL09,{3},1,{3},1.0
2360,datum availability,2050-AE54,{5},1,{5},1.0
2361,datum change,1653-AA44,{2},1,{2},1.0
2362,datum collection,"0584-AD43,0648-AX98,0750-AK30,0938-AR36,0970-AB64,1902-AF22,2105-AC30","{1, 2, 3, 5, 6}",5,"{1, 2, 3, 5, 6}",5.0
2363,datum disclosure,1010-AC81,{5},1,{5},1.0
2364,datum element,"0938-AQ43,2060-AQ87","{1, 5}",2,"{1, 5}",2.0
2365,datum exchange,0970-AC58,{1},1,{1},1.0
2366,datum mining,"0936-AA01,0991-AB61",{1},1,{1},1.0
2367,datum record,1400-AB37,{14},1,{14},1.0
2368,datum release,1010-AC99,{5},1,{5},1.0
2369,datum report,3206-AN66,,0,,0.0
2370,datum reporting requirement,3069-AB28,{7},1,{7},1.0
2371,datum request,0930-AA17,{1},1,{1},1.0
2372,datum requirement,"2070-AC12,2070-AD30,2070-AD47,2070-AD51,2070-AJ27,2070-AJ58,2070-AK00,2070-AK41",{5},1,{5},1.0
2373,datum right,"3245-AG12,3245-AG13",{8},1,{8},1.0
2374,datum set,"0412-AA79,0991-AB91","{1, 14}",2,"{1, 14}",2.0
2375,davis bacon act,"1215-AB21,9000-AI47",{4},1,{4},1.0
2376,day care home provider,0584-AD69,{1},1,{1},1.0
2377,daytime running lamp,2127-AG86,{3},1,{3},1.0
2378,dbs service,3060-AI86,{11},1,{11},1.0
2379,de designation,1018-AJ23,{5},1,{5},1.0
2380,de minimis exception,"0579-AD44,2130-AC32","{1, 3}",2,"{1, 3}",2.0
2381,de minimis exemption,0579-AD99,{1},1,{1},1.0
2382,de novo application,1550-AA76,{7},1,{7},1.0
2383,dea regulation,1117-AA63,{1},1,{1},1.0
2384,dealer registration,"1550-AC13,1557-AB93,1557-AD50",{7},1,{7},1.0
2385,dealer status,3235-AL64,{8},1,{8},1.0
2386,death benefit,"2900-AL11,3206-AK57",{13},1,{13},1.0
2387,death gratuity,"0703-AB23,1215-AB66,1240-AA00","{2, 4}",2,"{2, 4}",2.0
2388,death master file,0692-AA21,{8},1,{8},1.0
2389,death valley national park,1024-AE48,{5},1,{5},1.0
2390,debit card,"1545-AW37,1545-AW38",{7},1,{7},1.0
2391,debris removal,"1660-AA75,1660-AA76,3067-AD08",{2},1,{2},1.0
2392,debt cancellation contract,1557-AB75,{7},1,{7},1.0
2393,debt collection,"0420-AA22,0560-AH09,0991-AB18,1010-AD35,1010-AD36,1012-AA03,1212-AB21,1400-AD60,1505-AC19,1660-AA05,1660-AA06,2550-AA07,2900-AI13,3045-AA20,3067-AC77,3067-AC84,3095-AA77,3133-AD39,3141-AA25,3206-AE72,3212-AA10,3245-AD73,3245-AD90,3245-AF72","{1, 2, 5, 7, 8, 9, 10, 13, 14}",9,"{1, 2, 5, 7, 8, 9, 10, 13, 14}",9.0
2394,debt financing,2125-AE91,{3},1,,0.0
2395,debt instrument,"1545-AQ86,1545-AR04,1545-AS35,1545-AS76,1545-AU95,1545-BJ30,1545-BJ71,1545-BM59,1545-BM60,1545-BO09",{7},1,{7},1.0
2396,debt management,"0505-AA16,0563-AB14",{9},1,,0.0
2397,debt obligation,1545-AV41,{7},1,{7},1.0
2398,debt reduction program,2900-AN30,{13},1,{13},1.0
2399,debt sale,1510-AA73,{7},1,{7},1.0
2400,debt security,"3038-AC32,3235-AG33,3235-AJ21,3235-AJ54","{8, 7}",2,"{8, 7}",2.0
2401,debt service,2120-AI68,{3},1,,0.0
2402,debt settlement,"0560-AF43,0560-AF54,0560-AF88,0560-AF89,0560-AH09,0570-AA88,0575-AB80",{9},1,,0.0
2403,deceased person,0560-AH91,{9},1,{9},1.0
2404,decennial census,0570-AA91,{9},1,{9},1.0
2405,deceptive advertising,"3084-AA69,3084-AA70,3084-AA71,3084-AB01,3084-AB44",{8},1,{8},1.0
2406,deceptive use,3084-AA77,{8},1,{8},1.0
2407,decimal trading,3235-AI23,{8},1,{8},1.0
2408,decision make capacity,2900-AN88,{13},1,{13},1.0
2409,decision pende appeal,1090-AA63,{5},1,{5},1.0
2410,declaratory judgment,1545-BD67,{7},1,{7},1.0
2411,decommission cost,1014-AA24,{5},1,{5},1.0
2412,dedicated account,0960-AE59,{13},1,{13},1.0
2413,dedicated short range communication,3060-AG94,{11},1,{11},1.0
2414,deductible amount,"0938-AK06,0991-AB16",{1},1,{1},1.0
2415,deep gas,1010-AD33,{5},1,{5},1.0
2416,deep seabed,0648-BH69,{5},1,{5},1.0
2417,deepwater horizon oil spill,"0648-AY87,0648-AY90",{5},1,{5},1.0
2418,deepwater port,"1625-AA20,1625-AB25,1625-AB92,1625-AC14,1625-AC53,2105-AC01,2115-AF63","{2, 3}",2,"{2, 3}",2.0
2419,defective pricing,"0750-AI75,9000-AE23",{2},1,{2},1.0
2420,defense acquisition regulation,0790-AI23,{2},1,{2},1.0
2421,defense advanced research project agency,0790-AK60,{2},1,{2},1.0
2422,defense article,"0750-AB34,1140-AA49,1512-AB62","{1, 2}",2,"{1, 2}",2.0
2423,defense base act,9000-AM50,,0,,0.0
2424,defense contract,"0750-AA48,0750-AC22,0750-AC35",{2},1,{2},1.0
2425,defense contractor,"0750-AB17,0750-AG07,0750-AI31,0750-AI55,0750-AI69",{2},1,{2},1.0
2426,defense industrial base,"0790-AI60,0790-AJ14",{2},1,{2},1.0
2427,defense information systems agency,0790-AG75,{2},1,{2},1.0
2428,defense intelligence agency,0790-AJ63,{2},1,{2},1.0
2429,defense investigative service,0790-AJ67,{2},1,{2},1.0
2430,defense logistics agency,2050-AG79,{5},1,{5},1.0
2431,defense nuclear agency,0790-AJ62,{2},1,{2},1.0
2432,defense priority,"0694-AA02,0694-AD79,0694-AE81,3090-AH88,9000-AK93",{8},1,{8},1.0
2433,defense production,7100-AC18,{7},1,{7},1.0
2434,defense program,0750-AA25,{2},1,{2},1.0
2435,defense relate item,0694-AE40,{8},1,{8},1.0
2436,defense research program,0750-AG90,{2},1,{2},1.0
2437,defense service,"1400-AC80,1400-AD70,1400-AE31",{14},1,{14},1.0
2438,defense support,"0790-AI34,0790-AI54,0790-AI55,0790-AK04,0790-AK05,0790-AK06",{2},1,{2},1.0
2439,defer compensation,"1545-BA13,1545-BE79,9000-AJ67",{7},1,{7},1.0
2440,defer exchange,1545-BD19,{7},1,{7},1.0
2441,defer payment,1545-AM53,{7},1,{7},1.0
2442,defer premium,3150-AK01,{6},1,{6},1.0
2443,defer revenue,1545-BM76,{7},1,{7},1.0
2444,defer sale load,3235-AE97,{8},1,{8},1.0
2445,defer tax liability,1545-BH10,{7},1,{7},1.0
2446,defer vested benefit,"1545-BI40,1545-BM21",{7},1,{7},1.0
2447,deficit reduction act,"0938-AN76,0970-AC24,0970-AC27,1212-AB10","{1, 13}",2,"{1, 13}",2.0
2448,define benefit pension plan,1545-BN16,{7},1,{7},1.0
2449,define benefit plan,"1212-AB23,1545-BH50","{13, 7}",2,"{13, 7}",2.0
2450,define contribution plan,"1210-AA65,1212-AB23,1545-BC35,1545-BJ04,1545-BO98","{4, 13, 7}",3,"{4, 13, 7}",3.0
2451,definition change,1076-AF43,,0,,0.0
2452,delaney clause,2070-AC55,{5},1,{5},1.0
2453,delaware water gap national recreation area,1024-AE46,{5},1,{5},1.0
2454,delay effective date,"1840-AD28,1840-AD39",{10},1,{10},1.0
2455,delay implementation,"0584-AE65,3170-AA32","{1, 7}",2,"{1, 7}",2.0
2456,delay period,0937-AA05,{1},1,{1},1.0
2457,delay submission,0651-AC93,{8},1,{8},1.0
2458,delegate authority,3150-AI32,{6},1,,0.0
2459,delete requirement,2700-AD56,{10},1,{10},1.0
2460,deliberate misconduct,3150-AF35,{6},1,{6},1.0
2461,delinquent debt,"0960-AE89,0960-AE91,0960-AH19",{13},1,{13},1.0
2462,delinquent debtor,"1510-AA71,1510-AA72",{7},1,{7},1.0
2463,delinquent payment,"1115-AF09,1115-AF17",{2},1,{2},1.0
2464,delinquent taxis,9000-AN05,,0,,0.0
2465,delisting decision,2050-AC65,{5},1,{5},1.0
2466,delivery contract,9000-AJ23,,0,,0.0
2467,delivery order,"0750-AI63,9000-AI72,9000-AM08,9000-AM26,9000-AN41",{2},1,{2},1.0
2468,demand deposit,"3064-AC09,7100-AD72",{7},1,{7},1.0
2469,demand side management,"0572-AA99,0572-AB65",{9},1,{9},1.0
2470,demonstration center,1830-AA25,{10},1,{10},1.0
2471,demonstration grant,"1810-AB19,1810-AB54",{10},1,{10},1.0
2472,demonstration permit,2050-AE92,{5},1,{5},1.0
2473,demonstration project,"0584-AC14,0750-AK19,1830-AA27,3206-AJ67","{1, 2, 10}",3,"{1, 2, 10}",3.0
2474,denali national park,"1024-AC58,1024-AD69",{5},1,{5},1.0
2475,denial order,0694-AD60,{8},1,{8},1.0
2476,dental amalgam,"0910-AG21,0910-AG21",{1},1,{1},1.0
2477,dental benefit,0720-AA61,{1},1,{1},1.0
2478,dental care,"0703-AB10,0720-AB14,2900-AM95","{1, 2, 13}",3,"{1, 2, 13}",3.0
2479,dental condition,"2900-AH41,2900-AN28",{13},1,{13},1.0
2480,dental mercury,0910-AG21,{1},1,{1},1.0
2481,dental program,2900-AP79,{13},1,{13},1.0
2482,deny boarding compensation,2105-AE67,{3},1,{3},1.0
2483,deny claim,2900-AJ03,{13},1,{13},1.0
2484,department opinion,2105-AC64,{3},1,{3},1.0
2485,department protest,2900-AI51,{13},1,{13},1.0
2486,department regulation,"1105-AA74,1855-AA10,1890-AA14","{10, 12}",2,"{10, 12}",2.0
2487,department rule,2105-AE78,{3},1,,0.0
2488,departmental office,1505-AC28,{7},1,{7},1.0
2489,departmental policy,"2501-AA30,2506-AB73",{13},1,{13},1.0
2490,dependent child,0938-AI21,{1},1,{1},1.0
2491,dependent coverage,"0938-AQ79,0938-AS56,0950-AA14,1210-AB41,1210-AB72,1545-BJ45","{1, 4, 7}",3,"{1, 4, 7}",3.0
2492,deportation order,1120-AA57,{12},1,{12},1.0
2493,deportation procedure,1115-AD78,{2},1,{2},1.0
2494,deportation proceeding,"1115-AF87,1125-AA02,1125-AA29,1653-AA08",{2},1,{2},1.0
2495,deposit account,"0651-AB74,3064-AD26","{8, 7}",2,"{8, 7}",2.0
2496,deposit activity,"3133-AB73,3133-AC01,3133-AC49,3133-AD46,3133-AD90,3133-AE63",{7},1,{7},1.0
2497,deposit insurance,"3064-AB40,3064-AC49,3064-AD61",{7},1,{7},1.0
2498,deposit liability,3064-AA92,{7},1,{7},1.0
2499,deposit rule,"1545-BI39,1545-BK82",{7},1,{7},1.0
2500,depository institution,"1506-AA08,3038-AB70,7100-AC11,7100-AC25,7100-AC36,7100-AC48,7100-AD04,7100-AD19,7100-AD57,7100-AD85,7100-AD93,7100-AE04,7100-AE23,7100-AE31,7100-AE38,7100-AE41,7100-AE63,7100-AE67,7100-AE77,7100-AE80,7100-AE94,7100-AF01,7100-AF07,7100-AF18,7100-AF19,7100-AF35,7100-AF40,7100-AF50",{7},1,{7},1.0
2501,depreciable asset,"0938-AI34,0938-AL12",{1},1,{1},1.0
2502,depreciation rate,0572-AA80,{9},1,,0.0
2503,depreciation recapture,1545-AT32,{7},1,{7},1.0
2504,deputy general counsel,2900-AI75,{13},1,,0.0
2505,deputy secretary,0790-AH03,{2},1,,0.0
2506,derivative clearing organization,"3038-AD32,3038-AD33,3038-AD34,3038-AD35,3038-AD51,3038-AD88,3038-AE06,3038-AE29",{7},1,{7},1.0
2507,derivative contract,7100-AF22,{7},1,{7},1.0
2508,derivative financial instrument,"3235-AG77,3235-AH98",{8},1,{8},1.0
2509,derivative instrument,"1550-AB13,2140-AB18,3235-AG42","{8, 3, 7}",3,"{8, 3, 7}",3.0
2510,derivative transaction,"1557-AD59,3064-AB43,7100-AC85",{7},1,{7},1.0
2511,describe agency,3090-AI74,,0,,0.0
2512,desegregation program,1810-AA85,{10},1,{10},1.0
2513,design and construction requirement,"2137-AE09,2529-AA92","{3, 13}",2,"{3, 13}",2.0
2514,design certification,"3150-AE87,3150-AF15,3150-AG23,3150-AI83",{6},1,{6},1.0
2515,design policy,0572-AB54,{9},1,{9},1.0
2516,design requirement,2120-AH33,{3},1,{3},1.0
2517,design restriction,2127-AF65,{3},1,{3},1.0
2518,design standard,"2120-AH34,2125-AD38,2125-AE89,2125-AF06,2125-AF67,2125-AF72,2125-AF88,2130-AB69,3150-AG44","{3, 6}",2,"{3, 6}",2.0
2519,designate area,0581-AD42,{9},1,{9},1.0
2520,designate contract market,"3038-AC17,3038-AC23,3038-AC72,3038-AD09,3038-AD36,3038-AD37,3038-AD90,3038-AE01,3038-AE30,3038-AE81",{7},1,{7},1.0
2521,designate country,"0750-AB41,0750-AI00,9000-AH48,9000-AJ96,9000-AL16,9000-AM62",{2},1,{2},1.0
2522,designate critical habitat,"0648-AF79,0648-AG49,0648-AG50,0648-AG56,0648-AG58,0648-AH88,0648-AK52,0648-AK53,0648-AM58,0648-AN89,0648-AO04,0648-AQ77,0648-BC45",{5},1,{5},1.0
2523,designate locality,"3206-AF78,3206-AL32,3206-AM44,3206-AM80,3206-AM87",,0,,0.0
2524,designate material,3150-AI68,{6},1,{6},1.0
2525,designate official,"0605-AA20,0605-AA21,0605-AA25",{8},1,{8},1.0
2526,designate person,0694-AC60,{8},1,{8},1.0
2527,designate port,"1018-AD97,1018-AF99,1018-AZ18,1018-BE39",{5},1,{5},1.0
2528,designate property,1545-BN93,{7},1,{7},1.0
2529,designate qualified person,0579-AE19,{1},1,{1},1.0
2530,designate reserve ratio,"3064-AD02,3064-AD63,3064-AD69",{7},1,{7},1.0
2531,designate route,0596-AC11,{5},1,{5},1.0
2532,designate wilderness area,1004-AB69,{5},1,{5},1.0
2533,designation authorization,2120-AH79,{3},1,{3},1.0
2534,destructive device,"1140-AA14,1140-AA23,1140-AA42,1140-AA43,1512-AC69",{1},1,{1},1.0
2535,deterrent product,0910-AD03,{1},1,{1},1.0
2536,deutsche bundesbank,3038-AC81,{7},1,{7},1.0
2537,develop country,2060-AJ74,{5},1,,0.0
2538,develop site,"0596-AB43,2040-AF13",{5},1,{5},1.0
2539,development company,3245-AD31,{8},1,{8},1.0
2540,development fund,0970-AB74,{1},1,{1},1.0
2541,development work,"0575-AA88,2700-AC81","{9, 10}",2,"{9, 10}",2.0
2542,developmental disability,0970-AC07,{1},1,{1},1.0
2543,dhs regulation,9000-AK75,,0,,0.0
2544,diabetes mellitus,0938-AI26,{1},1,{1},1.0
2545,diagnostic x ray,0910-AH65,{1},1,{1},1.0
2546,diem expense,3090-AI20,,0,,0.0
2547,diem payment,"2900-AN63,2900-AO02,2900-AO36,2900-AO37",{13},1,{13},1.0
2548,diem rate,"3090-AG07,3090-AG42,3090-AG43,3090-AG72,3090-AG86,3090-AH00,3090-AH28,3090-AH44,3090-AH51,3090-AH64,3090-AH72,3090-AH72",,0,,0.0
2549,diesel engine,"2060-AF76,2060-AK83,2060-AN19,2060-AU68",{5},1,{5},1.0
2550,diesel exhaust,1219-AB86,{4},1,{6},1.0
2551,diesel fuel,"1545-AX97,2050-AE58,2060-AD77","{5, 7}",2,"{5, 7}",2.0
2552,diesel particulate matter,"1219-AA74,1219-AB11,1219-AB55",{4},1,{4},1.0
2553,diesel power equipment,1219-AA27,{4},1,{4},1.0
2554,diesel vehicle,2060-AN39,{5},1,{5},1.0
2555,dietary supplement,"0910-AB88,0910-AB97,0910-AE18,0910-AE19,0910-AE20,0910-AE22,0910-AE64,0910-AE65,0910-AE66,0910-AE67,0910-AE68,0910-AE71,0910-AE72,0910-AF83,0910-AH07",{1},1,{1},1.0
2556,different agency,3206-AH15,,0,,0.0
2557,digestive disorder,0960-AG65,{13},1,{13},1.0
2558,digestive system,"0960-AF28,2900-AF24,2900-AM57,2900-AN12",{13},1,{13},1.0
2559,digital audio broadcasting,3060-AE81,{11},1,{11},1.0
2560,digital divide,"2501-AD75,2506-AC41",{13},1,{13},1.0
2561,digital millennium copyright act,1515-AE26,{8},1,{8},1.0
2562,digital must carry,3060-AG91,{11},1,{11},1.0
2563,digital television,3060-AI89,{11},1,{11},1.0
2564,digital tv broadcaster,3060-AH68,{11},1,{11},1.0
2565,diligence requirement,1506-AA29,{7},1,{7},1.0
2566,diminish risk,1545-BN88,{7},1,{7},1.0
2567,dining facility,0750-AI78,{2},1,{2},1.0
2568,direct access,3038-AC71,{7},1,{7},1.0
2569,direct application,2040-AE79,{5},1,{5},1.0
2570,direct assessment,2137-AD97,{3},1,{3},1.0
2571,direct broadcast satellite service,3060-AH29,{11},1,{11},1.0
2572,direct endorsement,2502-AH15,{13},1,{13},1.0
2573,direct fishery,0648-AI64,{5},1,{5},1.0
2574,direct fishing,"0648-AL30,0648-AN57,0648-BH88",{5},1,{5},1.0
2575,direct flight,2105-AA73,{3},1,{3},1.0
2576,direct funding,2577-AC12,{13},1,{13},1.0
2577,direct hire authority,"3206-AN65,3206-AN73",,0,,0.0
2578,direct line,0560-AE90,{9},1,,0.0
2579,direct loan,1840-AD12,{10},1,{10},1.0
2580,direct or indirect financial interest,3141-AA39,,0,,0.0
2581,direct pay,3206-AG33,,0,,0.0
2582,direct payment,"0960-AF08,0970-AB44,2900-AB75","{1, 13}",2,"{1, 13}",2.0
2583,direct sale program,2060-AG41,{5},1,{5},1.0
2584,direct seller,"1545-AE62,1545-AE62",{7},1,{7},1.0
2585,director election,"3052-AB60,3052-AC43",{7},1,{7},1.0
2586,directory assistance,3060-AH00,{11},1,{11},1.0
2587,disability benefit,"0938-AK94,0960-AE35,0960-AF21,2900-AM46","{1, 13}",2,"{1, 13}",2.0
2588,disability claim,"0960-AH53,0960-AI42",{13},1,{13},1.0
2589,disability determination,"0960-AD88,0960-AG87",{13},1,{13},1.0
2590,disability insurance,"0960-AB73,0960-AD11,0960-AD79,0960-AD91,0960-AE09,0960-AE42,0960-AE43,0960-AE56,0960-AE80,0960-AE96",{13},1,{13},1.0
2591,disability program,1820-AB60,{10},1,{10},1.0
2592,disability relate complaint,2105-AD04,{3},1,{3},1.0
2593,disability retirement,"3206-AF24,3206-AH68",,0,,0.0
2594,disabled family,2577-AC24,{13},1,{13},1.0
2595,disabled individual,0938-AD73,{1},1,{1},1.0
2596,disabled veteran,"2900-AO16,2900-AO31,2900-AP07",{13},1,{13},1.0
2597,disadvantaged background,"0925-AA09,0925-AA25,0925-AA36",{1},1,{1},1.0
2598,disadvantaged business enterprise,"2090-AA40,2105-AB99,2105-AC76,2105-AC88,2105-AC91,2105-AD21,2105-AD51,2105-AD75,2105-AD76,2105-AD88,2105-AE08","{3, 5}",2,"{3, 5}",2.0
2599,disadvantaged child,"1810-AA87,1810-AA90",{10},1,{10},1.0
2600,disadvantaged farmer,0503-AA22,{9},1,{9},1.0
2601,disadvantaged student,0906-AA71,{1},1,{1},1.0
2602,disaster area,3245-AH18,{8},1,{8},1.0
2603,disaster assistance,"0560-AE22,0701-AA64,0701-AA84,1660-AA02,1660-AA15,1660-AA18,1660-AA23,1660-AA26,1660-AA32,1660-AA39,1660-AA47,1660-AA78,3067-AC12,3067-AC28,3067-AC36,3067-AC46,3067-AC49,3067-AC50,3067-AC51,3067-AC55,3067-AC56,3067-AC57,3067-AC58,3067-AC59,3067-AC60,3067-AC67,3067-AC68,3067-AC69,3067-AC72,3067-AC89,3067-AC90,3067-AD08,3067-AD12,3067-AD20,3067-AD25","{9, 2}",2,"{9, 2}",2.0
2604,disaster declaration,0560-AH17,{9},1,{9},1.0
2605,disaster loan program,"3245-AD88,3245-AD97,3245-AD98,3245-AE82,3245-AE97,3245-AF42,3245-AG16,3245-AG42,3245-AG77,3245-AH12",{8},1,{8},1.0
2606,disaster recovery,3038-AC91,{7},1,{7},1.0
2607,disaster regulation,0560-AF10,{9},1,{9},1.0
2608,disaster relief,"0412-AA27,0412-AA54,3245-AF46","{8, 14}",2,"{8, 14}",2.0
2609,disburse office,0750-AB21,{2},1,{2},1.0
2610,discharge planning,0938-AS59,{1},1,{1},1.0
2611,discharge regulation,0648-AW29,{5},1,{5},1.0
2612,discharge requirement,"0648-BF99,0648-BG73",{5},1,{5},1.0
2613,discharge review board,0790-AJ99,{2},1,{2},1.0
2614,disciplinary action,"1545-BH42,2502-AI08","{13, 7}",2,"{13, 7}",2.0
2615,disciplinary proceeding,0651-AA95,{8},1,{8},1.0
2616,disciplinary rule,0651-AA95,{8},1,{8},1.0
2617,disciplinary segregation,1120-AB71,{12},1,{12},1.0
2618,discipline procedure,1820-AB72,{10},1,{10},1.0
2619,disclosure document,"3038-AC67,3235-AG98","{8, 7}",2,"{8, 7}",2.0
2620,disclosure guideline,1545-AQ36,{7},1,{7},1.0
2621,disclosure regulation,2590-AA64,{7},1,{7},1.0
2622,disclosure requirement,"1545-BG19,2070-AC65,2139-AA12,3064-AD96,3064-AE44,3084-AB49,3235-AG47,3235-AH98,3235-AK37,3235-AL88,9000-AK80","{8, 3, 5, 7}",4,"{8, 3, 5, 7}",4.0
2623,disclosure rule,"1557-AC98,3170-AA15,3170-AA23,3170-AA33,3235-AH96","{8, 7}",2,"{8, 7}",2.0
2624,disclosure statement,"0910-AC50,1545-BB48,1545-BB49,1545-BB50,1545-BB51,1545-BB52,1545-BB53","{1, 7}",2,"{1, 7}",2.0
2625,disclosure update,3235-AL82,{8},1,{8},1.0
2626,discontinue use,2070-AK45,{5},1,{5},1.0
2627,discount point,2900-AH90,{13},1,{13},1.0
2628,discretionary program,0985-AA00,{1},1,{1},1.0
2629,discrimination complaint,"1215-AA83,1218-AB75,1218-AB99,1218-AC10,1218-AC12,1218-AC25,3067-AC99","{2, 4}",2,"{2, 4}",2.0
2630,discriminatory policy,0991-AB49,{1},1,{1},1.0
2631,disease associate,2900-AL93,{13},1,{13},1.0
2632,disease control,0920-AA73,{1},1,{1},1.0
2633,disease prevention,0720-AA33,{1},1,{1},1.0
2634,disease registry,0920-AA73,{1},1,{1},1.0
2635,disease status,0579-AD12,{1},1,{1},1.0
2636,disease subject,2900-AH04,{13},1,{13},1.0
2637,disguise payment,"1545-BM12,1545-BM13",{7},1,{7},1.0
2638,disinfection byproduct,2040-AD38,{5},1,{5},1.0
2639,disparate impact,"2529-AA96,3046-AA64,3046-AA76","{4, 13}",2,"{4, 13}",2.0
2640,disposal regulation,2060-AR60,{5},1,{5},1.0
2641,disproportionate share hospital,"0938-AH30,0938-AH44,0938-AR91",{1},1,{1},1.0
2642,dispute claim,3206-AM42,,0,,0.0
2643,dispute resolution,0910-AB54,{1},1,,0.0
2644,disqualify person,"1545-AY19,1545-BD28",{7},1,{7},1.0
2645,disruptive conduct,1902-AE98,{6},1,{6},1.0
2646,disruptive patient,2900-AN45,{13},1,{13},1.0
2647,distance learning,"0572-AB22,0572-AB28,0572-AB45,0572-AB70,0572-AC31,0572-AC37,2900-AQ00","{9, 13}",2,"{9, 13}",2.0
2648,distance table,2127-AH70,{3},1,{3},1.0
2649,distilled spirit,"1512-AB32,1512-AB43,1512-AB43,1512-AB76,1512-AB89,1512-AC17,1513-AA07,1513-AA15,1513-AA78,1513-AA93,1513-AB07,1513-AB08,1513-AB33,1513-AB62,1513-AB79,1513-AC15,1513-AC16,1513-AC45",{1},1,{1},1.0
2650,distinct population segment,"0648-BC76,1018-AF80,1018-AW37,1018-AW79",{5},1,{5},1.0
2651,distracted drive,2126-AB32,{3},1,{3},1.0
2652,distribute resource,0572-AC07,{9},1,{9},1.0
2653,distribution industry,2050-AH03,{5},1,{5},1.0
2654,distribution integrity management,2137-AE15,{3},1,{3},1.0
2655,distribution method,2125-AE74,{3},1,{3},1.0
2656,distribution system,0584-AD72,{1},1,,0.0
2657,distribution transformer,"1904-AC04,1904-AE12,1904-AE19",{6},1,{6},1.0
2658,district bank,3052-AD19,{7},1,{7},1.0
2659,district director,1115-AD78,{2},1,{2},1.0
2660,dive stick,3041-AB82,{1},1,{1},1.0
2661,diversification requirement,"1545-BG65,1545-BH04",{7},1,{7},1.0
2662,diversion program,0581-AC03,{9},1,{9},1.0
2663,diversity visa,1400-AB66,{14},1,{14},1.0
2664,dividend equivalent,"1545-BJ56,1545-BK53,1545-BM33,1545-BN65,1545-BN76,1545-BO08",{7},1,{7},1.0
2665,divorce parent,1545-BD01,{7},1,{7},1.0
2666,divorce spouse,0960-AH98,{13},1,{13},1.0
2667,dna information,3225-AA04,{12},1,{12},1.0
2668,dna instruction,0790-AK55,{2},1,{2},1.0
2669,dna sample collection,"1105-AB09,1105-AB24,1105-AB56",{12},1,{12},1.0
2670,dna sampling,1105-AA78,{12},1,{12},1.0
2671,docket no,"2140-AA92,2140-AA95,2140-AB02,2140-AB07,2140-AB09,2140-AB10,2140-AB12,2140-AB14,3060-AJ51,3060-AK13,3060-AK47,3072-AB78,3072-AB84,3072-AB85,3072-AB86,3072-AB87,3072-AB89,3072-AB92,3072-AB93,3072-AB94,3072-AB95,3072-AB96,3072-AB97,3072-AB98,3072-AC00,3072-AC01,3072-AC02,3072-AC03,3072-AC04,3072-AC05,3072-AC06,3072-AC07,3072-AC08,3072-AC09,3072-AC10,3072-AC11,3072-AC12,3072-AC13,3072-AC15,3072-AC17,3072-AC18,3072-AC19,3072-AC20,3072-AC22,3072-AC25,3072-AC28,3072-AC30,3072-AC31,3072-AC32,3072-AC35,3072-AC36,7100-AD17,7100-AD46,7100-AD65,7100-AD82,7100-AD90,7100-AD96,7100-AE22,7100-AE28,7100-AE29,7100-AE31,7100-AE40,7100-AE44,7100-AE49,7100-AE50,7100-AE63,7100-AE67,7100-AE78,7100-AE80,7100-AE83,7100-AE84,7100-AE91,7100-AE99,7100-AF01,7100-AF03,7100-AF18,7100-AF19,7100-AF22,7100-AF24,7100-AF32","{11, 3, 7}",3,"{11, 3, 7}",3.0
2672,docket number,"7100-AA77,7100-AB28,7100-AB50,7100-AB52,7100-AB58,7100-AB65,7100-AB72,7100-AB75,7100-AB77,7100-AB80,7100-AB82,7100-AB85,7100-AB86,7100-AB89,7100-AB90,7100-AB91,7100-AB92,7100-AB93,7100-AB94,7100-AB95,7100-AB96,7100-AB97,7100-AB98,7100-AB99,7100-AC01,7100-AC02,7100-AC03,7100-AC04,7100-AC06,7100-AC07,7100-AC08,7100-AC11,7100-AC12,7100-AC13,7100-AC14,7100-AC15,7100-AC18,7100-AC20,7100-AC21,7100-AC23,7100-AC24,7100-AC25,7100-AC26,7100-AC28,7100-AC30,7100-AC31,7100-AC32,7100-AC33,7100-AC34,7100-AC35,7100-AC36,7100-AC37,7100-AC38,7100-AC39,7100-AC40,7100-AC41,7100-AC42,7100-AC43,7100-AC45,7100-AC46,7100-AC47,7100-AC48,7100-AC49,7100-AC50,7100-AC51,7100-AC54,7100-AC55,7100-AC56,7100-AC57,7100-AC58,7100-AC59,7100-AC60,7100-AC61,7100-AC62,7100-AC63,7100-AC64,7100-AC65,7100-AC67,7100-AC70,7100-AC71,7100-AC72,7100-AC74,7100-AC75,7100-AC76,7100-AC77,7100-AC79,7100-AC80,7100-AC82,7100-AC83,7100-AC84,7100-AC85,7100-AC87,7100-AC88,7100-AC89,7100-AC90,7100-AC91,7100-AC92,7100-AC93,7100-AC94,7100-AC95,7100-AC96,7100-AC97,7100-AC98,7100-AC99,7100-AD00,7100-AD01,7100-AD04,7100-AD06,7100-AD09,7100-AD10,7100-AD11,7100-AD12,7100-AD13,7100-AD33",{7},1,{7},1.0
2673,docosahexaenoic acid,0910-AH13,{1},1,{1},1.0
2674,document fraud,1125-AA82,{2},1,{2},1.0
2675,documentary requirement,"1115-AF26,1115-AG44,1615-AA69,1651-AA09",{2},1,{2},1.0
2676,documentation requirement,9000-AK23,,0,,0.0
2677,dod installation,"0790-AG53,0790-AG73,0790-AG74,0790-AH87,0790-AI18,0790-AI46,0790-AI47,0790-AJ39,0790-AJ69,0790-AK02,0790-AK03",{2},1,{2},1.0
2678,dod member,0790-AH94,{2},1,{2},1.0
2679,dod personnel,"0790-AG34,0790-AI14,0790-AK11",{2},1,{2},1.0
2680,dod policy,"0790-AH99,0790-AK23",{2},1,{2},1.0
2681,dodd frank act,"3206-AM81,3235-AK65",{8},1,{7},1.0
2682,dodd frank wall street reform,1218-AC54,{4},1,{7},1.0
2683,doe facility,"2060-AI81,2060-AI90,2060-AK81",{5},1,{5},1.0
2684,doe site,"1991-AA90,1991-AA97,1992-AA38,1992-AA41,1992-AA53",{6},1,{6},1.0
2685,dog management,1024-AE16,{5},1,{5},1.0
2686,dollar plan,0563-AC32,{9},1,{9},1.0
2687,dollar value,3038-AB77,{7},1,{7},1.0
2688,dolphin safe label,"0648-BC78,0648-BF73",{5},1,{5},1.0
2689,domestic abuse,"0790-AI14,0790-AI79",{2},1,{2},1.0
2690,domestic activity,0412-AA64,{14},1,,0.0
2691,domestic baggage liability,"2105-AC07,2105-AD62,2105-AD80,2105-AE21",{3},1,{3},1.0
2692,domestic commerce,"0579-AD01,3072-AB98","{1, 3}",2,"{1, 3}",2.0
2693,domestic control,0694-AD62,{8},1,{8},1.0
2694,domestic corporation,"1545-AM97,1545-AM97,1545-AN20",{7},1,{7},1.0
2695,domestic distribution,3095-AA55,{10},1,,0.0
2696,domestic election,1545-AO25,{7},1,{7},1.0
2697,domestic employment reform act,0960-AE00,{13},1,{13},1.0
2698,domestic energy supply,1991-AB69,{6},1,{6},1.0
2699,domestic entity,"1545-BE93,1545-BE94",{7},1,{7},1.0
2700,domestic fishery,"0648-AE39,0648-AG46,0648-AV78",{5},1,{5},1.0
2701,domestic machine tool,0750-AE83,{2},1,{2},1.0
2702,domestic manufacture,0750-AF22,{2},1,{2},1.0
2703,domestic manufacturer,"0910-AG81,2127-AM14","{1, 3}",2,"{1, 3}",2.0
2704,domestic market,0551-AA60,{9},1,,0.0
2705,domestic need,0596-AC27,{5},1,{5},1.0
2706,domestic partner,3090-AJ06,,0,,0.0
2707,domestic partnership,"3090-AJ06,3090-AJ44,3206-AM23",,0,,0.0
2708,domestic production activity,1545-BE33,{7},1,{7},1.0
2709,domestic regulation,0579-AD49,{1},1,{1},1.0
2710,domestic service,"1215-AA82,1235-AA05,2115-AF56","{2, 4}",2,"{2, 4}",2.0
2711,domestic sheep,0596-AC72,{5},1,{5},1.0
2712,domestic source,0750-AE52,{2},1,{2},1.0
2713,domestic stock,"1545-AT42,1545-AT44",{7},1,{7},1.0
2714,domestic violence case,1121-AA35,{12},1,{12},1.0
2715,domestic wine,1512-AB74,{1},1,{1},1.0
2716,donate food,"0584-AC31,0584-AD45,0584-AD76,0584-AD81,0584-AE29,0584-AE38",{1},1,{1},1.0
2717,donate property,3045-AA13,{13},1,{13},1.0
2718,donation requirement,3090-AG80,,0,,0.0
2719,donor eligibility,0910-AI11,{1},1,{1},1.0
2720,donor screening,0910-AF98,{1},1,{1},1.0
2721,door lock,"2127-AK35,2127-AK60",{3},1,{3},1.0
2722,dose limit,3150-AF91,{6},1,{6},1.0
2723,dose standard,3150-AH68,{6},1,{6},1.0
2724,double blind study,1117-AB46,{1},1,{1},1.0
2725,double coverage,"0720-AA50,0720-AA52,0720-AA94,0720-AB01",{1},1,{1},1.0
2726,double hull,"2115-AE01,2115-AF27,2115-AF51",{2},1,{2},1.0
2727,down payment,0596-AC80,{5},1,,0.0
2728,downer cattle,0579-AB43,{1},1,{1},1.0
2729,downpayment requirement,2502-AH31,{13},1,{13},1.0
2730,draft action plan,0579-AB30,{1},1,{1},1.0
2731,draft policy,"0579-AB12,0648-AL91,1018-AF11","{1, 5}",2,"{1, 5}",2.0
2732,drainage district,0560-AC92,{9},1,{9},1.0
2733,drawback claim,1515-AE02,{8},1,{8},1.0
2734,dredge material,"0710-AA64,2040-AB62,2040-AC14,2040-AD41,2040-AE96",{5},1,{5},1.0
2735,drink water program,2040-AC88,{5},1,{5},1.0
2736,drink water regulation,"2040-AC41,2040-AE58,2040-AE84",{5},1,{5},1.0
2737,drink water supply,2040-AE74,{5},1,{5},1.0
2738,drinking water,"0710-AB00,2040-AD61,2040-AD90,2040-AE60,2040-AF55,2060-AF39,3150-AH97","{5, 6}",2,"{5, 6}",2.0
2739,drive privilege,0790-AJ69,{2},1,{2},1.0
2740,driver qualification,2126-AC21,{3},1,{3},1.0
2741,driver rest,2126-AA23,{3},1,{3},1.0
2742,drug abuse,2501-AC63,{13},1,{13},1.0
2743,drug addiction,"0960-AD96,0960-AD98,0960-AF57",{13},1,{13},1.0
2744,drug and alcohol testing,"2120-AK09,2130-AC80,2137-AC84,2137-AD55,2700-AB68,3150-AJ15","{10, 3, 6}",3,"{10, 3, 6}",3.0
2745,drug application,0910-AA76,{1},1,{1},1.0
2746,drug elimination program,2501-AC23,{13},1,{13},1.0
2747,drug free school,1810-AA83,{10},1,{10},1.0
2748,drug free workforce,0750-AA06,{2},1,{2},1.0
2749,drug free workplace,"0348-AB62,0412-AA47,0420-AA17,0505-AA11,0750-AE90,0790-AG86,0960-AE27,0991-AB12,1093-AA12,1121-AA57,1601-AA10,1890-AA07,1991-AB56,1991-AB93,2105-AC24,2105-AD07,2501-AB24,2501-AC81,2700-AC43,2700-AC76,2900-AK16,2900-AQ24,3045-AA28,3076-AA08,3090-AH35,3090-AI82,3095-AB04,3135-AA19,3136-AA26,3136-AA30,3137-AA19,3145-AA41,3245-AE61","{1, 2, 3, 4, 5, 6, 8, 9, 10, 12, 13, 14}",12,"{1, 2, 3, 4, 5, 6, 8, 9, 10, 12, 13, 14}",12.0
2750,drug or alcohol testing,2120-AH82,{3},1,{3},1.0
2751,drug panel,2130-AC24,{3},1,{3},1.0
2752,drug product,"0910-AA13,0910-AB43,0910-AB58,0910-AB59,0910-AC01,0910-AC08,0910-AD37,0910-AD47,0910-AF37,0910-AH08,0910-AH35,0910-AI31,1117-AA71,1117-AB38",{1},1,{1},1.0
2753,drug shortage,0910-AG88,{1},1,{1},1.0
2754,drug study,0910-AH07,{1},1,{1},1.0
2755,drug test,2120-AF64,{3},1,{3},1.0
2756,drug testing,"1205-AB63,1205-AB81",{4},1,{4},1.0
2757,drug use,"2132-AA71,2137-AC84,2137-AC95",{3},1,,0.0
2758,drunk driving,1024-AE35,{5},1,{5},1.0
2759,dry cleaner,2060-AG36,{5},1,,0.0
2760,dry cleaning facility,2060-AO52,{5},1,{5},1.0
2761,dry fruit,"1512-AC48,1513-AA21",{1},1,{1},1.0
2762,dry pea,0563-AB89,{9},1,{9},1.0
2763,dry storage,3150-AH95,{6},1,{6},1.0
2764,dry tortugas national park,"1024-AA96,1024-AD04,1024-AD45",{5},1,{5},1.0
2765,dtv signal,3060-AI77,{11},1,{11},1.0
2766,dual appointment,3206-AI12,,0,,0.0
2767,dual national,1400-AC68,{14},1,{14},1.0
2768,dual network rule,3060-AH51,{11},1,{11},1.0
2769,dual registrant,3038-AB76,{7},1,{7},1.0
2770,dual regulation,3150-AF31,{6},1,{6},1.0
2771,dual trading,3038-AB83,{7},1,{7},1.0
2772,dual use,0694-AB40,{8},1,{8},1.0
2773,duck stamp,1018-BE20,{5},1,{5},1.0
2774,due course,3084-AB16,{8},1,{8},1.0
2775,due date,"1545-BD86,1545-BI52",{7},1,{7},1.0
2776,due diligence,1840-AC35,{10},1,,0.0
2777,due process procedure,1515-AD96,{8},1,{8},1.0
2778,dungeness crab,0648-AS38,{5},1,{5},1.0
2779,duplicate regulation,2900-AH60,{13},1,{13},1.0
2780,duplication fee,3150-AF60,{6},1,{6},1.0
2781,duplicative regulation,"1205-AB13,2900-AI04","{4, 13}",2,"{4, 13}",2.0
2782,duplicative requirement,2137-AC69,{3},1,{3},1.0
2783,durable medical equipment,"0938-AD65,0938-AH16,0938-AJ64,0938-AO84,0938-AP59,0938-AQ27,0938-AR55,0938-AS13,0938-AS83,0938-AT15,0938-AT28,0938-AT43,0938-AT70,0938-AU17,2900-AM99","{1, 13}",2,"{1, 13}",2.0
2784,dusky gopher frog,1018-AF90,{5},1,{5},1.0
2785,duty free store,"1515-AB86,1515-AC50,1515-AC53",{2},1,{2},1.0
2786,duty free treatment,"1515-AB14,1515-AC78,1515-AD75","{8, 2}",2,"{8, 2}",2.0
2787,duty period,"2900-AH70,2900-AL21,2900-AO25",{13},1,{13},1.0
2788,dynamic testing,2127-AE49,{3},1,{3},1.0
2789,e commerce,3052-AC02,{7},1,{7},1.0
2790,e filing,1290-AA36,{4},1,{4},1.0
2791,e liquid,"0910-AH24,0910-AI06",{1},1,{1},1.0
2792,e prescribe,"0938-AO42,0938-AO66,0938-AP49",{1},1,{1},1.0
2793,e signature,2126-AB47,{3},1,{3},1.0
2794,e. coli,"2040-AD34,2040-AD90,2040-AE68",{5},1,{5},1.0
2795,each trade,1545-BO79,{7},1,{7},1.0
2796,eagle feather,1018-AJ00,{5},1,{5},1.0
2797,eagle permit,"1018-AB81,1018-AE62,1018-AH74,1018-AX91,1018-AY30,1018-BB20,1018-BB88,1018-BB88",{5},1,{5},1.0
2798,early and periodic screening,0938-AE72,{1},1,{1},1.0
2799,early awareness,"1840-AC59,1840-AC82,1840-AD01",{10},1,{10},1.0
2800,early contract termination,"0560-AD95,0560-AE56",{9},1,{9},1.0
2801,early distribution,1545-AN16,{7},1,{7},1.0
2802,early election,"1545-BN33,1545-BN34",{7},1,{7},1.0
2803,early head start,0970-AB55,{1},1,{1},1.0
2804,early intervention program,"1820-AB44,1820-AB53,1820-AB59,1820-AB68",{10},1,{10},1.0
2805,early intervention service,"0720-AA70,0790-AJ92","{1, 2}",2,"{1, 2}",2.0
2806,early release,"1115-AE83,1653-AA06",{2},1,{2},1.0
2807,early review,3150-AE25,{6},1,{6},1.0
2808,early termination fee,3060-AI71,{11},1,{11},1.0
2809,early warning,3235-AL50,{8},1,{8},1.0
2810,earn income,"0575-AB16,0938-AK92,2501-AC72","{9, 13, 1}",3,"{9, 13, 1}",3.0
2811,earn premium,1545-AU60,{7},1,{7},1.0
2812,earning calculation,1545-BA82,{7},1,{7},1.0
2813,earning release,3235-AM40,{8},1,{8},1.0
2814,earning report,0960-AD70,{13},1,{8},1.0
2815,earning test,0960-AE40,{13},1,{13},1.0
2816,earth station,"3060-AH21,3060-AH63,3060-AJ96,3060-AK84,3060-AK89",{11},1,{11},1.0
2817,eastern band,1076-AE77,,0,,0.0
2818,eastern cougar,1018-AY05,{5},1,{5},1.0
2819,eastern pacific,0648-AO48,{5},1,{5},1.0
2820,eastern population,1018-BC32,{5},1,{5},1.0
2821,eastern tropical pacific,"0648-AF07,0648-AI85",{5},1,{5},1.0
2822,eb-5 visa,1125-AA49,{2},1,{2},1.0
2823,ecological effect,2060-AS35,{5},1,{5},1.0
2824,ecological risk assessment,2080-AA07,{5},1,{5},1.0
2825,economic adjustment program,0610-AA62,{8},1,{8},1.0
2826,economic analysis,"0910-AE37,0910-AF04,1545-BC93,1545-BE02","{1, 7}",2,"{1, 7}",2.0
2827,economic area,3060-AJ71,{11},1,,0.0
2828,economic community,0579-AD48,{1},1,{1},1.0
2829,economic development,"0412-AA27,0412-AA54",{14},1,{14},1.0
2830,economic growth,"1550-AB05,1557-AD95,1557-AE10,2577-AD09,2577-AD10,2577-AD11,3064-AE59,3064-AE66,3170-AA81,3170-AA86,3235-AM31","{8, 13, 7}",3,"{8, 13, 7}",3.0
2831,economic injury disaster loan,3245-AF14,{8},1,{8},1.0
2832,economic opportunity,"2501-AD87,2529-AA49,2529-AA91",{13},1,{13},1.0
2833,economic sanction,0750-AD90,{2},1,{2},1.0
2834,economically depressed region,3064-AB08,{7},1,{7},1.0
2835,economically disadvantaged individual,9000-AH65,,0,,0.0
2836,economically disadvantaged woman own small business,3245-AG75,{8},1,{8},1.0
2837,economically target investment,1210-AB29,{4},1,{4},1.0
2838,edgar system,"3235-AG96,3235-AH70,3235-AI18,3235-AJ32,3235-AJ59,3235-AJ81,3235-AM59",{8},1,{8},1.0
2839,edible product,"0579-AB41,0583-AD81",{1},1,{1},1.0
2840,education act,"3136-AA14,3137-AA10",{10},1,{10},1.0
2841,education amendment,"0412-AA46,0960-AE63,1190-AA28,1291-AA32,1400-AB34,3067-AC71,3090-AH34,3135-AA15,3316-AA21","{2, 4, 6, 10, 13, 14}",6,"{2, 4, 6, 10, 13, 14}",6.0
2842,education award,3045-AA09,{13},1,{13},1.0
2843,education benefit,2900-AH88,{13},1,{13},1.0
2844,education category,0960-AH86,{13},1,{13},1.0
2845,education contract,"1076-AD58,1076-AF24",,0,,0.0
2846,education credit,1545-AW65,{7},1,{7},1.0
2847,education department general administrative regulation,"1880-AA62,1880-AA64,1880-AA70,1890-AA00,1890-AA02,1890-AA03",{10},1,{10},1.0
2848,education loan,"1545-AW01,1545-AW67,1545-AW75",{7},1,{7},1.0
2849,education program,"0503-AA60,0690-AA28,0790-AG77,1505-AA83,1601-AA04,1840-AD45,1870-AA11,1870-AA14,1901-AA87,2105-AC95,2700-AC42,2900-AJ11,3067-AD04,3067-AD09,3090-AH49,3090-AK12,3095-AA89,3136-AA34,3145-AA37,3150-AG43,3150-AG68","{2, 3, 6, 7, 8, 9, 10, 13}",8,"{2, 3, 6, 7, 8, 9, 10, 13}",8.0
2850,education provision,"2900-AJ68,2900-AN11",{13},1,{13},1.0
2851,education purpose,1901-AA61,{6},1,{6},1.0
2852,education saving,"3235-AJ11,3235-AJ12",{8},1,{8},1.0
2853,education tax credit,1545-BN27,{7},1,{7},1.0
2854,education test,1120-AA44,{12},1,{12},1.0
2855,educational activity,2501-AC42,{13},1,{13},1.0
2856,educational assistance,"2900-AE43,2900-AF74,2900-AH76,2900-AI31,2900-AI88,2900-AQ74",{13},1,{13},1.0
2857,educational expense,1121-AA50,{12},1,{10},1.0
2858,educational grant,2700-AB95,{10},1,{10},1.0
2859,educational institution,"0348-AB23,0348-AB39,0348-AB50,1991-AB13,9000-AG71",{6},1,{10},1.0
2860,educational loan,2900-AP57,{13},1,{13},1.0
2861,educational opportunity,0790-AJ33,{2},1,{2},1.0
2862,educational purpose,1018-AI97,{5},1,{5},1.0
2863,educational rate,2900-AJ38,{13},1,{13},1.0
2864,educational requirement,"0790-AG27,1115-AD52,1115-AE02",{2},1,{2},1.0
2865,educational research,1850-AA54,{10},1,{10},1.0
2866,educational service,"3245-AG29,3245-AG88",{8},1,{8},1.0
2867,eeo regulation,2501-AC73,{13},1,{13},1.0
2868,effective and efficient operation,0938-AO86,{1},1,{1},1.0
2869,effective communication,9000-AN29,,0,,0.0
2870,effective date,"0560-AE27,0648-AN40,0648-AN93,0648-AR13,0648-BB43,0648-BD95,0710-AA81,0906-AB11,0906-AB18,0910-AA31,0910-AB64,0910-AG51,0910-AG78,0910-AH94,0938-AC88,0938-AG81,0938-AL29,0938-AL35,0938-AM21,0938-AM58,0938-AM95,0938-AM99,0960-AE71,0960-AE72,0960-AH58,0960-AH67,0960-AH75,0960-AH96,0960-AI02,1545-AT16,1545-AT77,1545-AW51,1545-BD95,1545-BD99,1545-BM17,1545-BM18,1625-AC47,1840-AD25,2040-AF36,2050-AG33,2050-AG91,2060-AL85,2060-AP65,2070-AK38,2105-AE01,2120-AK47,2127-AJ02,2127-AJ50,2127-AK36,2127-AK66,2900-AH76,2900-AI88,2900-AJ39,2900-AL37,2900-AL93,2900-AM01,2900-AN13,3133-AF01,3170-AA56,3170-AA69,3206-AI37,3206-AN58","{1, 2, 3, 5, 7, 9, 10, 13}",8,"{1, 2, 3, 5, 7, 9, 10, 13}",8.0
2871,effective interest rate,3052-AC45,{7},1,{7},1.0
2872,effective mean,2140-AA60,{3},1,{3},1.0
2873,effective self regulation,0660-AA13,{11},1,,0.0
2874,efficacy review,"0910-AC56,0910-AF62",{1},1,{1},1.0
2875,efficiency saving,0750-AD80,{2},1,{2},1.0
2876,efficient operation,1902-AC39,{6},1,{6},1.0
2877,efficient use,3060-AH82,{11},1,,0.0
2878,effluent guideline,"2040-AA13,2040-AB53,2040-AB72,2040-AB78,2040-AB79,2040-AB97,2040-AB98,2040-AC21,2040-AC23,2040-AC30,2040-AC48,2040-AC74,2040-AC79,2040-AC90,2040-AD01,2040-AD03,2040-AD05,2040-AD10,2040-AD13,2040-AD14,2040-AD19,2040-AD23,2040-AD24,2040-AD42,2040-AD45,2040-AD49,2040-AD55,2040-AD56,2040-AD57,2040-AD78,2040-AD95,2040-AD97,2040-AE61,2040-AE65,2040-AE78,2040-AF12,2040-AF18,2040-AF26,2040-AF27,2040-AF35",{5},1,{5},1.0
2879,egg product,"0583-AC23,0583-AC30,0583-AC92,0583-AD22,0583-AD72",{1},1,{1},1.0
2880,eglin air force base,"0648-AU53,0648-AY64,0648-BC46",{5},1,{5},1.0
2881,election change,"1545-AX58,1545-AX59",{7},1,{7},1.0
2882,electric bicycle,"1004-AE72,1006-AA57,1018-BE68,1024-AE61",{5},1,{5},1.0
2883,electric energy,"1902-AC29,1902-AC51,1902-AC69,1902-AE85",{6},1,{6},1.0
2884,electric engineering,0572-AB54,{9},1,{9},1.0
2885,electric loan,"0572-AA98,0572-AB06,0572-AC10",{9},1,{9},1.0
2886,electric motor,"1904-AA82,1904-AB71,1904-AC05,1904-AC14,1904-AC89,1904-AD25,1904-AE62,1904-AE63",{6},1,{6},1.0
2887,electric plant,0572-AB38,{9},1,,0.0
2888,electric power,"0572-AA41,1902-AD72","{9, 6}",2,"{9, 6}",2.0
2889,electric powered vehicle,2127-AK05,{3},1,{3},1.0
2890,electric program,"0572-AB03,0572-AC15",{9},1,{9},1.0
2891,electric reliability organization,"1902-AD04,1902-AD66",{6},1,{6},1.0
2892,electric service,3245-AE18,{8},1,,0.0
2893,electric system planning,0572-AA48,{9},1,{9},1.0
2894,electric transmission facility,"1901-AB18,1901-AB36",{6},1,{6},1.0
2895,electric transmission operator,1902-AE72,{6},1,{6},1.0
2896,electric utility,"1902-AB20,1902-AD50,2050-AG88,2050-AG89,2050-AG98,2050-AH01,2050-AH04,2050-AH07,2050-AH10,2060-AN97,2060-AO61","{5, 6}",2,"{5, 6}",2.0
2897,electric vehicle,2127-AG05,{3},1,{3},1.0
2898,electrical cable,2120-AH29,{3},1,{3},1.0
2899,electrical equipment,"1625-AC00,2120-AI21,2125-AD27","{2, 3}",2,"{2, 3}",2.0
2900,electrical installation,2120-AH27,{3},1,{3},1.0
2901,electrical standard,1218-AB95,{4},1,{4},1.0
2902,electrical stimulation device,0910-AI22,{1},1,{1},1.0
2903,electrical system component,"2120-AG92,2120-AI21",{3},1,{3},1.0
2904,electricity export,1901-AB30,{6},1,{6},1.0
2905,electromagnetic field,3060-AI17,{11},1,{11},1.0
2906,electronic access,"2140-AA59,3046-AA90","{3, 4}",2,"{3, 4}",2.0
2907,electronic activity,1557-AB76,{7},1,{7},1.0
2908,electronic aid,3141-AA19,,0,,0.0
2909,electronic and information technology,"1400-AE42,3046-AA82,3046-AB08,3064-AC58","{4, 14, 7}",3,"{4, 14, 7}",3.0
2910,electronic application,"1117-AA91,2120-AK58,2120-AK58","{1, 3}",2,"{1, 3}",2.0
2911,electronic benefit transfer,"0584-AC47,0584-AC61,0584-AC91,0584-AE21,1510-AA59","{1, 7}",2,"{1, 7}",2.0
2912,electronic chain,2105-AE35,{3},1,{3},1.0
2913,electronic cigarette,"1024-AE30,2105-AE06","{3, 5}",2,"{3, 5}",2.0
2914,electronic commerce,"3052-AC02,9000-AI10",{7},1,{7},1.0
2915,electronic commodity,0694-AG33,{8},1,{8},1.0
2916,electronic communication,"0648-AE78,0960-AI04,1210-AB25","{13, 4, 5}",3,"{13, 4, 5}",3.0
2917,electronic copy,0750-AI29,{2},1,{2},1.0
2918,electronic delivery,3060-AK70,{11},1,{11},1.0
2919,electronic device,"1120-AA90,1235-AA12,2120-AJ17,2137-AE63","{3, 12, 4}",3,"{3, 12, 4}",3.0
2920,electronic disclosure,"1210-AA71,1210-AB50,2127-AL39,3133-AD11","{3, 4, 7}",3,"{3, 4, 7}",3.0
2921,electronic distribution,0910-AG18,{1},1,{1},1.0
2922,electronic docket,3150-AH31,{6},1,{6},1.0
2923,electronic document,0694-AE66,{8},1,{8},1.0
2924,electronic equipment,"2003-AA00,2120-AH28,2120-AI21","{3, 5}",2,"{3, 5}",2.0
2925,electronic filing,"0651-AB31,0651-AD15,0651-AD21,1029-AB95,1205-AB29,1210-AA94,1210-AB04,1210-AB62,1545-AR67,1545-AU59,1545-BC90,1545-BD02,1545-BD03,1545-BG63,1545-BN57,1557-AC13,1557-AC75,1615-AB94,1902-AB48,1902-AB89,1902-AB93,1902-AC09,1902-AC40,1902-AC77,1902-AC83,1902-AD29,1902-AD36,2105-AC23,2125-AD94,2126-AA24,3038-AC33,3038-AC67,3038-AC86,3090-AJ16,3120-AC02,3220-AB57,3220-AB58,3235-AD21,3235-AG97,3235-AI04,3235-AJ46,3235-AJ68,3235-AJ87,3235-AK20,3235-AL85,3235-AM09","{2, 3, 4, 5, 6, 7, 8, 13}",8,"{2, 3, 4, 5, 6, 7, 8, 13}",8.0
2926,electronic foia amendment,2105-AC69,{3},1,{3},1.0
2927,electronic format,"0651-AB91,0910-AB91,0910-AH48,1651-AA96","{8, 1, 2}",3,"{8, 1, 2}",3.0
2928,electronic freedom,2550-AA09,{13},1,{13},1.0
2929,electronic fund transfer,"0750-AA03,0750-AC52,0938-AQ11,0938-AR01,1029-AB96,1105-AA68,1545-AS79,1545-AU10,1545-AV96,1545-AW40,1545-AW41,2030-AA57,2700-AB88,3090-AH30,3170-AA45,7100-AA77,7100-AB91,7100-AC06,7100-AC26,7100-AC55,7100-AC67,7100-AC98,7100-AD01,9000-AG49","{1, 2, 5, 7, 10, 12}",6,"{1, 2, 5, 7, 10, 12}",6.0
2930,electronic health record,"0938-AP78,0938-AR71",{1},1,{1},1.0
2931,electronic identification,2120-AJ47,{3},1,{3},1.0
2932,electronic listing,9000-AJ30,,0,,0.0
2933,electronic logging device,2126-AB20,{3},1,{3},1.0
2934,electronic mail,3095-AB39,{10},1,,0.0
2935,electronic manufacturing,"2060-AR09,2060-AR23,2060-AR26,2060-AR40,2060-AR61",{5},1,{5},1.0
2936,electronic medium,"3038-AB17,3235-AG67","{8, 7}",2,"{8, 7}",2.0
2937,electronic monitoring,0648-BG54,{5},1,{5},1.0
2938,electronic notification,1902-AC57,{6},1,{6},1.0
2939,electronic operation,"1550-AB00,3064-AE19",{7},1,{7},1.0
2940,electronic option,"2133-AB56,2133-AB64",{3},1,{3},1.0
2941,electronic order,"1117-AA60,1117-AA86",{1},1,{1},1.0
2942,electronic part,0750-AI92,{2},1,{2},1.0
2943,electronic payment,"1010-AD43,1400-AC74,1400-AD00,1505-AB97,1545-BJ13,2502-AG37,2502-AG91,2502-AH22,2503-AA15,2900-AH73","{13, 5, 14, 7}",4,"{13, 5, 14, 7}",4.0
2944,electronic petition,1400-AB84,{14},1,,0.0
2945,electronic prescription,1117-AA61,{1},1,{1},1.0
2946,electronic processing,1615-AC20,{2},1,{2},1.0
2947,electronic product,"0651-AB39,0910-AA15","{8, 1}",2,"{8, 1}",2.0
2948,electronic publication,0750-AC69,{2},1,{2},1.0
2949,electronic publishing,3060-AG44,{11},1,,0.0
2950,electronic recordkeeping,"3235-AI05,3235-AI12",{8},1,{8},1.0
2951,electronic records,"0910-AA29,1845-AA21,2115-AE72,3095-AA70,3095-AB03,3095-AB39","{1, 10, 2}",3,"{1, 10, 2}",3.0
2952,electronic registration,"0910-AF88,1902-AC31","{1, 6}",2,"{1, 6}",2.0
2953,electronic reporting,"1010-AC40,1902-AC69,2025-AA30,2040-AD11,2070-AJ25,2070-AJ50,2070-AJ75,2070-AJ98,2900-AO18,2900-AO68","{13, 5, 6}",3,"{13, 5, 6}",3.0
2954,electronic screening,9000-AG06,,0,,0.0
2955,electronic service,"0960-AH31,1902-AB91,1902-AC08,1902-AC53","{13, 6}",2,"{13, 6}",2.0
2956,electronic signature,"0583-AD14,0750-AC37,0910-AA29,0938-AK63,0938-AT38,1115-AG79,1512-AC84,1513-AA61,1513-AB90,1615-AA83,1653-AA47,2120-AG63,2126-AB47,2900-AO29,3038-AB47,3072-AC17,3235-AH93,9000-AI94","{1, 2, 3, 7, 8, 13}",6,"{1, 2, 3, 7, 8, 13}",6.0
2957,electronic stability control,"2127-AJ77,2127-AL02",{3},1,{3},1.0
2958,electronic submission,"0581-AD41,0648-AI66,0694-AC97,0750-AD70,0750-AF28,0750-AI25,0750-AJ44,0910-AB42,0910-AC52,0910-AG79,0910-AI35,0938-AL51,0938-AN87,1010-AD80,1512-AC84,1513-AA61,1513-AB90,1513-AB97,1625-AA82,1625-AA93,1625-AA96,2127-AL47,2130-AC58,2501-AD02,2502-AH11,2900-AN97,2900-AP98,3150-AH16,3150-AH74,3150-AI73,3235-AH69","{1, 2, 3, 5, 6, 8, 9, 13}",8,"{1, 2, 3, 5, 6, 8, 9, 13}",8.0
2959,electronic system,"1651-AA72,1651-AA83,1651-AB14,3090-AI16",{2},1,,0.0
2960,electronic technology,1545-BD68,{7},1,{7},1.0
2961,electronic transaction,"0938-AI58,0938-AK64,0938-AK76,0938-AK86,0938-AM50",{1},1,{1},1.0
2962,electronic transmission,"0694-AB97,0694-AD35,1545-AV27,1651-AA37","{8, 2, 7}",3,"{8, 2, 7}",3.0
2963,electronic typewriter,3090-AF91,,0,,0.0
2964,elemental mercury,"2070-AJ19,2070-AJ36,2070-AJ71",{5},1,{5},1.0
2965,elementary and secondary education act,"1810-AA91,1810-AB06,1810-AB27,1810-AB28,1810-AB29,1810-AB30,1810-AB31,1810-AB32,1810-AB33,1810-AB35,1810-AB47",{10},1,{10},1.0
2966,elevated blood lead level,2501-AD77,{13},1,{13},1.0
2967,eligibility change,3206-AL92,,0,,0.0
2968,eligibility determination,"0910-AB27,0938-AR25",{1},1,{1},1.0
2969,eligibility period,2900-AI45,{13},1,{13},1.0
2970,eligibility procedure,0790-AG72,{2},1,{2},1.0
2971,eligibility requirement,"0581-AC50,0648-BI27,0720-AA39,0720-AA51,0790-AG71,0790-AJ13,0906-AA71,1294-AA09,1545-BK87,2900-AL69,3038-AD84,3235-AJ89","{1, 2, 4, 5, 7, 8, 9, 13}",8,"{1, 2, 4, 5, 7, 8, 9, 13}",8.0
2972,eligibility rule,3060-AI93,{11},1,,0.0
2973,eligible applicant,0648-AQ36,{5},1,{5},1.0
2974,eligible child,"0960-AE50,2900-AL44",{13},1,{13},1.0
2975,eligible cost,1660-AA33,{2},1,{2},1.0
2976,eligible credit default swap,3235-AK26,{8},1,{8},1.0
2977,eligible family member,3206-AN43,,0,,0.0
2978,eligible household,0584-AC28,{1},1,{1},1.0
2979,eligible individual,"0960-AE50,2900-AN26",{13},1,{13},1.0
2980,eligible organization,0938-AS50,{1},1,{1},1.0
2981,eligible person,0703-AB09,{2},1,{2},1.0
2982,eligible purchaser,"0790-AI02,0790-AI04",{2},1,{2},1.0
2983,eligible status,2501-AD89,{13},1,{13},1.0
2984,eligible veteran,"2900-AI95,2900-AN82,2900-AO88",{13},1,{13},1.0
2985,eliminate regulation,2137-AF09,{3},1,,0.0
2986,eliminate requirement,"1512-AC96,1513-AA62",{1},1,{1},1.0
2987,embed advertising,3060-AJ10,{11},1,{11},1.0
2988,emerge growth company,3235-AL88,{8},1,{8},1.0
2989,emerge market,0551-AA62,{9},1,,0.0
2990,emerge technology,0694-AH69,{8},1,{8},1.0
2991,emergency acquisition,"0750-AD90,0750-AF56,9000-AK50",{2},1,{2},1.0
2992,emergency action,"0596-AB66,0648-AV75,0648-AY23,0648-AY52,0648-AY86,0648-AY90,0648-BB05,0648-BB98,0648-BC04,0648-BC32,0648-BD87,0648-BE18,0648-BE45,0648-BE97,0648-BH10,0648-BJ19",{5},1,{5},1.0
2993,emergency alert system,"3060-AF21,3060-AI49,3060-AJ33",{11},1,{11},1.0
2994,emergency approval,0938-AK98,{1},1,{1},1.0
2995,emergency assistance,0584-AA85,{1},1,{1},1.0
2996,emergency care,0938-AC58,{1},1,{1},1.0
2997,emergency closure,1902-AC46,{6},1,{6},1.0
2998,emergency condition,3235-AJ56,{8},1,{8},1.0
2999,emergency conservation program,"0560-AD16,0560-AG26,0560-AH43,0560-AH71,0560-AI46",{9},1,{9},1.0
3000,emergency economic stabilization act,"1505-AC05,7100-AD28",{7},1,{7},1.0
3001,emergency employment,0702-AA23,{2},1,{2},1.0
3002,emergency evacuation,1219-AB33,{4},1,{4},1.0
3003,emergency exit,1218-AA70,{4},1,{4},1.0
3004,emergency extension,2050-AE40,{5},1,{5},1.0
3005,emergency fire,"1004-AC36,1004-AD30",{5},1,{5},1.0
3006,emergency food assistance program,"0584-AC99,0584-AD94,0584-AE29,0584-AE73",{1},1,{1},1.0
3007,emergency homeowner loan program,2502-AI97,{13},1,{13},1.0
3008,emergency information,"3060-AI75,3060-AJ85",{11},1,{11},1.0
3009,emergency lighting,2130-AC22,{3},1,{3},1.0
3010,emergency loan,0560-AG23,{9},1,{9},1.0
3011,emergency locator transmitter,2120-AH16,{3},1,{3},1.0
3012,emergency medical equipment,2120-AG89,{3},1,{3},1.0
3013,emergency medical service,1117-AB37,{1},1,{1},1.0
3014,emergency medical treatment and labor act,"0938-AJ39,0938-AM34,0938-AQ51",{1},1,{1},1.0
3015,emergency medication,2900-AP34,{13},1,{13},1.0
3016,emergency merger,"3133-AE74,3133-AE76",{7},1,{7},1.0
3017,emergency planning,"2025-AA30,2025-AA33,2050-AC39,2050-AD50,2050-AE43,2050-AE58,2050-AF10,2050-AH00,3150-AE17,3150-AF20,3150-AF63,3150-AH00","{5, 6}",2,"{5, 6}",2.0
3018,emergency position indicate radio beacon,2115-AC69,{2},1,{2},1.0
3019,emergency preparedness,2130-AA96,{3},1,{3},1.0
3020,emergency procedure,2132-AA89,{3},1,,0.0
3021,emergency reconstruction,1902-AC36,{6},1,{6},1.0
3022,emergency regulation,0648-AI84,{5},1,,0.0
3023,emergency relief,0625-AA99,{8},1,{8},1.0
3024,emergency response,"1218-AC17,1218-AC91,1601-AA32,1660-AA49","{2, 4}",2,"{2, 4}",2.0
3025,emergency rule,"0648-AM08,0648-AM33,0648-AO06,0648-AO32,0648-AP69,0648-AR40,0648-AR92,0648-AS97,0648-AS99,0648-AU97,0648-AX68,0648-AY87,0648-BA06,0648-BA29,0648-BB32,0648-BB46,0648-BC59,0648-BC65,0648-BD00,0648-BF24,0648-BF68",{5},1,,0.0
3026,emergency service,"2900-AM71,2900-AN86",{13},1,{13},1.0
3027,emergency shelter,2506-AC40,{13},1,{13},1.0
3028,emergency supplemental appropriation,1140-AA08,{1},1,{1},1.0
3029,emergency supply,0710-AB00,{5},1,{5},1.0
3030,emergency temporary standard,1219-AB33,{4},1,,0.0
3031,emergency treatment,"2900-AK08,2900-AN49,2900-AQ08",{13},1,{13},1.0
3032,emergency use,2060-AL94,{5},1,,0.0
3033,emergency vehicle,"2060-AR46,2060-AR54",{5},1,{5},1.0
3034,emergency waiver,2130-AC02,{3},1,{3},1.0
3035,emergency withdrawal,1004-AE05,{5},1,{5},1.0
3036,emission guideline,"2060-AF82,2060-AF91,2060-AG31,2060-AJ51,2060-AJ52,2060-AN17,2060-AN95,2060-AO12,2060-AQ72,2060-AS23,2060-AT29,2060-AT62,2060-AT64,2060-AT67,2060-AT84,2060-AU24,2060-AU33,2060-AU60",{5},1,{5},1.0
3037,emission increase,2060-AN28,{5},1,{5},1.0
3038,emission limit,3060-AH46,{11},1,,0.0
3039,emission measurement,2060-AQ05,{5},1,{5},1.0
3040,emission monitoring provision,2060-AU08,{5},1,{5},1.0
3041,emission reduction,2060-AN42,{5},1,{5},1.0
3042,emission regulation,2060-AH06,{5},1,{5},1.0
3043,emission requirement,2060-AT79,{5},1,{5},1.0
3044,emission standard,"1515-AB94,1515-AC28,2060-AE54,2060-AF50,2060-AI62,2060-AM39,2060-AO65,2060-AO73,2060-AQ05,2060-AS30,2060-AT54,2060-AT59,2060-AT63,2060-AT65,2060-AT90,2120-AG68,2120-AJ41","{2, 3, 5}",3,"{2, 3, 5}",3.0
3045,emission test,2060-AP41,{5},1,{5},1.0
3046,employ person,0750-AK19,{2},1,{2},1.0
3047,employee assistance program,1901-AA70,{6},1,{6},1.0
3048,employee benefit,"0960-AE45,1545-BF00,3133-AB68,3133-AB89","{13, 7}",2,"{13, 7}",2.0
3049,employee board,2140-AA47,{3},1,{3},1.0
3050,employee compensation,1250-AA03,{4},1,{4},1.0
3051,employee conflict,0560-AH57,{9},1,{9},1.0
3052,employee contribution,"1545-AT82,1545-AT83",{7},1,{7},1.0
3053,employee fiduciary,2900-AB50,{13},1,{13},1.0
3054,employee involvement,3041-AD32,{1},1,{1},1.0
3055,employee medical record,1218-AC95,{4},1,{4},1.0
3056,employee pension,1210-AB25,{4},1,{4},1.0
3057,employee polygraph protection act,1215-AB01,{4},1,{4},1.0
3058,employee protection program,2105-AD94,{3},1,{3},1.0
3059,employee protection provision,"1218-AC47,1218-AC54,1218-AC88",{4},1,{4},1.0
3060,employee responsibility,"0690-AA32,1400-AC09,1505-AA72,3203-AA03,3205-AA20,3206-AG87,3206-AJ74","{8, 14, 7}",3,"{8, 14, 7}",3.0
3061,employee retirement income security act,"1210-AA44,1210-AA52,1210-AA82,1210-AB63,1210-AB74,1545-BC82","{4, 7}",2,"{4, 7}",2.0
3062,employee right,"1215-AB33,1215-AB70,1245-AA00,3142-AA07,9000-AK04,9000-AL47,9000-AL76",{4},1,{4},1.0
3063,employee standard,3203-AA08,{7},1,{7},1.0
3064,employee stock ownership plan,"0348-AB57,1545-BE74,1545-BM32",{7},1,{7},1.0
3065,employee stock purchase plan,1545-BH68,{7},1,{7},1.0
3066,employee survey,"3206-AK39,3206-AK77,3206-AM18",,0,,0.0
3067,employee testimony,"0648-AP77,2590-AA51","{5, 7}",2,"{5, 7}",2.0
3068,employee tip,1545-AV06,{7},1,{7},1.0
3069,employee training,1117-AB30,{1},1,{1},1.0
3070,employer appeal,0938-AR25,{1},1,{1},1.0
3071,employer contribution,"0938-AE64,1545-BA13,1545-BI53","{1, 7}",2,"{1, 7}",2.0
3072,employer identification number,"0563-AB26,1545-AQ49,1545-AT21,1545-BK02,2501-AC13","{9, 13, 7}",3,"{9, 13, 7}",3.0
3073,employer payment,"1218-AB77,2502-AG88","{4, 13}",2,"{4, 13}",2.0
3074,employer sanction,1115-AE66,{2},1,{2},1.0
3075,employer sponsor coverage,1545-BL43,{7},1,{7},1.0
3076,employer sponsor health coverage,0938-AR25,{1},1,{1},1.0
3077,employment act,"3046-AA54,3046-AA59,3046-AA64,3046-AA76,3046-AA78,3046-AA87,3046-AB07",{4},1,{4},1.0
3078,employment and training administration,1205-AB14,{4},1,{4},1.0
3079,employment and training program,1293-AA15,{4},1,{4},1.0
3080,employment assistance,1076-AD71,,0,,0.0
3081,employment authorization,"1115-AD16,1115-AD37,1115-AD65,1115-AF38,1115-AF90,1615-AA18,1615-AA39,1615-AB78,1615-AB87,1615-AB92,1615-AC15,1615-AC17,1615-AC27,1615-AC40,1615-AC47",{2},1,{2},1.0
3082,employment base immigrant,"1115-AD29,1115-AD55,1615-AB14,1615-AB27",{2},1,{2},1.0
3083,employment creation,1615-AA90,{2},1,{2},1.0
3084,employment discrimination,"1190-AA30,3046-AA51,3046-AA56,3046-AA91,3046-AA92,3046-AA93,3046-AB09","{4, 13}",2,"{4, 13}",2.0
3085,employment eligibility verification,"1115-AF42,1615-AA20,1615-AB69,1615-AB72,9000-AK91",{2},1,{2},1.0
3086,employment history,2120-AG32,{3},1,{3},1.0
3087,employment opportunity,0570-AA72,{9},1,{4},1.0
3088,employment outcome,1820-AB52,{10},1,{10},1.0
3089,employment requirement,"0960-AG33,0960-AG50",{13},1,{13},1.0
3090,employment service,0960-AF86,{13},1,{13},1.0
3091,employment standards administration,1240-AA05,{4},1,{4},1.0
3092,employment status,3206-AN52,,0,,0.0
3093,employment tax,1545-BB48,{7},1,{7},1.0
3094,employment taxis,"1510-AA90,1545-BA97,1545-BG90,1545-BH90,1545-BI43",{7},1,{7},1.0
3095,employment verification,"1115-AE67,1615-AA07",{2},1,{2},1.0
3096,empowerment initiative,2030-AA81,{5},1,{5},1.0
3097,empowerment zone,"1810-AB38,2506-AC16","{10, 13}",2,"{10, 13}",2.0
3098,encinitas baccharis,1018-AS77,{5},1,{5},1.0
3099,encryption export,0694-AD19,{8},1,{8},1.0
3100,end overfishe,0648-AH41,{5},1,{5},1.0
3101,end product,9000-AJ24,,0,,0.0
3102,end stage renal disease,"0938-AG19,0938-AL39,0938-AN53,0938-AR55,0938-AS48,0938-AS83,0938-AT04,0938-AT28,0938-AT70,0938-AU08",{1},1,{1},1.0
3103,end use,"0694-AD59,0694-AE25",{8},1,{8},1.0
3104,end user,"0412-AA81,0694-AC68,0910-AE83,1400-AC68","{8, 1, 14}",3,"{8, 1, 14}",3.0
3105,endanger and threaten specie,"0648-AJ91,0648-AK02,0648-AK52,0648-AK53,0648-AK94,0648-AM54,0648-AM90,0648-AN58,0648-AN90,0648-AO05,0648-AO37,0648-AO86,0648-AP17,0648-AU18,0648-AV35,0648-AV73,0648-BA38,0648-BB04,0648-BB30,0648-BC68,0648-BE43,0648-BF34,0648-BG20,0648-BG26,0648-BH41,1018-AC26,1018-AD91,1018-AE79,1018-AE84,1018-AE89,1018-AF43,1018-AG41,1018-AH47,1018-AH50,1018-AH52,1018-AH56,1018-AI14,1018-AI94,1018-AJ05,1018-AJ08,1018-AJ17,1018-AJ20,1018-AT33,1018-AT35,1018-AU60,1018-AW10,1018-AX94,1018-BC87,1018-BC88,1018-BD81",{5},1,{5},1.0
3106,endanger and threaten wildlife,"0648-AR34,0648-BB41,0648-BH42,0648-BI52,0648-BJ44,1018-AA85,1018-AB42,1018-AB52,1018-AB56,1018-AB66,1018-AB73,1018-AB75,1018-AB83,1018-AB88,1018-AB97,1018-AC00,1018-AC01,1018-AC03,1018-AC04,1018-AC10,1018-AC13,1018-AC14,1018-AC18,1018-AC19,1018-AC21,1018-AC22,1018-AC32,1018-AC34,1018-AC42,1018-AC43,1018-AC47,1018-AC48,1018-AC50,1018-AC52,1018-AC53,1018-AC54,1018-AC56,1018-AC61,1018-AC62,1018-AC63,1018-AC64,1018-AC65,1018-AC71,1018-AC74,1018-AC75,1018-AC76,1018-AC77,1018-AC83,1018-AC84,1018-AC85,1018-AC88,1018-AC91,1018-AC92,1018-AC96,1018-AC98,1018-AC99,1018-AD05,1018-AD06,1018-AD07,1018-AD09,1018-AD10,1018-AD11,1018-AD12,1018-AD14,1018-AD20,1018-AD24,1018-AD25,1018-AD29,1018-AD35,1018-AD36,1018-AD37,1018-AD38,1018-AD39,1018-AD45,1018-AD46,1018-AD50,1018-AD58,1018-AD59,1018-AD60,1018-AD96,1018-AD97,1018-AD99,1018-AE00,1018-AE01,1018-AE05,1018-AE10,1018-AE20,1018-AE22,1018-AE23,1018-AE25,1018-AE27,1018-AE28,1018-AE29,1018-AE30,1018-AE31,1018-AE32,1018-AE36,1018-AE37,1018-AE39,1018-AE40,1018-AE41,1018-AE42,1018-AE43,1018-AE44,1018-AE45,1018-AE47,1018-AE48,1018-AE51,1018-AE52,1018-AE53,1018-AE54,1018-AE55,1018-AE57,1018-AE59,1018-AE75,1018-AE76,1018-AE77,1018-AE78,1018-AE80,1018-AE81,1018-AE82,1018-AE83,1018-AE85,1018-AE86,1018-AE87,1018-AE88,1018-AE90,1018-AE91,1018-AE92,1018-AE95,1018-AE97,1018-AF00,1018-AF01,1018-AF03,1018-AF04,1018-AF04,1018-AF12,1018-AF13,1018-AF14,1018-AF15,1018-AF16,1018-AF17,1018-AF18,1018-AF19,1018-AF20,1018-AF21,1018-AF21,1018-AF22,1018-AF29,1018-AF30,1018-AF31,1018-AF32,1018-AF33,1018-AF34,1018-AF35,1018-AF36,1018-AF37,1018-AF39,1018-AF40,1018-AF41,1018-AF42,1018-AF43,1018-AF45,1018-AF48,1018-AF49,1018-AF50,1018-AF56,1018-AF57,1018-AF59,1018-AF61,1018-AF62,1018-AF67,1018-AF68,1018-AF70,1018-AF71,1018-AF73,1018-AF75,1018-AF79,1018-AF80,1018-AF81,1018-AF82,1018-AF83,1018-AF84,1018-AF86,1018-AF89,1018-AF90,1018-AF92,1018-AF94,1018-AF95,1018-AF96,1018-AF97,1018-AF98,1018-AF99,1018-AG00,1018-AG02,1018-AG04,1018-AG05,1018-AG07,1018-AG09,1018-AG10,1018-AG12,1018-AG13,1018-AG14,1018-AG15,1018-AG16,1018-AG17,1018-AG23,1018-AG24,1018-AG26,1018-AG27,1018-AG28,1018-AG29,1018-AG30,1018-AG32,1018-AG33,1018-AG34,1018-AG35,1018-AG36,1018-AG37,1018-AG38,1018-AG39,1018-AG40,1018-AG41,1018-AG44,1018-AG62,1018-AG63,1018-AG65,1018-AG68,1018-AG71,1018-AG73,1018-AG74,1018-AG75,1018-AG76,1018-AG78,1018-AG79,1018-AG80,1018-AG81,1018-AG83,1018-AG84,1018-AG85,1018-AG86,1018-AG87,1018-AG88,1018-AG89,1018-AG90,1018-AG91,1018-AG92,1018-AG93,1018-AG95,1018-AG96,1018-AG97,1018-AG98,1018-AG99,1018-AH00,1018-AH01,1018-AH02,1018-AH03,1018-AH04,1018-AH05,1018-AH06,1018-AH07,1018-AH08,1018-AH09,1018-AH10,1018-AH11,1018-AH12,1018-AH13,1018-AH14,1018-AH15,1018-AH16,1018-AH17,1018-AH18,1018-AH19,1018-AH20,1018-AH21,1018-AH22,1018-AH23,1018-AH24,1018-AH25,1018-AH26,1018-AH27,1018-AH28,1018-AH29,1018-AH30,1018-AH31,1018-AH32,1018-AH33,1018-AH35,1018-AH37,1018-AH38,1018-AH39,1018-AH40,1018-AH41,1018-AH43,1018-AH44,1018-AH45,1018-AH46,1018-AH47,1018-AH48,1018-AH48,1018-AH49,1018-AH49,1018-AH50,1018-AH51,1018-AH52,1018-AH53,1018-AH54,1018-AH55,1018-AH57,1018-AH60,1018-AH61,1018-AH68,1018-AH70,1018-AH73,1018-AH76,1018-AH80,1018-AH82,1018-AH83,1018-AH84,1018-AH91,1018-AH93,1018-AH94,1018-AH95,1018-AH96,1018-AI02,1018-AI03,1018-AI04,1018-AI11,1018-AI14,1018-AI15,1018-AI16,1018-AI17,1018-AI18,1018-AI19,1018-AI20,1018-AI21,1018-AI23,1018-AI24,1018-AI25,1018-AI26,1018-AI27,1018-AI28,1018-AI35,1018-AI40,1018-AI41,1018-AI42,1018-AI43,1018-AI44,1018-AI45,1018-AI46,1018-AI47,1018-AI48,1018-AI49,1018-AI50,1018-AI51,1018-AI52,1018-AI54,1018-AI60,1018-AI61,1018-AI66,1018-AI67,1018-AI68,1018-AI69,1018-AI70,1018-AI71,1018-AI72,1018-AI73,1018-AI74,1018-AI75,1018-AI76,1018-AI77,1018-AI78,1018-AI79,1018-AI80,1018-AI81,1018-AI82,1018-AI83,1018-AI94,1018-AJ03,1018-AJ04,1018-AJ05,1018-AJ06,1018-AJ07,1018-AJ08,1018-AJ09,1018-AJ10,1018-AJ11,1018-AJ12,1018-AJ13,1018-AJ14,1018-AJ15,1018-AJ16,1018-AJ17,1018-AJ18,1018-AJ19,1018-AJ20,1018-AJ23,1018-AT31,1018-AT33,1018-AT35,1018-AT36,1018-AT37,1018-AT37,1018-AT38,1018-AT38,1018-AT39,1018-AT42,1018-AT43,1018-AT44,1018-AT45,1018-AT52,1018-AT54,1018-AT56,1018-AT57,1018-AT62,1018-AT65,1018-AT66,1018-AT68,1018-AT74,1018-AT75,1018-AT78,1018-AT79,1018-AT84,1018-AT85,1018-AT85,1018-AT86,1018-AT88,1018-AT89,1018-AT90,1018-AT91,1018-AT92,1018-AT93,1018-AT96,1018-AU00,1018-AU01,1018-AU02,1018-AU11,1018-AU12,1018-AU17,1018-AU17,1018-AU20,1018-AU21,1018-AU22,1018-AU22,1018-AU23,1018-AU29,1018-AU30,1018-AU31,1018-AU32,1018-AU33,1018-AU34,1018-AU35,1018-AU37,1018-AU43,1018-AU44,1018-AU45,1018-AU46,1018-AU47,1018-AU48,1018-AU49,1018-AU50,1018-AU51,1018-AU52,1018-AU53,1018-AU53,1018-AU54,1018-AU54,1018-AU55,1018-AU58,1018-AU60,1018-AU63,1018-AU64,1018-AU64,1018-AU65,1018-AU66,1018-AU66,1018-AU67,1018-AU68,1018-AU69,1018-AU72,1018-AU73,1018-AU74,1018-AU75,1018-AU76,1018-AU77,1018-AU78,1018-AU79,1018-AU80,1018-AU81,1018-AU82,1018-AU83,1018-AU84,1018-AU85,1018-AU86,1018-AU87,1018-AU88,1018-AU91,1018-AU93,1018-AU96,1018-AU96,1018-AU97,1018-AU98,1018-AU99,1018-AV00,1018-AV01,1018-AV02,1018-AV03,1018-AV04,1018-AV05,1018-AV06,1018-AV07,1018-AV08,1018-AV09,1018-AV16,1018-AV16,1018-AV18,1018-AV19,1018-AV21,1018-AV22,1018-AV23,1018-AV24,1018-AV25,1018-AV26,1018-AV27,1018-AV28,1018-AV28,1018-AV29,1018-AV29,1018-AV30,1018-AV32,1018-AV37,1018-AV38,1018-AV39,1018-AV40,1018-AV46,1018-AV47,1018-AV48,1018-AV49,1018-AV50,1018-AV51,1018-AV52,1018-AV54,1018-AV55,1018-AV56,1018-AV60,1018-AV60,1018-AV64,1018-AV65,1018-AV73,1018-AV74,1018-AV74,1018-AV75,1018-AV76,1018-AV77,1018-AV78,1018-AV79,1018-AV83,1018-AV84,1018-AV85,1018-AV86,1018-AV87,1018-AV88,1018-AV89,1018-AV90,1018-AV91,1018-AV92,1018-AV93,1018-AV94,1018-AV95,1018-AV96,1018-AV97,1018-AV98,1018-AW00,1018-AW00,1018-AW01,1018-AW01,1018-AW02,1018-AW03,1018-AW04,1018-AW05,1018-AW06,1018-AW07,1018-AW08,1018-AW09,1018-AW09,1018-AW10,1018-AW12,1018-AW16,1018-AW17,1018-AW18,1018-AW20,1018-AW21,1018-AW22,1018-AW23,1018-AW24,1018-AW26,1018-AW26,1018-AW27,1018-AW28,1018-AW32,1018-AW34,1018-AW35,1018-AW37,1018-AW38,1018-AW38,1018-AW39,1018-AW40,1018-AW41,1018-AW42,1018-AW43,1018-AW45,1018-AW47,1018-AW50,1018-AW52,1018-AW53,1018-AW54,1018-AW55,1018-AW56,1018-AW57,1018-AW58,1018-AW58,1018-AW59,1018-AW60,1018-AW61,1018-AW61,1018-AW62,1018-AW62,1018-AW63,1018-AW70,1018-AW72,1018-AW74,1018-AW79,1018-AW80,1018-AW84,1018-AW85,1018-AW86,1018-AW88,1018-AW89,1018-AW90,1018-AW91,1018-AW92,1018-AW95,1018-AW97,1018-AW99,1018-AX01,1018-AX07,1018-AX08,1018-AX10,1018-AX11,1018-AX12,1018-AX13,1018-AX14,1018-AX15,1018-AX16,1018-AX17,1018-AX18,1018-AX19,1018-AX22,1018-AX23,1018-AX26,1018-AX27,1018-AX28,1018-AX38,1018-AX39,1018-AX40,1018-AX41,1018-AX42,1018-AX43,1018-AX44,1018-AX50,1018-AX57,1018-AX58,1018-AX59,1018-AX59,1018-AX60,1018-AX61,1018-AX62,1018-AX68,1018-AX69,1018-AX70,1018-AX71,1018-AX72,1018-AX73,1018-AX74,1018-AX75,1018-AX76,1018-AX77,1018-AX79,1018-AX80,1018-AX81,1018-AX86,1018-AX87,1018-AX88,1018-AX89,1018-AX93,1018-AX94,1018-AX99,1018-AX99,1018-AY00,1018-AY01,1018-AY02,1018-AY03,1018-AY04,1018-AY05,1018-AY05,1018-AY06,1018-AY07,1018-AY08,1018-AY09,1018-AY10,1018-AY11,1018-AY12,1018-AY15,1018-AY16,1018-AY17,1018-AY18,1018-AY19,1018-AY20,1018-AY21,1018-AY22,1018-AY23,1018-AY24,1018-AY25,1018-AY26,1018-AY27,1018-AY28,1018-AY29,1018-AY31,1018-AY33,1018-AY34,1018-AY34,1018-AY38,1018-AY39,1018-AY40,1018-AY42,1018-AY43,1018-AY44,1018-AY45,1018-AY46,1018-AY49,1018-AY49,1018-AY50,1018-AY51,1018-AY52,1018-AY53,1018-AY54,1018-AY55,1018-AY56,1018-AY58,1018-AY62,1018-AY64,1018-AY68,1018-AY71,1018-AY72,1018-AY73,1018-AY76,1018-AY77,1018-AY78,1018-AY78,1018-AY79,1018-AY80,1018-AY80,1018-AY81,1018-AY82,1018-AY83,1018-AY83,1018-AY84,1018-AY88,1018-AY89,1018-AY90,1018-AY91,1018-AY92,1018-AY93,1018-AY94,1018-AY95,1018-AY96,1018-AY97,1018-AY98,1018-AY99,1018-AZ00,1018-AZ01,1018-AZ02,1018-AZ03,1018-AZ04,1018-AZ05,1018-AZ06,1018-AZ08,1018-AZ09,1018-AZ10,1018-AZ11,1018-AZ12,1018-AZ13,1018-AZ14,1018-AZ15,1018-AZ17,1018-AZ20,1018-AZ21,1018-AZ22,1018-AZ23,1018-AZ24,1018-AZ25,1018-AZ26,1018-AZ27,1018-AZ28,1018-AZ30,1018-AZ31,1018-AZ31,1018-AZ32,1018-AZ33,1018-AZ34,1018-AZ35,1018-AZ36,1018-AZ37,1018-AZ38,1018-AZ39,1018-AZ40,1018-AZ41,1018-AZ42,1018-AZ43,1018-AZ44,1018-AZ46,1018-AZ47,1018-AZ48,1018-AZ49,1018-AZ51,1018-AZ52,1018-AZ54,1018-AZ55,1018-AZ56,1018-AZ57,1018-AZ58,1018-AZ59,1018-AZ60,1018-AZ61,1018-AZ62,1018-AZ63,1018-AZ64,1018-AZ66,1018-AZ68,1018-AZ70,1018-AZ74,1018-AZ75,1018-AZ76,1018-AZ77,1018-AZ78,1018-AZ79,1018-AZ82,1018-AZ83,1018-AZ84,1018-AZ86,1018-AZ90,1018-AZ91,1018-AZ92,1018-AZ94,1018-AZ95,1018-AZ96,1018-AZ97,1018-AZ98,1018-AZ99,1018-BA03,1018-BA04,1018-BA05,1018-BA06,1018-BA07,1018-BA08,1018-BA09,1018-BA10,1018-BA11,1018-BA12,1018-BA13,1018-BA14,1018-BA15,1018-BA16,1018-BA17,1018-BA18,1018-BA19,1018-BA20,1018-BA21,1018-BA22,1018-BA23,1018-BA24,1018-BA27,1018-BA28,1018-BA28,1018-BA29,1018-BA30,1018-BA32,1018-BA34,1018-BA35,1018-BA36,1018-BA37,1018-BA38,1018-BA40,1018-BA41,1018-BA41,1018-BA42,1018-BA43,1018-BA43,1018-BA44,1018-BA44,1018-BA45,1018-BA45,1018-BA46,1018-BA47,1018-BA49,1018-BA50,1018-BA53,1018-BA55,1018-BA55,1018-BA58,1018-BA59,1018-BA60,1018-BA61,1018-BA63,1018-BA63,1018-BA64,1018-BA68,1018-BA68,1018-BA71,1018-BA73,1018-BA74,1018-BA75,1018-BA78,1018-BA79,1018-BA80,1018-BA81,1018-BA83,1018-BA84,1018-BA85,1018-BA86,1018-BA87,1018-BA89,1018-BA89,1018-BA91,1018-BA93,1018-BA94,1018-BA95,1018-BA98,1018-BB00,1018-BB05,1018-BB07,1018-BB08,1018-BB09,1018-BB11,1018-BB16,1018-BB18,1018-BB21,1018-BB25,1018-BB26,1018-BB27,1018-BB28,1018-BB28,1018-BB29,1018-BB29,1018-BB33,1018-BB34,1018-BB35,1018-BB36,1018-BB37,1018-BB39,1018-BB41,1018-BB42,1018-BB43,1018-BB44,1018-BB45,1018-BB46,1018-BB47,1018-BB48,1018-BB49,1018-BB50,1018-BB51,1018-BB52,1018-BB53,1018-BB54,1018-BB55,1018-BB56,1018-BB57,1018-BB58,1018-BB59,1018-BB60,1018-BB61,1018-BB62,1018-BB63,1018-BB64,1018-BB65,1018-BB66,1018-BB67,1018-BB67,1018-BB68,1018-BB69,1018-BB70,1018-BB72,1018-BB74,1018-BB76,1018-BB76,1018-BB78,1018-BB79,1018-BB79,1018-BB80,1018-BB81,1018-BB82,1018-BB82,1018-BB83,1018-BB87,1018-BB89,1018-BB90,1018-BB91,1018-BB91,1018-BB96,1018-BC01,1018-BC01,1018-BC02,1018-BC03,1018-BC04,1018-BC04,1018-BC09,1018-BC09,1018-BC10,1018-BC11,1018-BC11,1018-BC14,1018-BC15,1018-BC16,1018-BC20,1018-BC24,1018-BC26,1018-BC28,1018-BC32,1018-BC34,1018-BC36,1018-BC38,1018-BC40,1018-BC42,1018-BC44,1018-BC46,1018-BC50,1018-BC52,1018-BC54,1018-BC56,1018-BC57,1018-BC59,1018-BC62,1018-BC64,1018-BC65,1018-BC69,1018-BC77,1018-BC77,1018-BC78,1018-BC79,1018-BC80,1018-BC81,1018-BC82,1018-BC83,1018-BC84,1018-BC98,1018-BC99,1018-BD00,1018-BD01,1018-BD02,1018-BD03,1018-BD04,1018-BD06,1018-BD08,1018-BD09,1018-BD12,1018-BD13,1018-BD14,1018-BD15,1018-BD16,1018-BD17,1018-BD18,1018-BD19,1018-BD20,1018-BD21,1018-BD22,1018-BD23,1018-BD24,1018-BD25,1018-BD26,1018-BD27,1018-BD28,1018-BD29,1018-BD30,1018-BD31,1018-BD32,1018-BD33,1018-BD34,1018-BD35,1018-BD36,1018-BD37,1018-BD38,1018-BD39,1018-BD40,1018-BD41,1018-BD42,1018-BD43,1018-BD44,1018-BD45,1018-BD46,1018-BD47,1018-BD48,1018-BD49,1018-BD50,1018-BD51,1018-BD52,1018-BD53,1018-BD54,1018-BD55,1018-BD56,1018-BD58,1018-BD59,1018-BD60,1018-BD60,1018-BD61,1018-BD64,1018-BD65,1018-BD66,1018-BD67,1018-BD68,1018-BD69,1018-BD70,1018-BD71,1018-BD72,1018-BD72,1018-BD73,1018-BD80,1018-BD82,1018-BD83,1018-BD84,1018-BD85,1018-BD86,1018-BD87,1018-BD88,1018-BD91,1018-BD92,1018-BD93,1018-BD94,1018-BD95,1018-BD96,1018-BD97,1018-BD98,1018-BD99,1018-BE00,1018-BE01,1018-BE02,1018-BE03,1018-BE04,1018-BE05,1018-BE06,1018-BE07,1018-BE08,1018-BE09,1018-BE11,1018-BE12,1018-BE13,1018-BE14,1018-BE15,1018-BE16,1018-BE17,1018-BE18,1018-BE19,1018-BE21,1018-BE23,1018-BE25,1018-BE26,1018-BE28,1018-BE29,1018-BE30,1018-BE31,1018-BE32,1018-BE33,1018-BE37,1018-BE42,1018-BE43,1018-BE44,1018-BE46,1018-BE47,1018-BE48,1018-BE49,1018-BE51,1018-BE52,1018-BE53,1018-BE54,1018-BE55,1018-BE56,1018-BE57,1018-BE58,1018-BE59,1018-BE60,1018-BE61,1018-BE62,1018-BE63,1018-BE64,1018-BE65,1018-BE66,1018-BE69",{5},1,{5},1.0
3107,endanger fish,"0648-AG38,0648-AK46",{5},1,{5},1.0
3108,endanger or threaten specie,0648-AU43,{5},1,{5},1.0
3109,endanger public health,2060-AS31,{5},1,{5},1.0
3110,endanger sea turtle,0648-AS57,{5},1,{5},1.0
3111,endanger species,"0596-AC54,0648-AP64,0648-AQ69,0648-BI87,1010-AD10,1018-AC78,1018-AD28,1018-AD47,1018-AD48,1018-AD49,1018-AD51,1018-AD52,1018-AD55,1018-AD61,1018-AD87,1018-AE06,1018-AF58,1018-AF66,1018-AH63,1018-AI08,1018-AI90,1018-AI95,1018-AV70,1018-AV71,1018-AW82,1018-AX49,1018-AZ53,1018-AZ73,1018-BC71,1018-BE27,2070-AD62",{5},1,{5},1.0
3112,endanger status,"0648-AW02,0648-AW32,1018-AD25,1018-AE20,1018-AE53,1018-AE55,1018-AF83,1018-AF84,1018-AF86,1018-AG16,1018-AI81,1018-AI82,1018-AT95",{5},1,{5},1.0
3113,endangered species act,"0579-AD50,0648-AG15,0648-AS94,0648-AV15,0648-AX15,0648-AX50,0648-AX87,0648-BB80,0648-BB81,0648-BB82,0648-BD51,0648-BE43,0648-BF06,0648-BH83,0648-BI06,0710-AA43,1018-AD53,1018-AF76,1018-AH93,1018-AI67,1018-AT62,1018-AT64,1018-AT83,1018-AU29,1018-AW73,1018-AX87,1018-BB98","{1, 5}",2,"{1, 5}",2.0
3114,endocrine disorder,0960-AI28,{13},1,{13},1.0
3115,endocrine system,2900-AO44,{13},1,{13},1.0
3116,endowment program,0925-AA47,{1},1,{1},1.0
3117,energy assistance,1991-AB41,{6},1,{6},1.0
3118,energy board,1901-AA30,{6},1,{6},1.0
3119,energy code,1904-AA69,{6},1,{6},1.0
3120,energy commodity,3038-AC85,{7},1,{7},1.0
3121,energy conservation program,"0572-AA99,1901-AB39,1901-AB42,1904-AA82,1904-AB43,1904-AB89,1904-AB99,1904-AC09,1904-AC25,1904-AC26,1904-AC47,1904-AC71,1904-AC90,1904-AD48,1904-AD64,1904-AD65,1904-AD71,1904-AD72,1904-AD95,1904-AD96,1904-AE02,1904-AE11,1904-AE13,1904-AE21,1904-AE28,1904-AE29,1990-AA44","{9, 6}",2,"{9, 6}",2.0
3122,energy conservation standard,"1904-AB45,1904-AB48,1904-AB49,1904-AB51,1904-AB70,1904-AB74,1904-AB82,1904-AB86,1904-AB90,1904-AC11,1904-AC15,1904-AC19,1904-AC20,1904-AC22,1904-AC36,1904-AC43,1904-AC47,1904-AC48,1904-AC51,1904-AC54,1904-AC55,1904-AC56,1904-AC77,1904-AC78,1904-AC83,1904-AC85,1904-AC87,1904-AC88,1904-AC95,1904-AD01,1904-AD02,1904-AD04,1904-AD09,1904-AD11,1904-AD15,1904-AD20,1904-AD23,1904-AD24,1904-AD28,1904-AD29,1904-AD31,1904-AD32,1904-AD34,1904-AD35,1904-AD37,1904-AD49,1904-AD51,1904-AD52,1904-AD59,1904-AD61,1904-AD65,1904-AD69,1904-AD79,1904-AD80,1904-AD82,1904-AD87,1904-AD89,1904-AD90,1904-AD91,1904-AD92,1904-AD97,1904-AD98,1904-AD99,1904-AE00,1904-AE02,1904-AE07,1904-AE12,1904-AE13,1904-AE21,1904-AE23,1904-AE29,1904-AE31,1904-AE32,1904-AE38,1904-AE39,1904-AE40,1904-AE41,1904-AE42,1904-AE47,1904-AE48,1904-AE50,1904-AE52,1904-AE54,1904-AE56,1904-AE58,1904-AE59,1904-AE61,1904-AE63,1904-AE64,1904-AE66,1904-AE68,1904-AE70,1904-AE71,1904-AE72,1904-AE74,1904-AE76,1904-AE78",{6},1,{6},1.0
3123,energy consumption,3084-AB11,{8},1,,0.0
3124,energy development,"1010-AD72,1014-AA03",{5},1,{5},1.0
3125,energy efficiency,9000-AI71,,0,,0.0
3126,energy efficient product,1904-AB68,{6},1,{6},1.0
3127,energy employee,1990-AA26,{6},1,{6},1.0
3128,energy facility application,"1902-AB81,1902-AC00",{6},1,{6},1.0
3129,energy independence and security act,"1904-AB74,2060-AQ16,2060-AQ76,3084-AB12","{8, 5, 6}",3,"{8, 5, 6}",3.0
3130,energy management,"1991-AB20,1991-AB37",{6},1,{6},1.0
3131,energy market manipulation,1902-AC94,{6},1,{6},1.0
3132,energy policy,1902-AE09,{6},1,{6},1.0
3133,energy priority,1901-AB28,{6},1,{6},1.0
3134,energy reorganization act,3150-AG53,{6},1,{6},1.0
3135,energy saving,1904-AE22,{6},1,{6},1.0
3136,energy standard,"1904-AB13,1904-AD27",{6},1,{6},1.0
3137,enforce immigration law,"1651-AA67,1653-AA18",{2},1,{2},1.0
3138,enforce intellectual property right,1515-AE21,{8},1,{8},1.0
3139,enforcement action,"2020-AA23,2501-AC65","{13, 5}",2,"{13, 5}",2.0
3140,enforcement activity,1653-AA26,{2},1,,0.0
3141,enforcement authority,1506-AA45,{7},1,{7},1.0
3142,enforcement datum,2020-AA45,{5},1,{5},1.0
3143,enforcement policy,"1210-AA57,2105-AB39,2105-AC72,2127-AL01","{3, 4}",2,"{3, 4}",2.0
3144,enforcement procedure,"0938-AQ33,1652-AA62,2105-AE84,2137-AD22","{1, 2, 3}",3,"{1, 2, 3}",3.0
3145,enforcement proceeding,"0648-AE40,3038-AC57","{5, 7}",2,"{5, 7}",2.0
3146,enforcement program,"1904-AE34,2130-AB15","{3, 6}",2,"{3, 6}",2.0
3147,enforcement regulation,"2137-AE13,3141-AA50",{3},1,{3},1.0
3148,enforcement rule,0991-AB57,{1},1,{1},1.0
3149,engine condition,2060-AF20,{5},1,{5},1.0
3150,engine conversion,2060-AP64,{5},1,{5},1.0
3151,engine test cell,"2060-AI74,2060-AT01",{5},1,{5},1.0
3152,engineering judgment,2125-AF41,{3},1,{3},1.0
3153,engineering service,"2125-AE73,3245-AD89","{8, 3}",2,"{8, 3}",2.0
3154,enhance access,9000-AK79,,0,,0.0
3155,enhance airline passenger protection,2105-AD92,{3},1,{3},1.0
3156,enhance consumer protection,2105-AD66,{3},1,{3},1.0
3157,enhance exchange,1110-AA20,{12},1,,0.0
3158,enhance protection,3038-AD88,{7},1,{7},1.0
3159,enhance prudential standard,"7100-AD86,7100-AE54",{7},1,{7},1.0
3160,enhance service,"3060-AG72,3060-AH73,3060-AK03",{11},1,{11},1.0
3161,enhance tank car standard,2137-AE91,{3},1,{3},1.0
3162,enhanced competition,9000-AL05,,0,,0.0
3163,enhanced disclosure,"3235-AJ44,3235-AK60",{8},1,{8},1.0
3164,enhanced incentive,1120-AA88,{12},1,,0.0
3165,enhanced measure,0648-AM30,{5},1,{5},1.0
3166,enhanced security,3150-AJ41,{6},1,{6},1.0
3167,enhanced voucher,2577-AD00,{13},1,{13},1.0
3168,enrol agent,"1545-BJ65,1545-BN09",{7},1,{7},1.0
3169,enrollment activity,0938-AQ53,{1},1,{1},1.0
3170,enrollment option,3206-AN07,,0,,0.0
3171,enrollment period,1651-AA27,{2},1,{2},1.0
3172,enrollment provision,2900-AQ34,{13},1,{13},1.0
3173,enrollment requirement,0938-AQ64,{1},1,{1},1.0
3174,enrollment rule,0985-AA07,{1},1,{1},1.0
3175,enrollment standard,0938-AO90,{1},1,{1},1.0
3176,enterprise community,"0503-AA18,0503-AA20,1810-AB38,2506-AB96","{9, 10, 13}",3,"{9, 10, 13}",3.0
3177,enterprise product,2590-AA17,{7},1,{7},1.0
3178,entertainment expense,1545-BA03,{7},1,{7},1.0
3179,entertainment industry,1545-AX12,{7},1,,0.0
3180,entertainment use,1545-BF34,{7},1,{7},1.0
3181,entire interest,1545-AV65,{7},1,{7},1.0
3182,entity list,"0694-AC28,0694-AC40,0694-AD12,0694-AD42,0694-AD44,0694-AD91,0694-AE06,0694-AE16,0694-AE46,0694-AE48,0694-AE51,0694-AE54,0694-AE57,0694-AE59,0694-AE75,0694-AE78,0694-AE84,0694-AE88,0694-AE92,0694-AE97,0694-AF01,0694-AF12,0694-AF13,0694-AF21,0694-AF22,0694-AF22,0694-AF24,0694-AF28,0694-AF28,0694-AF28,0694-AF40,0694-AF43,0694-AF46,0694-AF46,0694-AF57,0694-AF61,0694-AF69,0694-AF74,0694-AF74,0694-AF74,0694-AF77,0694-AF80,0694-AF82,0694-AF82,0694-AF82,0694-AF85,0694-AF86,0694-AF86,0694-AF89,0694-AF89,0694-AF89,0694-AF96,0694-AF96,0694-AG03,0694-AG12,0694-AG14,0694-AG16,0694-AG18,0694-AG19,0694-AG19,0694-AG21,0694-AG22,0694-AG25,0694-AG28,0694-AG29,0694-AG46,0694-AG46,0694-AG53,0694-AG55,0694-AG58,0694-AG61,0694-AG61,0694-AG64,0694-AG65,0694-AG66,0694-AG74,0694-AG74,0694-AG81,0694-AG81,0694-AG82,0694-AG87,0694-AG87,0694-AG94,0694-AH00,0694-AH02,0694-AH06,0694-AH21,0694-AH23,0694-AH23,0694-AH25,0694-AH27,0694-AH28,0694-AH30,0694-AH30,0694-AH32,0694-AH36,0694-AH39,0694-AH41,0694-AH41,0694-AH42,0694-AH43,0694-AH43,0694-AH48,0694-AH50,0694-AH50,0694-AH50,0694-AH51,0694-AH51,0694-AH57,0694-AH57,0694-AH57,0694-AH63,0694-AH63,0694-AH63,0694-AH67,0694-AH68,0694-AH72,0694-AH72,0694-AH72,0694-AH83,0694-AH83,0694-AH85",{8},1,{8},1.0
3183,entry level,2126-AB06,{3},1,,0.0
3184,entry requirement,"1115-AF65,1505-AB98,1515-AD62,1615-AA31","{8, 2, 7}",3,"{8, 2, 7}",3.0
3185,environmental analysis,"0702-AA34,0702-AB02",{2},1,{2},1.0
3186,environmental compliance,0560-AH02,{9},1,{5},1.0
3187,environmental consideration,3067-AC41,{2},1,{2},1.0
3188,environmental damage,2137-AC34,{3},1,{5},1.0
3189,environmental education,"1018-AG53,1018-AU25",{5},1,{5},1.0
3190,environmental effect,"2020-AA42,2020-AA48,3150-AD63,3150-AI42","{5, 6}",2,"{5, 6}",2.0
3191,environmental enforcement,1014-AA08,{5},1,{5},1.0
3192,environmental health sciences,0925-AA46,{1},1,{1},1.0
3193,environmental impact,"0910-AE59,2125-AF04,2125-AF48,2125-AF60,2127-AB79,2132-AA78,2132-AB26,3150-AG05,3150-AI47","{1, 3, 6}",3,"{1, 3, 6}",3.0
3194,environmental management,"1014-AA25,3090-AJ93,9000-AJ44",{5},1,{5},1.0
3195,environmental policy,"0572-AB33,0572-AB73,0575-AC56,0575-AC61",{9},1,{5},1.0
3196,environmental program,"0575-AB64,0575-AB98,2030-AA51","{9, 5}",2,"{9, 5}",2.0
3197,environmental protection agency,"2015-AA01,2090-AA39",{5},1,{5},1.0
3198,environmental protection standard,2060-AA04,{5},1,{5},1.0
3199,environmental quality,"0710-AA42,0710-AB05,1076-AE60,2501-AA30,3212-AA02","{13, 5}",2,"{13, 5}",2.0
3200,environmental report,3150-AF65,{6},1,{5},1.0
3201,environmental restoration,0750-AB71,{2},1,{2},1.0
3202,environmental review,"2125-AF15,2125-AF73,2130-AC66,2132-AB32,3090-AJ88,3150-AI27","{3, 6}",2,"{3, 6}",2.0
3203,environmental service,0750-AD99,{2},1,{5},1.0
3204,environmentally sound product,0750-AA82,{2},1,{2},1.0
3205,epa 's implementation,2030-AA47,{5},1,{5},1.0
3206,epa action,"2020-AA42,2020-AA48",{5},1,{5},1.0
3207,epa office,2030-AA71,{5},1,{5},1.0
3208,epa policy,2030-AA36,{5},1,{5},1.0
3209,epa regulation,"2020-AA40,2025-AA04,2070-AJ51",{5},1,{5},1.0
3210,epa review,2040-AD33,{5},1,{5},1.0
3211,epa study,2060-AH64,{5},1,{5},1.0
3212,equal access,"0503-AA38,0503-AA42,0990-AA02,0991-AB22,1094-AA49,1290-AA18,1601-AA07,1601-AA22,1870-AA12,2105-AB73,2105-AC52,2120-AG19,2501-AD49,2506-AC40,2550-AA08,2577-AC96,2590-AA29,3170-AA27,3209-AA19,3209-AA20","{1, 2, 3, 4, 5, 7, 9, 10, 13}",9,"{1, 2, 3, 4, 5, 7, 9, 10, 13}",9.0
3213,equal credit opportunity,"7100-AB99,7100-AC23,7100-AC35,7100-AC46,7100-AC54,7100-AD13,7100-AD67,7100-AD78",{7},1,{7},1.0
3214,equal employment,9000-AM76,,0,,0.0
3215,equal opportunity,"0570-AA61,1091-AA04,7100-AF23","{9, 5, 7}",3,"{9, 5, 7}",3.0
3216,equal participation,"0412-AA99,0510-AA08,0991-AB96,0991-AC13,1105-AB58,1291-AA41,1601-AA93,1840-AD45,2501-AD65,2501-AD91,2900-AQ75","{1, 2, 4, 9, 10, 12, 13, 14}",8,"{1, 2, 4, 9, 10, 12, 13, 14}",8.0
3217,equal protection,"0605-AA35,2501-AD03","{8, 13}",2,"{8, 13}",2.0
3218,equal right,0945-AA07,{1},1,{1},1.0
3219,equal treatment,"0991-AB34,1105-AA83,1115-AE19,1121-AA82,1290-AA21,1290-AA29,1890-AA11,2501-AC89,2577-AC56,3045-AA45,3235-AJ23","{1, 2, 4, 8, 10, 12, 13}",7,"{1, 2, 4, 8, 10, 12, 13}",7.0
3220,equal voting right,3235-AJ61,{8},1,{8},1.0
3221,equipment leak,"2060-AH81,2060-AN71,2060-AP81,2060-AR00",{5},1,{5},1.0
3222,equipment rental,3245-AD26,{8},1,{8},1.0
3223,equipment standard,2060-AE92,{5},1,{5},1.0
3224,equitable relief,"0560-AG80,0578-AA57","{9, 5}",2,"{9, 5}",2.0
3225,equity capital,3038-AC27,{7},1,{7},1.0
3226,equity interest,"1545-AT94,1545-BM48,1545-BO43,1545-BO44",{7},1,{7},1.0
3227,equity option,"1545-AV48,1545-AX66",{7},1,{7},1.0
3228,equity ratio,3133-AD87,{7},1,{7},1.0
3229,equity security,3235-AI40,{8},1,{8},1.0
3230,equivalent level,2120-AK76,{3},1,{3},1.0
3231,equivalent measurement,2127-AF18,{3},1,{3},1.0
3232,era record,0925-AA63,{1},1,{1},1.0
3233,ergonomic program,"1218-AB36,1218-AB94",{4},1,{4},1.0
3234,erroneous claim,"1545-BH25,1545-BH26",{7},1,{7},1.0
3235,erroneous payment,"0790-AG90,0790-AG91,2900-AG94","{2, 13}",2,"{2, 13}",2.0
3236,error correction,"2060-AQ66,2060-AQ67,2060-AS65,2060-AU46",{5},1,{5},1.0
3237,escape fire,0596-AC30,{5},1,{5},1.0
3238,escrow account,1545-BD19,{7},1,{7},1.0
3239,escrow fund,1545-AR82,{7},1,{7},1.0
3240,escrow requirement,"3170-AA16,7100-AD65",{7},1,{7},1.0
3241,essential chemical,1117-AA18,{1},1,{1},1.0
3242,essential fish,0648-AT99,{5},1,{5},1.0
3243,essential health benefit,"0938-AR03,0938-AR36",{1},1,{1},1.0
3244,establish order,0581-AD03,{9},1,,0.0
3245,establish standard,0583-AC18,{1},1,{1},1.0
3246,establishment license,0910-AB29,{1},1,{1},1.0
3247,estate and gift tax regulation,1545-AU81,{7},1,{7},1.0
3248,estate tax,"1545-AJ11,1545-AL75,1545-AP60,1545-BB49",{7},1,{7},1.0
3249,ethanol production,"0580-AB00,0580-AB00",{1},1,{1},1.0
3250,ethic and business conduct,9000-AK67,,0,,0.0
3251,ethic change,2700-AD53,{10},1,{10},1.0
3252,ethical conduct,"0311-AA07,0503-AA05,0690-AA23,0790-AH74,0960-AE48,1010-AD76,1014-AA06,1090-AA38,1092-AA11,1092-AA12,1103-AA25,1212-AA99,1290-AA15,1505-AC38,1550-AB43,1550-AC03,1601-AA17,1801-AA09,1902-AE29,1990-AA31,2015-AA01,2105-AD08,2501-AD55,2501-AD61,2590-AA02,2700-AC45,2700-AD39,2700-AE03,2900-AH80,3035-AA04,3035-AA05,3046-AA61,3052-AB50,3055-AA03,3095-AB58,3133-AE10,3136-AA21,3137-AA15,3145-AA20,3145-AA29,3206-AG87,3209-AA04,3209-AA43,3209-AA48,3225-AA07,3245-AC96,3460-AA01","{2, 3, 4, 5, 6, 7, 8, 9, 10, 12, 13, 14}",12,"{2, 3, 4, 5, 6, 7, 8, 9, 10, 12, 13, 14}",12.0
3253,ethical standard,"0420-AA12,1105-AA67","{12, 14}",2,"{12, 14}",2.0
3254,ethylene oxide,"1218-AB60,2060-AK09","{4, 5}",2,"{4, 5}",2.0
3255,ethylene production,2060-AT02,{5},1,{5},1.0
3256,european community,0910-AB75,{1},1,,0.0
3257,european economic community,9000-AF39,,0,,0.0
3258,european regulations,"2127-AH18,2127-AH20,2127-AH22",{3},1,{3},1.0
3259,european stability mechanism,3038-AE77,{7},1,{7},1.0
3260,evaluation board,"3090-AG82,9000-AI13",,0,,0.0
3261,evaluation criterion,"0938-AN13,0938-AP36,2900-AL26","{1, 13}",2,"{1, 13}",2.0
3262,evaluation factor,"0750-AF40,9000-AN54",{2},1,{2},1.0
3263,evaluation process,2137-AE99,{3},1,{3},1.0
3264,evaluation standard,"1820-AA81,1820-AB14",{10},1,,0.0
3265,event contract,3038-AC53,{7},1,{7},1.0
3266,event data recorder,"2127-AI72,2127-AL14",{3},1,{3},1.0
3267,event date,2900-AM43,{13},1,{13},1.0
3268,event recorder,2130-AA87,{3},1,{3},1.0
3269,every student succeed act,"1810-AB33,1810-AB35",{10},1,{10},1.0
3270,evidence requirement,"0960-AF05,0960-AF87,2900-AG85,2900-AL03",{13},1,{13},1.0
3271,evidentiary standard,0960-AG75,{13},1,{13},1.0
3272,ex parte,0651-AB77,{8},1,{8},1.0
3273,examination fee,0651-AC53,{8},1,{8},1.0
3274,examination guideline,0651-AA83,{8},1,{8},1.0
3275,examination method,2115-AE94,{2},1,{2},1.0
3276,examination practice,0651-AB97,{8},1,{8},1.0
3277,excepted service,"3206-AH52,3206-AH67,3206-AH83,3206-AH91,3206-AJ06,3206-AJ28,3206-AJ43,3206-AJ70,3206-AK27,3206-AK58,3206-AK59,3206-AM01,3206-AM07,3206-AM34,3206-AN30",,0,,0.0
3278,excepted track,2140-AA41,{3},1,{3},1.0
3279,exception process,2070-AC96,{5},1,{5},1.0
3280,exceptional child,1076-AE14,,0,,0.0
3281,exceptional circumstance,0720-AB42,{1},1,{1},1.0
3282,excess capacity,"0610-AA55,0648-AL66","{8, 5}",2,"{8, 5}",2.0
3283,excess federal property,0599-AA10,{9},1,{9},1.0
3284,excess income,2502-AF99,{13},1,{13},1.0
3285,excess stock,3069-AB30,{7},1,{7},1.0
3286,excessive charge,0991-AB23,{1},1,{1},1.0
3287,excessive fee,2502-AH10,{13},1,{13},1.0
3288,excessive rainfall,0560-AD50,{9},1,{9},1.0
3289,exchange access,3060-AH73,{11},1,{11},1.0
3290,exchange act,"3235-AH30,3235-AI38,3235-AI49,3235-AJ02,3235-AJ77",{8},1,{8},1.0
3291,exchange function,"0938-AR25,0938-AR68,0938-AR75",{1},1,{1},1.0
3292,exchange member,3235-AH69,{8},1,{8},1.0
3293,exchange offer,3235-AH53,{8},1,{8},1.0
3294,exchange rule,3038-AB21,{7},1,{7},1.0
3295,exchange sale,"3090-AI04,3090-AJ20,3090-AJ61",,0,,0.0
3296,exchange set margin,3038-AB12,{7},1,{7},1.0
3297,exchange trade fund,3235-AJ60,{8},1,{7},1.0
3298,exchange trade product,3235-AL57,{8},1,{8},1.0
3299,excise tax,"1545-AL43,1545-AT03,1545-AT25,1545-AT26,1545-AT63,1545-AY93,1545-BB14,1545-BN21",{7},1,{7},1.0
3300,excise taxis,"1512-AB49,1545-AV02,1545-AV03,1545-AX11,1545-BB18,1545-BH90,9000-AF85","{1, 7}",2,"{1, 7}",2.0
3301,exclusion order,"1515-AC43,1515-AE24","{8, 2}",2,"{8, 2}",2.0
3302,exclusive economic zone,"0648-AH57,0648-AH58,0648-AJ15,0648-AL15,0648-AQ08,0648-AR46,0648-AS60,0648-AV06,0648-AV08,0648-AX45,0648-AY37,0648-AY39,0648-AY53,0648-BC92,0648-BF68,0648-BH33",{5},1,{5},1.0
3303,exclusive federal jurisdiction,3150-AF49,{6},1,{6},1.0
3304,execution quality,3235-AM57,{8},1,{8},1.0
3305,executive agent,9000-AI42,,0,,0.0
3306,executive branch,"3206-AK05,3209-AA04,3209-AA43",,0,,0.0
3307,executive compensation,"1545-AS23,2550-AA13,2590-AA12,3235-AI80,3235-AK31,3235-AK67,3235-AK68","{8, 13, 7}",3,"{8, 13, 7}",3.0
3308,executive development,3206-AK75,,0,,0.0
3309,executive director,0648-AG16,{5},1,,0.0
3310,executive office,"1115-AE46,1115-AE88,1125-AA27,1125-AA53,1125-AA81",{2},1,,0.0
3311,executive officer,"3064-AD14,7100-AC16",{7},1,,0.0
3312,executive order,"0412-AA75,0412-AA99,0503-AA55,0510-AA08,0648-AW47,0694-AE35,0694-AE63,0694-AE76,0694-AF05,0694-AF44,0694-AF55,0694-AG00,0694-AG71,0694-AG75,0694-AG78,0694-AH09,0694-AH38,0790-AG81,0991-AC13,1105-AB58,1125-AA71,1190-AA52,1215-AA01,1215-AA95,1215-AB28,1215-AB39,1215-AB71,1235-AA10,1235-AA13,1250-AA07,1291-AA41,1601-AA40,1601-AA93,1660-AA85,1840-AD45,1991-AB78,2501-AD03,2501-AD91,2700-AC49,2900-AP05,2900-AQ75,9000-AJ13,9000-AJ13,9000-AJ34,9000-AJ44,9000-AK51","{1, 2, 4, 5, 6, 8, 9, 10, 12, 13, 14}",11,"{1, 2, 4, 5, 6, 8, 9, 10, 12, 13, 14}",11.0
3313,executive performance,3206-AJ86,,0,,0.0
3314,exempt amount,0960-AE40,{13},1,{13},1.0
3315,exempt commercial market,"3038-AC02,3038-AC21,3038-AC39,3038-AC48,3038-AE10",{7},1,{7},1.0
3316,exempt commodity,3038-AC17,{7},1,{7},1.0
3317,exempt market,3038-AC23,{7},1,{7},1.0
3318,exempt offering,3235-AM27,{8},1,{8},1.0
3319,exempt organization,1545-BH85,{7},1,{7},1.0
3320,exempt person,3150-AH15,{6},1,{6},1.0
3321,exempt system,"0960-AH57,1090-AB02","{5, 13}",2,"{5, 13}",2.0
3322,exempt water,0648-AO30,{5},1,{5},1.0
3323,exemption amount,7100-AE38,{7},1,{7},1.0
3324,exemption level,0691-AA31,{8},1,{8},1.0
3325,exemption process,2127-AL97,{3},1,{3},1.0
3326,exemption provision,0910-AI25,{1},1,{1},1.0
3327,exemption regulation,2020-AA37,{5},1,{5},1.0
3328,exemption request,2070-AJ05,{5},1,{5},1.0
3329,exemptive order,"3038-AC52,3038-AD85,3038-AE05,3235-AF56","{8, 7}",2,"{8, 7}",2.0
3330,exhaust emission standard,2120-AK15,{3},1,{3},1.0
3331,exhaust system,2126-AB31,{3},1,{3},1.0
3332,exhibition hall,3095-AB22,{10},1,{10},1.0
3333,exist chemical,"2070-AA58,2070-AB94",{5},1,{5},1.0
3334,exist contract,"9000-AG90,9000-AH44",,0,,0.0
3335,exist coverage,2700-AB93,{10},1,,0.0
3336,exist debt,2502-AH58,{13},1,{13},1.0
3337,exist facility,"1010-AD66,1010-AD92,1014-AA26,2040-AD62,2040-AD70",{5},1,{5},1.0
3338,exist filing,3072-AC27,{3},1,{3},1.0
3339,exist hospital,2502-AH58,{13},1,{13},1.0
3340,exist rating,2900-AM01,{13},1,{13},1.0
3341,exist regulation,"0910-AA44,0910-AA67,1018-AV80,1902-AB82,1902-AC01","{1, 5, 6}",3,"{1, 5, 6}",3.0
3342,exist requirement,2050-AG46,{5},1,{5},1.0
3343,exist source,"2008-AA04,2060-AJ51,2060-AJ52,2060-AN17,2060-AN95,2060-AQ24,2060-AQ72,2060-AT84,2060-AU60",{5},1,{5},1.0
3344,exist standard,"1218-AB55,1219-AB88",{4},1,,0.0
3345,exist stationary source,"2060-AR33,2060-AT55",{5},1,{5},1.0
3346,exist system,"0584-AD24,2508-AA10","{1, 13}",2,"{1, 13}",2.0
3347,exist user fee,3072-AC72,{3},1,{3},1.0
3348,exotic specie,0583-AD80,{1},1,{1},1.0
3349,expand access,"0910-AB37,0910-AF14,2900-AP24,2900-AP60","{1, 13}",2,"{1, 13}",2.0
3350,expand authority,0960-AG06,{13},1,{13},1.0
3351,expand coverage,"0938-AI85,0938-AI96",{1},1,{1},1.0
3352,expand definition,"1400-AB51,2060-AH52,3150-AH84","{5, 14, 6}",3,"{5, 14, 6}",3.0
3353,expand eligibility,0720-AB05,{1},1,{1},1.0
3354,expansion state,0938-AQ59,{1},1,{1},1.0
3355,expedite arbitration,3076-AA05,{4},1,{4},1.0
3356,expedite fund availability act,3170-AA31,{7},1,{7},1.0
3357,expedite procedure,"2140-AA08,2140-AA24,2140-AA54,3235-AF56","{8, 3}",2,"{8, 3}",2.0
3358,expedite proceeding,"3090-AF99,3090-AH69",,0,,0.0
3359,expedite removal,"1115-AF50,1125-AA92,1653-AA07,1653-AA49,1653-AA52",{2},1,{2},1.0
3360,expedite resolution,"2140-AA64,2140-AA76",{3},1,{3},1.0
3361,expedite review process,0938-AH62,{1},1,{1},1.0
3362,expendable launch vehicle,2120-AJ84,{3},1,{3},1.0
3363,expense fund,0584-AB63,{1},1,{1},1.0
3364,experience requirement,1615-AB39,{2},1,{2},1.0
3365,experimental light sport aircraft,2120-AL09,{3},1,{3},1.0
3366,experimental permit,2120-AI56,{3},1,{3},1.0
3367,experimental population,"0648-BD51,0648-BE43,1018-AX61,1018-BD80,1018-BE52",{5},1,{5},1.0
3368,experimental program,"1855-AA03,1875-AA09,1880-AA66",{10},1,,0.0
3369,experimental purpose,1512-AC32,{1},1,{1},1.0
3370,expiration date,"0579-AD06,0579-AD06,0648-BB20,0960-AE19,0960-AE43,0960-AE60,0960-AE80,0960-AE86,0960-AF01,0960-AF07,0960-AF76,0960-AF93,0960-AG27,0960-AG39,0960-AG51,0960-AG81,0960-AH59,0960-AH62,0960-AH69,0960-AH70,0960-AH77,0960-AH94,0960-AI28,1006-AA46,1006-AA49,1018-AX82,1615-AB36,2070-AJ77,2120-AK64,2120-AK70,2120-AL25,3150-AH47","{1, 2, 3, 5, 6, 13}",6,"{1, 2, 3, 5, 6, 13}",6.0
3371,exploration plan,"1010-AC42,1018-BC92",{5},1,{5},1.0
3372,exploratory drilling,"1014-AA40,1082-AA01",{5},1,{5},1.0
3373,explosive detection system,"0694-AB87,2120-AF95","{8, 3}",2,"{8, 3}",2.0
3374,explosive material,"1140-AA20,1512-AC25",{1},1,{1},1.0
3375,export administration,0694-AC26,{8},1,{8},1.0
3376,export certificate,"1515-AB46,1515-AB73,1515-AC54,1515-AC55",{2},1,{2},1.0
3377,export clearance,"0694-AB88,0694-AC81",{8},1,{8},1.0
3378,export control,"0694-AB36,0694-AB40,0694-AC66,0694-AC91,0694-AE04,0694-AH75,0694-AH76,0694-AH88,1991-AB99","{8, 6}",2,"{8, 6}",2.0
3379,export credit guarantee,0551-AA74,{9},1,{9},1.0
3380,export enhancement program,0551-AA75,{9},1,{9},1.0
3381,export license,"1400-AC73,1400-AC91",{14},1,{8},1.0
3382,export meat,0583-AD72,{1},1,{1},1.0
3383,export regulation,0694-AB43,{8},1,{8},1.0
3384,export requirement,"0910-AA61,0910-AA62,2050-AG68","{1, 5}",2,"{1, 5}",2.0
3385,export shipment,"0607-AA38,2050-AE93,2050-AE93","{8, 5}",2,"{8, 5}",2.0
3386,export subsidy program,0551-AA75,{9},1,{9},1.0
3387,express consignment,1515-AB53,{2},1,{2},1.0
3388,express loan program,3245-AG74,{8},1,{8},1.0
3389,express mail,"0651-AB48,0651-AC18,0651-AC98",{8},1,{8},1.0
3390,extend medicaid,0938-AK92,{1},1,{1},1.0
3391,extend service,0750-AH01,{2},1,{2},1.0
3392,extended benefit,0720-AA78,{1},1,{1},1.0
3393,extended operation,"2120-AI03,2120-AJ26",{3},1,{3},1.0
3394,extension cord,3041-AD42,{1},1,{1},1.0
3395,extension ladder,3084-AA70,{8},1,{8},1.0
3396,extension process,"1545-BE62,1545-BE63",{7},1,{7},1.0
3397,external affair,1902-AC73,{6},1,,0.0
3398,external boundary,1115-AE85,{2},1,{2},1.0
3399,external credit rating,"1550-AC43,1550-AC44,1557-AD35,1557-AD36,1557-AD55,1557-AD56",{7},1,{7},1.0
3400,external power supply,"1904-AB57,1904-AB75,1904-AB80,1904-AD36,1904-AD53,1904-AD86,1904-AD87,1904-AE23",{6},1,{6},1.0
3401,external review,"0991-AB70,1545-BJ62","{1, 7}",2,"{1, 7}",2.0
3402,extra legroom,2105-AE12,{3},1,{3},1.0
3403,extramural research,0505-AA13,{9},1,{9},1.0
3404,extraordinary circumstance,0596-AB94,{5},1,{5},1.0
3405,extraordinary condition,"0596-AB58,0720-AA65","{1, 5}",2,"{1, 5}",2.0
3406,extremely hazardous substance,2050-AF08,{5},1,{5},1.0
3407,f-1 student,"1115-AF15,1205-AB13,1205-AB66,1615-AA99,1615-AB44,1653-AA34,1653-AA61,1653-AA72","{2, 4}",2,"{2, 4}",2.0
3408,f-1 visa,1615-AB55,{2},1,{2},1.0
3409,faa reauthorization,"2120-AK17,2120-AK26,2120-AK33,2120-AK57",{3},1,{3},1.0
3410,faa service,2120-AG17,{3},1,{3},1.0
3411,face encounter,0938-AQ21,{1},1,{1},1.0
3412,face protection,1218-AC87,{4},1,{4},1.0
3413,facilitate compliance,2070-AJ32,{5},1,{5},1.0
3414,facilitate future development,3060-AG32,{11},1,{11},1.0
3415,facilitate monitoring,0648-AH21,{5},1,{5},1.0
3416,facility design,"1902-AD44,1902-AE19",{6},1,{6},1.0
3417,facility equipment,0583-AB93,{1},1,{1},1.0
3418,facility management,1991-AB65,{6},1,{6},1.0
3419,facility security,1625-AA43,{2},1,{2},1.0
3420,facility service,0938-AK89,{1},1,{1},1.0
3421,facsimile transmission,1117-AA54,{1},1,{1},1.0
3422,fact act,0560-AE11,{9},1,{9},1.0
3423,factual information,"0625-AA66,0625-AA91,0625-AA91",{8},1,{8},1.0
3424,factual statement,"1115-AE60,1653-AA03",{2},1,{2},1.0
3425,fail institution,3064-AE26,{7},1,{7},1.0
3426,fair access,3235-AM24,{8},1,{8},1.0
3427,fair administration,3235-AJ33,{8},1,{8},1.0
3428,fair and accurate credit transaction act,"1550-AB87,1550-AC01,1550-AC30,1557-AD14,1557-AD45,3038-AD12,3064-AC77,3064-AD00,3084-AA94,3133-AD00","{8, 7}",2,"{8, 7}",2.0
3429,fair and reasonable price,9000-AM94,,0,,0.0
3430,fair and reasonable rate,2133-AB19,{3},1,{3},1.0
3431,fair credit reporting,"1550-AB33,1557-AC85,1557-AC88,1557-AD38,3064-AE29,3064-AE29,3133-AC99,3133-AD01,7100-AC68,7100-AC91,7100-AC95,7100-AD66,7100-AE14",{7},1,{7},1.0
3432,fair hearing,"0584-AC22,0938-AS27,0938-AS55",{1},1,{1},1.0
3433,fair housing,"3064-AB72,3064-AD31",{7},1,{13},1.0
3434,fair labor standards act,"1215-AA82,1215-AB03,1215-AB04,1215-AB10,1215-AB11,1215-AB12,1215-AB13,1215-AB31,1215-AB78,1235-AA00,1235-AA04,1235-AA05,1235-AA07,1235-AA21,1235-AA22,1235-AA24,1235-AA26,1235-AA31,1235-AA32,3206-AI15,3206-AJ85,3206-AK89,3206-AL21,3206-AL54",{4},1,{4},1.0
3435,fair lending,2529-AA82,{13},1,{13},1.0
3436,fair market rent,2501-AB76,{13},1,{13},1.0
3437,fair market value,"0596-AB26,0596-AB83,1018-BA72,2125-AF29","{3, 5}",2,"{3, 5}",2.0
3438,fair pay,"9000-AM81,9000-AN30,9000-AN52",,0,,0.0
3439,fair play,1512-AD10,{1},1,,0.0
3440,faith base and neighborhood partnership,1290-AA29,{4},1,{4},1.0
3441,faith base entity,1840-AD40,{10},1,{10},1.0
3442,faith base organization,"0412-AA99,0510-AA08,0575-AC74,0991-AC13,1105-AA83,1105-AB58,1291-AA41,1601-AA93,1840-AD45,1894-AA06,1894-AA08,1895-AA01,2501-AC89,2501-AD91,2900-AQ75,3045-AA45","{1, 2, 4, 9, 10, 12, 13, 14}",8,"{1, 2, 4, 9, 10, 12, 13, 14}",8.0
3443,falconry permit,1018-AY35,{5},1,{5},1.0
3444,falconry regulation,"1018-AW44,1018-AW98",{5},1,{5},1.0
3445,fall prevention,"1218-AB04,1218-AB80",{4},1,{4},1.0
3446,fall protection,1218-AB62,{4},1,{4},1.0
3447,false and misleading statement,2120-AG08,{3},1,{3},1.0
3448,false information,"0991-AA80,3084-AB12","{8, 1}",2,"{8, 1}",2.0
3449,false or misleading statement,"0960-AF20,0960-AG09",{13},1,{13},1.0
3450,false statement,1652-AA65,{2},1,,0.0
3451,family and medical leave,3206-AM12,,0,,0.0
3452,family caregiver,"0985-AA01,2900-AQ50","{1, 13}",2,"{1, 13}",2.0
3453,family educational right,"1855-AA05,1875-AA08,1875-AA10,1880-AA65,1880-AA71,1880-AA86",{10},1,{10},1.0
3454,family medicine,0906-AA34,{1},1,{1},1.0
3455,family member,"0790-AH94,1400-AB95,3090-AJ37","{2, 14}",2,"{2, 14}",2.0
3456,family office,3235-AK66,{8},1,{8},1.0
3457,family preservation,0970-AB34,{1},1,{1},1.0
3458,family relationship,"0960-AG95,3220-AB28,3220-AB40",{13},1,{13},1.0
3459,family self sufficiency,2577-AB61,{13},1,{13},1.0
3460,family smoking prevention and tobacco control act,0910-AG38,{1},1,{1},1.0
3461,family support,0702-AA84,{2},1,{2},1.0
3462,family therapist,3150-AI99,{6},1,{6},1.0
3463,family unity,"1115-AG07,1615-AB01",{2},1,{2},1.0
3464,fannie mae,"1550-AC24,1557-AD18,2501-AC41,2501-AC60,2501-AC76,2501-AC92,2501-AD12,2502-AH96,3064-AD34,7100-AD30","{13, 7}",2,"{13, 7}",2.0
3465,far case,"9000-AC90,9000-AD01,9000-AD20,9000-AD76,9000-AE23,9000-AE41,9000-AE47,9000-AE52,9000-AE65,9000-AE68,9000-AF31,9000-AF35,9000-AF36,9000-AF39,9000-AF40,9000-AF44,9000-AF46,9000-AF48,9000-AF50,9000-AF54,9000-AF55,9000-AF57,9000-AF62,9000-AF66,9000-AF71,9000-AF72,9000-AF74,9000-AF77,9000-AF78,9000-AF79,9000-AF80,9000-AF81,9000-AF82,9000-AF83,9000-AF85,9000-AF95,9000-AF96,9000-AF97,9000-AF98,9000-AF99,9000-AG00,9000-AG03,9000-AG04,9000-AG06,9000-AG08,9000-AG10,9000-AG11,9000-AG13,9000-AG14,9000-AG15,9000-AG16,9000-AG17,9000-AG19,9000-AG20,9000-AG21,9000-AG22,9000-AG24,9000-AG25,9000-AG26,9000-AG27,9000-AG28,9000-AG29,9000-AG30,9000-AG32,9000-AG33,9000-AG34,9000-AG35,9000-AG36,9000-AG37,9000-AG38,9000-AG39,9000-AG40,9000-AG41,9000-AG42,9000-AG43,9000-AG47,9000-AG49,9000-AG50,9000-AG52,9000-AG54,9000-AG55,9000-AG56,9000-AG57,9000-AG58,9000-AG59,9000-AG60,9000-AG61,9000-AG62,9000-AG63,9000-AG64,9000-AG66,9000-AG68,9000-AG69,9000-AG70,9000-AG71,9000-AG73,9000-AG74,9000-AG75,9000-AG76,9000-AG78,9000-AG79,9000-AG80,9000-AG81,9000-AG82,9000-AG83,9000-AG84,9000-AG85,9000-AG86,9000-AG87,9000-AG89,9000-AG90,9000-AG91,9000-AG93,9000-AG94,9000-AG95,9000-AG96,9000-AG97,9000-AG98,9000-AG99,9000-AH00,9000-AH01,9000-AH02,9000-AH03,9000-AH04,9000-AH05,9000-AH06,9000-AH08,9000-AH09,9000-AH10,9000-AH11,9000-AH12,9000-AH14,9000-AH15,9000-AH16,9000-AH19,9000-AH20,9000-AH21,9000-AH22,9000-AH23,9000-AH24,9000-AH25,9000-AH27,9000-AH28,9000-AH29,9000-AH30,9000-AH31,9000-AH32,9000-AH33,9000-AH34,9000-AH35,9000-AH36,9000-AH37,9000-AH38,9000-AH40,9000-AH41,9000-AH42,9000-AH43,9000-AH44,9000-AH45,9000-AH46,9000-AH48,9000-AH49,9000-AH50,9000-AH51,9000-AH52,9000-AH53,9000-AH54,9000-AH55,9000-AH56,9000-AH57,9000-AH58,9000-AH59,9000-AH60,9000-AH61,9000-AH62,9000-AH63,9000-AH65,9000-AH66,9000-AH67,9000-AH69,9000-AH70,9000-AH71,9000-AH76,9000-AH77,9000-AH78,9000-AH79,9000-AH82,9000-AH84,9000-AH86,9000-AH87,9000-AH91,9000-AH92,9000-AH94,9000-AH95,9000-AH96,9000-AH97,9000-AH98,9000-AI03,9000-AI04,9000-AI09,9000-AI10,9000-AI12,9000-AI13,9000-AI15,9000-AI16,9000-AI17,9000-AI19,9000-AI22,9000-AI23,9000-AI24,9000-AI25,9000-AI26,9000-AI27,9000-AI28,9000-AI29,9000-AI30,9000-AI31,9000-AI35,9000-AI37,9000-AI38,9000-AI39,9000-AI40,9000-AI41,9000-AI42,9000-AI43,9000-AI44,9000-AI45,9000-AI46,9000-AI47,9000-AI48,9000-AI49,9000-AI50,9000-AI51,9000-AI52,9000-AI53,9000-AI54,9000-AI55,9000-AI56,9000-AI57,9000-AI58,9000-AI59,9000-AI60,9000-AI61,9000-AI62,9000-AI63,9000-AI64,9000-AI65,9000-AI66,9000-AI67,9000-AI68,9000-AI69,9000-AI70,9000-AI71,9000-AI72,9000-AI73,9000-AI74,9000-AI75,9000-AI76,9000-AI77,9000-AI78,9000-AI79,9000-AI80,9000-AI82,9000-AI83,9000-AI84,9000-AI85,9000-AI86,9000-AI87,9000-AI88,9000-AI89,9000-AI90,9000-AI91,9000-AI92,9000-AI93,9000-AI94,9000-AI95,9000-AI96,9000-AI97,9000-AI98,9000-AI99,9000-AJ00,9000-AJ03,9000-AJ05,9000-AJ08,9000-AJ09,9000-AJ10,9000-AJ11,9000-AJ12,9000-AJ13,9000-AJ14,9000-AJ15,9000-AJ16,9000-AJ17,9000-AJ19,9000-AJ21,9000-AJ23,9000-AJ25,9000-AJ26,9000-AJ27,9000-AJ28,9000-AJ29,9000-AJ30,9000-AJ31,9000-AJ32,9000-AJ33,9000-AJ34,9000-AJ35,9000-AJ36,9000-AJ37,9000-AJ38,9000-AJ39,9000-AJ40,9000-AJ41,9000-AJ46,9000-AJ47,9000-AJ48,9000-AJ49,9000-AJ51,9000-AJ52,9000-AJ53,9000-AJ54,9000-AJ55,9000-AJ56,9000-AJ58,9000-AJ59,9000-AJ60,9000-AJ61,9000-AJ62,9000-AJ63,9000-AJ64,9000-AJ65,9000-AJ66,9000-AJ67,9000-AJ69,9000-AJ70,9000-AJ71,9000-AJ72,9000-AJ74,9000-AJ75,9000-AJ76,9000-AJ77,9000-AJ78,9000-AJ79,9000-AJ80,9000-AJ81,9000-AJ82,9000-AJ83,9000-AJ84,9000-AJ87,9000-AJ88,9000-AJ89,9000-AJ90,9000-AJ91,9000-AJ92,9000-AJ93,9000-AJ94,9000-AJ95,9000-AJ96,9000-AJ97,9000-AJ99,9000-AK00,9000-AK01,9000-AK02,9000-AK03,9000-AK04,9000-AK05,9000-AK07,9000-AK08,9000-AK09,9000-AK10,9000-AK13,9000-AK14,9000-AK16,9000-AK17,9000-AK18,9000-AK19,9000-AK21,9000-AK22,9000-AK23,9000-AK24,9000-AK25,9000-AK26,9000-AK27,9000-AK28,9000-AK29,9000-AK30,9000-AK31,9000-AK32,9000-AK33,9000-AK35,9000-AK36,9000-AK37,9000-AK38,9000-AK39,9000-AK42,9000-AK45,9000-AK46,9000-AK47,9000-AK48,9000-AK50,9000-AK51,9000-AK52,9000-AK53,9000-AK54,9000-AK55,9000-AK56,9000-AK57,9000-AK58,9000-AK59,9000-AK61,9000-AK63,9000-AK64,9000-AK65,9000-AK66,9000-AK67,9000-AK68,9000-AK70,9000-AK71,9000-AK72,9000-AK73,9000-AK77,9000-AK78,9000-AK79,9000-AK80,9000-AK81,9000-AK82,9000-AK83,9000-AK84,9000-AK85,9000-AK86,9000-AK87,9000-AK89,9000-AK90,9000-AK91,9000-AK92,9000-AK93,9000-AK94,9000-AK95,9000-AK96,9000-AK97,9000-AK98,9000-AK99,9000-AL00,9000-AL01,9000-AL02,9000-AL03,9000-AL04,9000-AL05,9000-AL06,9000-AL07,9000-AL08,9000-AL09,9000-AL10,9000-AL11,9000-AL12,9000-AL13,9000-AL14,9000-AL15,9000-AL16,9000-AL17,9000-AL18,9000-AL20,9000-AL21,9000-AL23,9000-AL24,9000-AL25,9000-AL26,9000-AL27,9000-AL28,9000-AL29,9000-AL30,9000-AL32,9000-AL33,9000-AL34,9000-AL35,9000-AL36,9000-AL37,9000-AL38,9000-AL39,9000-AL40,9000-AL41,9000-AL42,9000-AL43,9000-AL44,9000-AL45,9000-AL46,9000-AL47,9000-AL48,9000-AL49,9000-AL50,9000-AL51,9000-AL53,9000-AL54,9000-AL56,9000-AL57,9000-AL58,9000-AL59,9000-AL60,9000-AL62,9000-AL63,9000-AL64,9000-AL65,9000-AL66,9000-AL68,9000-AL69,9000-AL70,9000-AL71,9000-AL72,9000-AL73,9000-AL75,9000-AL77,9000-AL78,9000-AL79,9000-AL80,9000-AL81,9000-AL82,9000-AL83,9000-AL84,9000-AL86,9000-AL87,9000-AL88,9000-AL89,9000-AL90,9000-AL91,9000-AL92,9000-AL93,9000-AL94,9000-AL95,9000-AL96,9000-AL97,9000-AL98,9000-AL99,9000-AM00,9000-AM01,9000-AM02,9000-AM03,9000-AM04,9000-AM05,9000-AM06,9000-AM07,9000-AM08,9000-AM09,9000-AM10,9000-AM11,9000-AM12,9000-AM13,9000-AM14,9000-AM15,9000-AM16,9000-AM17,9000-AM18,9000-AM19,9000-AM20,9000-AM21,9000-AM22,9000-AM23,9000-AM24,9000-AM25,9000-AM26,9000-AM27,9000-AM28,9000-AM29,9000-AM30,9000-AM31,9000-AM32,9000-AM33,9000-AM34,9000-AM35,9000-AM36,9000-AM37,9000-AM38,9000-AM39,9000-AM40,9000-AM41,9000-AM42,9000-AM43,9000-AM44,9000-AM45,9000-AM46,9000-AM47,9000-AM48,9000-AM49,9000-AM50,9000-AM51,9000-AM52,9000-AM53,9000-AM54,9000-AM55,9000-AM56,9000-AM57,9000-AM58,9000-AM59,9000-AM60,9000-AM61,9000-AM62,9000-AM63,9000-AM64,9000-AM65,9000-AM66,9000-AM67,9000-AM68,9000-AM69,9000-AM70,9000-AM71,9000-AM72,9000-AM73,9000-AM74,9000-AM75,9000-AM76,9000-AM77,9000-AM78,9000-AM79,9000-AM80,9000-AM81,9000-AM82,9000-AM83,9000-AM84,9000-AM85,9000-AM86,9000-AM87,9000-AM88,9000-AM89,9000-AM90,9000-AM91,9000-AM92,9000-AM93,9000-AM94,9000-AM95,9000-AM96,9000-AM97,9000-AM98,9000-AM99,9000-AN00,9000-AN01,9000-AN02,9000-AN03,9000-AN04,9000-AN05,9000-AN06,9000-AN07,9000-AN08,9000-AN09,9000-AN10,9000-AN11,9000-AN12,9000-AN13,9000-AN14,9000-AN15,9000-AN16,9000-AN17,9000-AN18,9000-AN19,9000-AN20,9000-AN21,9000-AN22,9000-AN23,9000-AN24,9000-AN25,9000-AN26,9000-AN27,9000-AN28,9000-AN29,9000-AN30,9000-AN31,9000-AN32,9000-AN33,9000-AN34,9000-AN35,9000-AN36,9000-AN37,9000-AN38,9000-AN39,9000-AN40,9000-AN41,9000-AN43,9000-AN44,9000-AN45,9000-AN46,9000-AN47,9000-AN48,9000-AN49,9000-AN50,9000-AN51,9000-AN52,9000-AN53,9000-AN54,9000-AN55,9000-AN56,9000-AN57,9000-AN58,9000-AN59,9000-AN60,9000-AN61,9000-AN62,9000-AN63,9000-AN64,9000-AN65,9000-AN66,9000-AN67,9000-AN68,9000-AN69,9000-AN70,9000-AN71,9000-AN72,9000-AN73,9000-AN74,9000-AN75,9000-AN76,9000-AN77,9000-AN78,9000-AN79,9000-AN80,9000-AN81,9000-AN82,9000-AN83,9000-AN84,9000-AN85,9000-AN86,9000-AN87,9000-AN88,9000-AN89,9000-AN90,9000-AN91,9000-AN92,9000-AN93,9000-AN94,9000-AN95,9000-AN96,9000-AN97,9000-AN98,9000-AN99,9000-AO00,9000-AO01,9000-AO02",,0,,0.0
3466,far part,"0750-AE27,2700-AC65,2700-AC83,2700-AC84,2700-AC85,2700-AC86,2700-AC87,2700-AC88,9000-AH24","{2, 10}",2,"{2, 10}",2.0
3467,farm bill,"0570-AB01,0581-AC88,0581-AC89,0584-AD88","{9, 1}",2,"{9, 1}",2.0
3468,farm business,"1545-AQ91,1545-AV37",{7},1,{7},1.0
3469,farm credit administration,"3052-AB50,3052-AD08,3052-AD18",{7},1,{7},1.0
3470,farm credit system,"3052-AC40,3052-AC77,3052-AD00",{7},1,{7},1.0
3471,farm income,"1545-AW04,1545-AW05,1545-AX01",{7},1,{7},1.0
3472,farm loan,"0560-AG89,0560-AI43",{9},1,{9},1.0
3473,farm product,"0580-AA50,0580-AA63,0580-AB20",{1},1,{1},1.0
3474,farm service agency,"0560-AE93,0560-AG24,0560-AG90",{9},1,{9},1.0
3475,farmer mac,"3052-AC53,3052-AC83,3052-AC86,3052-AC89,3052-AD25,3052-AD26,3052-AD31",{7},1,{7},1.0
3476,farmer note,3052-AC23,{7},1,{7},1.0
3477,fashion model,"1205-AB38,1205-AB39,1215-AB09",{4},1,{4},1.0
3478,fast act,"2126-AB89,2126-AB91,2132-AB17,2132-AB18,2137-AF08,2137-AF19,2137-AF35",{3},1,{3},1.0
3479,fastener quality,0693-AA90,{8},1,{8},1.0
3480,fatality analysis reporting system,2126-AA50,{3},1,{3},1.0
3481,fatty acid,"0910-AF64,0910-AH13",{1},1,{1},1.0
3482,fcc 's rule,"3060-AH07,3060-AK66",{11},1,{11},1.0
3483,fcc form,3060-AK68,{11},1,{11},1.0
3484,fcc rule,3060-AK84,{11},1,{11},1.0
3485,fda approval,"0910-AB34,0910-AC48",{1},1,{1},1.0
3486,fda food safety modernization act,"0910-AG97,0910-AI25,1218-AC58","{1, 4}",2,"{1, 4}",2.0
3487,fda regulate product,"0910-AC19,0910-AG71",{1},1,{1},1.0
3488,fda review,0910-AH30,{1},1,{1},1.0
3489,fdic 's rule,"3064-AE20,3064-AE41",{7},1,{7},1.0
3490,fdic program,3064-AC58,{7},1,{7},1.0
3491,fdic regulation,"3064-AC30,3064-AC52,3064-AD98,3064-AE09,3064-AE29",{7},1,{7},1.0
3492,fdic rule,"3064-AE08,3064-AE22",{7},1,{7},1.0
3493,fecal coliform,2040-AE68,{5},1,{5},1.0
3494,fecal contamination,0583-AC25,{1},1,{1},1.0
3495,federal acquisition,9000-AG68,,0,,0.0
3496,federal administration,0960-AD75,{13},1,{13},1.0
3497,federal advisory committee act,0960-AG07,{13},1,{13},1.0
3498,federal agency,"0348-AB52,0583-AD50,1018-AG56,1510-AA90,1510-AB06,1601-AA37,1601-AA40,1601-AA59,1601-AA63,1601-AA74,1601-AA91,1904-AB98,2070-AC78,3206-AG61,3206-AK27","{1, 2, 5, 6, 7}",5,"{1, 2, 5, 6, 7}",5.0
3499,federal agricultural mortgage corporation,"3052-AB72,3052-AC10,3052-AC17,3052-AC18",{7},1,{7},1.0
3500,federal aid,"1018-AD83,1018-AG60,1018-AG60,1018-AI10,1018-AI10,1018-AI53,2125-AE67,2125-AE78,2125-AF16","{3, 5}",2,"{3, 5}",2.0
3501,federal alcohol administration act,1512-AB43,{1},1,{1},1.0
3502,federal assistance,"1018-AV99,1660-AA18,2090-AA39,2501-AD77,2900-AK13,3067-AD25,7100-AD96","{2, 13, 5, 7}",4,"{2, 13, 5, 7}",4.0
3503,federal authority,"2060-AG60,2060-AG61",{5},1,,0.0
3504,federal authorization,"1901-AB18,1901-AB36",{6},1,{6},1.0
3505,federal banking agency,"1550-AC43,1557-AD35,1557-AD55,3064-AD62,7100-AD53",{7},1,{7},1.0
3506,federal bankruptcy code,0560-AE18,{9},1,{8},1.0
3507,federal benefit payment,"0960-AH18,1505-AB55,1505-AC02,1505-AC19,1505-AC20,1510-AA64,1510-AA65,1510-AA66,1510-AA74,2900-AN67,3206-AM17","{13, 7}",2,"{13, 7}",2.0
3508,federal branch,"1557-AB26,1557-AB92,1557-AC02",{7},1,{7},1.0
3509,federal building,1904-AB96,{6},1,,0.0
3510,federal bureau,"1105-AA60,1110-AA06,1110-AA09,1110-AA31",{12},1,,0.0
3511,federal circuit decision,"0651-AC96,0651-AD38",{8},1,{8},1.0
3512,federal civilian,"3206-AG50,3206-AK71,3206-AK79,3206-AL05,3206-AL47,3206-AM68",,0,,0.0
3513,federal coal,"1010-AD37,1012-AA04",{5},1,{5},1.0
3514,federal computer system,3206-AJ84,,0,,0.0
3515,federal concern,1018-AD66,{5},1,{5},1.0
3516,federal construction project,"2501-AD47,9000-AL31",{13},1,{13},1.0
3517,federal consumer financial law,3170-AA58,{7},1,{7},1.0
3518,federal contract compliance program,3046-AA69,{4},1,{4},1.0
3519,federal contracting program,9000-AM05,,0,,0.0
3520,federal contractor,"1215-AB15,1215-AB33,1250-AA08,1250-AA10,1293-AA07,1293-AA08,1293-AA16,1293-AA20,1294-AA13,9000-AK03,9000-AN27",{4},1,{4},1.0
3521,federal coordination,1190-AA72,{13},1,{13},1.0
3522,federal credit union,"3133-AB60,3133-AB72,3133-AB78,3133-AB84,3133-AB99,3133-AC04,3133-AC06,3133-AC09,3133-AC35,3133-AC64,3133-AC64,3133-AD10,3133-AD19,3133-AD22,3133-AD27,3133-AD40,3133-AD48,3133-AD65,3133-AE02,3133-AE32,3133-AE34,3133-AE82,3133-AE87",{7},1,{7},1.0
3523,federal crop insurance,"0563-AB59,0563-AB60",{9},1,{9},1.0
3524,federal department,1117-AA47,{1},1,,0.0
3525,federal deposit,"1545-AV96,1545-AW40,1545-AW41",{7},1,{7},1.0
3526,federal district court order,0938-AN94,{1},1,{1},1.0
3527,federal drinking water regulation,2040-AD00,{5},1,{5},1.0
3528,federal duck stamp,"1018-AD71,1018-AE07",{5},1,{5},1.0
3529,federal election,2120-AI12,{3},1,,0.0
3530,federal emergency management agency,"1660-AA46,1660-AA54",{2},1,{2},1.0
3531,federal employee,"0693-AB54,0693-AB56,1105-AA62,1215-AB66,1240-AA00,1840-AC23,1992-AA48,3090-AH86,3206-AF78,3206-AG38,3206-AH26,3206-AH33,3206-AH72,3206-AI39,3206-AJ32,3206-AJ88,3206-AL23,3206-AM44,3206-AM80,3206-AM87","{4, 6, 8, 10, 12}",5,"{4, 6, 8, 10, 12}",5.0
3532,federal energy regulatory commission,1902-AE29,{6},1,{6},1.0
3533,federal enforcement,"0938-AJ48,0938-AN35",{1},1,{1},1.0
3534,federal excise tax,1513-AB71,{1},1,{1},1.0
3535,federal executive board,3206-AJ68,,0,,0.0
3536,federal facility,"2060-AI88,2060-AI97,3090-AF94",{5},1,{5},1.0
3537,federal family education loan,"1840-AC16,1840-AC20,1840-AC21,1840-AC44,1840-AC61,1840-AC62,1840-AC94,1840-AC95,1845-AA00,1845-AA06,1845-AA11,1845-AA12,1845-AA16,1845-AA17",{10},1,{10},1.0
3538,federal financial assistance,"0412-AA45,0503-AA57,0503-AA60,0690-AA28,0690-AA30,0790-AG77,0790-AG83,0790-AJ04,1190-AA30,1190-AA49,1291-AA21,1291-AA28,1400-AB17,1505-AA83,1505-AC45,1505-AC51,1505-AC54,1510-AA71,1545-AN71,1545-BJ08,1545-BJ09,1601-AA04,1601-AA05,1660-AA12,1870-AA11,1870-AA14,1901-AA87,2020-AA36,2105-AC95,2105-AD05,2105-AE44,2501-AD14,2700-AC41,2700-AC42,2900-AJ11,3045-AA27,3046-AA51,3046-AA93,3067-AC18,3067-AD04,3067-AD09,3067-AD14,3090-AG58,3090-AH33,3090-AH47,3090-AH49,3090-AK12,3090-AK12,3095-AA89,3095-AB21,3095-AB36,3135-AA17,3136-AA24,3136-AA34,3137-AA13,3145-AA37,3145-AA38,3150-AG43,3150-AG65,3150-AG68,3245-AE59","{2, 3, 4, 5, 6, 7, 8, 9, 10, 13, 14}",11,"{2, 3, 4, 5, 6, 7, 8, 9, 10, 13, 14}",11.0
3539,federal financial report,"0412-AA65,1660-AA65,2501-AD50","{2, 13, 14}",3,"{2, 13, 14}",3.0
3540,federal fiscal year,"0938-AH03,0938-AH09,0938-AH30,0938-AH41,0938-AH44,0938-AH93,0938-AI39,0938-AJ28,0938-AJ72,0938-AK91,0938-AP23,0938-AP38,0938-AQ42,0938-AT25",{1},1,{1},1.0
3541,federal fishery,"0648-AH61,0648-AJ00",{5},1,{5},1.0
3542,federal flood risk management standard,"2501-AD62,3245-AG77","{8, 13}",2,"{8, 13}",2.0
3543,federal food,"0910-AG38,0910-AH29,0910-AH34,0910-AH81,1117-AA32",{1},1,{1},1.0
3544,federal functional regulator,"1506-AB28,3038-AB68",{7},1,{7},1.0
3545,federal fund,0584-AE20,{1},1,,0.0
3546,federal funding,0938-AQ53,{1},1,,0.0
3547,federal government,"0648-AS06,0660-AA05,1010-AD36,1012-AA03,1400-AD83,1510-AA75,1510-AB10,2700-AC09,2700-AD96,2700-AE53,3046-AA94,3235-AJ49","{4, 5, 7, 8, 10, 11, 14}",7,"{4, 5, 7, 8, 10, 11, 14}",7.0
3548,federal grading,0581-AB66,{9},1,{9},1.0
3549,federal grant,"0991-AB51,0991-AB52,1545-AU92,1545-AU93","{1, 7}",2,"{1, 7}",2.0
3550,federal highway administration,2502-AG54,{13},1,{3},1.0
3551,federal home loan bank,"2590-AA21,2590-AA35,2590-AA37,2590-AA39,2590-AA40,3064-AC00,3069-AA41,3069-AA92,3069-AB01,3069-AB06,3069-AB24,3069-AB28,3133-AC44",{7},1,{7},1.0
3552,federal home loan mortgage corporation,"2501-AD09,2502-AH96",{13},1,{13},1.0
3553,federal housing administration,"2502-AI56,2502-AI58,2502-AI74,2502-AI79,2502-AI81,2502-AI92,2502-AI96,2502-AI99,2502-AJ00,2502-AJ01,2502-AJ02,2502-AJ04,2502-AJ05,2502-AJ09,2502-AJ12,2502-AJ13,2502-AJ14,2502-AJ16,2502-AJ17,2502-AJ18,2502-AJ20,2502-AJ23,2502-AJ25,2502-AJ26,2502-AJ27,2502-AJ29,2502-AJ44,2502-AJ45,2502-AJ46,2502-AJ47",{13},1,{13},1.0
3554,federal housing authority,2502-AJ41,{13},1,{13},1.0
3555,federal housing enterprise oversight,2550-AA11,{13},1,{13},1.0
3556,federal housing finance agency,2590-AA02,{7},1,{7},1.0
3557,federal implementation,"2060-AM93,2060-AP50,2060-AR22,2060-AR35",{5},1,{5},1.0
3558,federal income tax purpose,1024-AD65,{5},1,{5},1.0
3559,federal income tax rate,1902-AF50,{6},1,{6},1.0
3560,federal income tax refund,"0584-AB89,0960-AE67","{1, 13}",2,"{1, 13}",2.0
3561,federal information resource,"0348-AA76,0348-AB36,0348-AB55,1991-AA81",{6},1,{6},1.0
3562,federal insecticide,"2070-AC58,2070-AJ32",{5},1,{5},1.0
3563,federal inspector,1990-AA25,{6},1,,0.0
3564,federal insurance contribution act,"1545-BA26,1545-BE32,1545-BE60",{7},1,{7},1.0
3565,federal jurisdiction,0563-AB21,{9},1,,0.0
3566,federal labor law,"1215-AB70,1245-AA00",{4},1,{4},1.0
3567,federal land policy and management act,"1004-AB77,1004-AD88",{5},1,{5},1.0
3568,federal lands,"1018-AF74,1018-AG03,1018-AG55,9000-AN85",{5},1,{5},1.0
3569,federal law,"0991-AB48,0991-AB49",{1},1,,0.0
3570,federal leadership,1991-AB95,{6},1,{6},1.0
3571,federal lease,"1010-AC02,1010-AC29,1012-AA02",{5},1,{5},1.0
3572,federal list,"0648-BB41,0648-BD67,1018-AD91,1018-AU22,1018-AU64,1018-AV29,1018-AW26,1018-AY80,1018-BA28,1018-BA45,1018-BC04",{5},1,{5},1.0
3573,federal management regulation,"3090-AG33,3090-AG83,3090-AH10,3090-AH13,3090-AH21,3090-AH31,3090-AH41,3090-AH68,3090-AH74,3090-AH80,3090-AH92,3090-AH93,3090-AH95,3090-AI01,3090-AI02,3090-AI04,3090-AI08,3090-AI09,3090-AI11,3090-AI14,3090-AI15,3090-AI16,3090-AI17,3090-AI25,3090-AI26,3090-AI27,3090-AI28,3090-AI30,3090-AI33,3090-AI38,3090-AI41,3090-AI42,3090-AI44,3090-AI45,3090-AI78,3090-AI79,3090-AI80,3090-AI87,3090-AI91,3090-AI92,3090-AJ03,3090-AJ04,3090-AJ05,3090-AJ12,3090-AJ14,3090-AJ20,3090-AJ25,3090-AJ26,3090-AJ29,3090-AJ30,3090-AJ33,3090-AJ34,3090-AJ35,3090-AJ38,3090-AJ39,3090-AJ42,3090-AJ45,3090-AJ49,3090-AJ58,3090-AJ59,3090-AJ60,3090-AJ61,3090-AJ71,3090-AJ72,3090-AJ73,3090-AJ76,3090-AJ77,3090-AJ81,3090-AJ93,3090-AJ95,3090-AJ97,3090-AJ98,3090-AK10,3090-AK11",,0,,0.0
3574,federal measure,0579-AB86,{1},1,{1},1.0
3575,federal medicaid reimbursement,0938-AT15,{1},1,{1},1.0
3576,federal milk marketing order,0581-AC85,{9},1,{9},1.0
3577,federal motor carrier safety administration,2126-AA48,{3},1,{3},1.0
3578,federal motor carrier safety regulation,"2125-AC28,2125-AC78,2125-AD49,2125-AD55,2125-AD71,2125-AD72,2125-AD83,2125-AE09,2125-AE13,2125-AE22,2125-AE42,2125-AE48,2125-AE60,2125-AE61,2126-AA02,2126-AA14,2126-AA29,2126-AA39,2126-AA41,2126-AA44,2126-AA45,2126-AA51,2126-AA53,2126-AA62,2126-AB13,2126-AB64,2126-AB76,2126-AB79,2126-AB83,2126-AB95,2126-AC06,2126-AC09",{3},1,{3},1.0
3579,federal motor vehicle safety standard,"2126-AA69,2126-AB67,2127-AG07,2127-AG14,2127-AH51,2127-AH67,2127-AI18,2127-AI81,2127-AI83,2127-AI91,2127-AJ30,2127-AK32,2127-AL07,2127-AL43,2127-AL55,2127-AL87,2127-AL95,2127-AL96,2127-AL98",{3},1,{3},1.0
3580,federal mutual association,1550-AB06,{7},1,{7},1.0
3581,federal national mortgage association,"2501-AD09,2502-AH96",{13},1,{13},1.0
3582,federal nondiscrimination regulation,2020-AA43,{5},1,{5},1.0
3583,federal oil valuation,1010-AD04,{5},1,{5},1.0
3584,federal operation,0750-AD24,{2},1,{2},1.0
3585,federal participation,"0348-AB37,0348-AB53,0710-AA94",{5},1,{5},1.0
3586,federal payment,"0575-AB55,1510-AA65,1510-AA66,1510-AB05,1530-AA06","{9, 7}",2,"{9, 7}",2.0
3587,federal pell grant,1840-AC96,{10},1,{10},1.0
3588,federal permitting,1010-AD96,{5},1,{5},1.0
3589,federal plan,"2060-AI25,2060-AI25,2060-AN98",{5},1,{5},1.0
3590,federal policy,"0412-AA53,0605-AA17,0790-AH79,0925-AA21,0937-AA02,0937-AA06,0937-AA06,0940-AA03,0940-AA10,1105-AB55,1121-AA70,1890-AA12,1901-AB14,2080-AA11,2528-AA10,2700-AC99,2900-AL99,3206-AL24","{1, 2, 5, 6, 8, 10, 12, 13, 14}",9,"{1, 2, 5, 6, 8, 10, 12, 13, 14}",9.0
3591,federal power act,"0648-AG53,0648-AO70,1018-AH42,1902-AB32,1902-AB54,1902-AB59,1902-AB70,1902-AC30,1902-AD86,1902-AD88,1902-AD88,1902-AD96,1902-AE33,1902-AE70,1902-AF38,1902-AF38,3038-AD94","{5, 6, 7}",3,"{5, 6, 7}",3.0
3592,federal preemption,1550-AA92,{7},1,{7},1.0
3593,federal prison industry,"0750-AD29,0750-AD95,0750-AE57,0750-AG03,1120-AA50,1120-AA57,1120-AA84,9000-AJ91","{2, 12}",2,"{2, 12}",2.0
3594,federal procurement,"0503-AA29,0503-AA30,0503-AA31,0503-AA32,0503-AA33,0503-AA34,0503-AA36,0503-AA39,0599-AA14,0599-AA15,0599-AA16,0599-AA23,0599-AA24,0599-AA25,0599-AA26,0599-AA27,0720-AB22,0720-AB45,1904-AB68,2050-AD41,9000-AH59,9000-AI10","{9, 5, 1, 6}",4,"{9, 5, 1, 6}",4.0
3595,federal property,"0790-AH80,0991-AC14,2506-AC49","{1, 2, 13}",3,"{1, 2, 13}",3.0
3596,federal railroad administration,2130-AB99,{3},1,{3},1.0
3597,federal railroad safety act,1218-AC36,{4},1,{4},1.0
3598,federal recognition,1076-AF51,,0,,0.0
3599,federal records,"3095-AA61,3095-AA65,3095-AA86,3095-AB42",{10},1,{10},1.0
3600,federal register,"1651-AA52,2070-AK06,3095-AC00","{2, 10, 5}",3,"{2, 10, 5}",3.0
3601,federal regulation,"0348-AB58,0648-AR33,0970-AB96,1010-AD70,1012-AA06,1012-AA07,1014-AA08,1117-AA74,1117-AB26,1125-AA42,1400-AC76,1512-AB87,1513-AA71,1615-AB66,1904-AB53,1992-AA58,2130-AB79,2130-AC63,2140-AB40,3206-AL40","{1, 2, 3, 5, 6, 14}",6,"{1, 2, 3, 5, 6, 14}",6.0
3602,federal republic,"0694-AB11,0694-AB69,0694-AC57,2120-AF94,3038-AC81","{8, 3, 7}",3,"{8, 3, 7}",3.0
3603,federal requirement,"1625-AA31,2040-AE98,2060-AS19,2115-AG18","{2, 5}",2,"{2, 5}",2.0
3604,federal reserve,1505-AC42,{7},1,{7},1.0
3605,federal retirement thrift investment board,1210-AA79,{4},1,{4},1.0
3606,federal rule,"0938-AH75,0938-AH75,0938-AN61,0938-AN61",{1},1,,0.0
3607,federal safety,"2127-AG13,2127-AL63",{3},1,,0.0
3608,federal salary,0584-AB89,{1},1,{1},1.0
3609,federal sanction,0584-AD04,{1},1,{1},1.0
3610,federal saving association,"1550-AB09,1557-AD78,1557-AE55",{7},1,{7},1.0
3611,federal share,"1505-AB10,1660-AA59","{2, 7}",2,"{2, 7}",2.0
3612,federal spectrum,0660-AA14,{11},1,{11},1.0
3613,federal speculative limit,3038-AC24,{7},1,{7},1.0
3614,federal speculative position limit,"3038-AB32,3038-AC36,3038-AC69",{7},1,{7},1.0
3615,federal state agreement,"0584-AE51,0584-AE56",{1},1,{1},1.0
3616,federal statute,"1076-AD46,1076-AE94",,0,,0.0
3617,federal student aid program,"1840-AC86,1840-AC87,1845-AA23",{10},1,{10},1.0
3618,federal tax lien,"1545-AV00,1545-BJ20",{7},1,{7},1.0
3619,federal tax return,"1545-BF21,1545-BF22",{7},1,{7},1.0
3620,federal taxis,"1510-AA37,1510-AA54,1510-AA76,1510-AA79,1510-AA83,1510-AA96,1510-AB01,1510-AB11",{7},1,{7},1.0
3621,federal timber export,0596-AB22,{5},1,{5},1.0
3622,federal tort,2900-AJ31,{13},1,{13},1.0
3623,federal travel regulation,"3090-AE19,3090-AF73,3090-AF78,3090-AF79,3090-AG11,3090-AH40,3090-AH44,3090-AH51,3090-AH52,3090-AH54,3090-AH55,3090-AH56,3090-AH57,3090-AH61,3090-AH62,3090-AH64,3090-AH65,3090-AH66,3090-AH72,3090-AH73,3090-AH75,3090-AH77,3090-AH78,3090-AH81,3090-AH83,3090-AH87,3090-AH89,3090-AH90,3090-AH91,3090-AH94,3090-AI03,3090-AI05,3090-AI10,3090-AI13,3090-AI18,3090-AI19,3090-AI20,3090-AI21,3090-AI22,3090-AI23,3090-AI31,3090-AI34,3090-AI35,3090-AI36,3090-AI37,3090-AI39,3090-AI40,3090-AI43,3090-AI46,3090-AI84,3090-AI88,3090-AI89,3090-AI94,3090-AI95,3090-AJ01,3090-AJ02,3090-AJ06,3090-AJ07,3090-AJ08,3090-AJ09,3090-AJ11,3090-AJ21,3090-AJ23,3090-AJ27,3090-AJ37,3090-AJ40,3090-AJ44,3090-AJ48,3090-AJ54,3090-AJ56,3090-AJ62,3090-AJ68,3090-AJ69,3090-AJ89,3090-AJ99,3090-AK00,3090-AK06",,0,,0.0
3624,federal trio program,"1840-AC29,1840-AD01",{10},1,{10},1.0
3625,federal water,"0648-AI00,0648-AJ89,0648-AL00,0648-AM73,0648-AY87,0648-AY90,0648-BD00,0648-BJ01",{5},1,{5},1.0
3626,federally assist program,"0412-AA46,1090-AA77,1105-AB50,1121-AA58,1190-AA28,1190-AA31,1190-AA32,1190-AA52,1190-AA70,1291-AA32,1400-AB34,1400-AE69,1901-AA86,2105-AB62,2105-AC96,2125-AE34,2125-AE97,2125-AF79,2501-AB82,3045-AA26,3069-AA39,3090-AE32,3090-AH34,3095-AB09,3133-AC59,3135-AA10,3135-AA15,3136-AA11,3136-AA33,3245-AB36,3316-AA20,3316-AA21","{3, 4, 5, 6, 7, 8, 10, 12, 13, 14}",10,"{3, 4, 5, 6, 7, 8, 10, 12, 13, 14}",10.0
3627,federally fund research and development center,"0750-AA38,0750-AB99",{2},1,{2},1.0
3628,federally insure credit union,"3133-AB65,3133-AB70,3133-AB96,3133-AB98,3133-AC06,3133-AC35,3133-AC82,3133-AD28,3133-AD85",{7},1,{7},1.0
3629,federally own building,"3090-AI80,3090-AI86",,0,,0.0
3630,federally qualified health center,"0938-AJ17,0938-AR62,0991-AB06,0991-AB38",{1},1,{1},1.0
3631,federally recognize indian tribe,1117-AA97,{1},1,{1},1.0
3632,federally recognize native american tribe,0651-AB30,{8},1,{8},1.0
3633,federally related transaction,3133-AB20,{7},1,{7},1.0
3634,fee account,"1115-AE75,1115-AF10,1115-AF52,1115-AF61",{2},1,{2},1.0
3635,fee adjustment,1004-AD75,{5},1,{5},1.0
3636,fee increase,"0581-AB40,0581-AB43,0581-AB50,0581-AB54,0581-AB63,0581-AB86,0581-AB87,0581-AC42,0581-AC55,0581-AC56,0583-AC13,0583-AC54,0583-AC67","{9, 1}",2,"{9, 1}",2.0
3637,fee payment,0960-AG90,{13},1,{13},1.0
3638,fee policy,"1991-AB21,1991-AB32",{6},1,{6},1.0
3639,fee provision,2120-AE68,{3},1,{3},1.0
3640,fee rate,0581-AD36,{9},1,{9},1.0
3641,fee schedule,"0518-AA04,0560-AF55,0596-AB51,0596-AB60,0938-AD84,0938-AJ00,0938-AK30,0938-AK66,0938-AL97,0938-AM44,0938-AN99,0938-AO11,0938-AO39,0938-AO85,1902-AD51,1902-AF01,3150-AF07,3150-AF39,3150-AF55,3150-AF83,3150-AG08,3150-AG50,3150-AG73,3150-AG95,3150-AH14,3150-AH37,3150-AH61,3150-AH83,3150-AI00,3150-AI28,3150-AI52,3150-AI70,3150-AI93,3150-AJ03,3150-AJ19,3150-AJ32,3150-AJ44,3150-AJ66,3150-AJ73,3150-AJ95,3150-AJ99,3150-AK10,3150-AK24,3235-AL58","{1, 5, 6, 8, 9}",5,"{1, 5, 6, 8, 9}",5.0
3642,fee structure,"0607-AA27,1205-AB24","{8, 4}",2,"{8, 4}",2.0
3643,fee system,"0648-AS38,0648-AS46",{5},1,{5},1.0
3644,feed grain,"0560-AC74,0560-AD72,0560-AD86,0560-AE29,0560-AF25,0560-AF79",{9},1,{9},1.0
3645,feed weigh,0580-AB04,{1},1,{1},1.0
3646,felony conviction,9000-AN05,,0,,0.0
3647,fema 's public assistance program,1660-AA84,{2},1,{2},1.0
3648,fema 's regulation,1660-AA91,{2},1,{2},1.0
3649,ferry flight,2120-AK22,{3},1,{3},1.0
3650,few than four unit,2502-AI57,{13},1,{13},1.0
3651,fha insurance,2502-AI45,{13},1,{13},1.0
3652,fha insure mortgage,"2502-AH95,2502-AJ43",{13},1,{13},1.0
3653,fha lender,2501-AC95,{13},1,{13},1.0
3654,fha mortgage,2502-AJ41,{13},1,{13},1.0
3655,fha multifamily mortgage,2502-AF27,{13},1,{13},1.0
3656,fhl bank,2590-AA24,{7},1,{7},1.0
3657,fidelity bond,3133-AD98,{7},1,{7},1.0
3658,fiduciary activity,"1557-AB12,1557-AB63,1557-AB79,2900-AH93,2900-AI14,2900-AL10,2900-AM90,2900-AO53","{13, 7}",2,"{13, 7}",2.0
3659,fiduciary capacity,"1557-AE46,2900-AB75","{13, 7}",2,"{13, 7}",2.0
3660,fiduciary duty,3133-AD40,{7},1,{7},1.0
3661,fiduciary requirement,1210-AB68,{4},1,{4},1.0
3662,fiduciary responsibility,"1210-AA79,1210-AB29,1215-AB52",{4},1,{4},1.0
3663,fiduciary service,"2900-AO48,2900-AO64",{13},1,{13},1.0
3664,fiduciary standard,1505-AB06,{7},1,{7},1.0
3665,field hearing,2900-AI11,{13},1,{13},1.0
3666,field officer,1115-AB63,{2},1,{2},1.0
3667,field strength,3060-AH16,{11},1,{11},1.0
3668,file date,"0960-AG58,3067-AC99,3235-AI47","{8, 2, 13}",3,"{8, 2, 13}",3.0
3669,file evidence,2900-AI19,{13},1,{13},1.0
3670,file exception,1545-BN54,{7},1,{7},1.0
3671,file form,"1545-AU66,1545-AY57,1545-AY58,1545-BM08,3072-AC32","{3, 7}",2,"{3, 7}",2.0
3672,file h-1b petition,"1615-AB71,1615-AC36",{2},1,{2},1.0
3673,file maintenance,1010-AC64,{5},1,{5},1.0
3674,file medicare claim,0938-AK79,{1},1,{1},1.0
3675,file notice,2120-AK77,{3},1,{3},1.0
3676,file notification,"1545-BL14,1545-BL15",{7},1,{7},1.0
3677,file report,2127-AI73,{3},1,,0.0
3678,filing application,"0651-AB83,1902-AD16","{8, 6}",2,"{8, 6}",2.0
3679,filing claim,"1512-AC64,1513-AA31,3206-AF18,3206-AG30",{1},1,{1},1.0
3680,filing date,3038-AE49,{7},1,{7},1.0
3681,filing deadline,3206-AN21,,0,,0.0
3682,filing fee,"1615-AB31,1902-AC20,1902-AC56,1902-AD18,1902-AD35,1902-AD57,1902-AD85,1902-AD90,1902-AE27,1902-AE47,1902-AE63,1902-AE83,1902-AE97,1902-AF17,1902-AF35,1902-AF47,1902-AF63","{2, 6}",2,"{2, 6}",2.0
3683,filing location,1615-AB56,{2},1,{2},1.0
3684,filing period,2105-AC73,{3},1,{3},1.0
3685,filing procedure,"1205-AB39,1880-AA90,3064-AC22,3064-AC51,3064-AC55,3064-AC78","{10, 4, 7}",3,"{10, 4, 7}",3.0
3686,filing process,1902-AF58,{6},1,{6},1.0
3687,filing requirement,"0607-AA55,0607-AA56,1115-AD81,1210-AA66,1506-AB10,1545-BH97,3060-AH69,3064-AE24","{2, 4, 7, 8, 11}",5,"{2, 4, 7, 8, 11}",5.0
3688,filing return,"1545-BB29,1545-BH88",{7},1,{7},1.0
3689,filing rule,"1212-AA89,1212-AB02",{13},1,{13},1.0
3690,filing statement,2133-AB91,{3},1,{3},1.0
3691,filing tariff,0580-AB21,{1},1,{1},1.0
3692,fill material,"0710-AA48,0710-AA48,2040-AD51",{5},1,{5},1.0
3693,film importer,1515-AC20,{2},1,{2},1.0
3694,final action,3041-AC13,{1},1,{1},1.0
3695,final allotment,"0938-AJ77,0938-AJ94,0938-AP07,0938-AR79",{1},1,{1},1.0
3696,final amendment,"2060-AI78,2060-AR61,3045-AA12,3137-AA07","{13, 10, 5}",3,"{13, 10, 5}",3.0
3697,final contract,0596-AC26,{5},1,{5},1.0
3698,final definition,0648-AJ84,{5},1,{5},1.0
3699,final designation,1018-AG71,{5},1,{5},1.0
3700,final determination,"1515-AE24,1904-AE14,2050-AD69,2060-AT77","{8, 5, 6}",3,"{8, 5, 6}",3.0
3701,final directive,"0596-AB83,0596-AB86,0596-AC02,0596-AC13,0596-AC44,0596-AC57",{5},1,{5},1.0
3702,final extension,2060-AN90,{5},1,{5},1.0
3703,final guideline,2080-AA05,{5},1,{5},1.0
3704,final hearing,0651-AB03,{8},1,{8},1.0
3705,final identification,2060-AN27,{5},1,{5},1.0
3706,final notice,"1010-AC18,1110-AA10","{12, 5}",2,"{12, 5}",2.0
3707,final order,"1115-AD71,1115-AG29,1615-AC40,1653-AA13,1653-AA53,1653-AA60,3038-AD97","{2, 7}",2,"{2, 7}",2.0
3708,final payment,3090-AJ13,,0,,0.0
3709,final policy,0648-AJ54,{5},1,{5},1.0
3710,final regulation,"0910-AA10,0940-AA12,1545-AU43,1545-AX44,1545-AY06,1545-BP32,1601-AA40,1820-AB58,2060-AQ87","{1, 2, 5, 7, 10}",5,"{1, 2, 5, 7, 10}",5.0
3711,final response,2060-AR42,{5},1,{5},1.0
3712,final rule,"0581-AC75,0581-AD89,0648-AD11,0648-AG37,0648-AH30,0648-AH97,0648-AI79,0648-AI89,0648-AJ07,0648-AJ43,0648-AJ78,0648-AJ79,0648-AJ80,0648-AJ81,0648-AJ96,0648-AJ97,0648-AK35,0648-AK77,0648-AL17,0648-AL34,0648-AL37,0648-AN51,0648-AQ59,0648-BB20,0648-BB41,0648-BC11,0648-BC36,0648-BD14,0648-BE39,0648-BF40,0648-BF63,0648-BG86,0648-BG89,0648-BJ11,0660-AA27,0906-AA53,0906-AA59,0910-AB51,0910-AF71,0910-AI40,0937-AA02,0938-AL19,0938-AS56,0960-AE72,0960-AE86,0960-AF01,1018-AC51,1018-AF42,1018-AX81,1121-AA76,1210-AB72,1218-AA05,1218-AC05,1506-AA88,1513-AA71,1545-BL07,1550-AC45,1840-AC84,2009-AA03,2050-AE45,2050-AE56,2050-AG47,2060-AE70,2060-AH61,2060-AH62,2060-AH71,2060-AH96,2060-AI00,2060-AI46,2060-AI61,2060-AI88,2060-AI97,2060-AJ03,2060-AJ44,2060-AN05,2060-AO00,2060-AP75,2060-AR15,2060-AT46,2105-AE82,2120-AI20,2120-AK47,2125-AE13,2126-AB45,2126-AB60,2126-AB94,2127-AJ81,2127-AK14,2127-AK35,2127-AL84,2501-AD61,3041-AC62,3155-AA00,3235-AK64,7100-AE34","{1, 3, 4, 5, 6, 7, 8, 9, 10, 11, 12, 13}",12,"{1, 3, 4, 5, 6, 7, 8, 9, 10, 11, 12, 13}",12.0
3713,final rulemaking,1400-AD65,{14},1,,0.0
3714,final specification,0648-AL74,{5},1,{5},1.0
3715,finance board,3069-AB15,{7},1,{7},1.0
3716,finance company,"1506-AA40,1506-AA53,1506-AA73",{7},1,{7},1.0
3717,finance officer,3069-AA62,{7},1,{7},1.0
3718,financial accounting standard no,3235-AJ39,{8},1,{8},1.0
3719,financial activity,"1505-AA80,7100-AD64",{7},1,{7},1.0
3720,financial agent,"1510-AA42,1510-AA59,1510-AA75,1510-AB10,3133-AE15",{7},1,{7},1.0
3721,financial and other information,"2550-AA25,3064-AB98,3064-AE65","{13, 7}",2,"{13, 7}",2.0
3722,financial asset,"3064-AC28,3064-AC34,3064-AD53,3064-AD55,3064-AE32,3064-AE38,7100-AC21",{7},1,{7},1.0
3723,financial assistance,"0412-AA47,0605-AA28,0605-AA43,0610-AA55,0693-AB64,0790-AH95,0790-AI93,0960-AE63,1004-AD23,1018-AW64,1018-AW65,1018-AY57,1018-AZ72,1018-BA33,1018-BC68,1018-BE40,1076-AF29,1093-AA12,1212-AA74,1890-AA07,2105-AD07,2140-AB27,2700-AE15,2900-AO31,3045-AA28,3095-AB83,3136-AA30,3137-AA19","{2, 3, 5, 8, 10, 13, 14}",7,"{2, 3, 5, 8, 10, 13, 14}",7.0
3724,financial assurance,"1010-AE00,1029-AC05,1082-AA02",{5},1,{5},1.0
3725,financial company,3064-AD15,{7},1,{7},1.0
3726,financial crime enforcement,1506-AA61,{7},1,{7},1.0
3727,financial data,0750-AG36,{2},1,{2},1.0
3728,financial derivative transaction,3133-AD90,{7},1,{7},1.0
3729,financial disclosure,"0648-AG16,0648-BH73,0910-AA30,0910-AB77,0910-AF79,3069-AA72,3235-AL77,3235-AM12","{8, 1, 5, 7}",4,"{8, 1, 5, 7}",4.0
3730,financial disincentive,0906-AB23,{1},1,{1},1.0
3731,financial education program,3064-AD28,{7},1,{7},1.0
3732,financial holding company,"7100-AE10,7100-AE58",{7},1,{7},1.0
3733,financial information,"0960-AH89,3235-AI41","{8, 13}",2,"{8, 13}",2.0
3734,financial institution,"0702-AA49,0702-AA82,0702-AA99,0790-AG73,0790-AH84,0790-AH85,0790-AI46,0790-AI47,0790-AK02,0960-AF43,1505-AA74,1506-AA05,1506-AA28,1506-AA52,1506-AA64,1506-AA67,1506-AA72,1506-AA88,1506-AA93,1506-AB11,1506-AB15,1506-AB19,1506-AB21,1506-AB22,1506-AB23,1506-AB25,1506-AB27,1506-AB30,1506-AB39,1510-AA30,1510-AA59,1545-AI24,1550-AB94,1557-AC87,7100-AD91,7100-AF48","{2, 13, 7}",3,"{2, 13, 7}",3.0
3735,financial instrument,"1545-BA12,1902-AC14","{6, 7}",2,"{6, 7}",2.0
3736,financial interest,3069-AB34,{7},1,{7},1.0
3737,financial management,3067-AC74,{2},1,{7},1.0
3738,financial market utility,"4030-AA01,7100-AD71,7100-AD94,7100-AE09",{7},1,{7},1.0
3739,financial privacy,"1601-AA09,1601-AA24",{2},1,{2},1.0
3740,financial product,"2502-AI89,3170-AA46","{13, 7}",2,"{13, 7}",2.0
3741,financial records,"3170-AA78,7100-AC03,7100-AC10,7100-AD91",{7},1,{7},1.0
3742,financial relationship,"0938-AG80,0938-AK67,0938-AL29,0938-AM21,0938-AM58,0938-AM95,0938-AM99,0938-AN69",{1},1,{1},1.0
3743,financial report,"3038-AB18,3038-AC86",{7},1,{7},1.0
3744,financial reporting,"0412-AA65,1018-AY57,1902-AC34,2503-AA12,2503-AA19,2700-AC77,3235-AJ58,3235-AJ64,3235-AJ71,3235-AJ99,3235-AK48","{5, 6, 7, 8, 10, 14}",6,"{5, 6, 7, 8, 10, 14}",6.0
3745,financial requirement,"0970-AB75,3090-AI79",{1},1,{1},1.0
3746,financial resource,3038-AD92,{7},1,{7},1.0
3747,financial responsibility,"1625-AA98,1625-AC39,1840-AC36,2115-AD76,2125-AE07,2125-AE14,2126-AA30,2126-AB05,2126-AB74,3072-AC33","{3, 2, 10}",3,"{3, 2, 10}",3.0
3748,financial sanction,3206-AJ42,,0,,0.0
3749,financial screening,0938-AG84,{1},1,{1},1.0
3750,financial service,1550-AB50,{7},1,{7},1.0
3751,financial solvency,1010-AC28,{5},1,{5},1.0
3752,financial statement,"3069-AA81,3235-AH52,3235-AJ90,3235-AJ93","{8, 7}",2,"{8, 7}",2.0
3753,financial subsidiary,"1505-AA80,1505-AA81,1557-AB80,1557-AC02",{7},1,{7},1.0
3754,financial test,2050-AD04,{5},1,{5},1.0
3755,financially relate service,3052-AB43,{7},1,{7},1.0
3756,financing activity,2577-AC49,{13},1,{13},1.0
3757,financing policy,9000-AI92,,0,,0.0
3758,fincen regulation,1506-AB32,{7},1,{7},1.0
3759,fine particle,2060-AS15,{5},1,{5},1.0
3760,fine particulate matter,"2060-AI48,2060-AM93,2060-AN57,2060-AP50,2060-AR22,2060-AR28,2060-AR35,2060-AS54,2060-AT16",{5},1,{5},1.0
3761,fingerprint base criminal history record check,"2110-AA08,3150-AI25","{2, 6}",2,"{2, 6}",2.0
3762,fingerprint requirement,"1115-AF80,1400-AB88,1615-AA36","{2, 14}",2,"{2, 14}",2.0
3763,finished pharmaceutical,"0910-AA45,0910-AG04,0910-AG20,0910-AG70",{1},1,{1},1.0
3764,finite supply,3038-AC93,{7},1,{7},1.0
3765,fire brigade,1218-AB64,{4},1,{4},1.0
3766,fire control,0694-AF75,{8},1,{8},1.0
3767,fire extinguisher,"1219-AB40,2060-AG19,2120-AK29","{3, 4, 5}",3,"{3, 4, 5}",3.0
3768,fire island national seashore,"1024-AC94,1024-AD46,1024-AE03",{5},1,{5},1.0
3769,fire management,1004-AC44,{5},1,{5},1.0
3770,fire protection,"1218-AB51,1219-AB59,1625-AB59,2060-AQ84,2120-AG92,2120-AH80,2120-AI21,2120-AJ04,3150-AF29,3150-AG22","{2, 3, 4, 5, 6}",5,"{2, 3, 4, 5, 6}",5.0
3771,fire safety,1218-AB51,{4},1,{4},1.0
3772,fire suppression,2060-AM24,{5},1,{5},1.0
3773,firearm background check,3150-AI49,{6},1,{6},1.0
3774,firearm prohibition,"1105-AA66,1140-AA21","{1, 12}",2,"{1, 12}",2.0
3775,firearm regulation,1513-AA80,{1},1,{1},1.0
3776,firearm silencer,1140-AA33,{1},1,{1},1.0
3777,firefighter retirement,3206-AJ39,,0,,0.0
3778,firework industry,"1140-AA01,1512-AB48",{1},1,{1},1.0
3779,firm capacity,"1902-AB63,1902-AC25",{6},1,{6},1.0
3780,firm quote,3235-AH96,{8},1,{8},1.0
3781,firm target,0750-AH15,{2},1,{2},1.0
3782,first aid,"0910-AC76,1219-AA97","{1, 4}",2,"{1, 4}",2.0
3783,first amendment activity,3212-AA12,{5},1,{5},1.0
3784,first assistant,0503-AA59,{9},1,,0.0
3785,first lieutenant,0790-AG27,{2},1,{2},1.0
3786,first merchant bank,1506-AA89,{7},1,{7},1.0
3787,first net,3060-AJ99,{11},1,{11},1.0
3788,first receiver,"0648-AV46,0648-BF39",{5},1,{5},1.0
3789,first refusal,"0750-AJ66,2502-AG93","{2, 13}",2,"{2, 13}",2.0
3790,first step act,1120-AA62,{12},1,{12},1.0
3791,first time application,3235-AI92,{8},1,{8},1.0
3792,first trimester,0648-AU84,{5},1,{5},1.0
3793,fiscal affair,"3052-AB48,3052-AB53,3052-AB58,3052-AB60,3052-AB66,3052-AB68,3052-AB73,3052-AB75,3052-AB76,3052-AB80,3052-AB91,3052-AB92,3052-AB93,3052-AB96,3052-AC05,3052-AC08,3052-AC09,3052-AC14,3052-AC19,3052-AC21,3052-AC22,3052-AC23,3052-AC25,3052-AC36,3052-AC42,3052-AC43,3052-AC49,3052-AC50,3052-AC51,3052-AC54,3052-AC55,3052-AC56,3052-AC57,3052-AC61,3052-AC69,3052-AC70,3052-AC71",{7},1,{7},1.0
3794,fiscal intermediary,0938-AN72,{1},1,{1},1.0
3795,fiscal service,1510-AB31,{7},1,{7},1.0
3796,fish aggregate device,0648-BJ23,{5},1,{5},1.0
3797,fish and fish product,0648-AY15,{5},1,{5},1.0
3798,fish and wildlife regulation,"1018-AD42,1018-AD90,1018-AE12,1018-AE69",{5},1,{5},1.0
3799,fish and wildlife service,2125-AE54,{3},1,{5},1.0
3800,fish disease,1018-AG61,{5},1,{5},1.0
3801,fish fillet,0648-AE71,{5},1,{5},1.0
3802,fish product,"0583-AD73,0583-AD74,0583-AD75,0648-AX36","{1, 5}",2,"{1, 5}",2.0
3803,fish refuge,1018-AV43,{5},1,{5},1.0
3804,fisher house,"2900-AL13,2900-AN06,2900-AN79,2900-AP45",{13},1,{13},1.0
3805,fishery closure,"0648-AT48,0648-AT51,0648-AW52,0648-BA58",{5},1,{5},1.0
3806,fishery enforcement,0648-BG11,{5},1,{5},1.0
3807,fishery management,0648-BA00,{5},1,{5},1.0
3808,fishery product,"0648-AX63,1018-AE70,1018-BE35",{5},1,{5},1.0
3809,fishery regulation,"0648-AH39,0648-AI18,0648-AI19,0648-AI20,0648-AI21",{5},1,{5},1.0
3810,fishing activity,"0648-AN45,0648-AO19,0648-AR81,0648-AU23,0648-AY90",{5},1,{5},1.0
3811,fishing area,0648-AO93,{5},1,{5},1.0
3812,fishing community,"0648-AL81,0648-AL86,0648-AP51,0648-AP55",{5},1,{5},1.0
3813,fishing effort,"0648-BD46,0648-BE84",{5},1,{5},1.0
3814,fishing facility,"0648-AY16,0648-BB11",{5},1,{5},1.0
3815,fishing gear,0648-BI61,{5},1,{5},1.0
3816,fishing limit,"0648-BG93,0648-BH77",{5},1,{5},1.0
3817,fishing operation,0648-AV37,{5},1,{5},1.0
3818,fishing participation,0648-AM18,{5},1,{5},1.0
3819,fishing quota,"0648-AM50,0648-BE23",{5},1,{5},1.0
3820,fishing regulation,"1024-AC33,1024-AC52",{5},1,{5},1.0
3821,fishing restriction,"0648-AY08,0648-BB73,0648-BC87,0648-BD44,0648-BF38,0648-BF65,0648-BF76,0648-BG22,0648-BG67,0648-BI78",{5},1,{5},1.0
3822,fishing vessel,"0648-AC73,0648-AL93,0648-AY16,0648-BB11,0648-BB40",{5},1,{5},1.0
3823,fishing year,"0648-AK77,0648-AM46,0648-AM47,0648-AM48,0648-AM49,0648-AM50,0648-AN11,0648-AN65,0648-AN66,0648-AN67,0648-AN69,0648-AN70,0648-AN71,0648-AN72,0648-AO07,0648-AO08,0648-AO09,0648-AO53,0648-AO91,0648-AP06,0648-AP07,0648-AP08,0648-AP09,0648-AP11,0648-AP37,0648-AP45,0648-AP59,0648-AQ26,0648-AQ30,0648-AQ31,0648-AQ32,0648-AQ66,0648-AQ82,0648-AR51,0648-AR52,0648-AR56,0648-AR57,0648-AR58,0648-AR59,0648-AS21,0648-AS24,0648-AS32,0648-AU13,0648-AV91,0648-AW13,0648-AW16,0648-AW17,0648-BD52,0648-BD73,0648-BF69,0648-BG06,0648-BG52,0648-BI71",{5},1,{5},1.0
3824,five fish,1018-AU01,{5},1,{5},1.0
3825,five specie,"1018-AZ97,1018-AZ98,1018-BA68",{5},1,{5},1.0
3826,five year renewal,1625-AC26,{2},1,{2},1.0
3827,five year review,"0938-AH40,1902-AC06,1902-AC88,1902-AE07,1902-AF14","{1, 6}",2,"{1, 6}",2.0
3828,fix america 's surface transportation,2502-AJ36,{13},1,{13},1.0
3829,fix asset,"3133-AB90,3133-AD53,3133-AD68,3133-AE05,3133-AE39",{7},1,{7},1.0
3830,fix interest rate,3245-AG03,{8},1,{8},1.0
3831,fix platform,1010-AD03,{5},1,{5},1.0
3832,fix price contract,"0750-AA07,0750-AJ32,2030-AA50,9000-AF66,9000-AH07","{2, 5}",2,"{2, 5}",2.0
3833,fix satellite service,"3060-AH17,3060-AH63,3060-AH93,3060-AI67",{11},1,{11},1.0
3834,fix structure,2115-AF15,{2},1,{2},1.0
3835,flame resistant conveyor belt,"1219-AA92,1219-AB59",{4},1,{4},1.0
3836,flammability standard,"3041-AB27,3041-AB35,3041-AB69,3041-AC38",{1},1,{1},1.0
3837,flammable liquid,"2137-AD36,2137-AF17",{3},1,{3},1.0
3838,flammable substance,2050-AE74,{5},1,{5},1.0
3839,flat rate,1515-AC90,{2},1,,0.0
3840,flat tailed horn lizard,"1018-AC10,1018-AI51,1018-AU58,1018-AX07",{5},1,{5},1.0
3841,flavor malt beverage,"1512-AB50,1512-AC11,1513-AA12",{1},1,{1},1.0
3842,flavor wine,1513-AB76,{1},1,{1},1.0
3843,flee felon,0584-AE01,{1},1,{1},1.0
3844,flexible spending account,3206-AJ66,,0,,0.0
3845,flexible term,1545-AX66,{7},1,{7},1.0
3846,flexible use,3060-AK76,{11},1,{11},1.0
3847,flight crew,"2120-AH55,2120-AJ83",{3},1,{3},1.0
3848,flight deck,"2120-AF54,2120-AJ17",{3},1,{3},1.0
3849,flight entertainment,2105-AE32,{3},1,{3},1.0
3850,flight free zone,"2120-AH48,2120-AI71",{3},1,{3},1.0
3851,flight guidance system,2120-AI41,{3},1,{3},1.0
3852,flight instructor,"2120-AE71,2120-AF08,2120-AG66,2120-AI86",{3},1,{3},1.0
3853,flight limitation,2120-AI40,{3},1,{3},1.0
3854,flight operation,2120-AJ78,{3},1,{3},1.0
3855,flight regime,2120-AH35,{3},1,{3},1.0
3856,flight restriction,2120-AH57,{3},1,{3},1.0
3857,flight rule,2120-AE61,{3},1,{3},1.0
3858,flight school,2900-AJ23,{13},1,{13},1.0
3859,flight training,"1105-AA80,1652-AA35,1653-AA43,1653-AA43,2120-AL09","{2, 3, 12}",3,"{2, 3, 12}",3.0
3860,float facility,1010-AD59,{5},1,{5},1.0
3861,flood control,0710-AB07,{5},1,{5},1.0
3862,flood coverage,"1660-AA25,3067-AD27",{2},1,{2},1.0
3863,flood insurance,"1550-AA86,2501-AC40,2502-AJ12,2550-AA21,2590-AA09,3052-AB57,3052-AC46,3067-AC38,3133-AD41,7100-AE00,7100-AE22","{2, 13, 7}",3,"{2, 13, 7}",3.0
3864,flood map,3067-AD18,{2},1,{2},1.0
3865,floodplain management,"1660-AA85,2501-AC33,2501-AD51,2501-AD62","{2, 13}",2,"{2, 13}",2.0
3866,florida 's east coast,0648-AD39,{5},1,{5},1.0
3867,flow meter,2070-AJ36,{5},1,{5},1.0
3868,flow water,"2040-AF11,2040-AF41",{5},1,{5},1.0
3869,fluctuate exchange rate,9000-AF83,,0,,0.0
3870,flue cure,0581-AC36,{9},1,{9},1.0
3871,fluid milk,0584-AD83,{1},1,{1},1.0
3872,fluorescent lamp ballast,"1904-AB39,1904-AB50,1904-AB77,1904-AB99,1904-AD51,1904-AD58,1904-AD67",{6},1,{6},1.0
3873,focused inspection,1219-AB30,{4},1,{4},1.0
3874,foia fee,3052-AD18,{7},1,{7},1.0
3875,folic acid,0910-AE15,{1},1,{1},1.0
3876,follow up rule,"2070-AA58,2070-AA59",{5},1,{5},1.0
3877,food additive,"0583-AC66,0910-AB94,0910-AE58,0910-AI01",{1},1,{1},1.0
3878,food allergen labeling,0583-AD22,{1},1,{1},1.0
3879,food and drink product,0910-AF51,{1},1,{1},1.0
3880,food and drug administration,"0910-AG55,0910-AG60,3041-AB92",{1},1,{1},1.0
3881,food chemistry,0583-AC48,{1},1,{1},1.0
3882,food commodity,"0412-AA27,0412-AA54,2070-AC45","{5, 14}",2,"{5, 14}",2.0
3883,food container,0581-AC52,{9},1,{9},1.0
3884,food distribution,"0584-AC83,0584-AC83",{1},1,{1},1.0
3885,food drug and cosmetic act,1515-AC45,{2},1,{1},1.0
3886,food facility,"0910-AH79,0910-AH82",{1},1,{1},1.0
3887,food flavoring,1218-AC33,{4},1,{4},1.0
3888,food ingredient,0583-AD47,{1},1,{1},1.0
3889,food lab,0910-AF64,{1},1,{1},1.0
3890,food labeling,"0583-AC47,0583-AC65,0583-AD19,0910-AB66,0910-AC50,0910-AD70,0910-AE48,0910-AE56,0910-AF07,0910-AF22,0910-AF23,0910-AF99,0910-AG06,0910-AG50,0910-AG56,0910-AG57,0910-AG82,0910-AG83,0910-AG84,0910-AH00,0910-AH13,0910-AH42,0910-AH43,0910-AH83,0910-AH92",{1},1,{1},1.0
3891,food produce animal,"0910-AC04,0910-AC13,0910-AC45,0910-AG28,0910-AG45",{1},1,{1},1.0
3892,food product,"0584-AB82,0910-AC21",{1},1,{1},1.0
3893,food regulation,0910-AE49,{1},1,{1},1.0
3894,food retailer,0584-AD23,{1},1,{1},1.0
3895,food safety audits,0910-AG66,{1},1,{1},1.0
3896,food safety inspection,0584-AD64,{1},1,{1},1.0
3897,food security act,"0560-AE38,0563-AC26",{9},1,{9},1.0
3898,food service,"0750-AI78,3245-AG88","{8, 2}",2,"{8, 2}",2.0
3899,food stamp program,"0584-AA85,0584-AA90,0584-AB38,0584-AB40,0584-AB51,0584-AB57,0584-AB58,0584-AB59,0584-AB60,0584-AB66,0584-AB75,0584-AB76,0584-AB79,0584-AB87,0584-AB88,0584-AB90,0584-AB91,0584-AC05,0584-AC16,0584-AC17,0584-AC22,0584-AC43,0584-AC45,0584-AC46,0584-AC48,0584-AC50,0584-AC57,0584-AC58,0584-AC61,0584-AC86,0584-AD06,0584-AD13,0584-AD18,0584-AD22,0584-AD23,0584-AD25,0584-AD48,0584-AD75",{1},1,{1},1.0
3900,food standard,"0583-AB51,0583-AB89,0583-AC72,0583-AC82,0910-AA67,0910-AC54,0910-AE54,0910-AE60",{1},1,{1},1.0
3901,food starch modify,0583-AB82,{1},1,{1},1.0
3902,food use,0412-AA54,{14},1,,0.0
3903,foot and mouth disease,0579-AB34,{1},1,{1},1.0
3904,force deploy,0750-AE42,{2},1,{2},1.0
3905,force regulation,3045-AA72,{13},1,,0.0
3906,foreclose property,1545-AS78,{7},1,{7},1.0
3907,foreclosure sale,2501-AC69,{13},1,{13},1.0
3908,foreign acquisition,"0702-AA38,0750-AD73,0750-AE70,0750-AH94,1090-AA55,1090-AA65,1601-AA57,9000-AH30","{2, 5}",2,"{2, 5}",2.0
3909,foreign activity,3064-AC15,{7},1,{7},1.0
3910,foreign affiliate,"0691-AA37,0691-AA57",{8},1,{8},1.0
3911,foreign agricultural service,0551-AA61,{9},1,{9},1.0
3912,foreign air carrier,"1652-AA40,2120-AE79,2120-AG13","{2, 3}",2,"{2, 3}",2.0
3913,foreign air transportation,"1515-AC99,1515-AD06,1651-AA40",{2},1,{2},1.0
3914,foreign asset control regulation,1515-AB91,{2},1,{2},1.0
3915,foreign bank,"1545-AS46,1550-AC11,1557-AD02,1557-AE02,3064-AB62,3064-AD17,3064-AE36,3064-AE42,7100-AE45",{7},1,{7},1.0
3916,foreign banking organization,"1557-AE63,3064-AE99",{7},1,{7},1.0
3917,foreign board,"3038-AB30,3038-AB75,3038-AC54,3038-AC71,3038-AD19",{7},1,{7},1.0
3918,foreign branch,3064-AE36,{7},1,{7},1.0
3919,foreign broker,3038-AB19,{7},1,{7},1.0
3920,foreign chain,1117-AB07,{1},1,{1},1.0
3921,foreign concern,9000-AL58,,0,,0.0
3922,foreign contract,"0750-AI26,2700-AC08,9000-AN81","{2, 10}",2,"{2, 10}",2.0
3923,foreign corporation,"1545-AC31,1545-AK74,1545-AL35,1545-AN20,1545-AO22,1545-AP81,1545-AQ55,1545-AT96,1545-AY41,1545-BA79,1545-BB30,1545-BD46,1545-BD76,1545-BE16,1545-BF64,1545-BF70,1545-BF71,1545-BG09,1545-BG96,1545-BI63,1545-BJ25,1545-BJ26,1545-BL87,1545-BM19",{7},1,{7},1.0
3924,foreign country,"0583-AB88,0583-AD72,0694-AE40,0750-AC12,1018-AW68,1018-BA54,1120-AA60,1120-AB65,1400-AD51,2127-AI26,2900-AK37,2900-AN07,2900-AP55","{1, 2, 3, 5, 8, 12, 13, 14}",8,"{1, 2, 3, 5, 8, 12, 13, 14}",8.0
3925,foreign criminal,0790-AI89,{2},1,{2},1.0
3926,foreign currency contract,"1545-BE82,1545-BE83",{7},1,{7},1.0
3927,foreign currency forward,3038-AC05,{7},1,{7},1.0
3928,foreign diplomat,1400-AB35,{14},1,{14},1.0
3929,foreign direct investment,"0691-AA29,0691-AA31,0691-AA32,0691-AA44,0691-AA48,0691-AA64,0691-AA65,0691-AA68,0691-AA70,0691-AA77,0691-AA80,0691-AA86",{8},1,{8},1.0
3930,foreign donation,"0551-AA38,0551-AA56,0560-AH40",{9},1,{9},1.0
3931,foreign entity,1545-BO21,{7},1,{7},1.0
3932,foreign establishment,0583-AD39,{1},1,{1},1.0
3933,foreign exchange operation,"1510-AA48,1510-AB03",{7},1,{7},1.0
3934,foreign financial account,"1506-AB08,1506-AB26",{7},1,{7},1.0
3935,foreign financial institution,"1545-BM54,1545-BM54",{7},1,{7},1.0
3936,foreign firm,0694-AE40,{8},1,{8},1.0
3937,foreign fishing vessel,0648-AJ59,{5},1,{5},1.0
3938,foreign future,3038-AB96,{7},1,{7},1.0
3939,foreign gift,"3090-AF61,3090-AG14,3090-AG45,3090-AH09,3090-AH53,3090-AI04,3090-AI28,3090-AI60,3090-AJ49",,0,,0.0
3940,foreign government,"0703-AB11,0750-AG78,1515-AB92,1545-AL93,1545-BG08","{2, 7}",2,"{2, 7}",2.0
3941,foreign grantor,1545-AU90,{7},1,{7},1.0
3942,foreign holder,"1545-BB84,1545-BD66,1545-BE81",{7},1,{7},1.0
3943,foreign indebtedness,0790-AK21,{2},1,{2},1.0
3944,foreign insurance company,"1545-AL82,1545-AN31,1545-AO25,1545-AV29,1545-BD27",{7},1,{7},1.0
3945,foreign insurer,1545-AY93,{7},1,{7},1.0
3946,foreign investment,"1545-AK79,1545-AL77",{7},1,{7},1.0
3947,foreign issuer,"3235-AH58,3235-AI08",{8},1,{8},1.0
3948,foreign language,"1840-AC27,1840-AC27",{10},1,{10},1.0
3949,foreign law,1545-AC58,{7},1,{7},1.0
3950,foreign loss,1545-AN87,{7},1,{7},1.0
3951,foreign make item,0694-AC17,{8},1,{8},1.0
3952,foreign make product,0694-AB22,{8},1,{8},1.0
3953,foreign manufacturer,2127-AJ69,{3},1,{3},1.0
3954,foreign military sale,"0750-AC77,0750-AD01,0750-AD47",{2},1,{2},1.0
3955,foreign national,0694-AB59,{8},1,{8},1.0
3956,foreign obligation,0750-AK23,{2},1,{2},1.0
3957,foreign official,1615-AB87,{2},1,{2},1.0
3958,foreign operator,2120-AG13,{3},1,{3},1.0
3959,foreign option,3038-AB96,{7},1,{7},1.0
3960,foreign ownership,0790-AI71,{2},1,{2},1.0
3961,foreign parent,"0691-AA33,0691-AA45,0691-AA45,0691-AA70",{8},1,{8},1.0
3962,foreign participation,"0750-AG51,0750-AG80,3060-AG67","{2, 11}",2,"{2, 11}",2.0
3963,foreign partners,"1545-AL32,1545-AY66",{7},1,{7},1.0
3964,foreign partnership,1545-AV70,{7},1,{7},1.0
3965,foreign patent,0692-AA16,{8},1,{8},1.0
3966,foreign person,"0691-AA28,0691-AA39,0691-AA42,0691-AA49,0691-AA53,0691-AA61,0691-AA62,0691-AA69,0691-AA73,0691-AA76,0691-AA84,0691-AA87,0691-AA88,1400-AC62,1400-AD79,1505-AB88,1505-AC61,1545-AU22,1545-AU23,1545-AX30,1545-AY13,1545-BG04,1545-BI05,1545-BN73,1545-BN74","{8, 14, 7}",3,"{8, 14, 7}",3.0
3967,foreign policy,0694-AB47,{8},1,,0.0
3968,foreign port,1515-AD11,{2},1,{2},1.0
3969,foreign quarantine,0920-AA37,{1},1,{1},1.0
3970,foreign registry,"2133-AB44,2133-AB55",{3},1,{3},1.0
3971,foreign repair,"1505-AB71,1505-AC07,1515-AC30","{2, 7}",2,"{2, 7}",2.0
3972,foreign service officer,1400-AD59,{14},1,{14},1.0
3973,foreign shell bank,"1505-AA87,1506-AA35",{7},1,{7},1.0
3974,foreign source,0750-AJ22,{2},1,{2},1.0
3975,foreign specie,"1018-AG68,1018-AI67,1018-AU55,1018-AY48",{5},1,{5},1.0
3976,foreign student,"0960-AF87,1115-AE63","{2, 13}",2,"{2, 13}",2.0
3977,foreign tax,1545-BN01,{7},1,{7},1.0
3978,foreign taxis,"1545-AN37,1545-BE09,1545-BK49,1545-BK50",{7},1,{7},1.0
3979,foreign terrorist organization,0694-AB63,{8},1,{8},1.0
3980,foreign trade,2115-AF57,{2},1,{8},1.0
3981,foreign trust,"1545-AU91,1545-AY25,1545-BI04,1545-BM79",{7},1,{7},1.0
3982,foreign worker,1205-AB77,{4},1,{4},1.0
3983,forest product,"0596-AC85,0596-AD00,1004-AB34,1004-AB97,1004-AD70,1076-AC75",{5},1,{5},1.0
3984,forest road,2040-AF43,{5},1,{5},1.0
3985,forest service,"0596-AC51,2125-AE55","{3, 5}",2,"{3, 5}",2.0
3986,forfeiture guideline,3060-AF65,{11},1,{11},1.0
3987,forfeiture procedure,"0579-AD50,1018-AC89","{1, 5}",2,"{1, 5}",2.0
3988,form adv,"3235-AI04,3235-AK11,3235-AL27",{8},1,{8},1.0
3989,form amendment,3235-AG60,{8},1,{8},1.0
3990,form bd,"3235-AI42,3235-AJ52",{8},1,{8},1.0
3991,form instruction,1615-AB93,{2},1,{2},1.0
3992,form pf,"3235-AK61,3235-AK92",{8},1,{8},1.0
3993,formal complaint,3060-AG65,{11},1,,0.0
3994,formal membership,0694-AE62,{8},1,{8},1.0
3995,formal review,0720-AA74,{1},1,{1},1.0
3996,format change,3206-AH23,,0,,0.0
3997,former citizen,1115-AE00,{2},1,{2},1.0
3998,former employee,1105-AA76,{12},1,,0.0
3999,former federal employee,3206-AJ55,,0,,0.0
4000,former member,"0790-AJ97,3038-AB85","{2, 7}",2,"{2, 7}",2.0
4001,former peace corps,3206-AI18,,0,,0.0
4002,former prisoner,"2900-AK83,2900-AL36,2900-AN16,2900-AO22",{13},1,{13},1.0
4003,former service member,"0790-AG52,0790-AH73,0790-AJ00",{2},1,{2},1.0
4004,former shareholder,"1545-BE93,1545-BE94",{7},1,{7},1.0
4005,former soviet bloc country,"1115-AF14,1615-AA17",{2},1,{2},1.0
4006,former spouse,"0720-AA07,1400-AE38","{1, 14}",2,"{1, 14}",2.0
4007,formula funding,2577-AB97,{13},1,{13},1.0
4008,formula requirement,1513-AC08,{1},1,{1},1.0
4009,fort hall indian reservation,"2012-AA00,2060-AF84",{5},1,{5},1.0
4010,fort knox,0710-AA58,{5},1,{5},1.0
4011,fort wainwright,0710-AA59,{5},1,{5},1.0
4012,forward contract,3038-AE24,{7},1,{7},1.0
4013,forward look statement,3235-AG35,{8},1,{8},1.0
4014,forward transaction,3038-AE23,{7},1,{7},1.0
4015,fossil fuel,2050-AD91,{5},1,{5},1.0
4016,foster care payment,0970-AB58,{1},1,{1},1.0
4017,foster grandparent,3045-AA56,{13},1,{13},1.0
4018,four fish,1018-AF96,{5},1,{5},1.0
4019,four plant,"1018-AD60,1018-AZ95,1018-AZ96",{5},1,{5},1.0
4020,fpa section,"1902-AD07,1902-AD40,1902-AD43",{6},1,{6},1.0
4021,fractional ownership,2120-AH06,{3},1,{3},1.0
4022,fractional part,"1545-BB35,1545-BB42",{7},1,{7},1.0
4023,fraud conviction,0960-AG10,{13},1,{13},1.0
4024,fraud investigation,0584-AE26,{1},1,{1},1.0
4025,fraud reduction,0584-AC46,{1},1,{1},1.0
4026,freddie mac,"1550-AC24,1557-AD18,2501-AC41,2501-AC60,2501-AC76,2501-AC92,2501-AD12,2502-AH96,3064-AD34,7100-AD30","{13, 7}",2,"{13, 7}",2.0
4027,free and reduced price meal,"0584-AB17,0584-AB63,0584-AC36,0584-AD20,0584-AD54",{1},1,{1},1.0
4028,free care,0938-AO07,{1},1,{1},1.0
4029,free cuba,0694-AD87,{8},1,{8},1.0
4030,free distribution,1024-AE32,{5},1,{5},1.0
4031,free meal,"0584-AB17,0584-AD60",{1},1,{1},1.0
4032,free milk,"0584-AB63,0584-AC25,0584-AC36",{1},1,{1},1.0
4033,free trade agreement,"0750-AE43,0750-AE59,0750-AF43,0750-AF49,9000-AJ87,9000-AK09,9000-AK45,9000-AK61,9000-AM24,9000-AM43",{2},1,{8},1.0
4034,free use,"0596-AC09,1004-AC92",{5},1,{5},1.0
4035,free work force,3095-AA84,{10},1,{10},1.0
4036,freight broker,0702-AA36,{2},1,{2},1.0
4037,freight forwarder,"2125-AE01,2126-AA26,2126-AA54,2126-AB74,2140-AA22",{3},1,{3},1.0
4038,freight movement,2125-AF76,{3},1,{3},1.0
4039,freight railroad,"1652-AA57,1652-AA58",{2},1,{3},1.0
4040,frequency band,"0660-AA15,3060-AI67",{11},1,{11},1.0
4041,frequency response,1902-AD69,{6},1,{6},1.0
4042,frequent traveler program,3090-AH57,,0,,0.0
4043,fresh banana,"0579-AD61,0579-AD82",{1},1,{1},1.0
4044,fresh beef product,0583-AC85,{1},1,{1},1.0
4045,fresh citrus,0579-AD94,{1},1,{1},1.0
4046,fresh fruit,"0581-AB51,0581-AB63,0581-AB68,0581-AC46",{9},1,{9},1.0
4047,fresh fuel,3150-AE43,{6},1,{6},1.0
4048,fresh pepper,"0579-AD97,0579-AE07",{1},1,{1},1.0
4049,fresh pork,0579-AD96,{1},1,{1},1.0
4050,fresh potato,0910-AD72,{1},1,{1},1.0
4051,friant dam,0648-BC68,{5},1,{5},1.0
4052,fringe benefit,"1545-AO72,1545-BF42",{7},1,{7},1.0
4053,frozen potato,0910-AD75,{1},1,{1},1.0
4054,fruit and vegetable juice,0910-AA43,{1},1,{1},1.0
4055,fruit fly,"0579-AC67,0579-AD34",{1},1,{1},1.0
4056,fsa regulation,0560-AE54,{9},1,{9},1.0
4057,fta regulation,2130-AC64,{3},1,{3},1.0
4058,fuel and fuel additive,"2060-AD71,2060-AG06,2060-AG45,2060-AH43,2060-AH57,2060-AI29,2060-AI70,2060-AI89,2060-AI98,2060-AK04,2060-AK77,2060-AM42,2060-AM88,2060-AN94,2060-AO34,2060-AO71,2060-AP17,2060-AP40,2060-AQ31,2060-AR55,2060-AR85,2060-AS21,2060-AU32",{5},1,{5},1.0
4059,fuel cell,2137-AE19,{3},1,{3},1.0
4060,fuel container,2127-AF14,{3},1,{3},1.0
4061,fuel economy,"2060-AH38,2127-AK73,2127-AL12","{3, 5}",2,"{3, 5}",2.0
4062,fuel efficiency standard,"2060-AS16,2127-AL52","{3, 5}",2,"{3, 5}",2.0
4063,fuel line,2120-AC87,{3},1,{3},1.0
4064,fuel purchase,1902-AB58,{6},1,{6},1.0
4065,fuel regulation,2060-AU34,{5},1,{5},1.0
4066,fuel spillage,2127-AC62,{3},1,{3},1.0
4067,fuel standard,2060-AQ86,{5},1,{5},1.0
4068,fuel system,2126-AA80,{3},1,{3},1.0
4069,fuel tank,2120-AK30,{3},1,{3},1.0
4070,fuel transfer,1625-AC50,{2},1,{2},1.0
4071,fuel use,1513-AB62,{1},1,{1},1.0
4072,fugitive emission,"2060-AH58,2060-AM91,2060-AP73,2060-AQ73",{5},1,{5},1.0
4073,fugitive felon,"0960-AE77,0960-AG12,0960-AG55,0960-AH46,2577-AC38,2900-AL79,2900-AN61",{13},1,{13},1.0
4074,full and open competition,1400-AE86,{14},1,{14},1.0
4075,full consideration,3206-AF36,,0,,0.0
4076,full cost,1615-AA88,{2},1,,0.0
4077,full disclosure,2900-AD35,{13},1,,0.0
4078,full insurance,2502-AG50,{13},1,{13},1.0
4079,full power,3060-AK42,{11},1,{11},1.0
4080,full time employment,"3206-AG89,3206-AH19,3206-AI22,3206-AM02",,0,,0.0
4081,full use,0584-AE20,{1},1,{1},1.0
4082,full utilization,0648-AN76,{5},1,{5},1.0
4083,functional equivalency,2127-AG62,{3},1,{3},1.0
4084,functional limitation,0960-AG71,{13},1,{13},1.0
4085,fund arrangement,3235-AM29,{8},1,{8},1.0
4086,fund investment,"3235-AI30,3235-AJ83",{8},1,{8},1.0
4087,fund transfer,"1506-AA16,1506-AA86,1506-AB20,7100-AC41,7100-AD00,7100-AD03,7100-AD84,7100-AE06,7100-AE98",{7},1,{7},1.0
4088,fundamental research,1400-AD70,{14},1,,0.0
4089,fundamental review,1557-AE62,{7},1,{7},1.0
4090,funding authority,3245-AC09,{8},1,{8},1.0
4091,funding goal,1205-AB53,{4},1,{4},1.0
4092,funding operation,"3052-AB48,3052-AB53,3052-AB58,3052-AB60,3052-AB66,3052-AB68,3052-AB73,3052-AB75,3052-AB76,3052-AB80,3052-AB91,3052-AB92,3052-AB93,3052-AB96,3052-AC05,3052-AC08,3052-AC09,3052-AC14,3052-AC21,3052-AC22,3052-AC23,3052-AC25,3052-AC42,3052-AC43,3052-AC49,3052-AC50,3052-AC54,3052-AC55,3052-AC57,3052-AC61,3052-AC69,3052-AC71",{7},1,{7},1.0
4093,funding portal,1506-AB24,{7},1,{7},1.0
4094,funding responsibility,0648-BD41,{5},1,{5},1.0
4095,fundraising activity,1076-AF14,,0,,0.0
4096,funeral honor,2900-AQ35,{13},1,{13},1.0
4097,funeral industry practice,"3084-AA82,3084-AB55",{8},1,{8},1.0
4098,furnace boiler,1904-AA45,{6},1,{6},1.0
4099,furnace fan,"1904-AE15,1904-AE64",{6},1,{6},1.0
4100,further action,"0579-AB86,2900-AN34","{1, 13}",2,"{1, 13}",2.0
4101,further amend,2130-AB57,{3},1,{3},1.0
4102,further amendment,"0910-AG60,3170-AA43,9000-AN01","{1, 7}",2,"{1, 7}",2.0
4103,further clarification,0991-AB07,{1},1,{1},1.0
4104,further consolidation,1651-AA79,{2},1,,0.0
4105,further definition,3038-AD06,{7},1,{7},1.0
4106,further delay,"0906-AB11,0906-AB18,0938-AT09,2050-AG91","{1, 5}",2,"{1, 5}",2.0
4107,further development,2900-AI50,{13},1,{13},1.0
4108,further expansion,0694-AB45,{8},1,{8},1.0
4109,further guidance,1545-BF50,{7},1,{7},1.0
4110,further implementation,"0750-AH55,0750-AH89,0750-AH93,0750-AI58",{2},1,{2},1.0
4111,further measure,3038-AD68,{7},1,{7},1.0
4112,further notice,3072-AB80,{3},1,,0.0
4113,further processing,"0910-AB06,0910-AB24",{1},1,{1},1.0
4114,further reduction,2060-AH04,{5},1,{5},1.0
4115,further regulatory review,2137-AD01,{3},1,{3},1.0
4116,further revision,"0710-AA64,2040-AD41",{5},1,{5},1.0
4117,further streamline,"2506-AB93,3060-AH79","{11, 13}",2,"{11, 13}",2.0
4118,fuse burn time,"3041-AB58,3041-AB63",{1},1,{1},1.0
4119,future account,3235-AI50,{8},1,{8},1.0
4120,future benefit accrual,"1545-BA08,1545-BG48",{7},1,{7},1.0
4121,future commission merchant,"3038-AB11,3038-AB13,3038-AB18,3038-AB19,3038-AB24,3038-AB27,3038-AB49,3038-AB51,3038-AB54,3038-AB64,3038-AB84,3038-AB90,3038-AC05,3038-AC73,3038-AD39,3038-AD88,3038-AE22,3038-AE49,3038-AE56,3235-AF97,3235-AJ72","{8, 7}",2,"{8, 7}",2.0
4122,future development,3060-AF47,{11},1,,0.0
4123,future interest,1076-AE64,,0,,0.0
4124,future medical,0938-AR43,{1},1,{1},1.0
4125,future trading,"3235-AG65,3235-AG68",{8},1,{7},1.0
4126,gag clause,3206-AI27,,0,,0.0
4127,gain recognition,"1545-BB85,1545-BN17,1545-BN18",{7},1,{7},1.0
4128,gainful employment,"1545-BB86,1840-AD06,1840-AD15,1840-AD31","{10, 7}",2,"{10, 7}",2.0
4129,gamay beaujolais,1512-AB08,{1},1,{1},1.0
4130,game classification,3141-AA12,,0,,0.0
4131,gaming license,3141-AA35,,0,,0.0
4132,gaming machine,3141-AA29,,0,,0.0
4133,gaming regulation,1076-AD84,,0,,0.0
4134,gaming system,3141-AA29,,0,,0.0
4135,gamma butyrolactone,"1117-AA52,1117-AA64,1117-AA81,1117-AA82",{1},1,{1},1.0
4136,gao access,9000-AL25,,0,,0.0
4137,garden bank,1625-AA79,{2},1,{2},1.0
4138,gas distribution system,2137-AE71,{3},1,{3},1.0
4139,gas fee,1010-AD27,{5},1,{5},1.0
4140,gas mining,1076-AD38,,0,,0.0
4141,gas pipeline,2137-AD63,{3},1,{3},1.0
4142,gas production,1010-AC02,{5},1,{5},1.0
4143,gas range,1904-AB49,{6},1,{6},1.0
4144,gas transmission pipeline,"2137-AD52,2137-AE09,2137-AE25,2137-AE72,2137-AF39",{3},1,{3},1.0
4145,gas turbine engine,"0694-AF41,0694-AG76,1400-AC98","{8, 14}",2,"{8, 14}",2.0
4146,gas valuation,1010-AC06,{5},1,{5},1.0
4147,gaseous fuel,2127-AF18,{3},1,{3},1.0
4148,gasoline distribution,"2060-AK10,2060-AO84,2060-AP16",{5},1,{5},1.0
4149,gasoline retailer,2060-AG45,{5},1,{5},1.0
4150,gasoline standard,"2060-AS58,2060-AS64,2060-AT32,2060-AT69",{5},1,{5},1.0
4151,gasoline volatility standard,"2060-AT61,2060-AT91,2060-AU43",{5},1,{5},1.0
4152,gateway national recreation area,"1024-AC95,1024-AD41,1024-AD42",{5},1,{5},1.0
4153,gear requirement,"0648-AO76,0648-AV84",{5},1,{5},1.0
4154,gear restriction,"0648-AP27,0648-AP97,0648-AS66,0648-BI20",{5},1,{5},1.0
4155,gel fuel,3041-AD19,{1},1,{1},1.0
4156,gender datum,1215-AB45,{4},1,{4},1.0
4157,gender identity,"1250-AA07,2501-AD49,2506-AC40,2577-AC96","{4, 13}",2,"{4, 13}",2.0
4158,gene therapy,0910-AC00,{1},1,{1},1.0
4159,general administration,"2125-AE74,3206-AI83,3220-AB07,3220-AB12,3220-AB31,3220-AB67,3220-AB70","{3, 13}",2,"{3, 13}",2.0
4160,general agreement,9000-AH09,,0,,0.0
4161,general application,"3245-AD58,3245-AD61",{8},1,{8},1.0
4162,general authority,"1115-AF02,1400-AB62","{2, 14}",2,"{2, 14}",2.0
4163,general aviation security,1652-AA53,{2},1,{2},1.0
4164,general building contractor,3245-AE23,{8},1,{8},1.0
4165,general claim,0790-AG89,{2},1,{2},1.0
4166,general contractor,2125-AF61,{3},1,{3},1.0
4167,general counsel,"0651-AC08,2900-AO83,2900-AP28,3245-AF18","{8, 13}",2,"{8, 13}",2.0
4168,general credit,0710-AB07,{5},1,{5},1.0
4169,general definition,2125-AE07,{3},1,{3},1.0
4170,general duty,"3072-AC06,3072-AC44,3072-AC73",{3},1,{3},1.0
4171,general exception,"1018-AI96,1018-BC76",{5},1,{5},1.0
4172,general exemption,2070-AJ65,{5},1,{5},1.0
4173,general guidance,1018-AG49,{5},1,{5},1.0
4174,general industry,"1218-AB52,1218-AB81,1218-AD19",{4},1,{4},1.0
4175,general information,"0572-AB37,2700-AB71,2700-AD88,3150-AF89,3150-AH79,3150-AI07","{9, 10, 6}",3,"{9, 10, 6}",3.0
4176,general license,"3150-AH15,3150-AH21",{6},1,{6},1.0
4177,general mining law,"1004-AC40,1004-AC96,1004-AD05,1004-AD53,1004-AD69",{5},1,{5},1.0
4178,general order,"0694-AC38,0694-AC79,0694-AC80,0694-AC99,0694-AD68,0694-AD76,0694-AD83,0694-AD99,0694-AE46,0694-AH19",{8},1,{8},1.0
4179,general policy,"0572-AB49,0572-AB53,0572-AB56,0572-AC13,0580-AA43,0580-AA44,0580-AA45,0580-AA46,2105-AD37,3090-AH58","{9, 3, 1}",3,"{9, 3, 1}",3.0
4180,general practice,0906-AA47,{1},1,{1},1.0
4181,general procedure,0790-AK37,{2},1,{2},1.0
4182,general prohibition,0596-AC31,{5},1,{5},1.0
4183,general provision,"0579-AC98,0648-AE39,0648-AG38,0648-AG46,0648-AV78,0648-AX26,1006-AA57,1018-AC57,1018-AT05,1018-BC67,1024-AC43,1024-AC60,1024-AE61,1400-AC36,1810-AA82,1845-AA01,1845-AA19,1845-AA24,2060-AK52,2060-AK54,2060-AQ15,2125-AE25,2125-AE71,2140-AA45,2577-AC71,2900-AL87,3052-AB43,3052-AB48,3052-AB53,3052-AB63,3052-AB87,3052-AC03,3052-AC06,3052-AC30,3052-AC66,3052-AC76,3052-AD06,3067-AD18,3206-AH66,9000-AJ60","{1, 2, 3, 5, 7, 10, 13, 14}",8,"{1, 2, 3, 5, 7, 10, 13, 14}",8.0
4184,general public,"2060-AE61,3150-AG11","{5, 6}",2,"{5, 6}",2.0
4185,general records schedule,"9000-AI77,9000-AJ49",,0,,0.0
4186,general regulations,"0580-AA54,0910-AG55,0910-AG60,1024-AC21,3038-AD32","{1, 5, 7}",3,"{1, 5, 7}",3.0
4187,general requirement,"0607-AA25,0607-AA26,0610-AA55,0910-AB86,0910-AC25,0910-AE99,0910-AG62,1018-AE64,2125-AE40,2126-AA38","{8, 1, 3, 5}",4,"{8, 1, 3, 5}",4.0
4188,general restriction,"0694-AD80,0694-AE14",{8},1,{8},1.0
4189,general revision,"1510-AA92,1545-AO27,2060-AS60,2060-AS74","{5, 7}",2,"{5, 7}",2.0
4190,general rule,"1090-AA63,1505-AC19,1545-AV39","{5, 7}",2,"{5, 7}",2.0
4191,general schedule,"3206-AG88,3206-AH09,3206-AH38,3206-AH65,3206-AJ62,3206-AJ85,3206-AM13",,0,,0.0
4192,general service incandescent lamp,"1904-AB72,1904-AC45,1904-AD85,1904-AE76",{6},1,{6},1.0
4193,general service lamp,"1904-AD09,1904-AD64,1904-AE26",{6},1,{6},1.0
4194,general services administration,"3090-AH48,3090-AH49,3090-AH50,3090-AH59,3090-AH59",,0,,0.0
4195,general solicitation,"3235-AL23,3235-AL34",{8},1,{8},1.0
4196,general transportation,2125-AC78,{3},1,{3},1.0
4197,general working condition,1218-AB50,{4},1,{4},1.0
4198,generally accept accounting principle,"1557-AD26,3064-AD48,3235-AH43","{8, 7}",2,"{8, 7}",2.0
4199,generic entry,2070-AB07,{5},1,{5},1.0
4200,generic environmental impact,3150-AK32,{6},1,{6},1.0
4201,generic provision,1024-AE30,{5},1,{5},1.0
4202,genetic engineering,"0579-AC31,2070-AD55","{1, 5}",2,"{1, 5}",2.0
4203,genetic testing,0938-AO09,{1},1,{1},1.0
4204,genetically engineer animal,0579-AC37,{1},1,{1},1.0
4205,genetically engineer organism,"0579-AA73,0579-AC08",{1},1,{1},1.0
4206,geographic area,"0580-AA76,1651-AA81","{1, 2}",2,"{1, 2}",2.0
4207,geographic boundary,0648-AW00,{5},1,{5},1.0
4208,geographic relocation,0660-AA15,{11},1,{11},1.0
4209,geographic scope,0720-AB13,{1},1,{1},1.0
4210,geographic use,"0750-AE12,9000-AI99",{2},1,{2},1.0
4211,geologic repository,"3150-AD51,3150-AF88,3150-AG44,3150-AH31",{6},1,{6},1.0
4212,geological and geophysical exploration,"1010-AC10,1018-BC92",{5},1,{5},1.0
4213,geometric design,2125-AD38,{3},1,{3},1.0
4214,geophysical survey,"0648-BB38,1010-AD69",{5},1,{5},1.0
4215,george bank,"0648-AN49,0648-AW13",{5},1,{5},1.0
4216,ghg emission,2060-AS62,{5},1,{5},1.0
4217,gi bill,0790-AI43,{2},1,{2},1.0
4218,giant reed,2060-AR85,{5},1,{5},1.0
4219,gift tax,1545-BB50,{7},1,{7},1.0
4220,gila chub,"1018-AG16,1018-BC77",{5},1,{5},1.0
4221,gillnet fishery,"0648-AU75,0648-BD57,0648-BE25,0648-BG81",{5},1,{5},1.0
4222,gillnet fishing,0648-AU95,{5},1,{5},1.0
4223,ginnie mae,"2503-AA11,2503-AA12",{7},1,{7},1.0
4224,glass manufacturing,2060-AM12,{5},1,{5},1.0
4225,glider kit,2060-AT79,{5},1,{5},1.0
4226,global assessment,2900-AJ84,{13},1,{13},1.0
4227,global debt,3052-AB66,{7},1,{7},1.0
4228,global entry,1651-AB34,{2},1,{2},1.0
4229,global medium,3112-AA02,{14},1,{14},1.0
4230,global technical regulation,2127-AH29,{3},1,{3},1.0
4231,global trading,1545-AP01,{7},1,{7},1.0
4232,global warming potential,2060-AG35,{5},1,{5},1.0
4233,gluten free labeling,"0910-AG84,0910-AH00",{1},1,{1},1.0
4234,gold star father,3206-AN47,,0,,0.0
4235,golden eagles,1018-AX47,{5},1,{5},1.0
4236,golden gate national recreation area,"1024-AD03,1024-AD53,1024-AE16",{5},1,{5},1.0
4237,golden parachute payment,1545-AH49,{7},1,{7},1.0
4238,golden tilefish,0648-BH15,{5},1,{5},1.0
4239,good cause,"0960-AF74,0960-AF81",{13},1,{13},1.0
4240,good conscience,0960-AD62,{13},1,{13},1.0
4241,good faith,"0945-AA09,9000-AN87",{1},1,,0.0
4242,good guidance practice,0581-AC30,{9},1,{9},1.0
4243,good laboratory practice,0910-AG47,{1},1,{1},1.0
4244,good manufacturing practice,0910-AA04,{1},1,{1},1.0
4245,good practice,0694-AC89,{8},1,{8},1.0
4246,goodwill intangible,1545-AT70,{7},1,{7},1.0
4247,govern licensing,3072-AC73,{3},1,{3},1.0
4248,govern platform,1010-AD18,{5},1,{5},1.0
4249,govern time,3072-AC62,{3},1,{3},1.0
4250,governance authority,3069-AA64,{7},1,{7},1.0
4251,governance mechanism,0991-AB83,{1},1,{1},1.0
4252,governance requirement,"3038-AD36,3235-AK74","{8, 7}",2,"{8, 7}",2.0
4253,government acquisition,"2900-AJ81,3090-AI70",{13},1,{13},1.0
4254,government activity,"0790-AI71,0790-AI80",{2},1,{2},1.0
4255,government agency,0579-AC08,{1},1,,0.0
4256,government aircraft,"3090-AE82,3090-AH63,3090-AH90,3090-AJ33",,0,,0.0
4257,government auditing standard,0572-AB62,{9},1,{9},1.0
4258,government contractor,"1215-AA01,1215-AB28,1215-AB39,1215-AB59",{4},1,{4},1.0
4259,government cost,3206-AN22,,0,,0.0
4260,government employee,"0701-AA87,1990-AA15,3206-AK05","{2, 6}",2,"{2, 6}",2.0
4261,government entity,"0750-AI44,1545-BG45,1545-BJ98,1545-BK83","{2, 7}",2,"{2, 7}",2.0
4262,government equipment,0750-AF85,{2},1,{2},1.0
4263,government ethic,"3209-AA15,3209-AA16,3209-AA18,3209-AA40,3209-AA46,3209-AA47,3209-AA48,3209-AA51,3209-AA53,3209-AA54",,0,,0.0
4264,government expense,1115-AC37,{2},1,{2},1.0
4265,government facility,"3014-AA13,9000-AF96",{3},1,{3},1.0
4266,government grant,"0692-AA14,0692-AA18",{8},1,,0.0
4267,government information,"0605-AA18,0605-AA19,0605-AA20,0605-AA21,0605-AA22,0605-AA25,0605-AA29,0605-AA45",{8},1,{8},1.0
4268,government land,"1902-AC21,1902-AC33,1902-AC48,1902-AC66,1902-AC98,1902-AD24,1902-AD51,1902-AE31,1902-AF01,1902-AF41",{6},1,,0.0
4269,government national mortgage association,2503-AA19,{7},1,{7},1.0
4270,government neutrality,"2501-AC98,9000-AJ14,9000-AL35",{13},1,{13},1.0
4271,government obligation,"1510-AA36,1510-AA77,1510-AB15,1510-AB28,1530-AA01",{7},1,{7},1.0
4272,government participation,1530-AA16,{7},1,{7},1.0
4273,government pension,0960-AC46,{13},1,{13},1.0
4274,government printing office,9000-AJ51,,0,,0.0
4275,government procurement,9000-AF39,,0,,0.0
4276,government product,9000-AI98,,0,,0.0
4277,government program,1545-AT73,{7},1,,0.0
4278,government property,"0702-AB06,0750-AC04,0750-AF24,0750-AF92,0750-AG38,0750-AG94,0750-AK51,1991-AB22,1991-AB86,2030-AA98,2700-AC25,2700-AC73,2700-AC80,2700-AD05,2700-AD37,9000-AF62,9000-AK30,9000-AL41,9000-AL95","{2, 10, 5, 6}",4,"{2, 10, 5, 6}",4.0
4279,government regulation,3133-AC71,{7},1,,0.0
4280,government representative,1115-AD57,{2},1,{2},1.0
4281,government research,2050-AG54,{5},1,{5},1.0
4282,government right,0750-AG50,{2},1,{2},1.0
4283,government securities act,1505-AA53,{7},1,{7},1.0
4284,government security,"1550-AB38,3064-AB83,3235-AI48","{8, 7}",2,"{8, 7}",2.0
4285,government shipment,2140-AA28,{3},1,{3},1.0
4286,government sponsor enterprise,"2501-AC35,2502-AG45",{13},1,{13},1.0
4287,government wide regulation,0610-AA72,{8},1,{8},1.0
4288,governmental plan,"1545-BD07,1545-BD08,1545-BG46,1545-BH53,1545-BM22",{7},1,{7},1.0
4289,governor 's request,"1660-AA83,3067-AC94",{2},1,{2},1.0
4290,grace period,"2060-AI76,2060-AJ70",{5},1,,0.0
4291,grade crossing,"2130-AC12,2130-AC38",{3},1,{3},1.0
4292,grade rule,3206-AL18,,0,,0.0
4293,grade standard,0581-AB82,{9},1,{9},1.0
4294,grading service,3090-AG84,,0,,0.0
4295,gradual reduction,3206-AJ40,,0,,0.0
4296,graduate assistance,"1840-AC31,1840-AD35",{10},1,{10},1.0
4297,graduate course,2900-AH39,{13},1,{13},1.0
4298,graduate medical education,"0938-AK20,1115-AD66","{1, 2}",2,"{1, 2}",2.0
4299,grain elevator,2060-AP06,{5},1,{5},1.0
4300,grain handle facility,"1218-AB56,1218-AB73",{4},1,{4},1.0
4301,grain inspection,0580-AA60,{1},1,{1},1.0
4302,grain product,0910-AE15,{1},1,{1},1.0
4303,gramm leach bliley act,"1550-AB86,1550-AC12,1557-AC80,3038-AB68,3038-AC04,3038-AD13,3064-AD16,3170-AA39,3170-AA60,3235-AI53,3235-AJ06","{8, 7}",2,"{8, 7}",2.0
4304,grand canyon national park,"1024-AD50,2120-AF60,2120-AF93,2120-AG34,2120-AG54,2120-AG69,2120-AG74,2120-AG97,2120-AL22","{3, 5}",2,"{3, 5}",2.0
4305,grand staircase escalante national monument,1004-AD40,{5},1,{5},1.0
4306,grand teton national park,"1024-AC34,1024-AD06,1024-AD75,1024-AD82",{5},1,{5},1.0
4307,grandfather provision,2060-AP75,{5},1,{5},1.0
4308,grandfathere plan,"0938-AS56,1210-AB72","{1, 4}",2,"{1, 4}",2.0
4309,grandfathere provision,2060-AP65,{5},1,{5},1.0
4310,grant application,2501-AD02,{13},1,{13},1.0
4311,grant award,1090-AB08,{5},1,{5},1.0
4312,grant fund,2506-AC16,{13},1,{13},1.0
4313,grant procedure,3095-AA43,{10},1,{10},1.0
4314,grant program,"0570-AA12,0570-AA18,0570-AA19,0572-AB28,0572-AB45,0572-AB70,0572-AB95,0572-AC31,0572-AC37,1601-AA32,1660-AA16,1660-AA49,1840-AC93,2130-AB74,3067-AD21","{3, 9, 2, 10}",4,"{3, 9, 2, 10}",4.0
4315,grant recipient,0575-AC09,{9},1,,0.0
4316,grant regulation,"3045-AA32,3137-AA16","{10, 13}",2,"{10, 13}",2.0
4317,grant request,0651-AD19,{8},1,{8},1.0
4318,grant rule,2030-AA56,{5},1,{5},1.0
4319,grantor trust,1545-BJ14,{7},1,{7},1.0
4320,gray wolf,"1018-AE45,1018-AF20,1018-AJ03,1018-AJ04,1018-AT61,1018-AU53,1018-AU54,1018-AV39,1018-AV40,1018-AW35,1018-AW37,1018-AW41,1018-AW79,1018-AW80,1018-AX37,1018-AX61,1018-AX81,1018-AX94,1018-BA64,1018-BC04,1018-BD60",{5},1,{5},1.0
4321,grazing permit,1076-AE57,,0,,0.0
4322,great amberjack,"0648-AJ27,0648-AL01,0648-AV34,0648-AY89,0648-BA48,0648-BB93",{5},1,{5},1.0
4323,great bay national wildlife refuge,1018-AD44,{5},1,{5},1.0
4324,great sage grouse,"1018-AY10,1018-AZ70,1018-BD87,1018-BD88",{5},1,{5},1.0
4325,great seal,1400-AE36,{14},1,{14},1.0
4326,great white shark,1018-AH66,{5},1,{5},1.0
4327,green iguana,1018-AF08,{5},1,{5},1.0
4328,green sea turtle,1018-BB18,{5},1,{5},1.0
4329,greenhouse gas,"2060-AP12,2060-AP55,2060-AR08,2060-AR23,2060-AR24,2060-AR26,2060-AS57,2127-AK73","{3, 5}",2,"{3, 5}",2.0
4330,grid reliability,1902-AF43,{6},1,{6},1.0
4331,grid security emergency order,1901-AB40,{6},1,{6},1.0
4332,grievance procedure,2501-AB92,{13},1,{13},1.0
4333,grizzly bear,"1018-AF22,1018-BD86",{5},1,{5},1.0
4334,gross collection,3038-AB12,{7},1,{7},1.0
4335,gross income,"1545-AS42,1545-AY54,1545-BB30,1545-BE16,1545-BF42,1545-BI44,1545-BI94,1545-BO61",{7},1,{7},1.0
4336,gross tonnage,2115-AF76,{2},1,{2},1.0
4337,gross vehicle weight rating,2127-AH30,{3},1,{3},1.0
4338,ground beef,"0581-AD47,0583-AB74,0583-AD38","{9, 1}",2,"{9, 1}",2.0
4339,ground instructor,"2120-AE71,2120-AG66,2120-AI86",{3},1,{3},1.0
4340,ground vehicle,3041-AB95,{1},1,{1},1.0
4341,ground water rule,"2040-AA97,2040-AF58",{5},1,{5},1.0
4342,groundfish fishery,"0648-AE78,0648-AE97,0648-AG41,0648-AG99,0648-AH00,0648-AH00,0648-AH03,0648-AH03,0648-AH28,0648-AH62,0648-AH65,0648-AH67,0648-AH68,0648-AH69,0648-AI56,0648-AI57,0648-AI57,0648-AI61,0648-AI61,0648-AI62,0648-AI63,0648-AI63,0648-AI68,0648-AI70,0648-AJ36,0648-AJ45,0648-AJ71,0648-AK12,0648-AK13,0648-AK36,0648-AK70,0648-AK73,0648-AM40,0648-AM51,0648-AM72,0648-AM94,0648-AN24,0648-AN25,0648-AO82,0648-AP67,0648-AP79,0648-AR06,0648-AR06,0648-AR31,0648-AR77,0648-AT04,0648-AU03,0648-AU24,0648-AV28,0648-AV66,0648-AY37,0648-BA31,0648-BE85,0648-BF05,0648-BF83,0648-BH34,0648-BI20",{5},1,{5},1.0
4343,groundfish fishing,0648-AT54,{5},1,{5},1.0
4344,groundfish quota,0648-BA40,{5},1,{5},1.0
4345,groundwater protection,3150-AI40,{6},1,{5},1.0
4346,groundwater sample,2050-AD86,{5},1,{5},1.0
4347,group health insurance market,0938-AK88,{1},1,{1},1.0
4348,group health plan,"0938-AL43,0938-AO43,0938-AQ07,0938-AR48,0950-AA18,0991-AB69,0991-AB70,1210-AB41,1210-AB42,1210-AB44,1210-AB45,1210-AB52,1210-AB55,1545-AI93,1545-AW94,1545-BJ45,1545-BJ46,1545-BJ50,1545-BJ57,1545-BJ58,1545-BJ62,1545-BJ90,1545-BJ91","{1, 4, 7}",3,"{1, 4, 7}",3.0
4349,group iv,"2060-AE37,2060-AP01",{5},1,{5},1.0
4350,group life insurance,"2900-AJ80,2900-AL56,2900-AN40",{13},1,{13},1.0
4351,group market,"0938-AI08,0938-AM14,0938-AN29",{1},1,{1},1.0
4352,group regulation,2040-AF29,{5},1,{5},1.0
4353,group return,1545-BJ02,{7},1,{7},1.0
4354,group rule,"1545-AV90,1545-AV91",{7},1,{7},1.0
4355,grow medium,"0579-AB00,0579-AB75,0579-AD36,0579-AE01,0579-AE24,0579-AE28",{1},1,{1},1.0
4356,growth disorder,"0960-AF67,0960-AG28",{13},1,{13},1.0
4357,gsa contract,3090-AJ79,,0,,0.0
4358,guam commonwealth,1651-AA81,{2},1,{2},1.0
4359,guarantee annuity,1545-AT65,{7},1,{7},1.0
4360,guarantee availability,0938-AN60,{1},1,{1},1.0
4361,guarantee benefit,"1212-AA76,1212-AA98,1212-AB18,1212-AB37",{13},1,{13},1.0
4362,guarantee borrower,0560-AF35,{9},1,{9},1.0
4363,guarantee investment contract,1545-AX22,{7},1,{7},1.0
4364,guarantee lender,0560-AG53,{9},1,{9},1.0
4365,guarantee loan,"0560-AE16,0560-AG53,0560-AH07,0560-AH34,0560-AH55,0560-AH66,0570-AA47,0570-AA65,0570-AA90,0572-AB57,0572-AC35,3245-AE10","{8, 9}",2,"{8, 9}",2.0
4366,guarantee payment,1545-BD74,{7},1,{7},1.0
4367,guarantee plan,0563-AA84,{9},1,{9},1.0
4368,guarantee renewability,0938-AN60,{1},1,{1},1.0
4369,guarantee requirement,0570-AA62,{9},1,{9},1.0
4370,guaranteed loan,0560-AE92,{9},1,,0.0
4371,guaranty agency,"1840-AC61,1845-AA06,1845-AA16",{10},1,{10},1.0
4372,guidance document,0938-AN21,{1},1,{1},1.0
4373,guideline rate,2133-AB16,{3},1,{3},1.0
4374,gulf islands national seashore,"1024-AD21,1024-AE55",{5},1,{5},1.0
4375,gulf sturgeon,"0648-AQ03,1018-AI23",{5},1,{5},1.0
4376,gulf war veterans,"2900-AM47,2900-AP84",{13},1,{13},1.0
4377,gunnison sage grouse,"1018-AX71,1018-AZ20,1018-BA49,1018-BA84",{5},1,{5},1.0
4378,gynecological condition,2900-AP13,{13},1,{13},1.0
4379,gypsy moth,0579-AB55,{1},1,{1},1.0
4380,h-2a program,1205-AB90,{4},1,{4},1.0
4381,h-2a worker,1205-AB89,{4},1,{4},1.0
4382,h-2b program,"1205-AB91,1615-AC33","{2, 4}",2,"{2, 4}",2.0
4383,h-2b worker,1205-AB58,{4},1,{4},1.0
4384,habit form drug,0910-AA50,{1},1,{1},1.0
4385,habitat area,0648-AS66,{5},1,{5},1.0
4386,habitat designation,1018-AH33,{5},1,{5},1.0
4387,habitat management,0596-AC55,{5},1,{5},1.0
4388,habitual residence,1115-AE61,{2},1,{2},1.0
4389,hague convention,"1400-AC17,1400-AC40,1615-AA43,1615-AB57","{2, 14}",2,"{2, 14}",2.0
4390,hair dryer,3041-AC83,{1},1,{1},1.0
4391,hairy cell leukemia,2900-AN54,{13},1,{13},1.0
4392,halogenate solvent,2060-AI04,{5},1,{5},1.0
4393,handling charge,"1115-AF09,1115-AF17",{2},1,{2},1.0
4394,handling standard,"0581-AC23,0581-AD69",{9},1,{9},1.0
4395,harbor maintenance fee,"1505-AB11,1505-AB12,1515-AA57,1515-AA87,1515-AC31,1515-AC64,1515-AC82,1515-AD41","{8, 2, 7}",3,"{8, 2, 7}",3.0
4396,harbor maintenance tax,1515-AD40,{8},1,{8},1.0
4397,harbor porpoise,"0648-AG06,0648-AM10,0648-AO30,0648-AP33,0648-AW51",{5},1,{5},1.0
4398,hard candy,0910-AG82,{1},1,{1},1.0
4399,hard cap,0648-BG23,{5},1,{5},1.0
4400,hard cider,1512-AB71,{1},1,{1},1.0
4401,hardrock mining industry,2050-AG61,{5},1,{5},1.0
4402,hardship distribution,1545-BO82,{7},1,{7},1.0
4403,harmed individual,0945-AA04,{1},1,{1},1.0
4404,harmful interference,3060-AH07,{11},1,{11},1.0
4405,harvest level,"0648-AM01,0648-AN07",{5},1,{5},1.0
4406,harvest limit,"0648-AN36,0648-AN74,0648-AN78,0648-AP00,0648-AP01,0648-AP43,0648-AP88,0648-AQ96,0648-AQ97,0648-AR97,0648-AS17,0648-AS59,1018-AT70",{5},1,{5},1.0
4407,harvest regulation,"1018-AV53,1018-AW29,1018-AW67,1018-AX30,1018-AX55,1018-AY70,1018-BA02,1018-BA48,1018-BA66,1018-BB10,1018-BB71,1018-BC70,1018-BD07,1018-BE24",{5},1,{5},1.0
4408,harvest restriction,0648-AS10,{5},1,{5},1.0
4409,hatch egg,0579-AE00,{1},1,{1},1.0
4410,haul road,1029-AB76,{5},1,{5},1.0
4411,hawaiian homes commission act,1090-AA98,{5},1,{5},1.0
4412,hazard analysis,"0583-AB69,0583-AC28,0583-AC30,0583-AC40,0583-AC63,0584-AD65",{1},1,{1},1.0
4413,hazard area,2120-AK06,{3},1,{3},1.0
4414,hazard communication,"1218-AC20,1219-AA47",{4},1,{4},1.0
4415,hazard control,2501-AD70,{13},1,{13},1.0
4416,hazard insurance,1550-AA89,{7},1,{7},1.0
4417,hazard mitigation,3067-AC46,{2},1,{2},1.0
4418,hazardous air pollutant,"2050-AE01,2050-AE79,2050-AE89,2050-AE90,2050-AG29,2050-AG33,2050-AG35,2050-AG43,2060-AE38,2060-AE82,2060-AE98,2060-AF33,2060-AI72,2060-AI82,2060-AI83,2060-AI91,2060-AJ67,2060-AJ97,2060-AK54,2060-AK59,2060-AK70,2060-AK73,2060-AL87,2060-AM20,2060-AM36,2060-AM43,2060-AM44,2060-AM61,2060-AM72,2060-AM84,2060-AM87,2060-AN05,2060-AN09,2060-AN33,2060-AN36,2060-AN47,2060-AN49,2060-AN80,2060-AN84,2060-AN99,2060-AO03,2060-AO07,2060-AO53,2060-AO65,2060-AO84,2060-AO89,2060-AO92,2060-AP26,2060-AP36,2060-AP44,2060-AP48,2060-AP52,2060-AP76,2060-AP84,2060-AP96,2060-AP97,2060-AQ11,2060-AQ13,2060-AQ14,2060-AQ22,2060-AQ25,2060-AQ26,2060-AQ40,2060-AQ41,2060-AQ58,2060-AQ59,2060-AQ60,2060-AQ74,2060-AQ78,2060-AQ89,2060-AQ90,2060-AQ92,2060-AQ93,2060-AR13,2060-AR14,2060-AR16,2060-AR47,2060-AR49,2060-AR66,2060-AR71,2060-AR73,2060-AR84,2060-AS09,2060-AS10,2060-AS14,2060-AS26,2060-AS32,2060-AS39,2060-AS45,2060-AS46,2060-AS67,2060-AS76,2060-AS79,2060-AS81,2060-AS85,2060-AS88,2060-AS90,2060-AS92,2060-AS93,2060-AS94,2060-AS98,2060-AT00,2060-AT01,2060-AT02,2060-AT03,2060-AT05,2060-AT07,2060-AT12,2060-AT25,2060-AT30,2060-AT34,2060-AT47,2060-AT48,2060-AT51,2060-AT57,2060-AT58,2060-AT66,2060-AT70,2060-AT71,2060-AT73,2060-AT74,2060-AT85,2060-AT86,2060-AU16,2060-AU17,2060-AU18,2060-AU19,2060-AU20,2060-AU22,2060-AU23,2060-AU25,2060-AU37,2060-AU47,2060-AU53,2060-AU55,2060-AU56,2060-AU57,2060-AU59,2060-AU63,2060-AU64,2060-AU65,2060-AU66,2060-AU67,2060-AU72,2060-AU73,2090-AA33",{5},1,{5},1.0
4419,hazardous and other waste,2050-AE13,{5},1,{5},1.0
4420,hazardous condition,2115-AE82,{2},1,{2},1.0
4421,hazardous constituent,2050-AG55,{5},1,{5},1.0
4422,hazardous debris,2050-AF12,{5},1,{5},1.0
4423,hazardous duty pay,3206-AI29,,0,,0.0
4424,hazardous liquid pipeline,"2137-AC87,2137-AD42,2137-AD97,2137-AE36,2137-AE66,2137-AF44",{3},1,{3},1.0
4425,hazardous location,1625-AC00,{2},1,{2},1.0
4426,hazardous material,"0750-AA45,1652-AA21,1652-AA50,2120-AG75,2125-AC78,2125-AD00,2125-AD71,2125-AD80,2126-AA71,2126-AA74,2137-AA92,2137-AB37,2137-AC41,2137-AC47,2137-AC64,2137-AC66,2137-AC90,2137-AC97,2137-AD02,2137-AD04,2137-AD07,2137-AD08,2137-AD09,2137-AD13,2137-AD14,2137-AD16,2137-AD18,2137-AD19,2137-AD20,2137-AD21,2137-AD27,2137-AD28,2137-AD29,2137-AD30,2137-AD31,2137-AD33,2137-AD34,2137-AD36,2137-AD37,2137-AD38,2137-AD39,2137-AD40,2137-AD44,2137-AD46,2137-AD47,2137-AD48,2137-AD50,2137-AD51,2137-AD53,2137-AD57,2137-AD58,2137-AD65,2137-AD66,2137-AD67,2137-AD67,2137-AD69,2137-AD69,2137-AD70,2137-AD70,2137-AD71,2137-AD72,2137-AD73,2137-AD74,2137-AD75,2137-AD79,2137-AD84,2137-AD85,2137-AD86,2137-AD87,2137-AD88,2137-AD89,2137-AD90,2137-AD91,2137-AD93,2137-AD99,2137-AE01,2137-AE02,2137-AE03,2137-AE04,2137-AE06,2137-AE08,2137-AE10,2137-AE13,2137-AE14,2137-AE18,2137-AE19,2137-AE20,2137-AE21,2137-AE22,2137-AE23,2137-AE24,2137-AE27,2137-AE30,2137-AE31,2137-AE32,2137-AE35,2137-AE37,2137-AE38,2137-AE40,2137-AE44,2137-AE45,2137-AE46,2137-AE47,2137-AE48,2137-AE49,2137-AE50,2137-AE52,2137-AE53,2137-AE54,2137-AE55,2137-AE56,2137-AE57,2137-AE58,2137-AE61,2137-AE62,2137-AE63,2137-AE65,2137-AE68,2137-AE69,2137-AE70,2137-AE73,2137-AE74,2137-AE76,2137-AE77,2137-AE78,2137-AE79,2137-AE80,2137-AE81,2137-AE82,2137-AE83,2137-AE84,2137-AE86,2137-AE87,2137-AE90,2137-AE91,2137-AE95,2137-AE96,2137-AE97,2137-AE98,2137-AE99,2137-AF00,2137-AF01,2137-AF02,2137-AF03,2137-AF04,2137-AF05,2137-AF07,2137-AF08,2137-AF09,2137-AF10,2137-AF11,2137-AF12,2137-AF15,2137-AF17,2137-AF18,2137-AF19,2137-AF20,2137-AF21,2137-AF23,2137-AF24,2137-AF25,2137-AF27,2137-AF28,2137-AF32,2137-AF33,2137-AF34,2137-AF35,2137-AF40,2137-AF41,2137-AF42,2137-AF43,2137-AF46,2137-AF47,2140-AA95","{2, 3}",2,"{2, 3}",2.0
4427,hazardous pollutant,"2060-AI55,2060-AO31",{5},1,{5},1.0
4428,hazardous substance,"0575-AB18,0925-AA03,1090-AA97,1090-AB17,1625-AA12,1625-AA13,2050-AB82,2050-AD45,2050-AE48,2050-AE63,2050-AG37,2050-AG55,2050-AG66,2060-AI08,2070-AB79,2115-AE87,2115-AE88,2137-AC71,2137-AD39,2137-AD65,2137-AE24,2137-AE74,3041-AA59,3041-AD20","{1, 2, 3, 5, 9}",5,"{1, 2, 3, 5, 9}",5.0
4429,hazardous waste,"2050-AD33,2050-AD45,2050-AD79,2050-AD87,2050-AD88,2050-AE07,2050-AE31,2050-AE32,2050-AE49,2050-AE93,2050-AE93,2050-AG15,2050-AG55,2050-AG55",{5},1,{5},1.0
4430,hcv infection,0910-AB76,{1},1,{1},1.0
4431,head impact protection,"2127-AG07,2127-AG74",{3},1,{3},1.0
4432,head injury,2127-AB85,{3},1,{3},1.0
4433,head protection,1218-AC65,{4},1,{4},1.0
4434,head restraint,"2127-AF70,2127-AH09,2127-AH98",{3},1,{3},1.0
4435,head start,0970-AB54,{1},1,{1},1.0
4436,headlamp concealment,2127-AH18,{3},1,{3},1.0
4437,health and human service program,0991-AB34,{1},1,{1},1.0
4438,health and human service regulation,0960-AE14,{13},1,{13},1.0
4439,health and safety issue,0750-AH24,{2},1,{2},1.0
4440,health and safety study,2070-AJ87,{5},1,{5},1.0
4441,health benefit,2900-AP31,{13},1,{13},1.0
4442,health care,"0720-AB29,0906-AA72,0906-AA76,0917-AA08,0945-AA10,1218-AD08,1545-BM00,2502-AI11,2900-AI65,2900-AK88,2900-AN73,2900-AO25,2900-AO71,2900-AP09,3245-AG30,3245-AG88","{1, 4, 7, 8, 13}",5,"{1, 4, 7, 8, 13}",5.0
4443,health claim,"0583-AB64,0910-AB66,0910-AC50,0910-AE08,0910-AE16,0910-AE18,0910-AE21,0910-AE22,0910-AE23,0910-AE64,0910-AE67,0910-AE68,0910-AF09,0910-AH43,1512-AB97,1513-AA09",{1},1,{1},1.0
4444,health condition,0920-AA44,{1},1,{1},1.0
4445,health coverage,"0938-AI08,0938-AM14,0938-AN29,1545-BL33,1545-BO36","{1, 7}",2,"{1, 7}",2.0
4446,health education assistance loan program,0906-AB21,{1},1,{1},1.0
4447,health evaluation,2700-AD66,{10},1,{10},1.0
4448,health home,0938-AQ48,{1},1,{1},1.0
4449,health information technology,"0930-AA19,0938-AR71,0938-AS30,0991-AB55,0991-AB57,0991-AB58,0991-AB59,0991-AB62,0991-AB77,0991-AB82,0991-AB84,0991-AB97",{1},1,{1},1.0
4450,health insurance,"1545-BK59,3046-AA53","{4, 7}",2,"{4, 7}",2.0
4451,health or safety issue,"0750-AH31,0750-AH37",{2},1,{2},1.0
4452,health plan,"0938-AQ13,0938-AQ85,0938-AT90,0991-AA69,1210-AB46,3206-AK92,3206-AK95","{1, 4}",2,"{1, 4}",2.0
4453,health profession,"0906-AA38,0906-AA53",{1},1,{1},1.0
4454,health professional,2050-AF10,{5},1,{1},1.0
4455,health promotion,"0720-AA33,0790-AK25","{1, 2}",2,"{1, 2}",2.0
4456,health protection,0938-AI17,{1},1,{1},1.0
4457,health reimbursement arrangement,"0938-AT90,1210-AB87,1545-BO46,1545-BP17","{1, 4, 7}",3,"{1, 4, 7}",3.0
4458,health requirement,2900-AH22,{13},1,{13},1.0
4459,health savings account,"1545-BE30,1545-BF97,1545-BG71,1545-BI53,3133-AD03",{7},1,{7},1.0
4460,health sciences,"0790-AJ91,0790-AK36,0790-AK37,0790-AK61",{2},1,{2},1.0
4461,health services research,0919-AA00,{1},1,{1},1.0
4462,health status,"1210-AA77,1545-BJ61","{4, 7}",2,"{4, 7}",2.0
4463,healthcare information,0938-AT99,{1},1,{1},1.0
4464,healthcare organization,"0938-AI69,0938-AJ41,0938-AM38",{1},1,{1},1.0
4465,healthcare service,"0720-AA67,0720-AB68,0790-AG24,0790-AG38,0790-AG50,0790-AG51","{1, 2}",2,"{1, 2}",2.0
4466,healthy home,"2501-AD70,2501-AD70",{13},1,{13},1.0
4467,healthy hunger free kid act,"0584-AE16,0584-AE20",{1},1,{1},1.0
4468,healthy meal,"0584-AC02,0584-AC20",{1},1,{1},1.0
4469,hear loss,"0960-AG20,0960-AH54",{13},1,{13},1.0
4470,hear officer,2501-AC19,{13},1,{13},1.0
4471,hear procedure,"1117-AB36,2130-AB87,2501-AD24,3145-AA36","{1, 10, 3, 13}",4,"{1, 10, 3, 13}",4.0
4472,hearing aids,0910-AA39,{1},1,{1},1.0
4473,hearing procedure,"0720-AA74,1004-AC67,1004-AC99","{1, 5}",2,"{1, 5}",2.0
4474,heart disease,2900-AL26,{13},1,{1},1.0
4475,hearth product,"1904-AD14,1904-AD35",{6},1,{6},1.0
4476,heat pump,"1904-AA46,1904-AA77,1904-AB09,1904-AB17,1904-AB42,1904-AB46,1904-AB47,1904-AB55,1904-AB94,1904-AC06,1904-AC68,1904-AD05,1904-AD37,1904-AD71,1904-AD94,1904-AE42,1904-AE43,1904-AE59,1904-AE65,1904-AE66,1904-AE78",{6},1,{6},1.0
4477,heating equipment,"1904-AC95,1904-AD93",{6},1,{6},1.0
4478,heating oil,2060-AR87,{5},1,{5},1.0
4479,heavy construction,3245-AE23,{8},1,{8},1.0
4480,heavy duty diesel engine,"2060-AM17,2060-AO69,2060-AQ05",{5},1,{5},1.0
4481,heavy duty engine,"2060-AE07,2060-AL92,2060-AR83,2060-AS16,2060-AU62,2127-AL31","{3, 5}",2,"{3, 5}",2.0
4482,heavy duty tow,2125-AF74,{3},1,{3},1.0
4483,heavy duty vehicle,"2060-AJ62,2060-AN01,2127-AL52","{3, 5}",2,"{3, 5}",2.0
4484,heavy oil,1004-AE04,{5},1,{5},1.0
4485,heavy truck,"1545-AT63,1545-AV71,1545-AW15,2127-AI14","{3, 7}",2,"{3, 7}",2.0
4486,heavy vehicle,"2125-AF32,2125-AF71,2127-AK17,2127-AK97",{3},1,{3},1.0
4487,hedge activity,2140-AB18,{3},1,{3},1.0
4488,hedge fund,"1557-AD44,3038-AE13,3064-AD85,3064-AE11,3235-AL07,3235-AM10,7100-AF33","{8, 7}",2,"{8, 7}",2.0
4489,hedging transaction,"1545-AS75,1545-AY02,1545-BI93,1545-BK98",{7},1,{7},1.0
4490,heighten capital requirement,1557-AE38,{7},1,{7},1.0
4491,heighten standard,1557-AD78,{7},1,{7},1.0
4492,helicopter air ambulance,2120-AK47,{3},1,{3},1.0
4493,helicopter operation,"0648-BD62,2120-AG53,2120-AK47","{3, 5}",2,"{3, 5}",2.0
4494,hemic and lymphatic system,"0960-AE39,2900-AF02",{13},1,{13},1.0
4495,hepatitis a,0906-AA74,{1},1,{1},1.0
4496,hepatitis c infection,2900-AJ96,{13},1,{13},1.0
4497,herbicide exposure,"2900-AL20,2900-AL37,2900-AM94,2900-AN27,2900-AP43",{13},1,{13},1.0
4498,hexavalent chromium,"0750-AG35,1218-AB45,1218-AC43","{2, 4}",2,"{2, 4}",2.0
4499,hhs list,0920-AA64,{1},1,{1},1.0
4500,hhs policy,"0937-AA08,0937-AA09",{1},1,{1},1.0
4501,high altitude,"0694-AE22,3206-AI36",{8},1,,0.0
4502,high chair,3041-AD33,{1},1,{1},1.0
4503,high consequence area,"2137-AD45,2137-AD49,2137-AD54,2137-AD61,2137-AD64",{3},1,{3},1.0
4504,high cost,2501-AC76,{13},1,,0.0
4505,high density airport,"2120-AE94,2120-AG50",{3},1,{3},1.0
4506,high density rule,2120-AG85,{3},1,{3},1.0
4507,high ed,"1660-AA20,3067-AD28",{2},1,{2},1.0
4508,high education,"0348-AB22,0348-AB49,0503-AA10,0503-AA17,0605-AA09,0750-AA28,0750-AA29,0750-AA40,0750-AB19,0750-AD05,0750-AD10,0750-AD96,0790-AF59,0790-AG13,0790-AG42,0790-AG76,0790-AI15,0790-AJ30,0790-AJ93,0960-AE25,1121-AA18,1601-AA18,1660-AA11,1890-AA05,2030-AA32,2105-AC02,2105-AC83,2105-AD60,2900-AJ62,2900-AP29,3067-AD07","{2, 3, 5, 8, 9, 10, 12, 13}",8,"{2, 3, 5, 8, 9, 10, 12, 13}",8.0
4509,high hazard flammable train,"2137-AE91,2137-AF08",{3},1,{3},1.0
4510,high intensity discharge lamp,"1904-AA86,1904-AC36,1904-AC37,1904-AE28,1904-AE29",{6},1,{6},1.0
4511,high learning,"0750-AF27,1400-AB40,3206-AG61","{2, 14}",2,"{2, 14}",2.0
4512,high performance computer,"0694-AB65,0694-AB78,0694-AB82,0694-AC01",{8},1,{8},1.0
4513,high potency,0910-AF83,{1},1,{1},1.0
4514,high quality,1840-AD38,{10},1,,0.0
4515,high risk mortgage loan,"3133-AE04,7100-AD90",{7},1,{7},1.0
4516,high risk pool,"0938-AO46,0938-AQ70",{1},1,{1},1.0
4517,high speed,2130-AC09,{3},1,{3},1.0
4518,high standard,"1810-AA87,1810-AA90",{10},1,,0.0
4519,highly erodible land,"0560-AC86,0560-AE38,0563-AB59,0563-AB60,0578-AA17,0578-AA65","{9, 5}",2,"{9, 5}",2.0
4520,highly hazardous chemical,1218-AB63,{4},1,{4},1.0
4521,highly migratory specie,"0648-AK49,0648-AK92,0648-AM17,0648-AM56,0648-AU25,0648-AU76,0648-AU77,0648-AV24,0648-AX59,0648-AX60,0648-AY46,0648-BA35,0648-BA84,0648-BA85,0648-BA87,0648-BB64,0648-BB73,0648-BC14,0648-BC15,0648-BC87,0648-BC88,0648-BD44,0648-BD94,0648-BE21,0648-BE36,0648-BE84,0648-BF03,0648-BF19,0648-BF23,0648-BF41,0648-BF93,0648-BG66,0648-BG78,0648-BG93,0648-BI78,0648-BI79",{5},1,{5},1.0
4522,highly pathogenic avian influenza,0579-AC36,{1},1,{1},1.0
4523,highway beautification,"2125-AD24,2125-AD88",{3},1,{3},1.0
4524,highway rail,2130-AC50,{3},1,{3},1.0
4525,highway safety act,2127-AG11,{3},1,{3},1.0
4526,highway safety fund,2125-AF42,{3},1,{3},1.0
4527,highway safety program,2127-AG69,{3},1,{3},1.0
4528,highway use,"2060-AD55,2060-AJ76",{5},1,{5},1.0
4529,highway vehicle,1545-AX10,{7},1,{7},1.0
4530,hines emerald dragonfly,1018-AG37,{5},1,{5},1.0
4531,hipaa privacy,"0945-AA00,0945-AA03,0991-AB57,0991-AB80",{1},1,{1},1.0
4532,historic place,1024-AE49,{5},1,{5},1.0
4533,historic preservation,3090-AJ77,,0,,0.0
4534,historic property,"0710-AA51,1024-AC24,3010-AA04,3010-AA05,3010-AA06","{10, 5}",2,"{10, 5}",2.0
4535,historic site,"2125-AE64,2132-AA43",{3},1,{3},1.0
4536,historical research,"0790-AI12,0790-AJ07",{2},1,{2},1.0
4537,historical site,"2125-AF14,2132-AA83",{3},1,{3},1.0
4538,historically black college,"0750-AG90,9000-AH02",{2},1,{2},1.0
4539,hiv infection,"0910-AA05,0920-AA26,1651-AA71","{1, 2}",2,"{1, 2}",2.0
4540,hiv testing,2900-AN20,{13},1,{13},1.0
4541,hmda datum,2501-AD42,{13},1,{13},1.0
4542,hmo benefit,0720-AB56,{1},1,{1},1.0
4543,hodgkin 's disease,2900-AG99,{13},1,{13},1.0
4544,hold company,"3235-AJ35,7100-AD80,7100-AF20","{8, 7}",2,"{8, 7}",2.0
4545,hold facility,1076-AD77,,0,,0.0
4546,hold operation,0910-AB88,{1},1,{1},1.0
4547,holistic approach,"2050-AH10,2050-AH11",{5},1,{5},1.0
4548,holtec international,"3150-AJ12,3150-AJ62",{6},1,{6},1.0
4549,home care,2900-AO57,{13},1,{13},1.0
4550,home entertainment product,"3084-AA81,3084-AB09",{8},1,{8},1.0
4551,home equity conversion mortgage,"2502-AG93,2502-AH89,2502-AI04,2502-AI49,2502-AI50,2502-AI66,2502-AI79",{13},1,{13},1.0
4552,home health,0938-AQ36,{1},1,{1},1.0
4553,home improvement,2900-AO17,{13},1,{13},1.0
4554,home insulation,"3084-AA60,3084-AB40",{8},1,{8},1.0
4555,home investment,2501-AB12,{13},1,{13},1.0
4556,home mortgage,2502-AI61,{13},1,{13},1.0
4557,home oxygen,0938-AJ98,{1},1,{1},1.0
4558,home rule,2501-AB94,{13},1,{13},1.0
4559,homeland security,"1235-AA16,1601-AA06,1601-AA08,1601-AA17,1601-AA23,1615-AA14,1615-AC10,1652-AA20,1653-AA05","{2, 4}",2,"{2, 4}",2.0
4560,homeless assistance,0790-AG18,{2},1,{2},1.0
4561,homeless emergency assistance,"2506-AC26,2506-AC29,2506-AC31,2506-AC32,2506-AC33,2506-AC37,2506-AC47,2506-AC51",{13},1,{13},1.0
4562,homeless individual,2506-AB75,{13},1,{13},1.0
4563,homeless program,"0790-AI85,1830-AA17","{2, 10}",2,"{2, 10}",2.0
4564,homeless shelter,0584-AD56,{1},1,{1},1.0
4565,homeless veteran,"2900-AK51,2900-AQ07",{13},1,{13},1.0
4566,homeowner assistance program,"0790-AI58,0790-AI83",{2},1,{2},1.0
4567,homeowner flood insurance affordability act,"1557-AD84,1660-AA95","{2, 7}",2,"{2, 7}",2.0
4568,hood canal,0648-AK53,{5},1,{5},1.0
4569,hoopa valley indian reservation,1076-AD68,,0,,0.0
4570,hoover 's woolly star,1018-AG41,{5},1,{5},1.0
4571,hoover dam,1006-AA52,{5},1,{5},1.0
4572,horse industry organization,0579-AB04,{1},1,{1},1.0
4573,horse protection,"0579-AB04,0579-AE19",{1},1,{1},1.0
4574,horseshoe crab,0648-AO33,{5},1,{5},1.0
4575,hospice care,2900-AN98,{13},1,{13},1.0
4576,hospice program,1117-AA54,{1},1,{1},1.0
4577,hospice service,"0938-AG93,0938-AM87,0938-AP32",{1},1,{1},1.0
4578,hospital admission,0938-AC58,{1},1,{1},1.0
4579,hospital care,"2900-AJ04,2900-AJ18,2900-AK57,2900-AK77,2900-AL18,2900-AL35,2900-AM40,2900-AN07,2900-AO78,2900-AP59",{13},1,{1},1.0
4580,hospital claim,0720-AB58,{1},1,{1},1.0
4581,hospital clinic,0938-AO17,{1},1,{1},1.0
4582,hospital condition,"0938-AH17,0938-AI95,0938-AJ29,0938-AJ56,0938-AK08,0938-AK40,0938-AK95,0938-AM88,0938-AN30,0938-AP97",{1},1,{1},1.0
4583,hospital discharge,0938-AO41,{1},1,{1},1.0
4584,hospital inpatient,"0938-AP39,0938-AR12,0938-AR39,0938-AR53",{1},1,{1},1.0
4585,hospital mortgage insurance program,"2502-AI22,2502-AI74",{13},1,{13},1.0
4586,hospital outpatient service,"0938-AD33,0938-AI56,0938-AK25,0938-AK54,0938-AK59,0938-AL35",{1},1,{1},1.0
4587,hospital payment,0720-AA20,{1},1,{1},1.0
4588,hospital standard,0938-AE40,{1},1,{1},1.0
4589,hour contract,0750-AI56,{2},1,{2},1.0
4590,hourly rate,0648-AH24,{5},1,{5},1.0
4591,household due,0960-AD86,{13},1,{13},1.0
4592,household good,"0960-AF55,0960-AF84,2125-AE30,2126-AA32,2126-AA56,2126-AB51,2126-AB52,3090-AJ34,9000-AI28","{3, 13}",2,"{3, 13}",2.0
4593,household product,"3041-AB56,3041-AB57,3041-AB76,3041-AC12",{1},1,{1},1.0
4594,household substance,"3041-AA22,3041-AA59",{1},1,{1},1.0
4595,household use,3041-AB51,{1},1,{1},1.0
4596,housing and community development,2501-AD89,{13},1,{13},1.0
4597,housing and economic recovery act,2577-AC83,{13},1,{13},1.0
4598,housing assistance,"1660-AA68,2501-AB71,2501-AC17,2577-AC03,3090-AG60","{2, 13}",2,"{2, 13}",2.0
4599,housing choice voucher,"2577-AC41,2577-AC92,2577-AD06",{13},1,{13},1.0
4600,housing construction,2502-AJ21,{13},1,{13},1.0
4601,housing counseling program,"2502-AH99,2502-AI94",{13},1,{13},1.0
4602,housing finance agency,2502-AH01,{13},1,{13},1.0
4603,housing goal,"2501-AD12,2590-AA57","{13, 7}",2,"{13, 7}",2.0
4604,housing government sponsor enterprise,1506-AB14,{7},1,{7},1.0
4605,housing improvement program,"1076-AD52,1076-AF22",,0,,0.0
4606,housing opportunity,"2506-AB78,2506-AC11,2506-AC43,2506-AC46",{13},1,{13},1.0
4607,housing program,2506-AC26,{13},1,{13},1.0
4608,housing requirement,0648-AR32,{5},1,{5},1.0
4609,housing trust fund,"2506-AC30,2590-AA73","{13, 7}",2,"{13, 7}",2.0
4610,housing unit,"1120-AA90,1120-AB62",{12},1,{13},1.0
4611,hubzone certification,9000-AK22,,0,,0.0
4612,hubzone program,"3245-AE02,3245-AF31,3245-AF35,3245-AF44,3245-AH21",{8},1,{8},1.0
4613,hubzone small business,0560-AH10,{9},1,{9},1.0
4614,hud 's public housing,2501-AC77,{13},1,{13},1.0
4615,hud 's regulation,"2501-AC26,2501-AC32,2501-AD12,2529-AA78",{13},1,{13},1.0
4616,hud 's single family mortgage insurance program,"2502-AH57,2502-AI18",{13},1,{13},1.0
4617,hud employee,"2501-AC03,2501-AC34,2501-AC90,2501-AD18,2501-AD39",{13},1,{13},1.0
4618,hud housing program,"2501-AC49,2501-AC80,2501-AD71",{13},1,{13},1.0
4619,hud office,"2501-AD35,2501-AD46",{13},1,{13},1.0
4620,hud personnel,2501-AC20,{13},1,{13},1.0
4621,hud policy,2577-AC06,{13},1,{13},1.0
4622,hud program,"2501-AC08,2501-AC28,2501-AC31,2501-AC72,2501-AC89,2501-AD03,2501-AD49,2501-AD65,2501-AD91,2577-AC06,2577-AC65",{13},1,{13},1.0
4623,hud record,"2501-AD18,2501-AD39",{13},1,{13},1.0
4624,hud statement,2502-AI77,{13},1,{13},1.0
4625,human activity,0648-AN43,{5},1,{5},1.0
4626,human blood,"0910-AF00,0910-AF25",{1},1,{1},1.0
4627,human cell,"0910-AB05,0910-AB27,0910-AB28,0910-AF98",{1},1,{1},1.0
4628,human consumption,"0910-AG35,0910-AH93",{1},1,{1},1.0
4629,human development,"0925-AA19,0925-AA41",{1},1,{1},1.0
4630,human drug,"0910-AA28,0910-AA49,0910-AA72,0910-AA85,0910-AA97,0910-AB83,0910-AC35,0910-AC52,0910-AF96,0910-AG13",{1},1,{1},1.0
4631,human fetal tissue,0991-AC15,{1},1,{1},1.0
4632,human fetus,"0925-AA14,0940-AA02",{1},1,{1},1.0
4633,human figure,1024-AC50,{5},1,{5},1.0
4634,human food,"0583-AC88,0910-AC58,0910-AF47,0910-AF48,0910-AG36",{1},1,{1},1.0
4635,human health,2040-AC94,{5},1,{1},1.0
4636,human immunodeficiency virus hiv infection,0960-AG71,{13},1,{13},1.0
4637,human interaction,0648-AU02,{5},1,{5},1.0
4638,human leukocyte,0910-AI12,{1},1,{1},1.0
4639,human or animal consumption,0910-AC38,{1},1,{1},1.0
4640,human organ,0906-AB02,{1},1,{1},1.0
4641,human papillomavirus vaccine,0906-AA74,{1},1,{1},1.0
4642,human protection,1018-AD16,{5},1,{5},1.0
4643,human research,"2070-AD57,2070-AJ76",{5},1,{5},1.0
4644,human resource management,3206-AJ92,,0,,0.0
4645,human service,0991-AB34,{1},1,{1},1.0
4646,human study,0910-AC05,{1},1,{1},1.0
4647,human subject,"0412-AA53,0605-AA17,0750-AF96,0790-AH79,0910-AA60,0910-AI07,0925-AA21,0937-AA02,0937-AA06,0937-AA06,0940-AA03,1105-AB55,1121-AA70,1601-AA29,1880-AA75,1880-AA79,1890-AA08,1890-AA12,1901-AB14,2080-AA11,2501-AC26,2528-AA10,2700-AC99,2700-AE54,2900-AH68,2900-AJ08,3041-AC21,3041-AD54,3045-AA60,3145-AA42","{1, 2, 5, 6, 8, 10, 12, 13, 14}",9,"{1, 2, 5, 6, 8, 10, 12, 13, 14}",9.0
4648,human suffering,0694-AD38,{8},1,{8},1.0
4649,human tissue,"0910-AA40,0910-AA70,0910-AI41",{1},1,{1},1.0
4650,human trafficking,9000-AO00,,0,,0.0
4651,human use,"0910-AA87,0910-AB12,0910-AB45,0910-AB79,0910-AI30",{1},1,{1},1.0
4652,humane treatment,"0579-AA74,0579-AA78,0579-AA79",{1},1,{1},1.0
4653,humanitarian device,0910-AD93,{1},1,{1},1.0
4654,humanitarian operation,9000-AH45,,0,,0.0
4655,humanitarian reason,"1115-AE68,1653-AA04",{2},1,{2},1.0
4656,humpback chub,1018-BD47,{5},1,{5},1.0
4657,humpback whale,1018-BB80,{5},1,{5},1.0
4658,humpback whales,"0648-AN29,0648-BF98,0648-BI06",{5},1,{5},1.0
4659,hunt waterfowl,"1018-AG22,1018-AH64,1018-AH67,1018-AI33,1018-AT87,1018-AU09,1018-AU13,1018-AU28",{5},1,{5},1.0
4660,hunter education,"1018-AW65,1018-BA33,1018-BA56,1018-BE40",{5},1,{5},1.0
4661,hunting method,1018-AW19,{5},1,{5},1.0
4662,hurricane katrina,"1660-AA63,3060-AI78","{2, 11}",2,"{2, 11}",2.0
4663,hurricane sandy,1660-AA75,{2},1,{2},1.0
4664,hybrid adjustable rate mortgage,"2502-AI32,2900-AL54,2900-AL92",{13},1,{13},1.0
4665,hybrid and electric vehicle,"2127-AK93,2127-AL84",{3},1,{3},1.0
4666,hybrid iii,"2127-AK34,2127-AL10",{3},1,{3},1.0
4667,hybrid instrument,"1545-AR13,1545-BO15,3038-AB69",{7},1,{7},1.0
4668,hybrid seed,"0563-AB45,0563-AB46",{9},1,{9},1.0
4669,hydraulic brake,2127-AC94,{3},1,{3},1.0
4670,hydraulic fracturing,1004-AE26,{5},1,{5},1.0
4671,hydrocarbon refrigerant,2060-AP54,{5},1,{5},1.0
4672,hydroelectric power project,1024-AC64,{5},1,{5},1.0
4673,hydroelectric project,"1902-AB38,1902-AB71",{6},1,{6},1.0
4674,hydrogen fluoride,"2060-AG91,2060-AO16,2070-AJ10",{5},1,{5},1.0
4675,hydrogen sulfide,"1010-AB50,2137-AB63","{3, 5}",2,"{3, 5}",2.0
4676,hydropower license,"0596-AC42,0648-AU01,1090-AA91,1902-AB55","{5, 6}",2,"{5, 6}",2.0
4677,hydropower licensing,0648-AO84,{5},1,{5},1.0
4678,hydropower project,1902-AD46,{6},1,{6},1.0
4679,iaea standard,3150-AJ85,{6},1,{6},1.0
4680,ice protection,"2120-AI90,2120-AJ43",{3},1,{3},1.0
4681,identification marking,"0648-BD66,1140-AA02,1140-AA33,1512-AB84,1512-AC25","{1, 5}",2,"{1, 5}",2.0
4682,identification number,"0607-AA48,2137-AF25","{8, 3}",2,"{8, 3}",2.0
4683,identification plate,2120-AK15,{3},1,{3},1.0
4684,identification record,1105-AB35,{12},1,{12},1.0
4685,identification requirement,0579-AB33,{1},1,{1},1.0
4686,illegal entry,"1115-AG36,1615-AA64",{2},1,{2},1.0
4687,illegal immigration reform and immigrant responsibility act,"1115-AF56,1653-AA23",{2},1,{2},1.0
4688,illness prevention,1218-AB41,{4},1,{4},1.0
4689,illuminate exit sign,1904-AC72,{6},1,{6},1.0
4690,immediate family,3090-AJ06,,0,,0.0
4691,immediate notification,1219-AB63,{4},1,{4},1.0
4692,immediate relative,"1115-AE04,1115-AE33,1115-AF94,1400-AB38,1615-AA03,1615-AA42","{2, 14}",2,"{2, 14}",2.0
4693,immediate reporting,2115-AE89,{2},1,{2},1.0
4694,immediate suspension,1515-AB83,{2},1,{2},1.0
4695,immediate use,1120-AB67,{12},1,,0.0
4696,immigrant access,1400-AB37,{14},1,{14},1.0
4697,immigrant visa,"1400-AE83,1400-AE89",{14},1,{14},1.0
4698,immigration act,1400-AC06,{14},1,{14},1.0
4699,immigration and nationality act,"1115-AC18,1115-AC72,1115-AF70,1115-AG63,1125-AA61,1125-AA82,1190-AA71,1215-AA43,1215-AB05,1400-AA58,1400-AA59,1400-AA60,1400-AA61,1400-AB27,1400-AB84,1400-AB89,1400-AC02,1400-AC04,1400-AC14,1400-AC18,1400-AC86,1400-AC87,1400-AD17,1400-AD29,1400-AD30,1400-AD39,1400-AE14,1400-AE21,1400-AE53,1400-AE54,1400-AE55,1400-AE56,1400-AE62,1400-AE78,1400-AE79,1400-AE82,1400-AE83,1615-AA71,1615-AA75,1651-AA12,1653-AA57","{2, 4, 13, 14}",4,"{2, 4, 13, 14}",4.0
4700,immigration and naturalization act,1400-AA78,{14},1,{14},1.0
4701,immigration and naturalization service,"0960-AE36,1115-AD72,1115-AD90,1115-AE46,1115-AE82,1115-AE88,1115-AG49","{2, 13}",2,"{2, 13}",2.0
4702,immigration assistance,1115-AE18,{2},1,{2},1.0
4703,immigration benefit,"1115-AF03,1615-AA14,1615-AB94",{2},1,{2},1.0
4704,immigration court,1125-AA74,{2},1,{2},1.0
4705,immigration detainee,1105-AB56,{12},1,{12},1.0
4706,immigration enforcement,1115-AF20,{2},1,{2},1.0
4707,immigration judge,"1125-AA18,1125-AA44,1125-AA92",{2},1,{2},1.0
4708,immigration law,1601-AA06,{2},1,{2},1.0
4709,immigration matter,1125-AA86,{2},1,{2},1.0
4710,immigration petition,1115-AF36,{2},1,{2},1.0
4711,immigration proceeding,"1125-AA01,1125-AA62,1125-AA96",{2},1,{2},1.0
4712,immigration program,1205-AB14,{4},1,{4},1.0
4713,immigration regulation,"1125-AA67,1615-AB77",{2},1,{2},1.0
4714,immigration review,"1115-AE46,1115-AE88,1125-AA27,1125-AA53",{2},1,{2},1.0
4715,immigration service,1615-AC14,{2},1,{2},1.0
4716,immigration violation,"1115-AG22,1653-AA10",{2},1,{2},1.0
4717,immune disorder,"2900-AE95,2900-AQ17,2900-AQ43",{13},1,{13},1.0
4718,immune globulin,"0910-AE91,0910-AE95",{1},1,{1},1.0
4719,immune system disorder,"0960-AF33,0960-AG71",{13},1,{13},1.0
4720,impact analysis,"0579-AB66,0648-BC24,1018-AY62","{1, 5}",2,"{1, 5}",2.0
4721,implement executive order,1991-AB95,{6},1,{6},1.0
4722,implement measure,0648-AI98,{5},1,{5},1.0
4723,implement plan,0648-AK57,{5},1,{5},1.0
4724,implement procedure,2700-AC49,{10},1,,0.0
4725,implement program,0991-AC00,{1},1,{1},1.0
4726,implement provision,2060-AN82,{5},1,{5},1.0
4727,implement recommendation,0648-BA66,{5},1,{5},1.0
4728,implement regulation,"0648-AH41,0648-AX15",{5},1,,0.0
4729,implement requirement,3090-AF03,,0,,0.0
4730,implement section,"0560-AE04,0560-AE14",{9},1,,0.0
4731,implementation date,"0648-AP32,2115-AF25","{2, 5}",2,"{2, 5}",2.0
4732,implementation guideline,"1018-AI55,1018-AI59",{5},1,{5},1.0
4733,implementation issue,2070-AD52,{5},1,{5},1.0
4734,implementation period,2137-AE64,{3},1,{3},1.0
4735,implementation plan,"0910-AD96,2060-AN79","{1, 5}",2,"{1, 5}",2.0
4736,implementation regulation,0610-AA65,{8},1,{8},1.0
4737,implementation rule,3170-AA27,{7},1,{7},1.0
4738,implementation schedule,"3038-AD60,3038-AD89",{7},1,{7},1.0
4739,import administration,"0625-AA66,0625-AA97,0625-AA98,0625-AA99,0625-AB00",{8},1,{8},1.0
4740,import article,"0694-AB01,0694-AC07,1513-AB12","{8, 1}",2,"{8, 1}",2.0
4741,import beef,0581-AB90,{9},1,{9},1.0
4742,import document,2050-AG90,{5},1,{5},1.0
4743,import fee,0551-AA46,{9},1,{8},1.0
4744,import food,"0910-AB96,0910-AC41,0910-AG65",{1},1,{1},1.0
4745,import fruit,"0579-AB18,0581-AD67","{1, 9}",2,"{1, 9}",2.0
4746,import license,3150-AH89,{6},1,{8},1.0
4747,import livestock,0581-AB81,{9},1,{9},1.0
4748,import meat,0583-AC56,{1},1,{1},1.0
4749,import merchandise,"1505-AB49,1515-AC45,1515-AD53","{8, 2, 7}",3,"{8, 2, 7}",3.0
4750,import permit,1140-AA42,{1},1,{1},1.0
4751,import plant,0579-AA85,{1},1,{1},1.0
4752,import product,0583-AD39,{1},1,{1},1.0
4753,import provision,0579-AD65,{1},1,{1},1.0
4754,import regulation,"0579-AB83,0920-AA37,3041-AD08",{1},1,{1},1.0
4755,import request,0581-AD41,{9},1,{9},1.0
4756,import requirement,"0579-AB44,0579-AC50",{1},1,{1},1.0
4757,import restriction,"0579-AB31,0579-AC74,1140-AA29,1505-AB45,1505-AB50,1505-AB56,1505-AB59,1505-AB61,1505-AB63,1505-AB72,1505-AB74,1505-AB79,1505-AB80,1505-AB86,1505-AB87,1505-AB91,1505-AB99,1505-AC08,1505-AC11,1505-AC23,1515-AC22,1515-AC24,1515-AC46,1515-AC52,1515-AC61,1515-AC66,1515-AC70,1515-AC86,1515-AC95,1515-AD12,1515-AD16,1515-AD17,1515-AD70,1515-AD72,1515-AD73,1515-AD83,1515-AD84,1515-AD89,1515-AD90,1515-AD91,1515-AD92,1515-AD94,1515-AD95,1515-AD98,1515-AD99,1515-AE00,1515-AE01,1515-AE05,1515-AE07,1515-AE08,1515-AE14,1515-AE18,1515-AE19,1515-AE20,1515-AE29,1515-AE31,1515-AE32,1515-AE33,1515-AE37,1515-AE38,1515-AE40,1515-AE41,1515-AE42,1515-AE45","{8, 1, 2, 7}",4,"{8, 1, 2, 7}",4.0
4758,import seed,0579-AA64,{1},1,{1},1.0
4759,import table,0581-AD42,{9},1,{9},1.0
4760,import tobacco,0581-AB12,{9},1,{9},1.0
4761,import wine,1513-AB00,{1},1,{1},1.0
4762,importation and interstate movement,0579-AD71,{1},1,{1},1.0
4763,impose remedy,1125-AA40,{2},1,{2},1.0
4764,impoverished family,3090-AG63,,0,,0.0
4765,improper business practice,0750-AE02,{2},1,{2},1.0
4766,improper influence,3235-AI67,{8},1,{8},1.0
4767,improper use,2130-AC21,{3},1,,0.0
4768,improve management,0584-AC24,{1},1,{1},1.0
4769,improve seat,2120-AC84,{3},1,{3},1.0
4770,improve standard,2120-AB17,{3},1,{3},1.0
4771,in kind support,0960-AF50,{13},1,{13},1.0
4772,inadequate monitoring,2060-AM63,{5},1,{5},1.0
4773,inadvertent error,"2060-AR56,2060-AS15",{5},1,{5},1.0
4774,inaugural event,1024-AD71,{5},1,{5},1.0
4775,inc petition,3060-AH19,{11},1,{11},1.0
4776,incandescent lamp,"1904-AA92,3084-AA61","{8, 6}",2,"{8, 6}",2.0
4777,incandescent light,"1625-AA55,2115-AF98",{2},1,{2},1.0
4778,incentive amendment,2040-AD05,{5},1,{5},1.0
4779,incentive auction,3060-AJ82,{11},1,{11},1.0
4780,incentive award,"3206-AG15,3206-AL60",,0,,0.0
4781,incentive base compensation arrangement,"1550-AC49,1557-AD39,1557-AD54,2590-AA42,3064-AD86,3133-AD88,3133-AE48,3235-AL06,7100-AD69,7100-AE50","{8, 7}",2,"{8, 7}",2.0
4782,incentive fee,3235-AK71,{8},1,{8},1.0
4783,incentive payment,"0938-AI27,0970-AB85",{1},1,{1},1.0
4784,incentive program,"0750-AE83,0938-AP78,3038-AE11","{1, 2, 7}",3,"{1, 2, 7}",3.0
4785,incentive regulation,3225-AA14,{12},1,{12},1.0
4786,incident management,1090-AB02,{5},1,{5},1.0
4787,incident reporting,"1010-AC57,1014-AA20",{5},1,{5},1.0
4788,incidental catch,0648-AR11,{5},1,{5},1.0
4789,incidental expense,"1400-AA99,1545-BB19,1545-BB20,3090-AJ99","{14, 7}",2,"{14, 7}",2.0
4790,incidental power,"3133-AC07,3133-AD12",{7},1,{7},1.0
4791,incidental take,"1018-AF54,1018-AX32,1018-BA69",{5},1,{5},1.0
4792,incidental taking,"0648-AG78,0648-AG80,0648-AK33,0648-AM62,1018-AH74",{5},1,{5},1.0
4793,income credit,1545-BA34,{7},1,{7},1.0
4794,income deduction,"0584-AC81,0584-AE05",{1},1,{1},1.0
4795,income eligibility,0584-AC88,{1},1,{1},1.0
4796,income limit,0560-AG86,{9},1,{9},1.0
4797,income tax,"1545-AB21,1545-AC58,1545-AD81,1545-AE30,1545-AE86,1545-AE94,1545-AG71,1545-AH72,1545-AI32,1545-AJ57,1545-AL77,1545-AM98,1545-BA26,1545-BE60",{7},1,{7},1.0
4798,income taxation,"1545-AJ20,1545-AT67",{7},1,{7},1.0
4799,income taxis,1545-AU47,{7},1,{7},1.0
4800,income verification,2501-AD48,{13},1,{13},1.0
4801,incorrect reference,0648-BI19,{5},1,{5},1.0
4802,increase administrative cost,0938-AH90,{1},1,{1},1.0
4803,increase age,1545-BA10,{7},1,{7},1.0
4804,increase allowance,"2900-AH78,2900-AI53,2900-AI94,2900-AJ40,2900-AK41,2900-AL52,2900-AL81",{13},1,{13},1.0
4805,increase availability,0694-AD61,{8},1,{8},1.0
4806,increase cost,1660-AA30,{2},1,,0.0
4807,increase fee,0583-AD40,{1},1,{1},1.0
4808,increase rate,"1660-AA25,2900-AL64,3067-AD27","{2, 13}",2,"{2, 13}",2.0
4809,increase risk,"0910-AA05,0910-AB76",{1},1,,0.0
4810,increase safety measure,"1010-AD68,1014-AA02",{5},1,{5},1.0
4811,incumbent local exchange carrier,"3060-AH20,3060-AH76,3060-AH77",{11},1,{11},1.0
4812,indenture labor,"1515-AE22,1515-AE36",{8},1,{8},1.0
4813,independent accountant,1557-AC10,{7},1,{7},1.0
4814,independent audits,3064-AB47,{7},1,{7},1.0
4815,independent director,3235-AH75,{8},1,{8},1.0
4816,independent laboratory,1219-AA87,{4},1,,0.0
4817,independent living,"0985-AA12,1820-AA81","{1, 10}",2,"{1, 10}",2.0
4818,independent ownership,1902-AC70,{6},1,{6},1.0
4819,independent panel,3060-AI78,{11},1,,0.0
4820,independent public accountant,3064-AA64,{7},1,{7},1.0
4821,independent research,"0750-AI81,1991-AB12","{2, 6}",2,"{2, 6}",2.0
4822,independent review,0584-AE17,{1},1,,0.0
4823,independent state,"1115-AD29,1615-AB14",{2},1,{2},1.0
4824,independent study,"2900-AI34,2900-AL34,2900-AQ00",{13},1,,0.0
4825,independent system operator,"1902-AE43,1902-AF10,1902-AF12,1902-AF18,1902-AF31,1902-AF32,1902-AF37",{6},1,{6},1.0
4826,independent transmission company,3235-AI27,{8},1,{8},1.0
4827,indexed annuity,"3235-AK16,3235-AK49",{8},1,{8},1.0
4828,india 's membership,0694-AH49,{8},1,{8},1.0
4829,indian act,"0917-AA18,1090-AB03","{1, 5}",2,"{1, 5}",2.0
4830,indian affair,"1076-AB05,1076-AD64,2125-AE53",{3},1,{3},1.0
4831,indian art,"1076-AE16,1090-AA45",{5},1,{5},1.0
4832,indian blood,"1076-AD78,1076-AD97",,0,,0.0
4833,indian child,1810-AB54,{10},1,{10},1.0
4834,indian country,"1105-AB38,2012-AA02,2025-AA31,2060-AG90,2060-AH37,2060-AK06,2060-AQ95,2060-AR25,2060-AR98,2060-AS24,2060-AS27,2060-AT96,2060-AU45","{12, 5}",2,"{12, 5}",2.0
4835,indian education,1076-AF13,,0,,0.0
4836,indian enterprise,1076-AC77,,0,,0.0
4837,indian entity,0694-AD13,{8},1,{8},1.0
4838,indian fishing,"1076-AD39,1076-AD68",,0,,0.0
4839,indian good,3141-AA62,,0,,0.0
4840,indian group,1076-AE96,,0,,0.0
4841,indian home,2577-AB35,{13},1,{13},1.0
4842,indian hospital,1076-AE15,,0,,0.0
4843,indian housing,"2577-AB40,2577-AB78,2577-AC04",{13},1,{13},1.0
4844,indian land,"1024-AE00,1029-AB83,1029-AC53,1076-AD40,1076-AD42,1076-AE03,1076-AE58,1076-AE63,1076-AE98,1076-AF20,1076-AF37,1093-AA20",{5},1,{5},1.0
4845,indian lease,"1010-AB57,1010-AC24,1010-AC72",{5},1,{5},1.0
4846,indian organization,"0750-AC83,0750-AD42,0750-AK06,9000-AI52",{2},1,{2},1.0
4847,indian proposal,1018-AF24,{5},1,{5},1.0
4848,indian reservation,"0584-AB56,0584-AB67,0584-AB83,0584-AC65,0584-AD01,0584-AD02,0584-AD12,0584-AD85,0584-AD95,0584-AE05,0584-AE58,0584-AE74,0584-AE78,1018-AT12,1018-AT13,1076-AC77,1076-AD25,1076-AD67,1076-AE67,1076-AF46,2008-AA02,2008-AA03,2012-AA01,2040-AF62,2577-AC06","{1, 13, 5}",3,"{1, 13, 5}",3.0
4849,indian self determination act,"0917-AA04,1076-AD54",{1},1,{1},1.0
4850,indian tribal government,"0505-AA09,0605-AA10,0960-AE28,2030-AA34,3206-AG61,3206-AJ94","{8, 9, 5, 13}",4,"{8, 9, 5, 13}",4.0
4851,indian tribal govts,"1660-AA20,3067-AD28,3206-AK27",{2},1,{2},1.0
4852,indian tribe,"0560-AH67,0970-AB53,0970-AB73,0985-AA15,1076-AC51,1076-AD31,1076-AE18,1076-AE96,1076-AF18,1902-AC42,2060-AF79,2060-AH98,2577-AB31,9000-AK18","{1, 5, 6, 9, 13}",5,"{1, 5, 6, 9, 13}",5.0
4853,indian trust,1076-AE36,,0,,0.0
4854,indiana bat,1018-AF50,{5},1,{5},1.0
4855,indirect cost,"0750-AA28,0750-AB17",{2},1,{2},1.0
4856,individual 's application,0960-AI10,{13},1,{13},1.0
4857,individual 's failure,1545-AX31,{7},1,{7},1.0
4858,individual access,"0945-AA01,0991-AB74",{1},1,{1},1.0
4859,individual account plan,"1210-AB19,1210-AB58",{4},1,{4},1.0
4860,individual assistance,"1660-AA71,1660-AA83",{2},1,{2},1.0
4861,individual claim,"0938-AG18,0938-AH97",{1},1,{1},1.0
4862,individual compensation,"0750-AA49,0750-AB29,0750-AB53",{2},1,{2},1.0
4863,individual coverage,"0938-AH75,0938-AN61",{1},1,{1},1.0
4864,individual debtor,1545-BF13,{7},1,{7},1.0
4865,individual development account,0970-AC08,{1},1,{1},1.0
4866,individual disability,2900-AP48,{13},1,{13},1.0
4867,individual engagement,0945-AA00,{1},1,{1},1.0
4868,individual fishing quota,"0648-AR96,0648-AT43,0648-AV64",{5},1,{5},1.0
4869,individual fund,1076-AF12,,0,,0.0
4870,individual health insurance market,"0938-AJ48,0938-AN35",{1},1,{1},1.0
4871,individual indians,"0970-AB59,1076-AD11,1076-AE22,1076-AE56",{1},1,{1},1.0
4872,individual market,"0938-AH75,0938-AN61,0938-AR25,0938-AR26",{1},1,,0.0
4873,individual practitioner,"1117-AA89,1117-AB21",{1},1,{1},1.0
4874,individual privacy,1290-AA16,{4},1,{4},1.0
4875,individual quota,0648-AF90,{5},1,{5},1.0
4876,individual request,"0702-AA61,0702-AB00",{2},1,{2},1.0
4877,individual retirement,1210-AB12,{4},1,{4},1.0
4878,individual state,0648-BD00,{5},1,,0.0
4879,individual surety,9000-AN39,,0,,0.0
4880,individual unit,2502-AI54,{13},1,{13},1.0
4881,individual visa,1400-AB27,{14},1,{14},1.0
4882,individual with disability education act,"1820-AB54,1820-AB77",{10},1,{10},1.0
4883,indoor air quality,1218-AB37,{4},1,{4},1.0
4884,indoor tanning service,"1545-BJ40,1545-BJ41",{7},1,{7},1.0
4885,industrial and commercial boiler,2060-AM80,{5},1,{5},1.0
4886,industrial compound,0579-AB89,{1},1,{1},1.0
4887,industrial design,0651-AC87,{8},1,{8},1.0
4888,industrial device,"3150-AD34,3150-AG06",{6},1,{6},1.0
4889,industrial equipment,"1515-AD82,1904-AE10","{8, 6}",2,"{8, 6}",2.0
4890,industrial landfill,2060-AQ03,{5},1,{5},1.0
4891,industrial use,1117-AA55,{1},1,{1},1.0
4892,industry code,"3150-AE26,3150-AG61,3150-AH24,3150-AH76,3150-AI53",{6},1,{6},1.0
4893,industry guide,3235-AI10,{8},1,{8},1.0
4894,industry petition,"2060-AL86,2137-AF30","{3, 5}",2,"{3, 5}",2.0
4895,industry sector,2025-AA33,{5},1,{5},1.0
4896,industry standard,"1014-AA28,1625-AC52,2115-AF09,2137-AC11,2137-AD06,2137-AD11,2506-AC45","{13, 2, 3, 5}",4,"{13, 2, 3, 5}",4.0
4897,inert ingredient,2070-AJ62,{5},1,{5},1.0
4898,infant formula,"0910-AA04,0910-AF27",{1},1,{1},1.0
4899,infant pillow,"3041-AC29,3041-AC30",{1},1,{1},1.0
4900,infant swing,3041-AC90,{1},1,{1},1.0
4901,infant walker,"3041-AC59,3041-AC89",{1},1,{1},1.0
4902,infectious disease,"1120-AA23,1218-AC46,2900-AE95,2900-AQ17,2900-AQ43","{13, 12, 4}",3,"{13, 12, 4}",3.0
4903,infectious material,0920-AA37,{1},1,{1},1.0
4904,infectious substance,"0920-AA02,2137-AC36,2137-AD13,2137-AD93","{1, 3}",2,"{1, 3}",2.0
4905,inflation adjustment,"0750-AF16,0750-AG41,0750-AH65,0750-AI43,0750-AJ85,0750-AK76,0790-AG36,0960-AH87,0991-AA89,1014-AA12,1018-BB32,1024-AE34,1024-AE37,1125-AA61,1219-AB81,1653-AA57,1840-AD47,1901-AA76,1990-AA32,1990-AA43,1990-AA46,2130-AC61,2133-AB48,2135-AA09,2135-AA16,2135-AA23,2137-AF16,2501-AC91,2501-AD30,2501-AD59,3072-AB96,3072-AC36,3072-AC55,3072-AC63,3072-AC67,3072-AC70,3072-AC74,3150-AI44,3150-AJ25,3235-AJ69,3235-AL38,3245-AE56,3245-AF41,3245-AG60,9000-AK26,9000-AL51,9000-AM80,9000-AN67,9000-AN96","{1, 2, 3, 4, 5, 6, 8, 10, 13}",9,"{1, 2, 3, 4, 5, 6, 8, 10, 13}",9.0
4906,inflation index,3064-AD01,{7},1,{7},1.0
4907,informal complaint,3060-AI02,{11},1,,0.0
4908,informal procedure,"3038-AC57,3072-AC57","{3, 7}",2,"{3, 7}",2.0
4909,information access,3038-AC02,{7},1,{7},1.0
4910,information action,0648-BB55,{5},1,{5},1.0
4911,information amendment,2550-AA42,{13},1,{13},1.0
4912,information and privacy act,3245-AD66,{8},1,{8},1.0
4913,information assurance,0750-AD86,{2},1,{2},1.0
4914,information circular,"1652-AA05,2110-AA07",{2},1,{2},1.0
4915,information collection,"0648-BC29,1004-AD94,1904-AD13","{5, 6}",2,"{5, 6}",2.0
4916,information disclosure,3041-AD36,{1},1,{1},1.0
4917,information form,"3072-AB85,3072-AB92,3072-AB95,3072-AC24",{3},1,{3},1.0
4918,information law,2900-AI23,{13},1,{13},1.0
4919,information medium,2700-AD25,{10},1,{10},1.0
4920,information order,"0581-AB61,0581-AB62,0581-AB78,0581-AB92,0581-AC05,0581-AC06,0581-AC79,0581-AD55,0581-AD79",{9},1,{9},1.0
4921,information regulation,"0991-AC04,3245-AE03","{8, 1}",2,"{8, 1}",2.0
4922,information reporting,"1545-AL99,1545-AP10,1545-BB60,1545-BC79,1545-BC80,1545-BF18,1545-BG53,1545-BH69,1545-BH70,1545-BJ70,1545-BL48,1545-BM54,1545-BN23,1545-BN27,1545-BN73,1545-BN74",{7},1,{7},1.0
4923,information requirement,"0648-AT97,0648-AU80,1902-AC81","{5, 6}",2,"{5, 6}",2.0
4924,information return,"1545-BA43,1545-BE11,1545-BE12,1545-BE47,1545-BF49,1545-BL68",{7},1,{7},1.0
4925,information security,0694-AD73,{8},1,{8},1.0
4926,information sharing,"0930-AA32,2137-AF08,2590-AA35","{1, 3, 7}",3,"{1, 3, 7}",3.0
4927,information statement,"1545-AS97,3235-AH66","{8, 7}",2,"{8, 7}",2.0
4928,information system,"1625-AA29,2115-AG09",{2},1,{2},1.0
4929,information technology,"0750-AE98,0750-AJ12,0750-AJ39,3090-AJ15,9000-AI37,9000-AK21,9000-AN48",{2},1,{2},1.0
4930,informational material,"3090-AG78,3090-AJ74",,0,,0.0
4931,informed consent,"0910-AA60,0910-AA89,0910-AC25,0910-AH52,2900-AH72,2900-AM19,2900-AM21,2900-AM21,2900-AQ16","{1, 13}",2,"{1, 13}",2.0
4932,infrastructure improvement,1545-BI10,{7},1,{7},1.0
4933,infrastructure investment,"3060-AK32,3060-AK65",{11},1,,0.0
4934,infusion pump,0910-AG54,{1},1,{1},1.0
4935,infusion therapy,0938-AT39,{1},1,{1},1.0
4936,ingredient labeling,"0910-AE71,0910-AE72",{1},1,{1},1.0
4937,ingredient restriction,0583-AD24,{1},1,{1},1.0
4938,inherent reasonableness,"0938-AI37,0938-AJ97,0938-AN81",{1},1,{1},1.0
4939,inherently governmental function,"0348-AB66,0750-AF09,9000-AF46,9000-AM41",{2},1,{2},1.0
4940,inherit ira,1210-AB16,{4},1,{4},1.0
4941,initial adjustment,3038-AE45,{7},1,{7},1.0
4942,initial appointment,"3206-AI47,3206-AN60",,0,,0.0
4943,initial certificate,3150-AJ86,{6},1,{6},1.0
4944,initial decision,2529-AA95,{13},1,{13},1.0
4945,initial determination,3220-AB06,{13},1,{13},1.0
4946,initial evaluation,"2900-AM25,2900-AN13",{13},1,{13},1.0
4947,initial implementation,"0648-AV63,0694-AF65","{8, 5}",2,"{8, 5}",2.0
4948,initial margin requirement,3038-AE77,{7},1,{7},1.0
4949,initial public offering,"3235-AG52,3235-AH85",{8},1,{8},1.0
4950,initial report,0691-AA46,{8},1,{8},1.0
4951,initial screening,2070-AD61,{5},1,{5},1.0
4952,initiate removal proceeding,"1115-AF87,1653-AA08",{2},1,{2},1.0
4953,injurious wildlife,"1018-AE34,1018-AF53,1018-AF88,1018-AG70,1018-AT29",{5},1,{5},1.0
4954,injury and illness prevention program,1218-AC48,{4},1,{4},1.0
4955,inmate access,1120-AB57,{12},1,{12},1.0
4956,inmate work,"1120-AA28,1120-AA74,1120-AB33,1120-AB52",{12},1,{12},1.0
4957,innovative new technology,0750-AD17,{2},1,{2},1.0
4958,innovative technology,"0610-AA67,0938-AT19,0938-AT88,1901-AB21,1901-AB27,1901-AB32,1901-AB38","{8, 1, 6}",3,"{8, 1, 6}",3.0
4959,inorganic byproduct,2070-AK31,{5},1,{5},1.0
4960,inpatient care,"2900-AK57,2900-AK94,2900-AM88",{13},1,{13},1.0
4961,inpatient psychiatric facility,0938-AT69,{1},1,{1},1.0
4962,inpatient psychiatric unit,0938-AQ28,{1},1,{1},1.0
4963,inpatient rehabilitation hospital,"0938-AL40,0938-AL95",{1},1,{1},1.0
4964,inpatient rehabilitation unit,0938-AQ28,{1},1,{1},1.0
4965,ins authority,1400-AB01,{14},1,{14},1.0
4966,ins policy,"1115-AE10,1115-AE11",{2},1,{2},1.0
4967,insect bite,0910-AD60,{1},1,{1},1.0
4968,insect repellent,2070-AJ45,{5},1,{5},1.0
4969,insider trade,3235-AI71,{8},1,{8},1.0
4970,insider trading,"3038-AB35,3235-AH82","{8, 7}",2,"{8, 7}",2.0
4971,inspect establishment,0583-AD34,{1},1,{1},1.0
4972,inspect vessel,1625-AB51,{2},1,{2},1.0
4973,inspection and maintenance standard,2130-AB64,{3},1,{3},1.0
4974,inspection fee,"0581-AC32,0910-AE33,1018-AV31","{9, 5, 1}",3,"{9, 5, 1}",3.0
4975,inspection maintenance,2060-AH62,{5},1,{5},1.0
4976,inspection service,"0579-AA81,0579-AB05,0579-AB88,0579-AC99,0579-AD77,0581-AC55,0581-AD25,0583-AC13,0583-AC54","{1, 9}",2,"{1, 9}",2.0
4977,inspector general,"0750-AG97,0790-AJ65,0790-AK58,0991-AA94,0991-AB40,0991-AB43,1400-AE60,3048-AA02,3072-AC50,3245-AF18","{1, 2, 3, 8, 14}",5,"{1, 2, 3, 8, 14}",5.0
4978,inspector regulation,"0910-AH49,0910-AI27",{1},1,{1},1.0
4979,instal system,"2120-AJ64,2120-AJ83",{3},1,{3},1.0
4980,installment basis,3235-AH58,{8},1,{8},1.0
4981,installment payment,"0960-AE59,3206-AM30",{13},1,{13},1.0
4982,installment sale,1545-AW47,{7},1,{7},1.0
4983,institutional boiler,"2060-AM44,2060-AR13,2060-AR14,2060-AS09,2060-AS10,2060-AU20",{5},1,{5},1.0
4984,institutional cost,3211-AA11,{11},1,{11},1.0
4985,institutional investment manager,"3235-AG97,3235-AK23",{8},1,{8},1.0
4986,institutional management,1120-AA70,{12},1,,0.0
4987,institutional review board,"0910-AC17,0910-AI08",{1},1,{1},1.0
4988,institutional services,0938-AG90,{1},1,{1},1.0
4989,institutionalized child,0960-AE61,{13},1,{13},1.0
4990,instrument flight rule,"2120-AG22,2120-AG53,2120-AG55",{3},1,{3},1.0
4991,insular affair,"1090-AB04,1093-AA17",{5},1,{5},1.0
4992,insular area,"0524-AA25,0524-AA68,2506-AB81","{9, 13}",2,"{9, 13}",2.0
4993,insurable interest,"3206-AM20,3206-AN02",,0,,0.0
4994,insurance activity,7100-AE53,{7},1,{7},1.0
4995,insurance business,1545-AY20,{7},1,,0.0
4996,insurance certificate,"2125-AD94,2126-AA24,3120-AC02",{3},1,{3},1.0
4997,insurance company,"1506-AA36,1506-AA50,1506-AA70,1545-AS56,1545-AX54,1545-AY49,1545-AY60,1545-BF02,1545-BH11,3064-AD89",{7},1,,0.0
4998,insurance coverage,"0563-AB07,1660-AA09,3064-AC30,3067-AC96,3067-AD00,3067-AD02,3133-AD98","{9, 2, 7}",3,"{9, 2, 7}",3.0
4999,insurance income,1545-AJ70,{7},1,{7},1.0
5000,insurance liability,0750-AA05,{2},1,{2},1.0
5001,insurance obligation,1215-AB38,{4},1,{4},1.0
5002,insurance product,"3235-AG37,3235-AG38,3235-AG39,3235-AH23",{8},1,{8},1.0
5003,insurance program,0563-AB35,{9},1,,0.0
5004,insurance provider,0563-AB71,{9},1,,0.0
5005,insurance rate,3067-AC42,{2},1,,0.0
5006,insurance regulation,"0563-AB81,0563-AC17,0563-AC19",{9},1,,0.0
5007,insurance requirement,"0560-AE60,3067-AC90,3116-AA05","{9, 2, 14}",3,"{9, 2, 14}",3.0
5008,insurance transaction,"0691-AA53,0691-AA69,0691-AA88",{8},1,{8},1.0
5009,insure deposit,3064-AE00,{7},1,{7},1.0
5010,insure depository institution,"3064-AC28,3064-AD44,3064-AD53,3064-AD55,3064-AD59,3064-AF02,3064-AF05",{7},1,{7},1.0
5011,insure loan,0560-AG42,{9},1,,0.0
5012,insure loss,"1505-AB10,1505-AB92",{7},1,{7},1.0
5013,insure organization,0938-AF15,{1},1,{1},1.0
5014,insure person,0960-AG16,{13},1,{13},1.0
5015,insure state,"3064-AC15,3064-AE36",{7},1,{7},1.0
5016,insure structure,"1660-AA14,3067-AC79,3067-AD16",{2},1,{2},1.0
5017,insurer report,2127-AK69,{3},1,{3},1.0
5018,intangible asset,"0691-AA54,0691-AA60,0691-AA61,0691-AA76,1545-BA00","{8, 7}",2,"{8, 7}",2.0
5019,intangible right,"0691-AA28,0691-AA39",{8},1,{8},1.0
5020,integrate resource planning,1901-AB24,{6},1,{6},1.0
5021,integrate strategy,2060-AJ38,{5},1,{5},1.0
5022,integrated service digital network,3060-AG08,{11},1,{11},1.0
5023,integration rule,1557-AD80,{7},1,{7},1.0
5024,intellectual disability,"0720-AB67,0960-AH52,3206-AM07","{1, 13}",2,"{1, 13}",2.0
5025,intellectual property,0691-AA87,{8},1,{8},1.0
5026,intelligent network,3060-AF08,{11},1,{11},1.0
5027,intend use,"0910-AH19,0910-AH94",{1},1,{1},1.0
5028,intent requirement,0648-BI23,{5},1,{5},1.0
5029,intentional or reckless disregard,1545-AY08,{7},1,{7},1.0
5030,intentional release,"2060-AH44,2060-AI40",{5},1,{5},1.0
5031,inter american tropical tuna commission,"0648-BA66,0648-BF38,0648-BH59",{5},1,{5},1.0
5032,interactive datum,"3235-AJ71,3235-AK13",{8},1,{8},1.0
5033,interactive program,0579-AB24,{1},1,{1},1.0
5034,interagency committee,9000-AL33,,0,,0.0
5035,interagency consultation,0648-AL06,{5},1,{5},1.0
5036,interagency cooperation,"0648-AX87,0648-BB80,0648-BB81,0648-BH41,1018-AW73,1018-BC87",{5},1,{5},1.0
5037,interagency coordination,3046-AA55,{4},1,{4},1.0
5038,interagency guidance,"1018-AH42,1550-AB97,1557-AC92,3064-AC87","{5, 7}",2,"{5, 7}",2.0
5039,interagency policy,0648-AO70,{5},1,{5},1.0
5040,interagency proposal,"1550-AB86,1557-AC80,3038-AC04,3064-AD16,3235-AJ06","{8, 7}",2,"{8, 7}",2.0
5041,interagency rule,1557-AD75,{7},1,{7},1.0
5042,interbank offer rate,1545-BO91,{7},1,{7},1.0
5043,intercompany transaction,"1545-AL63,1545-AT58,1545-BD55,1545-BF32",{7},1,{7},1.0
5044,intercountry adoption,"1115-AF96,1400-AC19,1400-AC20,1400-AD82,1400-AD91,1400-AE39,1615-AA43","{2, 14}",2,"{2, 14}",2.0
5045,interest charge,0960-AD75,{13},1,{13},1.0
5046,interest coverage,2030-AA52,{5},1,{5},1.0
5047,interest credit,0575-AB16,{9},1,,0.0
5048,interest disclosure,1991-AB52,{6},1,{6},1.0
5049,interest expense,"1545-AM20,1545-AX72,1545-BA02,1545-BJ59,1545-BJ84",{7},1,{7},1.0
5050,interest payment,1545-AV41,{7},1,{7},1.0
5051,interest policy,"3038-AD39,3038-AD40",{7},1,{7},1.0
5052,interest prohibition,0991-AB52,{1},1,{1},1.0
5053,interest provision,"0720-AA41,3133-AC51","{1, 7}",2,"{1, 7}",2.0
5054,interest rate,"0560-AH66,1653-AA66,1902-AD98,3245-AG03","{8, 9, 2, 6}",4,"{8, 9, 2, 6}",4.0
5055,interest requirement,"0938-AN72,1545-AU72","{1, 7}",2,"{1, 7}",2.0
5056,interest restriction,3209-AA14,,0,,0.0
5057,interest rule,1210-AB32,{4},1,{4},1.0
5058,interest sign,2125-AE50,{3},1,{3},1.0
5059,interest subsidy,"0560-AF35,1076-AE42,1076-AE83",{9},1,{9},1.0
5060,interest transfer,0560-AH77,{9},1,{9},1.0
5061,interested member,3038-AB03,{7},1,{7},1.0
5062,interested party,1545-AY68,{7},1,,0.0
5063,interested person,3235-AH63,{8},1,{8},1.0
5064,interexchange marketplace,"3060-AG45,3060-AH61",{11},1,{11},1.0
5065,interexchange service,"3060-AG39,3060-AG48",{11},1,{11},1.0
5066,interference rule,0651-AA71,{8},1,{8},1.0
5067,interim action,"0648-AW87,0648-BE56",{5},1,{5},1.0
5068,interim assistance,0970-AC39,{1},1,{1},1.0
5069,interim basis,2040-AF01,{5},1,{5},1.0
5070,interim directive,"0596-AB97,0596-AB99,0596-AC03",{5},1,{5},1.0
5071,interim final,1545-BL69,{7},1,{7},1.0
5072,interim guideline,0651-AB98,{8},1,{8},1.0
5073,interim increase,0651-AC42,{8},1,{8},1.0
5074,interim measure,"0648-AM87,0648-BH15",{5},1,{5},1.0
5075,interim regulation,0648-AO44,{5},1,{5},1.0
5076,interim requirement,2060-AD71,{5},1,{5},1.0
5077,interim rule,"0648-AL14,0648-AL15,0648-AN99,0648-BA02,0648-BG07,1018-AU02,1559-AA01","{5, 7}",2,"{5, 7}",2.0
5078,interim standard,2050-AF05,{5},1,{5},1.0
5079,interim storage,3150-AE64,{6},1,{6},1.0
5080,interior 's standard,1024-AC24,{5},1,{5},1.0
5081,interior board,"1094-AA47,1094-AA53",{5},1,{5},1.0
5082,interior material,2127-AA44,{3},1,{3},1.0
5083,interlock directorate,1902-AC80,{6},1,{6},1.0
5084,interlock relationship,2105-AC54,{3},1,{3},1.0
5085,interlocutory appeal,1902-AD93,{6},1,{6},1.0
5086,intermarket trading system,3235-AH49,{8},1,{8},1.0
5087,intermediary oversight,3038-AC18,{7},1,{7},1.0
5088,intermediate care,0938-AK89,{1},1,{1},1.0
5089,intermediate hold company,1557-AE38,{7},1,{7},1.0
5090,intermittent resource,1902-AC76,{6},1,{6},1.0
5091,intermodal equipment,2126-AB34,{3},1,{3},1.0
5092,intermodal transportation,2125-AE13,{3},1,{3},1.0
5093,internal agency review,0910-AH37,{1},1,{1},1.0
5094,internal appeal process,7100-AB98,{7},1,{7},1.0
5095,internal claim,"0938-AQ66,0950-AA01,0991-AB70,1545-BJ62","{1, 7}",2,"{1, 7}",2.0
5096,internal combustion,2060-AQ13,{5},1,{5},1.0
5097,internal control,"3235-AH97,3235-AJ58,3235-AJ64,3235-AK48",{8},1,{8},1.0
5098,internal corrosion,"2137-AD52,2137-AE09",{3},1,{3},1.0
5099,internal investigation,1652-AA34,{2},1,{2},1.0
5100,internal policy,0412-AA76,{14},1,,0.0
5101,internal restructuring cost,0750-AA50,{2},1,{2},1.0
5102,internal revenue code,"1210-AA58,1545-AY08,1545-BD09,1545-BG75,1545-BM24,1545-BM25,1545-BO23,1545-BO24,1545-BO30,1545-BO46,3064-AC90","{4, 7}",2,"{4, 7}",2.0
5103,internal revenue service,"1545-AY05,1545-AY07,1545-BE13,1545-BE45,1545-BE46,1545-BH01,1545-BL88,1545-BL89,1545-BM55",{7},1,{7},1.0
5104,internal review process,1653-AA26,{2},1,{2},1.0
5105,internal staff,2105-AC42,{3},1,{3},1.0
5106,internal use,0910-AF74,{1},1,{1},1.0
5107,international accounting standards,3235-AH65,{8},1,{8},1.0
5108,international agreement,"0750-AC33,1400-AC21,1400-AD53,3150-AH10","{2, 14, 6}",3,"{2, 14, 6}",3.0
5109,international application,"0651-AB61,0651-AD43",{8},1,{8},1.0
5110,international arm traffic,1400-AC52,{14},1,{14},1.0
5111,international atomic energy agency,"0694-AD44,2137-AB60,2137-AE38,2137-AF42","{8, 3}",2,"{8, 3}",2.0
5112,international banking,"3064-AC05,3064-AC55,3064-AC85",{7},1,{7},1.0
5113,international border,2126-AB86,{3},1,{3},1.0
5114,international boundary,1901-AB47,{6},1,{6},1.0
5115,international carrier,0579-AB51,{1},1,{1},1.0
5116,international civil aviation organization technical instruction,2137-AD66,{3},1,{3},1.0
5117,international commerce,0648-AP35,{5},1,{5},1.0
5118,international commission,0648-BF17,{5},1,{5},1.0
5119,international convention,"0648-BA69,1625-AA16,1625-AB26,1625-AC44,1651-AA78,2115-AB41,2115-AF26","{2, 5}",2,"{2, 5}",2.0
5120,international cooperation,2120-AK08,{3},1,{14},1.0
5121,international development,0412-AA97,{14},1,{14},1.0
5122,international education,1840-AC30,{10},1,{10},1.0
5123,international effort,0651-AB36,{8},1,,0.0
5124,international financial reporting standard,"3235-AI92,3235-AJ90,3235-AJ93",{8},1,{8},1.0
5125,international fishery,"0648-BB64,0648-BB73,0648-BC14,0648-BC15,0648-BC87,0648-BC88,0648-BD44,0648-BD94,0648-BE21,0648-BE36,0648-BE58,0648-BE71,0648-BE84,0648-BE99,0648-BF03,0648-BF19,0648-BF23,0648-BF41,0648-BF65,0648-BF71,0648-BF93,0648-BG04,0648-BG22,0648-BG41,0648-BG66,0648-BG67,0648-BG78,0648-BG85,0648-BG93,0648-BH12,0648-BH30,0648-BI36,0648-BI37,0648-BI78,0648-BI79,0648-BJ23,0648-BJ26",{5},1,{5},1.0
5126,international inspection,0694-AD27,{8},1,{8},1.0
5127,international mail,1018-AE70,{5},1,{5},1.0
5128,international maritime dangerous good code,"2137-AC82,2137-AD41,2137-AD66,2137-AD92,2137-AD94,2137-AE16",{3},1,{3},1.0
5129,international marriage broker,1125-AA45,{2},1,{2},1.0
5130,international operation,"1545-BF90,1545-BG00,1557-AB26,2120-AJ31","{3, 7}",2,"{3, 7}",2.0
5131,international organization,"0583-AD50,0694-AC15,1545-AL93,1545-BG08,1601-AA18","{8, 1, 2, 7}",4,"{8, 1, 2, 7}",4.0
5132,international pacific halibut commission,"0648-AM52,0648-AT06,0648-AW94",{5},1,{5},1.0
5133,international regulation,"0703-AA65,0703-AB03",{2},1,{2},1.0
5134,international rule,"1625-AA34,2115-AG25",{2},1,{2},1.0
5135,international safety standard,2115-AF10,{2},1,{2},1.0
5136,international settlement policy,3060-AH22,{11},1,{11},1.0
5137,international space station,0694-AE52,{8},1,{8},1.0
5138,international standards,"0579-AB48,0579-AE11,1625-AB15,1625-AB46,2137-AD15,2137-AE01,2137-AE76,2137-AE87,2137-AF05,2137-AF18,2137-AF32,2137-AF46,3038-AE06","{1, 2, 3, 7}",4,"{1, 2, 3, 7}",4.0
5139,international study,1840-AC27,{10},1,{10},1.0
5140,international tax rule,1545-BN95,{7},1,{7},1.0
5141,international telecommunication service,3060-AI42,{11},1,{11},1.0
5142,international tender,3235-AD97,{8},1,{8},1.0
5143,international trade,"0691-AA49,1018-AC78,1018-AD55,1018-AD61,1018-AD87,1018-AF58,1018-AF66,1018-AH63,1018-AH78,1018-AI08,1018-AI90,1018-AV70,1018-AV71,1018-AW82,1018-AZ53,1018-AZ73,1018-BC71","{8, 5}",2,"{8, 5}",2.0
5144,international traffic,"1400-AA95,1400-AB61,1400-AB62,1400-AB70,1400-AB71,1400-AB82,1400-AB86,1400-AB97,1400-AC47,1400-AC51,1400-AC61,1400-AC63,1400-AC65,1400-AC66,1400-AC68,1400-AC70,1400-AC71,1400-AC72,1400-AC73,1400-AC74,1400-AC77,1400-AC80,1400-AC83,1400-AC84,1400-AC85,1400-AC88,1400-AC90,1400-AC91,1400-AC93,1400-AC94,1400-AC95,1400-AC96,1400-AC97,1400-AC98,1400-AC99,1400-AD00,1400-AD01,1400-AD02,1400-AD03,1400-AD04,1400-AD05,1400-AD07,1400-AD08,1400-AD10,1400-AD13,1400-AD15,1400-AD16,1400-AD18,1400-AD19,1400-AD22,1400-AD23,1400-AD24,1400-AD25,1400-AD26,1400-AD32,1400-AD33,1400-AD34,1400-AD35,1400-AD37,1400-AD40,1400-AD41,1400-AD46,1400-AD49,1400-AD56,1400-AD62,1400-AD64,1400-AD66,1400-AD68,1400-AD69,1400-AD70,1400-AD73,1400-AD77,1400-AD79,1400-AD89,1400-AD95,1400-AE05,1400-AE23,1400-AE24,1400-AE25,1400-AE26,1400-AE27,1400-AE28,1400-AE29,1400-AE30,1400-AE31,1400-AE32,1400-AE46,1400-AE51,1400-AE52,1400-AE66,1400-AE67,1400-AE70,1400-AE76,1400-AE94,1515-AB79,1515-AB88","{2, 14}",2,"{2, 14}",2.0
5145,international trafficking,1400-AC00,{14},1,{14},1.0
5146,international transaction,3235-AE15,{8},1,{8},1.0
5147,international transportation,3090-AJ34,,0,,0.0
5148,international travel,0691-AA79,{8},1,{8},1.0
5149,international water,0694-AC33,{8},1,{8},1.0
5150,international will,1400-AA56,{14},1,{14},1.0
5151,internationally agree requirement,0648-BB86,{5},1,{5},1.0
5152,internet availability,3235-AJ47,{8},1,{8},1.0
5153,internet base auction,1004-AE48,{5},1,{5},1.0
5154,internet freedom,3060-AK21,{11},1,{11},1.0
5155,internet name,0660-AA11,{11},1,{11},1.0
5156,internet posting,2050-AG90,{5},1,{5},1.0
5157,internet protocol,"3060-AJ11,3060-AK01",{11},1,{11},1.0
5158,internet publication,1651-AA94,{2},1,{2},1.0
5159,internet transaction,1510-AA95,{7},1,{7},1.0
5160,interpretative rule,1904-AC75,{6},1,{6},1.0
5161,interpretative statement,3038-AD83,{7},1,{7},1.0
5162,interpretive bulletin,"1210-AA50,1210-AA51,1210-AA70,1210-AA74,1210-AB22",{4},1,{4},1.0
5163,interpretive guideline,1215-AB58,{4},1,{4},1.0
5164,interpretive rule,"0648-AG96,0648-BA96,0648-BA99,3072-AC71,3170-AA52,3235-AJ97","{8, 3, 5, 7}",4,"{8, 3, 5, 7}",4.0
5165,interstate air quality rule,2060-AL76,{5},1,{5},1.0
5166,interstate banking,3064-AC95,{7},1,{7},1.0
5167,interstate branch,"1557-AB50,1557-AB95,3064-AC36",{7},1,{7},1.0
5168,interstate commerce,"2126-AA52,2126-AB52",{3},1,{3},1.0
5169,interstate compact,0790-AJ33,{2},1,{2},1.0
5170,interstate highway system,2125-AF00,{3},1,{3},1.0
5171,interstate land sale,2502-AG71,{13},1,{13},1.0
5172,interstate marketing,1006-AA40,{5},1,{5},1.0
5173,interstate motor carrier,2126-AB03,{3},1,{3},1.0
5174,interstate movement,"0579-AA85,0579-AA90,0579-AB08,0579-AB28,0579-AB55,0579-AB84,0579-AC12,0579-AC15,0579-AC34,0579-AC38,0579-AC62,0579-AC74,0579-AD29,0579-AD70,0579-AE15,0579-AE47",{1},1,{1},1.0
5175,interstate natural gas company,1902-AD68,{6},1,{6},1.0
5176,interstate natural gas pipeline,"1902-AB63,1902-AB68,1902-AC13,1902-AC22,1902-AC37,1902-AC47,1902-AC63,1902-AD21,1902-AD83,1902-AD87,1902-AE46,1902-AE82,1902-AF08,1902-AF08,1902-AF54",{6},1,{6},1.0
5177,interstate or foreign commerce,2126-AA56,{3},1,{3},1.0
5178,interstate rate,3060-AF12,{11},1,{11},1.0
5179,interstate service,3060-AH18,{11},1,{11},1.0
5180,interstate shipment,0920-AA19,{1},1,{1},1.0
5181,interstate system,"2125-AF06,2125-AF76",{3},1,{3},1.0
5182,interstate transport,"2060-AM93,2060-AM99,2060-AM99,2060-AN57,2060-AP50,2060-AR01,2060-AR22,2060-AR35,2060-AS70,2060-AT16",{5},1,{5},1.0
5183,intoxicated person,"2127-AH39,2127-AI44",{3},1,{3},1.0
5184,intraocular lense,0910-AA22,{1},1,{1},1.0
5185,intrastate commerce,2137-AB37,{3},1,{3},1.0
5186,intrastate operation,2126-AB03,{3},1,{3},1.0
5187,intrastate pipeline,1902-AE61,{6},1,{6},1.0
5188,introduce broker,"1506-AA44,3038-AB84,3038-AC37,3038-AC45,3038-AC74,3038-AE75",{7},1,{7},1.0
5189,inventory item,1545-BC65,{7},1,{7},1.0
5190,inversion transaction,"1545-BM45,1545-BM88",{7},1,{7},1.0
5191,investigation employee,"1105-AA60,1110-AA06",{12},1,{12},1.0
5192,investigation procedure,3147-AA01,{3},1,{3},1.0
5193,investigation regulation,2900-AI25,{13},1,{13},1.0
5194,investigation system,1901-AA66,{6},1,{6},1.0
5195,investigational device exemption,"0910-AA22,0910-AA92",{1},1,{1},1.0
5196,investigational drug,"0910-AC27,0910-AF13,0910-AF14",{1},1,{1},1.0
5197,investigational new drug,"0910-AA61,0910-AB11,0910-AB11",{1},1,{1},1.0
5198,investigational therapy,0910-AB37,{1},1,{1},1.0
5199,investigational use,"0910-AB02,0910-AH64",{1},1,{1},1.0
5200,investigative authority,"2140-AB23,3255-AA02",{3},1,{3},1.0
5201,investigative hearing,3147-AA02,{3},1,{3},1.0
5202,investigative policy,0960-AH79,{13},1,{13},1.0
5203,investigative requirement,2700-AC74,{10},1,{10},1.0
5204,investigatory material,0703-AB26,{2},1,{2},1.0
5205,investment activity,3235-AL01,{8},1,{8},1.0
5206,investment advice,"1210-AB12,1210-AB13,1210-AB32,1210-AB35",{4},1,{7},1.0
5207,investment adviser,"1210-AA80,1210-AA94,1506-AB10,3235-AD21,3235-AF81,3235-AG27,3235-AG36,3235-AH22,3235-AH24,3235-AH25,3235-AH27,3235-AH64,3235-AH78,3235-AI04,3235-AI05,3235-AI16,3235-AI65,3235-AI77,3235-AK32,3235-AK36,3235-AK92,3235-AM32,3235-AM36,3235-AM68","{8, 4, 7}",3,"{8, 4, 7}",3.0
5208,investment advisor,"1506-AA51,1506-AA71",{7},1,{7},1.0
5209,investment advisory client,3235-AH34,{8},1,{8},1.0
5210,investment advisory contract,3235-AJ10,{8},1,{8},1.0
5211,investment company,"3235-AF94,3235-AG57,3235-AH09,3235-AH75,3235-AI05,3235-AI28,3235-AI64,3235-AI77,3235-AJ10,3235-AK09,3235-AL22,3235-AM66",{8},1,{7},1.0
5212,investment income,"1545-BD16,1545-BD30",{7},1,{7},1.0
5213,investment interest,0938-AR33,{1},1,{1},1.0
5214,investment management,"3052-AB76,3052-AC50",{7},1,{7},1.0
5215,investment policy,"1210-AB28,1210-AB78,1991-AB80","{4, 6}",2,"{4, 6}",2.0
5216,investment security,"1557-AB61,1557-AB89,1557-AB94",{7},1,{7},1.0
5217,involuntary conversion,1545-BF37,{7},1,{7},1.0
5218,involuntary liquidation,"3133-AC06,3133-AC35,3133-AE60,3133-AE82",{7},1,{7},1.0
5219,iowa investment,3235-AH22,{8},1,{8},1.0
5220,iran sanction,9000-AL71,,0,,0.0
5221,irradiation treatment,0579-AD35,{1},1,{1},1.0
5222,irrevocable letter,"0596-AA93,9000-AG99,9000-AM53",{5},1,{5},1.0
5223,irrigation project,"1076-AC53,1076-AD44",,0,,0.0
5224,irs information,1545-BB15,{7},1,{7},1.0
5225,ischemic heart disease,2900-AN54,{13},1,{13},1.0
5226,isopropyl alcohol,2070-AC77,{5},1,{5},1.0
5227,israeli product,1515-AC39,{2},1,{2},1.0
5228,issue certification,0910-AG66,{1},1,{1},1.0
5229,issue identification,1902-AD06,{6},1,{6},1.0
5230,issue notice,"1115-AG22,1653-AA10",{2},1,{2},1.0
5231,issue passport,1400-AA62,{14},1,{14},1.0
5232,issue regulation,3090-AG17,,0,,0.0
5233,issue security,2503-AA14,{7},1,{7},1.0
5234,issuer review,3235-AK76,{8},1,{8},1.0
5235,jacob wetterling crime,"1105-AA36,1105-AA50,1105-AA81,1105-AB08",{12},1,{12},1.0
5236,james zadroga 9/11 health and compensation act,1105-AB39,{12},1,{12},1.0
5237,japanese ancestry,"1190-AA40,1190-AA42",{13},1,{13},1.0
5238,jet aircraft,2120-AF31,{3},1,{3},1.0
5239,jewelry manufacturer,0625-AA55,{8},1,{8},1.0
5240,job announcement,3206-AM00,,0,,0.0
5241,job creation,"0660-AA29,1205-AB64,3060-AJ74,3060-AJ84,3060-AJ86","{11, 4}",2,"{11, 4}",2.0
5242,job placement,1076-AD75,,0,,0.0
5243,job training,1076-AE88,,0,,0.0
5244,jobs act,"1545-BP21,3235-AL30,3235-AL31,3235-AL38,3235-AL38,3235-AL40","{8, 7}",2,"{8, 7}",2.0
5245,john d. dingell,1004-AE66,{5},1,{5},1.0
5246,john d. rockefeller,"1024-AC34,1024-AD09,1024-AD74,1024-AD82",{5},1,{5},1.0
5247,john doe,1545-BA31,{7},1,{7},1.0
5248,john f. kennedy international airport,"2120-AF31,2120-AJ28,2120-AJ48,2120-AJ89",{3},1,{3},1.0
5249,joint account,3064-AC16,{7},1,{7},1.0
5250,joint action,1400-AD51,{14},1,,0.0
5251,joint and several liability,1545-AW64,{7},1,{7},1.0
5252,joint board,1545-BM81,{7},1,{7},1.0
5253,joint chiefs,"0790-AJ73,0790-AK59",{2},1,{2},1.0
5254,joint commission,"0938-AI69,0938-AJ41,0938-AJ68,0938-AM38",{1},1,,0.0
5255,joint employer status,"1235-AA26,3046-AB16",{4},1,{4},1.0
5256,joint employment,1215-AB41,{4},1,{4},1.0
5257,joint ethic regulation,"0790-AF83,0790-AG63",{2},1,{2},1.0
5258,joint final rule,3038-AC32,{7},1,{7},1.0
5259,joint operation,2105-AD44,{3},1,{3},1.0
5260,joint rate,2140-AA14,{3},1,{3},1.0
5261,joint replacement,0938-AS64,{1},1,{1},1.0
5262,joint return,"1545-AW64,1545-AY83,1545-BI58",{7},1,{7},1.0
5263,joint rule,2020-AA43,{5},1,{5},1.0
5264,joint rulemaking,3235-AL29,{8},1,{8},1.0
5265,joint sale agreement,3060-AI55,{11},1,{11},1.0
5266,joint staff,0790-AI29,{2},1,{2},1.0
5267,joint statement,"2130-AB33,2132-AA73",{3},1,,0.0
5268,joint venture,"2577-AC00,9000-AN33,9000-AN59",{13},1,,0.0
5269,joshua tree,1018-BD27,{5},1,{5},1.0
5270,judge advocate general,"0703-AA54,0703-AA70,0703-AA88,0703-AA92,0703-AA94,0703-AB19",{2},1,{2},1.0
5271,judicial decision,2060-AS53,{5},1,{5},1.0
5272,judicial review,"0651-AC70,1115-AE46,1115-AG49,1545-BA31,1615-AA71","{8, 2, 7}",3,"{8, 2, 7}",3.0
5273,junior grade,0790-AG27,{2},1,{2},1.0
5274,jurisdictional agreement,1902-AD08,{6},1,{6},1.0
5275,jurisdictional change,1115-AF18,{2},1,{2},1.0
5276,jurisdictional scope,0694-AE94,{8},1,{8},1.0
5277,justice act,"0503-AA38,3170-AA27","{9, 7}",2,"{9, 7}",2.0
5278,justice department procedure,1105-AB13,{12},1,{12},1.0
5279,justice department program,"1105-AA83,1121-AA82",{12},1,{12},1.0
5280,juvenile criminal record,"1115-AG07,1615-AB01",{2},1,{2},1.0
5281,juvenile justice,"1121-AA39,1121-AA43,1121-AA83",{12},1,{12},1.0
5282,kanab ambersnail,"1018-AH16,1018-BD49",{5},1,{5},1.0
5283,kangaroo rat,"1018-AV07,1018-AV65",{5},1,{5},1.0
5284,karnal bunt,"0579-AA83,0579-AB14,0579-AB74",{1},1,{1},1.0
5285,kaspersky lab,9000-AN64,,0,,0.0
5286,kassem rmeiti,1506-AB22,{7},1,{7},1.0
5287,kennedy center,1024-AC61,{5},1,{5},1.0
5288,key employee,"3141-AA33,3141-AA35",,0,,0.0
5289,keyless ignition system,2127-AK88,{3},1,{3},1.0
5290,khan research laboratory,0694-AB60,{8},1,{8},1.0
5291,king mackerel,"0648-AI12,0648-AI92",{5},1,{5},1.0
5292,kirtland 's warbler,"1018-AZ90,1018-BC01",{5},1,{5},1.0
5293,kitchen range,1904-AA52,{6},1,{6},1.0
5294,know lead base paint,"2070-AD64,2501-AD45","{13, 5}",2,"{13, 5}",2.0
5295,knowledge test,2126-AC23,{3},1,{3},1.0
5296,korea free trade agreement,"0750-AH69,1515-AD86,9000-AM18","{8, 2}",2,"{8, 2}",2.0
5297,kraft pulp mill,2060-AR64,{5},1,{5},1.0
5298,ku band,3060-AH17,{11},1,{11},1.0
5299,l band,3060-AI05,{11},1,{11},1.0
5300,l status,"1115-AE96,1615-AA12",{2},1,{2},1.0
5301,label approval,"1512-AB34,1512-AB34",{1},1,{1},1.0
5302,label change,"0583-AC17,0583-AC42",{1},1,{1},1.0
5303,label dietary supplement,0910-AC09,{1},1,{1},1.0
5304,label requirement,0910-AF61,{1},1,{1},1.0
5305,label statement,"0910-AE08,0910-AE22",{1},1,{1},1.0
5306,labeling and storage requirement,0910-AE96,{1},1,{1},1.0
5307,labeling change,0910-AG94,{1},1,{1},1.0
5308,labeling requirement,"0583-AC90,0583-AC93,0583-AD24,0910-AA79,0910-AF26,0910-AF90,0910-AG34,0910-AH27,0910-AI43,1904-AC84,2127-AL88,2137-AC47,3041-AB16,3041-AC51,3041-AD56,3084-AA57,3084-AA89,3084-AB21","{8, 1, 3, 6}",4,"{8, 1, 3, 6}",4.0
5309,labeling rule,3041-AB81,{1},1,{1},1.0
5310,labeling standard,3084-AA64,{8},1,{8},1.0
5311,labor category,0750-AK40,{2},1,{2},1.0
5312,labor certification,"1205-AB23,1205-AB24,1205-AB30,1205-AB37,1205-AB42,1205-AB54,1205-AB77",{4},1,{4},1.0
5313,labor condition application,"1205-AB29,1205-AB38,1205-AB39,1205-AB43,1215-AB09",{4},1,{4},1.0
5314,labor law,"0750-AF06,2900-AJ81,3090-AI70","{2, 13}",2,"{2, 13}",2.0
5315,labor management reporting and disclosure act,"1215-AB52,1245-AA07",{4},1,{4},1.0
5316,labor management standard,"1215-AB16,1215-AB22",{4},1,{4},1.0
5317,labor organization,"1215-AB29,1215-AB34,1215-AB50,1215-AB62,1215-AB75,1245-AA02,1245-AA10",{4},1,{4},1.0
5318,labor program,"1290-AA21,1290-AA29,1291-AA41",{4},1,{4},1.0
5319,labor regulation,1205-AB44,{4},1,{4},1.0
5320,labor relation consultant,"1215-AB14,1294-AA12",{4},1,{4},1.0
5321,labor standard,"1205-AB50,1205-AB85,1215-AA78,1215-AA98,9000-AI96,9000-AJ79,9000-AK13,9000-AK81",{4},1,{4},1.0
5322,laboratory accreditation,0910-AH31,{1},1,{1},1.0
5323,laboratory certification,"2040-AD04,2105-AC37","{3, 5}",2,"{3, 5}",2.0
5324,laboratory service,0938-AJ29,{1},1,{1},1.0
5325,lacey act,"1018-AF08,1018-AX63",{5},1,{5},1.0
5326,lag indicator,1014-AA20,{5},1,{5},1.0
5327,laguardia airport,"2120-AF31,2120-AI70,2120-AJ49,2120-AJ89",{3},1,{3},1.0
5328,lake project,0710-AA85,{5},1,{5},1.0
5329,lam research corp,0694-AF26,{8},1,{8},1.0
5330,lamp ballast,1904-AA75,{6},1,{6},1.0
5331,land acquisition,"1076-AD11,1076-AD65,1076-AD93,1076-AE62,1076-AF23",,0,,0.0
5332,land development loan,"3064-AF06,7100-AF53",{7},1,{7},1.0
5333,land disposal restriction,"2050-AD38,2050-AD88,2050-AE49,2050-AE54,2050-AE56,2050-AE65,2050-AE99,2050-AF12,2050-AG65",{5},1,{5},1.0
5334,land management plan,"0596-AC54,0596-AC66",{5},1,{5},1.0
5335,land subject,1076-AD85,,0,,0.0
5336,land use,"0596-AB36,0596-AB74,0596-AB91,0596-AD12",{5},1,{5},1.0
5337,land withdrawal,"1004-AC63,1004-AE05",{5},1,{5},1.0
5338,landing requirement,1115-AF72,{2},1,{2},1.0
5339,landowner notification,"1902-AB83,1902-AC02,1902-AD33",{6},1,{6},1.0
5340,large air carrier,2105-AC34,{3},1,{3},1.0
5341,large appliance,"2060-AG54,2060-AI21,2060-AT72",{5},1,{5},1.0
5342,large asset manager,3235-AL63,{8},1,{8},1.0
5343,large bank hold company,"1505-AC42,7100-AF20",{7},1,{7},1.0
5344,large banking organization,7100-AE48,{7},1,{7},1.0
5345,large business,0750-AD72,{2},1,,0.0
5346,large cargo,3060-AG13,{11},1,,0.0
5347,large cigar,"1512-AC22,1512-AC33,1513-AA16,1513-AA18,1513-AB10",{1},1,{1},1.0
5348,large depository institution,3170-AA08,{7},1,{7},1.0
5349,large employer,1210-AB46,{4},1,{4},1.0
5350,large financial company,7100-AE18,{7},1,{7},1.0
5351,large investment company,3235-AL63,{8},1,{8},1.0
5352,large participant,"3170-AA00,3170-AA07,3170-AA25,3170-AA30,3170-AA30,3170-AA35,3170-AA46,3170-AA47",{7},1,{7},1.0
5353,large pelagic,0648-AG76,{5},1,{5},1.0
5354,large position reporting,1505-AA53,{7},1,{7},1.0
5355,large trader,"3038-AB19,3038-AC22",{7},1,{7},1.0
5356,large whale,0648-BJ09,{5},1,{5},1.0
5357,laser product,0910-AF87,{1},1,{1},1.0
5358,lassen volcanic national park,1024-AC52,{5},1,{5},1.0
5359,last in first out,1545-AY39,{7},1,{7},1.0
5360,last know address,1545-AX13,{7},1,{7},1.0
5361,late enrollment penalty,0938-AK99,{1},1,{1},1.0
5362,late request,2502-AI56,{13},1,{13},1.0
5363,late submission,3245-AE69,{8},1,{8},1.0
5364,later export,"0910-AB06,0910-AB24",{1},1,{1},1.0
5365,latex condom,0910-AA32,{1},1,{1},1.0
5366,launch site,2120-AG15,{3},1,{3},1.0
5367,launch vehicle,"0694-AF56,0694-AF58",{8},1,{8},1.0
5368,laundering procedure,3041-AB69,{1},1,{1},1.0
5369,law enforcement,"0702-AA68,0702-AA87,1004-AB97,1004-AC30,1004-AD66,1004-AE08,1110-AA21,1512-AB35","{1, 2, 12, 5}",4,"{1, 2, 12, 5}",4.0
5370,law graduate,1125-AA16,{2},1,{2},1.0
5371,law student,1125-AA16,{2},1,,0.0
5372,lawful permanent residence,"0938-AH25,1115-AC47","{1, 2}",2,"{1, 2}",2.0
5373,lawful permanent resident,"1115-AC60,1115-AD87,1115-AE27,1115-AE69,1115-AG08,1400-AB24,1400-AB25,1615-AA53,1615-AA60","{2, 14}",2,"{2, 14}",2.0
5374,lawful status,1615-AC01,{2},1,{2},1.0
5375,lawful temporary,1115-AC18,{2},1,{2},1.0
5376,lawfully present,"1115-AE51,1615-AA05",{2},1,{2},1.0
5377,laxative product,0910-AC64,{1},1,{1},1.0
5378,lead base paint,"2070-AC65,2070-AC83,2070-AD11,2070-AD64,2070-AJ14,2070-AJ82,2501-AD45","{13, 5}",2,"{13, 5}",2.0
5379,lead content limit,3041-AC63,{1},1,{1},1.0
5380,lead emission,2060-AT10,{5},1,{5},1.0
5381,lead fishing sinker,2070-AC21,{5},1,{5},1.0
5382,lead hazard control,2501-AD70,{13},1,{13},1.0
5383,lead paint,3041-AC45,{1},1,{1},1.0
5384,leaded gasoline,2060-AD55,{5},1,{5},1.0
5385,leak detection,"2060-AL98,2060-AP66,2137-AD06","{3, 5}",2,"{3, 5}",2.0
5386,learn disability,1820-AB32,{10},1,{10},1.0
5387,lease agreement,1076-AF14,,0,,0.0
5388,lease equipment,0750-AC91,{2},1,{2},1.0
5389,lease extension,1010-AC07,{5},1,{5},1.0
5390,lease financing,"1625-AA28,1625-AA63,1625-AA95,2115-AG08,2115-AG55,2133-AB51","{2, 3}",2,"{2, 3}",2.0
5391,lease modification,"1004-AD91,1004-AD93",{5},1,{5},1.0
5392,lease term,1545-AT33,{7},1,{7},1.0
5393,leasehold interest,"3090-AF92,3090-AG27,3090-AG70,3090-AH01,3090-AI96",,0,,0.0
5394,leasing authority,3052-AB63,{7},1,{7},1.0
5395,leasing regulation,1024-AC78,{5},1,{5},1.0
5396,leasing rule,1014-AA24,{5},1,{5},1.0
5397,least bell 's vireo,1018-AW17,{5},1,{5},1.0
5398,least develop country,"0750-AG08,0750-AI00,9000-AL16,9000-AM62",{2},1,{2},1.0
5399,leather tanning,2040-AC48,{5},1,{5},1.0
5400,lebanese canadian bank,1506-AB11,{7},1,{7},1.0
5401,legacy unit,2050-AH11,{5},1,{5},1.0
5402,legal analysis,2050-AG29,{5},1,{5},1.0
5403,legal assistance,"0703-AA59,0703-AA73,0703-AB08",{2},1,,0.0
5404,legal authority,"0694-AE01,0694-AE12,0694-AE19,0694-AE72,0694-AE76,0694-AF00,0694-AF05,0694-AF34,0694-AF44,0694-AF55,0694-AF78,0694-AG01,0694-AG07,0694-AG26,0694-AG39,0694-AG48,0694-AG62,0694-AG71,0694-AG75,0694-AG78,0694-AG99,0694-AH09,0694-AH15,0694-AH22,0694-AH38,0694-AH59",{8},1,,0.0
5405,legal cost,"0750-AI04,9000-AM64",{2},1,,0.0
5406,legal custodian,2900-AB76,{13},1,{13},1.0
5407,legal document,"1120-AB72,2502-AI36","{12, 13}",2,"{12, 13}",2.0
5408,legal entity,2900-AB75,{13},1,{13},1.0
5409,legal holiday,1545-AT22,{7},1,{7},1.0
5410,legal origin,0648-AD93,{5},1,{5},1.0
5411,legal permanent resident,1400-AA72,{14},1,{14},1.0
5412,legal proceeding,"0350-AA10,0430-AA06,0605-AA52,0960-AE95,0960-AG76,0960-AG99,0960-AH65,1601-AA01,1880-AA83,2501-AC90,3095-AB32,3133-AB87,3137-AA20,3147-AA04,3147-AA05,3206-AL22,3209-AA23,3235-AG32,3235-AL78,3420-AA02","{2, 3, 7, 8, 10, 13, 14}",7,"{2, 3, 7, 8, 10, 13, 14}",7.0
5413,legal process,"0651-AB22,1090-AA76,1515-AB58,3206-AJ83","{8, 2, 5}",3,"{8, 2, 5}",3.0
5414,legal requirement,1250-AA09,{4},1,,0.0
5415,legislative branch,3206-AK05,,0,,0.0
5416,legislative change,0584-AC52,{1},1,,0.0
5417,legislative reform,"0584-AC23,0584-AC94",{1},1,{1},1.0
5418,lender compliance,2502-AH87,{13},1,{13},1.0
5419,lender liability,2050-AD67,{5},1,{5},1.0
5420,lender payment,2502-AH33,{13},1,{13},1.0
5421,lending act,"2502-AG86,3170-AA12,3170-AA13,3170-AA14,3170-AA16,3170-AA17,3170-AA19,3170-AA22,3170-AA34,3170-AA49,3170-AA50,3170-AA59,3170-AA61,3170-AA69,3170-AA70,3170-AA71,3170-AA72,3170-AA74,3170-AA75,3170-AA98,7100-AD33,7100-AD34,7100-AD36,7100-AD37,7100-AD38,7100-AD42","{13, 7}",2,"{13, 7}",2.0
5422,lending area,2502-AH54,{13},1,{13},1.0
5423,lending authority,3052-AB59,{7},1,{7},1.0
5424,lending institution,"2502-AG68,2502-AG78,2502-AG82,2502-AJ00,2502-AJ14",{13},1,{13},1.0
5425,lending limit,"1557-AB55,1557-AD03,1557-AD08,1557-AD59",{7},1,{7},1.0
5426,lending regulation,1550-AA91,{7},1,{7},1.0
5427,less prairie chicken,"1018-AY21,1018-BB27,1018-BB67",{5},1,{5},1.0
5428,less than 2.5 micrometer,2060-AP75,{5},1,{5},1.0
5429,less than 500 mile,2137-AD49,{3},1,{3},1.0
5430,"less than 6,000 pound",2120-AJ56,{3},1,{3},1.0
5431,less than fair market value,"0938-AD18,0938-AH23",{1},1,{1},1.0
5432,lethal effect,3084-AA67,{8},1,{8},1.0
5433,level entry,2105-AC81,{3},1,{3},1.0
5434,leverage ratio,"3052-AC08,3052-AC55",{7},1,{7},1.0
5435,liability insurance,"0938-AH66,0938-AS03",{1},1,{1},1.0
5436,liability protection,"0750-AJ13,0906-AA67","{1, 2}",2,"{1, 2}",2.0
5437,liberalize law,2900-AI57,{13},1,{13},1.0
5438,library service,"3137-AA15,3137-AA18,3137-AA19,3137-AA25,3137-AA26",{10},1,{10},1.0
5439,libyan entity,1653-AA69,{2},1,{2},1.0
5440,license activity,3150-AF17,{6},1,{6},1.0
5441,license amendment process,0694-AE80,{8},1,{8},1.0
5442,license application,"0694-AC20,0694-AD94",{8},1,{8},1.0
5443,license condition,0694-AD05,{8},1,{8},1.0
5444,license exception,"0651-AD33,0694-AC95,0694-AD02,0694-AD61,0694-AD70,0694-AE60,0694-AG80,0694-AG86,0694-AH12,0694-AH71,0694-AH84",{8},1,{8},1.0
5445,license fee,"0581-AB48,0691-AA28,0691-AA39","{8, 9}",2,"{8, 9}",2.0
5446,license hydropower project,1902-AF51,{6},1,{6},1.0
5447,license policy,"0694-AB19,0694-AC50,0694-AD24,0694-AD47,0694-AD61,0694-AF30,0694-AG24,0694-AG54,0694-AG63,0694-AG86,0694-AH12,0694-AH70",{8},1,{8},1.0
5448,license procedure,"3060-AD70,3060-AK88",{11},1,{11},1.0
5449,license proceeding,"3150-AG27,3150-AG28",{6},1,{6},1.0
5450,license provision,0579-AE35,{1},1,{1},1.0
5451,license renewal,"3150-AD63,3150-AK32",{6},1,,0.0
5452,license requirement,"0579-AA95,0694-AB10,0694-AC48,0694-AC80,0694-AD24,0694-AD24,0694-AD37,0694-AD47,0694-AD64,0694-AD71,0694-AD82,0694-AE54,0694-AF60,0694-AH78,2120-AG15,3150-AF80","{8, 1, 3, 6}",4,"{8, 1, 3, 6}",4.0
5453,license revocation,0910-AG11,{1},1,{1},1.0
5454,license term,3150-AF77,{6},1,{6},1.0
5455,license termination,3150-AD65,{6},1,{6},1.0
5456,license transfer,3150-AG09,{6},1,,0.0
5457,licensing process,3150-AI66,{6},1,,0.0
5458,life act,"1115-AG06,1125-AA31,1615-AA52",{2},1,{2},1.0
5459,life cycle,0750-AG61,{2},1,,0.0
5460,life estate,1076-AE64,,0,,0.0
5461,life insurance,"1545-BC20,3206-AF32",{7},1,,0.0
5462,life safety code,2900-AN59,{13},1,{13},1.0
5463,life threaten illness,0910-AA84,{1},1,{1},1.0
5464,lifesaving device,1625-AB83,{2},1,{2},1.0
5465,lifesaving equipment,"1625-AB15,1625-AB46",{2},1,{2},1.0
5466,lifetime income,"1545-BJ04,1545-BN16",{7},1,{7},1.0
5467,light bulb,3084-AA61,{8},1,{8},1.0
5468,light duty truck,"2060-AG99,2060-AK76,2060-AN01,2060-AN10,2060-AT49,2127-AG65","{3, 5}",2,"{3, 5}",2.0
5469,light duty vehicle,"2060-AF75,2060-AG13,2060-AH04,2060-AJ62,2060-AT77",{5},1,{5},1.0
5470,light emitting diode,2127-AG88,{3},1,{3},1.0
5471,light operation,2127-AG89,{3},1,{3},1.0
5472,light refill,2137-AD88,{3},1,{3},1.0
5473,light requirement,2127-AH25,{3},1,{3},1.0
5474,light sport aircraft,"2120-AH19,2120-AJ10",{3},1,{3},1.0
5475,light truck,"1545-BB06,1545-BC36,2060-AU09,2127-AE49,2127-AH30,2127-AH98,2127-AL76","{3, 5, 7}",3,"{3, 5, 7}",3.0
5476,lighting device,2125-AD27,{3},1,{3},1.0
5477,lighting requirement,2127-AH37,{3},1,{3},1.0
5478,lighting standard,1076-AF10,,0,,0.0
5479,lighting system,1904-AC50,{6},1,{6},1.0
5480,like kind exchange,"1545-AT33,1545-AX95,1545-BC27,1545-BF37",{7},1,{7},1.0
5481,like kind property,1545-BD19,{7},1,{7},1.0
5482,lime manufacturing,2060-AG72,{5},1,{5},1.0
5483,limit entry,"0648-BF48,0648-BF50",{5},1,{5},1.0
5484,limit order display,3235-AG66,{8},1,{8},1.0
5485,limited access,2070-AK48,{5},1,{5},1.0
5486,limited change,0938-AP59,{1},1,{1},1.0
5487,limited communication,1120-AB35,{12},1,,0.0
5488,limited english proficiency,0584-AD06,{1},1,{1},1.0
5489,limited entry,"0648-AL12,0648-AO45",{5},1,{5},1.0
5490,limited exemption,1117-AA97,{1},1,{1},1.0
5491,limited extension,"1218-AD19,2137-AD37","{3, 4}",2,"{3, 4}",2.0
5492,limited liability,1029-AC66,{5},1,{5},1.0
5493,limited partner,"1545-AU24,1545-BJ33,1545-BO33",{7},1,{7},1.0
5494,limited scope,0596-AC06,{5},1,{5},1.0
5495,limited source,9000-AK23,,0,,0.0
5496,limited timber harvest,0596-AB88,{5},1,{5},1.0
5497,line item,"0750-AK78,9000-AM73",{2},1,{2},1.0
5498,liquefy natural gas,"1625-AC52,2137-AC67,2137-AC95,2137-AF40","{2, 3}",2,"{2, 3}",2.0
5499,liquid hydrocarbon,1010-AB96,{5},1,{5},1.0
5500,liquid nitrogen,0583-AC14,{1},1,{1},1.0
5501,liquidate damage,"1115-AC17,1515-AC01,1515-AC45,9000-AD20,9000-AH53,9000-AI63",{2},1,{2},1.0
5502,liquidity coverage ratio,"1557-AD74,1557-AD91,3064-AE04,3064-AE30,7100-AE03,7100-AE28,7100-AE32,7100-AE39",{7},1,{7},1.0
5503,liquidity management,3052-AC83,{7},1,{7},1.0
5504,liquidity requirement,"1550-AB42,1557-AE63,3064-AE96,3064-AE99",{7},1,{7},1.0
5505,liquified gas,2115-AA03,{2},1,{2},1.0
5506,liquor dealer,"1512-AC45,1513-AA19",{1},1,{1},1.0
5507,list chemical,1117-AA43,{1},1,{1},1.0
5508,list decision,"0648-AL91,1018-AF11",{5},1,{5},1.0
5509,list determination,"1018-AI04,1018-AT31,1018-AU85,1018-AU88,1018-AU99,1018-AV00,1018-AV32,1018-AV48,1018-AV49,1018-AV83,1018-AV84,1018-AV85,1018-AV88,1018-AV91,1018-AV93,1018-AV95,1018-AV96,1018-AV97,1018-AW32,1018-AW34,1018-AX50,1018-AX70,1018-AX74,1018-AX89,1018-AY01,1018-AY06,1018-AY08,1018-AY09,1018-AY10,1018-AY11,1018-AY12,1018-AY15,1018-AY16,1018-AY17,1018-AY18,1018-AY19,1018-AY21,1018-AY22,1018-AY23,1018-AY24,1018-AY25,1018-AY26,1018-AY27,1018-AY33,1018-AY38,1018-AY39,1018-AY42,1018-AY43,1018-AY50,1018-AY51,1018-AY53,1018-AY54,1018-AY55,1018-AY64,1018-AY68,1018-AY73,1018-AY90,1018-AY91,1018-AY95,1018-AY96,1018-AY97,1018-AY98,1018-AZ00,1018-AZ01,1018-AZ02,1018-AZ03,1018-AZ04,1018-AZ06,1018-AZ08,1018-AZ09,1018-AZ10,1018-AZ11,1018-AZ12,1018-AZ13,1018-AZ14,1018-AZ15,1018-AZ17,1018-AZ20,1018-AZ27,1018-AZ83,1018-AZ95,1018-AZ97,1018-BA03,1018-BA05,1018-BA07,1018-BA09,1018-BA11,1018-BA13,1018-BA16,1018-BA20,1018-BA22,1018-BA27,1018-BA29,1018-BA35,1018-BA37,1018-BA58,1018-BA60,1018-BA74,1018-BA78,1018-BA85,1018-BA86,1018-BA93,1018-BA94,1018-BA98,1018-BB00,1018-BB07,1018-BB09,1018-BB27,1018-BB33,1018-BB34,1018-BB36,1018-BB44,1018-BB45,1018-BB46,1018-BB48,1018-BB50,1018-BB52,1018-BB54,1018-BB55,1018-BB57,1018-BB59,1018-BB61,1018-BB62,1018-BB63,1018-BB64,1018-BB66,1018-BB96,1018-BC14,1018-BC15,1018-BC16,1018-BC20,1018-BC24,1018-BC26,1018-BC28,1018-BC32,1018-BC34,1018-BC36,1018-BC38,1018-BC40,1018-BC42,1018-BC44,1018-BC46,1018-BC50,1018-BC52,1018-BC56,1018-BC57,1018-BC59,1018-BC62,1018-BC69,1018-BD12,1018-BD13,1018-BD14,1018-BD16,1018-BD17,1018-BD18,1018-BD19,1018-BD20,1018-BD21,1018-BD22,1018-BD23,1018-BD24,1018-BD25,1018-BD26,1018-BD27,1018-BD28,1018-BD29,1018-BD30,1018-BD31,1018-BD32,1018-BD33,1018-BD34,1018-BD35,1018-BD36,1018-BD37,1018-BD38,1018-BD39,1018-BD41,1018-BD42,1018-BD51,1018-BD71,1018-BD85,1018-BD87,1018-BD91,1018-BD92,1018-BD94,1018-BD98,1018-BD99,1018-BE01,1018-BE03,1018-BE04,1018-BE06,1018-BE08,1018-BE13,1018-BE15,1018-BE16,1018-BE17,1018-BE18,1018-BE21,1018-BE23,1018-BE25,1018-BE26,1018-BE28,1018-BE30,1018-BE42,1018-BE44,1018-BE46,1018-BE59,1018-BE60,1018-BE63,1018-BE65,1018-BE66",{5},1,{5},1.0
5510,list impairment,0960-AH39,{13},1,{13},1.0
5511,list plant,"1018-AD97,1018-AF99",{5},1,{5},1.0
5512,list specie,"0648-BH42,1018-AE16,1018-AG25,1018-BC88",{5},1,{5},1.0
5513,list standard,3235-AK99,{8},1,{8},1.0
5514,list status,"1018-AE10,1018-AG23,1018-AV47,1018-BC84,2060-AS18,3235-AI89","{8, 5}",2,"{8, 5}",2.0
5515,list transaction,1545-BH37,{7},1,{7},1.0
5516,list update,1992-AA20,{6},1,{6},1.0
5517,listeria monocytogenes,0583-AD53,{1},1,{1},1.0
5518,literacy program,"1120-AA33,1120-AB02",{12},1,{12},1.0
5519,lithium battery,"2137-AD48,2137-AE05,2137-AE44,2137-AE68,2137-AF20",{3},1,{3},1.0
5520,litigation procedure,3245-AE83,{8},1,{8},1.0
5521,litigation purpose,"0703-AA74,0703-AA76",{2},1,{2},1.0
5522,litigation support,0750-AK58,{2},1,{2},1.0
5523,live animal,0579-AE00,{1},1,{1},1.0
5524,live benefit,"3206-AF32,3206-AG65",,0,,0.0
5525,live bird,0579-AD45,{1},1,{1},1.0
5526,live dog,0579-AD23,{1},1,{1},1.0
5527,live donor,2900-AQ65,{13},1,{13},1.0
5528,live goat,0579-AD18,{1},1,{1},1.0
5529,live musical performance,"1505-AB15,1515-AB74","{2, 7}",2,"{2, 7}",2.0
5530,live organism,"1625-AA32,2115-AG21",{2},1,{2},1.0
5531,live vaccine,0579-AC30,{1},1,{1},1.0
5532,livestock carcass,"0583-AC21,0583-AD69",{1},1,{1},1.0
5533,livestock grazing,1004-AE63,{5},1,{5},1.0
5534,livestock identification,0579-AC48,{1},1,{1},1.0
5535,livestock producer,0560-AG76,{9},1,{9},1.0
5536,living increase,0960-AF14,{13},1,{13},1.0
5537,load spend fuel,3150-AG02,{6},1,{6},1.0
5538,loan assessment,0560-AE11,{9},1,{9},1.0
5539,loan authority,"0560-AE77,0560-AE78",{9},1,{9},1.0
5540,loan closing,0575-AB52,{9},1,,0.0
5541,loan deficiency,"0560-AH18,0560-AH38",{9},1,{9},1.0
5542,loan document,0572-AA76,{9},1,,0.0
5543,loan eligibility,0560-AG81,{9},1,{9},1.0
5544,loan guarantee,"0572-AB01,0572-AB81,0572-AC06,0572-AC34,1510-AA71,1901-AB21,1901-AB27,1901-AB32,1901-AB38,2577-AB40,2577-AB78,2900-AI01,7100-AC18","{9, 13, 6, 7}",4,"{9, 13, 6, 7}",4.0
5545,loan guaranty,"1076-AE42,1076-AE83,2900-AE20,2900-AG14,2900-AG65,2900-AH23,2900-AH73,2900-AH90,2900-AI16,2900-AI92,2900-AJ86,2900-AJ91,2900-AJ92,2900-AK51,2900-AK58,2900-AK76,2900-AL16,2900-AL23,2900-AL54,2900-AL58,2900-AL65,2900-AL92,2900-AM33,2900-AM38,2900-AM87,2900-AN26,2900-AN71,2900-AO00,2900-AO08,2900-AO18,2900-AO65,2900-AO66,2900-AO67,2900-AO68,2900-AO70,2900-AO72,2900-AP25,2900-AP36,2900-AP40,2900-AP53,2900-AP62,2900-AP77,2900-AP80,2900-AP95,2900-AQ25,2900-AQ42",{13},1,{13},1.0
5546,loan increase,3245-AD97,{8},1,{8},1.0
5547,loan interest rate,"3133-AB81,3133-AB95,3133-AC25,3133-AC61",{7},1,{7},1.0
5548,loan originator compensation,3170-AA99,{7},1,{7},1.0
5549,loan participation,"3133-AB77,3133-AC85,3133-AE00",{7},1,{7},1.0
5550,loan policy,"3052-AB09,3052-AB48,3052-AB52,3052-AB53,3052-AB53,3052-AB57,3052-AB58,3052-AB59,3052-AB60,3052-AB63,3052-AB64,3052-AB65,3052-AB66,3052-AB67,3052-AB68,3052-AB69,3052-AB73,3052-AB75,3052-AB76,3052-AB78,3052-AB80,3052-AB81,3052-AB87,3052-AB89,3052-AB91,3052-AB92,3052-AB93,3052-AB93,3052-AB96,3052-AB96,3052-AB98,3052-AC04,3052-AC05,3052-AC06,3052-AC07,3052-AC08,3052-AC09,3052-AC13,3052-AC14,3052-AC19,3052-AC19,3052-AC21,3052-AC22,3052-AC23,3052-AC25,3052-AC29,3052-AC42,3052-AC43,3052-AC48,3052-AC49,3052-AC50,3052-AC54,3052-AC55,3052-AC57,3052-AC59,3052-AC60,3052-AC61,3052-AC62,3052-AC67,3052-AC69,3052-AC71",{7},1,{7},1.0
5551,loan program,"0938-AO03,3245-AF93,3245-AG04","{8, 1}",2,"{8, 1}",2.0
5552,loan purchase,"3052-AB93,3052-AC62",{7},1,{7},1.0
5553,loan rate,0560-AE78,{9},1,,0.0
5554,loan rehabilitation,1840-AD12,{10},1,{10},1.0
5555,loan repayment term,0906-AB16,{1},1,{1},1.0
5556,loan requirement,"0572-AB32,0572-AB49,0572-AB53,0572-AB56,0572-AC13",{9},1,{9},1.0
5557,loan servicing,"0560-AI05,2900-AL65,3052-AD06","{9, 13, 7}",3,"{9, 13, 7}",3.0
5558,loan term,3052-AC48,{7},1,{7},1.0
5559,loan underwriting standard,"2502-AI50,3052-AB64","{13, 7}",2,"{13, 7}",2.0
5560,loan workout,3133-AE01,{7},1,{7},1.0
5561,loan write down,0560-AH54,{9},1,,0.0
5562,lobby restriction,9000-AK62,,0,,0.0
5563,lobbying expense,1545-AS65,{7},1,{7},1.0
5564,lobster fishery,"0648-AI33,0648-AJ57,0648-AL63,0648-AM16,0648-AM26,0648-AN77",{5},1,{5},1.0
5565,local currency,0750-AI14,{2},1,{2},1.0
5566,local exchange carrier,"3060-AF76,3060-AG07,3060-AG09,3060-AG10,3060-AH18,3060-AJ02",{11},1,{11},1.0
5567,local exchange market,3060-AH73,{11},1,{11},1.0
5568,local fire authority,1140-AA51,{1},1,{1},1.0
5569,local government,"0348-AB41,1004-AD23,1291-AA26,1545-BF63,1601-AA64,1660-AA08,2050-AD04,2502-AH61,2502-AI15,2900-AJ62,3067-AC74,3067-AC98","{2, 4, 5, 7, 13}",5,"{2, 4, 5, 7, 13}",5.0
5570,local inspector,3207-AA42,{3},1,{3},1.0
5571,local jail,"1115-AF50,1653-AA07",{2},1,{2},1.0
5572,local multi point distribution service,3060-AF26,{11},1,{11},1.0
5573,local rail freight assistance,2130-AA60,{3},1,{3},1.0
5574,local resident,0750-AA47,{2},1,,0.0
5575,local telecommunication service,3090-AF81,,0,,0.0
5576,local telephone network,3060-AH44,{11},1,{11},1.0
5577,local television market,3060-AI55,{11},1,{11},1.0
5578,local television ownership rule,3060-AF79,{11},1,{11},1.0
5579,local zone regulation,3060-AF92,{11},1,{11},1.0
5580,locatable mineral,"0596-AB98,1004-AD22,1004-AD44,1004-AE71",{5},1,{5},1.0
5581,lock up agreement,3235-AI09,{8},1,{8},1.0
5582,lockout tagout,1218-AB59,{4},1,{4},1.0
5583,locomotive cab,2130-AB46,{3},1,{3},1.0
5584,locomotive engineer,"2130-AA74,2130-AB95,2130-AC40",{3},1,{3},1.0
5585,locomotive horn,"2130-AB73,2130-AC42",{3},1,{3},1.0
5586,log road,"1004-AC24,2040-AF42",{5},1,{5},1.0
5587,loggerhead sea turtle,"0648-AY49,1018-AY71",{5},1,{5},1.0
5588,loligo squid,0648-AO54,{5},1,{5},1.0
5589,london interbank offer rate,3245-AF83,{8},1,{7},1.0
5590,long haul telecommunication,0750-AI72,{2},1,{2},1.0
5591,long live asset,9000-AG73,,0,,0.0
5592,long range identification,1625-AB00,{2},1,{2},1.0
5593,long term care,"0938-AP76,0938-AQ93",{1},1,{1},1.0
5594,long term contract,"1545-AQ30,1545-BA81,1545-BN62,1545-BO66,3245-AF06","{8, 7}",2,"{8, 7}",2.0
5595,long term debt,7100-AE37,{7},1,{7},1.0
5596,long term issue,2127-AB87,{3},1,{3},1.0
5597,long term policy,0560-AE95,{9},1,,0.0
5598,longline fishing,0648-AW67,{5},1,{5},1.0
5599,look back period,"2502-AJ20,2900-AP25",{13},1,{13},1.0
5600,loss and damage claim,2125-AE10,{3},1,{3},1.0
5601,loss claim,0560-AH55,{9},1,{9},1.0
5602,loss mitigation,"2501-AC66,2502-AG72,2502-AI51",{13},1,{13},1.0
5603,loss prevention,"1010-AE00,1082-AA02",{5},1,{5},1.0
5604,loss requirement,2120-AE94,{3},1,{3},1.0
5605,loss severity,2550-AA38,{13},1,{13},1.0
5606,louisiana black bear,"1018-AS46,1018-AS57,1018-AV52",{5},1,{5},1.0
5607,louisiana coast,0648-AH98,{5},1,{5},1.0
5608,low density polyethylene,0910-AC10,{1},1,{1},1.0
5609,low documentation loan,0560-AF71,{9},1,{9},1.0
5610,low drug price,0938-AT92,{1},1,{1},1.0
5611,low fat milk,0910-AE45,{1},1,{1},1.0
5612,low frequency,"0648-BB14,0648-BG35,0648-BI42",{5},1,{5},1.0
5613,low income employee,"3206-AJ77,3206-AL36",,0,,0.0
5614,low income family,3206-AI93,,0,,0.0
5615,low income home energy assistance program,"0970-AB15,0970-AB16,0970-AB47",{1},1,{1},1.0
5616,low income housing credit,"1545-AV44,1545-BM29",{7},1,{7},1.0
5617,low income housing tax credit,1505-AC17,{7},1,{7},1.0
5618,low income person,"1904-AB05,1904-AB56,1904-AB84,1904-AB97,1904-AC16",{6},1,{6},1.0
5619,low income public housing,2577-AB50,{13},1,{13},1.0
5620,low income status,"3133-AC70,3133-AC98,3133-AE09,3133-AE62",{7},1,{7},1.0
5621,low level radioactive waste,2060-AA04,{5},1,{5},1.0
5622,low level waste site,3150-AE88,{6},1,{6},1.0
5623,low price,"0750-AJ74,9000-AN75",{2},1,,0.0
5624,low risk asset,"3133-AD81,3133-AD99",{7},1,{7},1.0
5625,low risk pesticide,2070-AC67,{5},1,{5},1.0
5626,low speed vehicle,"2127-AG58,2127-AH69,2127-AI84,2127-AJ12",{3},1,{3},1.0
5627,low stress,"2137-AC87,2137-AE36",{3},1,{3},1.0
5628,low vision,3060-AJ49,{11},1,{11},1.0
5629,low volume,1140-AA34,{1},1,{1},1.0
5630,low wealth borrower,2502-AH20,{13},1,{13},1.0
5631,lump sum benefit,1212-AA88,{13},1,{13},1.0
5632,lump sum grant,2501-AB97,{13},1,{13},1.0
5633,lump sum payment,"1545-BM67,1545-BN16,1545-BN16,2900-AH85,2900-AI31,3206-AF38","{13, 7}",2,"{13, 7}",2.0
5634,lung transplant,0938-AG83,{1},1,{1},1.0
5635,luxembourg corporation,1545-AQ54,{7},1,{7},1.0
5636,lymphatic system,2900-AO19,{13},1,{13},1.0
5637,lyon 's pentachaeta,1018-AR67,{5},1,{5},1.0
5638,machine gun,"1140-AA14,1140-AA23,1140-AA42,1140-AA43,1512-AC69",{1},1,{1},1.0
5639,machine tool,0750-AA01,{2},1,{2},1.0
5640,mact standard,2060-AL97,{5},1,{5},1.0
5641,magistrate judge,1105-AA43,{12},1,{12},1.0
5642,magnet school assistance program,"1810-AA88,1855-AA01,1855-AA07",{10},1,{10},1.0
5643,magnet set,"3041-AD27,3041-AD61,3041-AD67",{1},1,{1},1.0
5644,magnetic computer tape,3095-AA57,{10},1,{10},1.0
5645,magnetic medium,"1545-AW14,1545-BE19,1545-BJ52,1545-BL54",{7},1,{7},1.0
5646,magnuson stevens act,"0648-AK03,0648-BH73,0648-BI97",{5},1,{5},1.0
5647,magnuson stevens fishery conservation and management act,"0648-AJ70,0648-AJ76,0648-AL49,0648-AO89,0648-BC92,0648-BI02",{5},1,{5},1.0
5648,mail address,"1012-AA10,1117-AB19,1290-AA32,2502-AH22","{1, 13, 4, 5}",4,"{1, 13, 4, 5}",4.0
5649,mail management,"3090-AH13,3090-AI79,3090-AJ58",,0,,0.0
5650,mail or telephone order merchandise rule,3084-AB07,{8},1,{8},1.0
5651,mail stop,1012-AA10,{5},1,{5},1.0
5652,main studio rule,3060-AK61,{11},1,{11},1.0
5653,main telephone,3150-AI80,{6},1,{6},1.0
5654,maine 's request,2060-AS19,{5},1,{5},1.0
5655,maine cod,"0648-BG52,0648-BH55,0648-BI69",{5},1,{5},1.0
5656,maine measure,0648-BH51,{5},1,{5},1.0
5657,maintenance and repair cost,9000-AJ69,,0,,0.0
5658,maintenance code,"3150-AJ90,3150-AJ97,3150-AK22",{6},1,{6},1.0
5659,maintenance fee,0579-AA69,{1},1,{1},1.0
5660,maintenance inspection,1010-AC95,{5},1,{5},1.0
5661,maintenance medication,"0720-AB60,0720-AB64",{1},1,{1},1.0
5662,maintenance regulation,0610-AA73,{8},1,{8},1.0
5663,maintenance treatment,0720-AB54,{1},1,{1},1.0
5664,major alteration,2120-AJ11,{3},1,{3},1.0
5665,major breach,2700-AD12,{10},1,,0.0
5666,major change,0584-AD86,{1},1,,0.0
5667,major chemical accident,1218-AC82,{4},1,{4},1.0
5668,major disaster,"1660-AA62,1660-AA83",{2},1,{2},1.0
5669,major modification,"1105-AA87,1105-AA89,1110-AA12",{12},1,,0.0
5670,major provision,0648-AM83,{5},1,{5},1.0
5671,major renovation,"0970-AB54,1904-AB96,1904-AD62","{1, 6}",2,"{1, 6}",2.0
5672,major repair,2120-AJ11,{3},1,{3},1.0
5673,major source,"2060-AJ60,2060-AK52,2060-AM75,2060-AP91,2060-AQ25,2060-AR13,2060-AS09,2060-AU20",{5},1,{5},1.0
5674,major statement,0910-AG27,{1},1,{1},1.0
5675,major swap participant,"1557-AD43,3038-AC95,3038-AC97,3038-AD06,3038-AD25,3038-AD40,3038-AD41,3038-AD42,3038-AD43,3038-AD44,3038-AD45,3038-AD54,3038-AD66,3038-AE00,3038-AE18,3038-AE35,3038-AE49,3038-AE54,3038-AE56,3038-AE71,3038-AE84,3038-AE85",{7},1,{7},1.0
5676,major weapon system,"0750-AF38,0750-AF70",{2},1,{2},1.0
5677,make home affordable program,3064-AD42,{7},1,{7},1.0
5678,male condom,0910-AF21,{1},1,{1},1.0
5679,malt barley,0563-AB24,{9},1,{9},1.0
5680,malt beverage,1513-AA93,{1},1,{1},1.0
5681,mammography equipment,0910-AE31,{1},1,{1},1.0
5682,mammography facility,"0910-AB98,0910-AE30",{1},1,{1},1.0
5683,mammography quality standards act,"0910-AA24,0910-AE33,0910-AH04",{1},1,{1},1.0
5684,mammoth cave national park,1024-AD80,{5},1,{5},1.0
5685,manage asset,"1550-AB61,1557-AC20",{7},1,{7},1.0
5686,manage care,0938-AS25,{1},1,{1},1.0
5687,manage exchange,3235-AI35,{8},1,{8},1.0
5688,manage harvest,"1018-AI07,1018-AZ19",{5},1,{5},1.0
5689,management 's discussion,"3235-AI44,3235-AI70",{8},1,{8},1.0
5690,management 's report,3235-AJ58,{8},1,{8},1.0
5691,management accountability,0348-AB02,,0,,0.0
5692,management advice,0560-AE67,{9},1,{9},1.0
5693,management area,"0648-BD15,0648-BH58,1004-AC43",{5},1,{5},1.0
5694,management authority,"0648-AT13,0648-AU20",{5},1,{5},1.0
5695,management contract,"1991-AB70,3141-AA13,3141-AA39,3141-AA46,3141-AA54,3141-AA58",{6},1,,0.0
5696,management cost,"1660-AA21,3067-AD29",{2},1,{2},1.0
5697,management expense,2700-AD79,{10},1,,0.0
5698,management information system,1625-AA80,{2},1,{2},1.0
5699,management letter,0572-AB66,{9},1,{9},1.0
5700,management measure,"0648-AH79,0648-AI13,0648-AI35,0648-AI93,0648-AK28,0648-AL21,0648-AM70,0648-AN99,0648-AO10,0648-AR92,0648-AS03,0648-AS63,0648-AT55,0648-AV28,0648-AV45,0648-AV69,0648-AV91,0648-AX77,0648-BC44,0648-BD52,0648-BE64,0648-BF64,0648-BG59,0648-BH13,0648-BH91,0648-BI19",{5},1,{5},1.0
5701,management oversight,9000-AG86,,0,,0.0
5702,management plan,0648-BI01,{5},1,,0.0
5703,management program,"0648-AK11,0648-AK22,0648-AK23,0648-AM26,0648-AO35",{5},1,{5},1.0
5704,management provision,1004-AD43,{5},1,{5},1.0
5705,management regime,0648-AH53,{5},1,{5},1.0
5706,management report,3235-AH97,{8},1,{8},1.0
5707,management standard,2050-AG39,{5},1,{5},1.0
5708,mandate use,1515-AE06,{8},1,{8},1.0
5709,mandatory arbitration agreement,"0750-AG70,0750-AH34",{2},1,{2},1.0
5710,mandatory clearing,"3038-AD00,3235-AK88","{8, 7}",2,"{8, 7}",2.0
5711,mandatory condition,0648-AO84,{5},1,{5},1.0
5712,mandatory country,"0581-AC26,0581-AD29,0581-AD57,0583-AD38","{9, 1}",2,"{9, 1}",2.0
5713,mandatory disclosure,2900-AK82,{13},1,{13},1.0
5714,mandatory electronic filing,"0694-AC20,0694-AD94,1245-AA06,1400-AB72","{8, 4, 14}",3,"{8, 4, 14}",3.0
5715,mandatory escrow account,2502-AI50,{13},1,{13},1.0
5716,mandatory exclusion,0960-AF85,{13},1,{13},1.0
5717,mandatory filing,0607-AA34,{8},1,{8},1.0
5718,mandatory guideline,"0930-AA07,0930-AA12,0930-AA13,0930-AA23,0930-AA24,0930-AA33",{1},1,{1},1.0
5719,mandatory inspection,"0581-AB87,0583-AC84,0583-AD36","{9, 1}",2,"{9, 1}",2.0
5720,mandatory participation,2137-AC57,{3},1,{3},1.0
5721,mandatory purchase,3133-AE40,{7},1,{7},1.0
5722,mandatory reliability standard,"1902-AD20,1902-AD41,1902-AD56,1902-AD76,1902-AD77,1902-AE17",{6},1,{6},1.0
5723,mandatory reporting,"2060-AQ03,2060-AQ33,2060-AQ70,2060-AQ80,2060-AQ85,2060-AQ87,2060-AR08,2060-AR23,2060-AR24,2060-AR26",{5},1,{5},1.0
5724,mandatory safety standard,3041-AC25,{1},1,{1},1.0
5725,mandatory sanction,"2060-AE96,2060-AK46",{5},1,{5},1.0
5726,mandatory transmission,0938-AK28,{1},1,{1},1.0
5727,mandatory use,"0648-BC10,0750-AF63,3090-AG92,3090-AH24","{2, 5}",2,"{2, 5}",2.0
5728,mango seed weevil,0579-AD84,{1},1,{1},1.0
5729,manual cutoff,2127-AF30,{3},1,{3},1.0
5730,manufacture home,"2502-AI55,2502-AI83",{13},1,{13},1.0
5731,manufacture wood,3041-AD63,{1},1,{1},1.0
5732,manufactured home,2502-AH43,{13},1,{13},1.0
5733,manufactured housing,"1904-AC11,1904-AD75,2502-AH05,2502-AI45","{13, 6}",2,"{13, 6}",2.0
5734,manufacturer 's responsibility,2127-AG45,{3},1,{3},1.0
5735,manufacturer report,1117-AA30,{1},1,{1},1.0
5736,manufacturing product,"1512-AC73,1513-AA37",{1},1,{1},1.0
5737,map revision,3067-AD13,{2},1,{2},1.0
5738,mapping service,"0750-AC15,3245-AD89,3245-AE30,3245-AF30","{8, 2}",2,"{8, 2}",2.0
5739,margin and capital requirement,"1557-AE00,1557-AE29,1557-AE61,1557-AE66,2590-AA45,2590-AA92,2590-AB02,2590-AB03,3052-AC69,3052-AD28,3052-AD38,3064-AD79,3064-AE21,3064-AE70,3064-AF00,3064-AF08,7100-AD74,7100-AE96,7100-AF42",{7},1,{7},1.0
5740,margin requirement,"3038-AB71,3038-AC97,3038-AE71,3038-AE77,3038-AE77,3038-AE85",{7},1,{7},1.0
5741,margin stock,7100-AB65,{7},1,{7},1.0
5742,marginal property,1010-AC30,{5},1,{5},1.0
5743,marine accident,3207-AA42,{3},1,{3},1.0
5744,marine area,0648-AN89,{5},1,{5},1.0
5745,marine casualty,"1625-AA04,1625-AA27,2115-AD98",{2},1,{2},1.0
5746,marine corps,0703-AA91,{2},1,{2},1.0
5747,marine debris,1625-AB24,{2},1,{2},1.0
5748,marine equipment,"1625-AA83,2133-AB34","{2, 3}",2,"{2, 3}",2.0
5749,marine inspection,"2115-AF31,2115-AF32,2115-AF41",{2},1,{2},1.0
5750,marine mammal,"0579-AA59,0579-AB24,0579-AC41,0648-AF07,0648-AF07,0648-AF08,0648-AG35,0648-AG36,0648-AG36,0648-AG55,0648-AG78,0648-AG79,0648-AG80,0648-AH04,0648-AH04,0648-AH19,0648-AH83,0648-AI89,0648-AM57,0648-AM62,0648-AN43,0648-AO24,0648-AO40,0648-AP47,0648-AP83,0648-AQ54,0648-AQ61,0648-AQ71,0648-AQ71,0648-AS06,0648-AT39,0648-AT46,0648-AT49,0648-AT77,0648-AT78,0648-AT78,0648-AT79,0648-AT80,0648-AT81,0648-AT82,0648-AT83,0648-AU53,0648-AW78,0648-AW80,0648-AW86,0648-AW89,0648-AW90,0648-AW91,0648-AX08,0648-AX09,0648-AX10,0648-AX11,0648-AX27,0648-AX29,0648-AX29,0648-AX32,0648-AX88,0648-AX90,0648-AY63,0648-AY64,0648-BA67,0648-BB00,0648-BB03,0648-BB09,0648-BB14,0648-BB16,0648-BB38,0648-BB53,0648-BB74,0648-BC46,0648-BC54,0648-BC69,0648-BG31,0648-BG32,0648-BG44,0648-BG64,0648-BH06,0648-BH21,0648-BH29,0648-BH90,0648-BI85,0648-BJ00,0648-BJ06,1010-AD10,1010-AD84,1018-AD18,1018-AD19,1018-AD56,1018-AD57,1018-AF26,1018-AF54,1018-AH86,1018-AH92,1018-AT20,1018-AT34,1018-AT48,1018-AT82,1018-AW94,1018-AX32,1018-AX46,1018-AX51,1018-AY67,1018-BD62,1018-BD63","{1, 5}",2,"{1, 5}",2.0
5751,marine national monument,"0648-AW44,0648-AW52",{5},1,{5},1.0
5752,marine protection,2040-AF01,{5},1,{5},1.0
5753,marine reserve,0648-AT18,{5},1,{5},1.0
5754,marine sanitation device,2040-AC51,{5},1,{5},1.0
5755,marine terminal,"1218-AA56,1218-AB81,2115-AD06","{2, 4}",2,"{2, 4}",2.0
5756,marine transportation,1625-AA12,{2},1,{2},1.0
5757,marine water,2040-AC72,{5},1,{5},1.0
5758,marital deduction,1545-AV45,{7},1,{7},1.0
5759,marital property,"3206-AG28,3206-AG59",,0,,0.0
5760,marital relationship,2900-AK35,{13},1,{13},1.0
5761,marital status,"3206-AG29,3206-AG60",,0,,0.0
5762,maritime administrator,2133-AB72,{3},1,{3},1.0
5763,maritime facility,1625-AC15,{2},1,{2},1.0
5764,maritime safety,"1625-AA22,2115-AF68",{2},1,{2},1.0
5765,maritime sector,1652-AA41,{2},1,{2},1.0
5766,maritime security,"1625-AA45,1625-AA47,1625-AB38,1625-AC36,2115-AG40,2115-AG42",{2},1,{2},1.0
5767,maritime worker,1652-AA27,{2},1,{2},1.0
5768,mark up,3235-AG12,{8},1,{8},1.0
5769,market access,"3235-AK53,3235-AM61",{8},1,{8},1.0
5770,market agency,"0580-AB05,0580-AB14",{1},1,{1},1.0
5771,market assistance,"0560-AG14,0560-AG18,0560-AG19",{9},1,{9},1.0
5772,market base approach,"1901-AB42,1904-AE11",{6},1,,0.0
5773,market base rate,"1902-AC51,1902-AE85",{6},1,{6},1.0
5774,market capitalization,3038-AB77,{7},1,{7},1.0
5775,market discipline,"3064-AD96,7100-AD88",{7},1,{7},1.0
5776,market dominant product,"3211-AA02,3211-AA08",{11},1,{11},1.0
5777,market drug,0910-AB23,{1},1,{1},1.0
5778,market entry,3060-AF87,{11},1,,0.0
5779,market facilitation program,0560-AI42,{9},1,{9},1.0
5780,market maker trading,3235-AG21,{8},1,{8},1.0
5781,market manipulation,3084-AB12,{8},1,{8},1.0
5782,market participant,3038-AE14,{7},1,,0.0
5783,market prescription drug,0910-AI30,{1},1,{1},1.0
5784,market rate,1545-BL62,{7},1,{7},1.0
5785,market research,"9000-AJ91,9000-AL50",,0,,0.0
5786,market risk,"1557-AC34,1557-AC99,1557-AE62,3064-AB64,3064-AC14,3064-AD10,3064-AD70,3235-AG42,7100-AD62,7100-AD98","{8, 7}",2,"{8, 7}",2.0
5787,market share,1652-AA43,{2},1,,0.0
5788,market stabilization,0938-AT14,{1},1,{1},1.0
5789,market standard,0938-AR82,{1},1,{1},1.0
5790,market timing,3235-AI99,{8},1,{8},1.0
5791,market trial,3060-AJ62,{11},1,{11},1.0
5792,marketable security,1545-AT19,{7},1,{7},1.0
5793,marketing agreement,0581-AD76,{9},1,{9},1.0
5794,marketing assessment,0560-AD68,{9},1,{9},1.0
5795,marketing charge,0560-AD68,{9},1,{9},1.0
5796,marketing order,0581-AD76,{9},1,{9},1.0
5797,marketing rule,3235-AM08,{8},1,{8},1.0
5798,mass influx,"1651-AA67,1653-AA18",{2},1,{2},1.0
5799,mass withdrawal,1212-AB07,{13},1,{13},1.0
5800,master agreement,0750-AB10,{2},1,{2},1.0
5801,master file,0910-AH50,{1},1,{1},1.0
5802,match program,1545-BB88,{7},1,{7},1.0
5803,match requirement,"0524-AA25,1105-AB07,1121-AA67,2506-AB68,2506-AC24","{9, 12, 13}",3,"{9, 12, 13}",3.0
5804,matching fund,2040-AD68,{5},1,{5},1.0
5805,material cost,9000-AJ69,,0,,0.0
5806,material facility,"3150-AE18,3150-AJ18",{6},1,{6},1.0
5807,material information,3038-AE43,{7},1,{7},1.0
5808,material license,"3150-AF65,3150-AG85",{6},1,{6},1.0
5809,material licensee,3150-AI79,{6},1,{6},1.0
5810,material management,0750-AC96,{2},1,{2},1.0
5811,material participation,1545-BJ33,{7},1,{7},1.0
5812,material term,3038-AE17,{7},1,{7},1.0
5813,maternity care,0720-AA55,{1},1,{1},1.0
5814,mattress pad,"3041-AB69,3041-AC27,3041-AC93,3041-AD00",{1},1,{1},1.0
5815,maturity limit,3133-AD64,{7},1,{7},1.0
5816,maximize use,9000-AN99,,0,,0.0
5817,maximum achievable control technology,2060-AG34,{5},1,{5},1.0
5818,maximum age,0584-AD56,{1},1,{1},1.0
5819,maximum allotment,"0584-AC16,0584-AC17,0584-AC53,0584-AC54,0584-AC57,0584-AC58,0584-AC69,0584-AC70,0584-AC87,0584-AC88",{1},1,{1},1.0
5820,maximum allowable operating pressure,2137-AE25,{3},1,{3},1.0
5821,maximum amount,"1515-AC11,3150-AJ81","{2, 6}",2,"{2, 6}",2.0
5822,maximum capacity,"1105-AA85,1110-AA22",{12},1,,0.0
5823,maximum civil penalty,"2105-AE39,2137-AF16",{3},1,{3},1.0
5824,maximum claim amount,2502-AI49,{13},1,{13},1.0
5825,maximum contaminant level goal,2040-AD64,{5},1,{5},1.0
5826,maximum driving,2125-AD44,{3},1,{3},1.0
5827,maximum period,1653-AA78,{2},1,{2},1.0
5828,maximum sustainable yield,0648-AX61,{5},1,{5},1.0
5829,maximum term,0596-AC23,{5},1,{5},1.0
5830,meal and entertainment expense,1545-BP23,{7},1,{7},1.0
5831,meal supplement,0584-AC73,{1},1,{1},1.0
5832,meaningful use,"0938-AS26,0938-AS58",{1},1,{1},1.0
5833,measure tool,0750-AH17,{2},1,{2},1.0
5834,measurement system,0563-AB88,{9},1,{9},1.0
5835,meat and poultry carcass,0583-AC53,{1},1,{1},1.0
5836,meat and poultry product,"0583-AB02,0583-AB64,0583-AC11,0583-AC22,0583-AC66,0583-AC96,0583-AD47,0583-AD56,0910-AA66",{1},1,{1},1.0
5837,meat byproduct,0579-AD04,{1},1,{1},1.0
5838,meat carcass,0583-AD33,{1},1,{1},1.0
5839,meat food product,"0579-AD04,0583-AD63",{1},1,{1},1.0
5840,meat poultry,0910-AE63,{1},1,{1},1.0
5841,meat product,"0579-AB41,0583-AC14,0583-AC50",{1},1,{1},1.0
5842,meat recovery system,"0583-AC51,0583-AD00",{1},1,{1},1.0
5843,mechanical engineer,"3150-AI35,3150-AI97,3150-AJ74",{6},1,{6},1.0
5844,mechanical power,1218-AC80,{4},1,{4},1.0
5845,mechanical transport,1024-AE35,{5},1,{5},1.0
5846,medicaid coverage,0938-AH00,{1},1,{1},1.0
5847,medicaid drug rebate program,"0938-AF42,0938-AM81",{1},1,{1},1.0
5848,medicaid eligibility,"0938-AH76,0938-AK92",{1},1,{1},1.0
5849,medicaid expenditure,0938-AN03,{1},1,{1},1.0
5850,medicaid fiscal accountability,0938-AT50,{1},1,{1},1.0
5851,medicaid fraud control unit,"0936-AA01,0991-AB61",{1},1,{1},1.0
5852,medicaid home,0938-AM05,{1},1,{1},1.0
5853,medicaid manage care,"0938-AI70,0938-AJ73,0938-AK96,0938-AL83,0938-AS25",{1},1,{1},1.0
5854,medicaid management information system,0938-AK44,{1},1,{1},1.0
5855,medicaid patient,0938-AK77,{1},1,{1},1.0
5856,medicaid payment,0938-AU03,{1},1,{1},1.0
5857,medicaid program,"0938-AG73,0938-AG77,0938-AH09,0938-AH23,0938-AH76,0938-AH89,0938-AH91,0938-AH95,0938-AI20,0938-AI30,0938-AI39,0938-AI67,0938-AI74,0938-AI79,0938-AJ35,0938-AO17,0938-AP23,0938-AP26,0938-AP67,0938-AP69,0938-AQ59",{1},1,{1},1.0
5858,medicaid recipient,"0938-AG90,0938-AH48",{1},1,{1},1.0
5859,medical and dental care,0703-AB09,{2},1,{2},1.0
5860,medical benefit,2900-AO05,{13},1,{13},1.0
5861,medical care,"1210-AB51,1545-BP31,2900-AJ20,2900-AK39,2900-AK73,2900-AL05,2900-AL06,2900-AL48,2900-AL57,2900-AM35,2900-AN55,2900-AP20,2900-AP55,2900-AQ69","{4, 13, 7}",3,"{4, 13, 7}",3.0
5862,medical certification,1615-AC23,{2},1,{2},1.0
5863,medical consultant,0960-AD91,{13},1,{13},1.0
5864,medical criterion,"0960-AE99,0960-AF03",{13},1,{13},1.0
5865,medical device,"0694-AC37,0720-AB11,0910-AA17,0910-AA35,0910-AA36,0910-AA41,0910-AA62,0910-AA75,0910-AB53,0910-AB65,0910-AB99,0910-AC25,0910-AC30,0910-AC32,0910-AD90,0910-AD91,0910-AD95,0910-AF71,0910-AF76,0910-AG48,0910-AH54,0910-AH75,0910-AI12,0910-AI21,0910-AI33,0938-AK01,0938-AK59,1545-BJ44,2070-AD54","{8, 1, 5, 7}",4,"{8, 1, 5, 7}",4.0
5866,medical diagnostic equipment,3014-AA40,{3},1,{3},1.0
5867,medical education,0906-AA78,{1},1,{1},1.0
5868,medical equipment,1190-AA66,{13},1,,0.0
5869,medical evidence,"0960-AG64,0960-AH51,2900-AH82",{13},1,{13},1.0
5870,medical examination,"0920-AA20,0920-AA21,0920-AA26,0920-AA28,0920-AA57,0920-AA68,2126-AA06","{1, 3}",2,"{1, 3}",2.0
5871,medical examiner,0960-AG41,{13},1,{13},1.0
5872,medical gas,0910-AH96,{1},1,{1},1.0
5873,medical ground,"1115-AG38,1615-AA66",{2},1,{2},1.0
5874,medical information,"1240-AA10,1557-AC85,2900-AN88","{4, 13, 7}",3,"{4, 13, 7}",3.0
5875,medical leave,"0412-AA86,3206-AH10,3206-AI35",{14},1,,0.0
5876,medical license,3150-AF77,{6},1,,0.0
5877,medical loss ratio,"0938-AQ71,0950-AA06,1545-BL05","{1, 7}",2,"{1, 7}",2.0
5878,medical opinion,"2900-AG90,2900-AK52",{13},1,{13},1.0
5879,medical or surgical treatment,"2900-AJ04,2900-AK77",{13},1,{13},1.0
5880,medical oxygen,0910-AC30,{1},1,{1},1.0
5881,medical product,"0694-AB85,0910-AF54","{8, 1}",2,"{8, 1}",2.0
5882,medical provider,0960-AH17,{13},1,,0.0
5883,medical reason,1120-AB10,{12},1,,0.0
5884,medical saving account,3133-AB89,{7},1,{7},1.0
5885,medical service,"1215-AA92,2900-AJ18,2900-AM40,2900-AN07,2900-AN08,2900-AO78,2900-AP59","{4, 13}",2,"{4, 13}",2.0
5886,medical source,0960-AG88,{13},1,{13},1.0
5887,medical standard,"2120-AA70,2130-AC25",{3},1,{3},1.0
5888,medical support,0970-AC22,{1},1,{1},1.0
5889,medical testing,1240-AA12,{4},1,{4},1.0
5890,medical treatment,"0720-AA88,0720-AB23",{1},1,{1},1.0
5891,medical use,"3150-AC42,3150-AF74,3150-AH08,3150-AH19,3150-AH47,3150-AI14,3150-AI26,3150-AI59,3150-AI63",{6},1,,0.0
5892,medical waste incinerator,2060-AE73,{5},1,{5},1.0
5893,medically determinable impairment,0960-AG05,{13},1,{13},1.0
5894,medically underserved area,"0720-AA60,1115-AF75,1615-AA34,3206-AN03","{1, 2}",2,"{1, 2}",2.0
5895,medicare advantage,"0938-AO78,0938-AQ60,0938-AQ86,0938-AR37,0938-AR69,0938-AS20,0938-AT08,0938-AT59,0938-AT92,0938-AT97",{1},1,{1},1.0
5896,medicare and medicaid program,"0938-AF50,0938-AF74,0938-AH27,0938-AH53,0938-AI13,0938-AJ12,0938-AJ32,0938-AJ37,0938-AJ56,0938-AJ63,0938-AL02,0938-AQ89",{1},1,{1},1.0
5897,medicare beneficiary,"0938-AH62,0938-AI11",{1},1,{1},1.0
5898,medicare benefit,0938-AM47,{1},1,{1},1.0
5899,medicare billing,0938-AI49,{1},1,{1},1.0
5900,medicare claim,"0938-AT62,0991-AC02",{1},1,{1},1.0
5901,medicare coverage,"0938-AD32,0938-AE99,0938-AG44,0938-AG65,0938-AG83,0938-AH37,0938-AH96,0938-AI89,0938-AT39,0938-AT88",{1},1,{1},1.0
5902,medicare data,"0938-AQ17,0938-AS66",{1},1,{1},1.0
5903,medicare enrollment,0938-AH73,{1},1,{1},1.0
5904,medicare fee,0938-AS69,{1},1,{1},1.0
5905,medicare limit,0938-AL12,{1},1,{1},1.0
5906,medicare part,"0720-AB51,0938-AK99",{1},1,{1},1.0
5907,medicare patient,0938-AG19,{1},1,{1},1.0
5908,medicare payment,"0938-AC99,0938-AM97,0938-AN76,0938-AS68",{1},1,{1},1.0
5909,medicare prescription drug benefit,0938-AO74,{1},1,{1},1.0
5910,medicare prescription drug program,0938-AO42,{1},1,{1},1.0
5911,medicare program,"0938-AG44,0938-AG65,0938-AG93,0938-AG95,0938-AG96,0938-AH02,0938-AH03,0938-AH07,0938-AH12,0938-AH33,0938-AH38,0938-AH40,0938-AH41,0938-AH42,0938-AH54,0938-AH86,0938-AH88,0938-AH94,0938-AI03,0938-AI09,0938-AI11,0938-AI14,0938-AI15,0938-AI16,0938-AI18,0938-AI26,0938-AI29,0938-AI33,0938-AI38,0938-AI44,0938-AI45,0938-AI47,0938-AI60,0938-AI76,0938-AI87,0938-AI92,0938-AI98,0938-AJ02,0938-AJ03,0938-AJ15,0938-AJ26,0938-AJ31,0938-AJ33,0938-AJ34,0938-AJ38,0938-AJ54,0938-AJ55,0938-AJ58,0938-AJ92,0938-AK06,0938-AK45,0938-AK98,0938-AL28,0938-AM96,0938-AP24,0938-AQ08,0938-AS90,0991-AC02",{1},1,{1},1.0
5912,medicare provider,0938-AK39,{1},1,{1},1.0
5913,medicare secondary payer,"0938-AD73,0938-AR43",{1},1,{1},1.0
5914,medicare supplemental insurance,"0938-AN66,0938-AP62",{1},1,{1},1.0
5915,medicare supplemental policy,"0938-AP10,0991-AA53",{1},1,{1},1.0
5916,medicare+choice program,"0938-AI29,0938-AI45,0938-AJ16",{1},1,{1},1.0
5917,medication assist treatment,"0930-AA22,0930-AA25",{1},1,{1},1.0
5918,medication guide,0910-AH68,{1},1,{1},1.0
5919,medigap policy,"0938-AJ07,0938-AN50",{1},1,{1},1.0
5920,mediterranean fruit fly,0579-AD34,{1},1,{1},1.0
5921,medium and heavy duty vehicle,2060-AP61,{5},1,{5},1.0
5922,medium representative,1653-AA78,{2},1,{2},1.0
5923,megan 's law,"1105-AA50,1105-AA95",{12},1,{12},1.0
5924,member access,3133-AD33,{7},1,{7},1.0
5925,member bank,"7100-AC16,7100-AC42,7100-AC52",{7},1,{7},1.0
5926,member business loan,"3133-AB91,3133-AC68,3133-AC97,3133-AD06,3133-AD42,3133-AD68,3133-AD69,3133-AE37",{7},1,{7},1.0
5927,member creditor,1545-BI17,{7},1,{7},1.0
5928,member information,3133-AC83,{7},1,{7},1.0
5929,member insurance,3052-AB43,{7},1,{7},1.0
5930,member notice,3133-AC83,{7},1,{7},1.0
5931,member responsibility action,"3038-AC12,3038-AC43",{7},1,{7},1.0
5932,membership expansion,0694-AD11,{8},1,{8},1.0
5933,membership regulation,"3069-AA66,3069-AA67",{7},1,{7},1.0
5934,membership roll,1076-AE77,,0,,0.0
5935,memorial park,1024-AE45,{5},1,{5},1.0
5936,memorial parkway,1024-AD09,{5},1,{5},1.0
5937,memorial service,2900-AQ35,{13},1,{13},1.0
5938,menstrual product,0910-AC66,{1},1,{1},1.0
5939,mental defective,1140-AA47,{1},1,{1},1.0
5940,mental disease,"0938-AI66,0938-AJ74,0938-AM89,0938-AN88,0938-AN96,0938-AR91",{1},1,{1},1.0
5941,mental disorder,"0960-AC74,0960-AF69,2900-AF01,2900-AJ84,2900-AO96",{13},1,{13},1.0
5942,mental health,"0720-AB65,2501-AD82","{1, 13}",2,"{1, 13}",2.0
5943,mental illness,"0930-AA02,0930-AA15",{1},1,{1},1.0
5944,mental institution,1140-AA47,{1},1,{1},1.0
5945,mental retardation,"0720-AB67,0938-AK23,0960-AH52","{1, 13}",2,"{1, 13}",2.0
5946,mentor protege program,"0750-AD92,1400-AE57,1991-AB45,2105-AD20,2700-AB52,9000-AG70,9000-AJ90","{2, 3, 6, 10, 14}",5,"{2, 3, 6, 10, 14}",5.0
5947,merchant banking,"1505-AA78,1557-AC43",{7},1,{7},1.0
5948,merchant marine,2115-AG34,{2},1,{2},1.0
5949,merchant vessel,2115-AF24,{2},1,{2},1.0
5950,mercury contain thermometer,2070-AJ51,{5},1,{5},1.0
5951,mercury emission,2060-AP31,{5},1,{5},1.0
5952,merit base incentive payment system,0938-AS69,{1},1,{1},1.0
5953,merit requirement,"3206-AH39,3206-AH70",,0,,0.0
5954,merit system,3206-AH90,,0,,0.0
5955,meritorious claim,2700-AC35,{10},1,{10},1.0
5956,metal and nonmetal mine,"1219-AA84,1219-AA90,1219-AA97,1219-AB00,1219-AB87,1219-AB92",{4},1,{4},1.0
5957,metal can,"2060-AG96,2060-AM28,2060-AT51",{5},1,{5},1.0
5958,metal finish industry,2050-AE60,{5},1,{5},1.0
5959,metal mining,2025-AA11,{5},1,{5},1.0
5960,metal pipe,2060-AH78,{5},1,{5},1.0
5961,metal product,"2040-AB79,2040-AC30",{5},1,{5},1.0
5962,metal waste,2050-AE05,{5},1,{5},1.0
5963,meter dose inhaler,2060-AI73,{5},1,{5},1.0
5964,methodology change,"3206-AJ41,3206-AK29",,0,,0.0
5965,methyl bromide,"0579-AB54,2060-AI42,2060-AJ63,2060-AJ74,2060-AK67,2060-AL94,2060-AL95,2060-AN13,2060-AN18,2060-AN54,2060-AO29,2060-AO30,2060-AO78,2060-AP62,2060-AP92,2060-AQ83,2060-AR41,2060-AR80,2060-AS44","{1, 5}",2,"{1, 5}",2.0
5966,methyl iodide,2060-AP22,{5},1,{5},1.0
5967,methyl tertiary butyl ether,"2040-AD54,2060-AJ00",{5},1,{5},1.0
5968,methylene chloride,"1218-AA98,2070-AK07,2070-AK48,3041-AA59,3041-AD62","{1, 4, 5}",3,"{1, 4, 5}",3.0
5969,metric conversion,"2125-AD63,2127-AH27",{3},1,{3},1.0
5970,metropolitan area,"2105-AA78,2120-AI63",{3},1,,0.0
5971,metropolitan city,"2506-AC08,2506-AC15",{13},1,{13},1.0
5972,metropolitan planning,2125-AE62,{3},1,{3},1.0
5973,mexican fruit fly,0579-AC67,{1},1,{1},1.0
5974,mexican good,1515-AC47,{2},1,{2},1.0
5975,mexican gray wolf,"1018-AT36,1018-AV40",{5},1,{5},1.0
5976,mexican motor carrier,"2125-AE14,2125-AE31,2125-AE32,2125-AE33,2126-AA30,2140-AA13,3120-AC04",{3},1,{3},1.0
5977,mexican spot owl,"1018-AD02,1018-AE95,1018-AG29,1018-AJ15,1018-AT52",{5},1,{5},1.0
5978,mexican wolf,"1018-AD07,1018-AH45,1018-AY00,1018-AY46,1018-BE52",{5},1,{5},1.0
5979,mexico fishery management council,0648-AW05,{5},1,{5},1.0
5980,mexico red snapper,0648-AL61,{5},1,{5},1.0
5981,mexico region,0648-AN99,{5},1,{5},1.0
5982,mhz band,"3060-AI33,3060-AJ20",{11},1,{11},1.0
5983,micro purchase,0750-AE74,{2},1,{2},1.0
5984,microbial product,2070-AD51,{5},1,{5},1.0
5985,microelectronic circuit,0694-AE02,{8},1,{8},1.0
5986,mid atlantic fishery,0648-AU64,{5},1,{5},1.0
5987,mid atlantic region,0648-BG60,{5},1,{5},1.0
5988,middle class,"0660-AA29,3060-AJ74,3060-AJ84,3060-AJ86",{11},1,,0.0
5989,midway atoll,1018-AE19,{5},1,{5},1.0
5990,migrant and seasonal agricultural worker protection,1215-AA93,{4},1,{4},1.0
5991,migrant education program,"1810-AA99,1810-AB02,1810-AB49,1810-AB55",{10},1,{10},1.0
5992,migrant farmworker,0575-AB14,{9},1,{9},1.0
5993,migrant worker,2125-AD81,{3},1,{3},1.0
5994,migratory bird,"1018-AB72,1018-AD26,1018-AG56,1018-AG57,1018-AH88,1018-AI97,1018-AJ27,1018-AT77,1018-AV10,1018-AV14,1018-AV53,1018-AW29,1018-AW67,1018-AX30,1018-AX53,1018-AX55,1018-AY65,1018-AY70,1018-BA02,1018-BA48,1018-BA69,1018-BB10,1018-BB71,1018-BC70,1018-BD07,1018-BD76,1018-BE24,3060-AJ36","{11, 5}",2,"{11, 5}",2.0
5995,migratory game bird,1018-AY74,{5},1,{5},1.0
5996,mileage award,1545-BN66,{7},1,{7},1.0
5997,mileage rate,"1545-AV87,1545-AV89,3090-AI34",{7},1,{7},1.0
5998,military activity,0648-AG55,{5},1,{5},1.0
5999,military aircraft,0694-AG76,{8},1,{8},1.0
6000,military and civilian personnel,"0790-AH88,0790-AK26",{2},1,{2},1.0
6001,military assistance,0790-AG21,{2},1,{2},1.0
6002,military child,0790-AJ33,{2},1,{2},1.0
6003,military commission regulation,0790-AJ58,{2},1,{2},1.0
6004,military construction,"0750-AF65,0750-AI87",{2},1,{2},1.0
6005,military electronic equipment,"0694-AF64,0694-AH64",{8},1,{8},1.0
6006,military end use,0694-AD49,{8},1,{8},1.0
6007,military explosive,0694-AF58,{8},1,{8},1.0
6008,military export,0694-AC27,{8},1,{8},1.0
6009,military extraterritorial jurisdiction act,1400-AE20,{14},1,{14},1.0
6010,military family,3206-AL58,,0,,0.0
6011,military flight simulator,0750-AG04,{2},1,{2},1.0
6012,military installation,"0750-AD99,0750-AI78,0750-AJ66",{2},1,{2},1.0
6013,military justice,0790-AJ43,{2},1,{2},1.0
6014,military munition,"0790-AG35,0790-AG46",{2},1,{2},1.0
6015,military operation,0750-AG73,{2},1,{2},1.0
6016,military parent,0960-AG23,{13},1,{13},1.0
6017,military personnel,"0701-AA87,0702-AA26,0702-AA47,0790-AH89,0790-AI08,0790-AJ17,0790-AK33,0790-AK34,0960-AG99","{2, 13}",2,"{2, 13}",2.0
6018,military police investigation,"0702-AA44,0702-AB01",{2},1,{2},1.0
6019,military prisoner,1120-AA83,{12},1,{12},1.0
6020,military readiness activity,0648-BD89,{5},1,{5},1.0
6021,military record,"0702-AA32,2105-AC31,2105-AD19","{2, 3}",2,"{2, 3}",2.0
6022,military recruiting,"0790-AF87,0790-AG13,9000-AN79",{2},1,{2},1.0
6023,military reservation,"0702-AA77,0702-AA95",{2},1,{2},1.0
6024,military reservist,3245-AF87,{8},1,{8},1.0
6025,military resource,0790-AK07,{2},1,{2},1.0
6026,military retiree,3206-AI92,,0,,0.0
6027,military service,"0790-AK27,0790-AK50,2900-AP26,3206-AG02,3206-AG58","{2, 13}",2,"{2, 13}",2.0
6028,military treatment facility,0720-AB44,{1},1,{1},1.0
6029,military uniform,0750-AH22,{2},1,{2},1.0
6030,military vehicle,"0694-AC91,0694-AF39,0694-AG93",{8},1,{8},1.0
6031,milk container,2050-AG50,{5},1,{5},1.0
6032,milk price support,0560-AG72,{9},1,{9},1.0
6033,milk product,0579-AB38,{1},1,{1},1.0
6034,mill rice,"0580-AA94,0580-AB17",{1},1,{1},1.0
6035,mill tailing,2060-AP43,{5},1,{5},1.0
6036,mine property,1219-AB41,{4},1,{4},1.0
6037,mine rescue team,"1219-AB20,1219-AB53,1219-AB66",{4},1,{4},1.0
6038,mine safety,3235-AK83,{8},1,{8},1.0
6039,miner exposure,1219-AB64,{4},1,{4},1.0
6040,mineral development,1076-AE68,,0,,0.0
6041,mineral leasing act,"1004-AC74,1004-AD39,1004-AD55,1004-AD84,1004-AD87",{5},1,{5},1.0
6042,mineral management,"1004-AC55,1004-AD95,1004-AE18,1004-AE29,1004-AE36,1004-AE44,1004-AE47,1004-AE55,1004-AE57,1004-AE70,1024-AB39",{5},1,{5},1.0
6043,minerals management service,2115-AG14,{2},1,{5},1.0
6044,minimum age requirement,"0579-AC14,2070-AK37","{1, 5}",2,"{1, 5}",2.0
6045,minimum capital,"2550-AA03,2550-AA18",{13},1,{13},1.0
6046,minimum day,3150-AI94,{6},1,{6},1.0
6047,minimum essential coverage,"1545-BL36,1545-BL91,1545-BN23",{7},1,{7},1.0
6048,minimum financial requirement,"3038-AB12,3038-AB27,3038-AB49,3038-AB51,3038-AB54,3038-AB64",{7},1,{7},1.0
6049,minimum funding,"2577-AC43,2577-AC69",{13},1,{13},1.0
6050,minimum internal control standard,"3141-AA11,3141-AA24,3141-AA27,3141-AA56",,0,,0.0
6051,minimum level,"2125-AE07,2125-AE14,2126-AA30,2126-AB05",{3},1,,0.0
6052,minimum licensing standard,2502-AI70,{13},1,{13},1.0
6053,minimum payment,"2502-AI16,2502-AJ37",{13},1,,0.0
6054,minimum penalty,2127-AH47,{3},1,{3},1.0
6055,minimum property standard,"2501-AD62,2502-AG84",{13},1,{13},1.0
6056,minimum qualification,1105-AA82,{12},1,,0.0
6057,minimum quality,"0581-AC23,0581-AD69,0581-AD69",{9},1,{9},1.0
6058,minimum requirement,"1557-AD64,2590-AA61,3064-AE10,3133-AE11,3170-AA44,7100-AE15",{7},1,{7},1.0
6059,minimum safety,1105-AA77,{12},1,{12},1.0
6060,minimum salary requirement,3206-AI05,,0,,0.0
6061,minimum size limit,"0648-AJ89,0648-AM71",{5},1,{5},1.0
6062,minimum value,"1545-BL43,1545-BM85",{7},1,{7},1.0
6063,minimum wage,"1215-AA98,1215-AB08,1215-AB20,1235-AA10,1235-AA27,9000-AM82",{4},1,{4},1.0
6064,mining claim,"1004-AC40,1004-AC96,1004-AD05,1004-AD31,1004-AD52,1004-AD53,1004-AD62,1004-AD69,1004-AD75,1004-AE00,1004-AE09,1004-AE31,1004-AE33,1004-AE35,1004-AE64",{5},1,{5},1.0
6065,mining industry,"2025-AA08,2070-AD41",{5},1,{5},1.0
6066,mining operation,1029-AB97,{5},1,{5},1.0
6067,mining product,"1219-AB38,1219-AB82",{4},1,{4},1.0
6068,ministerial employee,3038-AE00,{7},1,{7},1.0
6069,minor amendment,"0910-AG24,2060-AH61,2060-AI02,2070-AJ48,2070-AJ94,3150-AF45,3150-AF50,3150-AF66,3150-AF89,3150-AG28,3150-AH08,3150-AH47,3150-AI07","{1, 5, 6}",3,"{1, 5, 6}",3.0
6070,minor change,"0910-AE86,3150-AF43,3150-AG46,3150-AH32","{1, 6}",2,"{1, 6}",2.0
6071,minor correction,"2040-AE58,2040-AF00,2040-AF51,2050-AG85,3150-AF46,3150-AH33,3150-AI14","{5, 6}",2,"{5, 6}",2.0
6072,minor edit,3147-AA03,{3},1,{3},1.0
6073,minor error,"3150-AG92,3150-AH11",{6},1,{6},1.0
6074,minor modification,3060-AG30,{11},1,,0.0
6075,minor parent,0938-AK92,{1},1,{1},1.0
6076,minor policy change,3150-AF46,{6},1,{6},1.0
6077,minor revision,"2040-AD77,2040-AD91,2060-AJ70,2070-AJ58,2127-AL31","{3, 5}",2,"{3, 5}",2.0
6078,minor specie,"0910-AB07,0910-AB69,0910-AF60,0910-AF67,0910-AG07,0910-AG58",{1},1,{1},1.0
6079,minor use,"0910-AF60,0910-AG07,0910-AG58",{1},1,{1},1.0
6080,minority and woman inclusion,"1505-AC40,2590-AA28",{7},1,{7},1.0
6081,minority and woman outreach program,"2590-AA87,3064-AC21",{7},1,{7},1.0
6082,minority business enterprise,"2105-AC89,2105-AC90",{3},1,{3},1.0
6083,minority small business,9000-AH34,,0,,0.0
6084,miscellaneous change,"0570-AA23,0651-AA87,0651-AB56,0651-AB89,0651-AC88,0651-AD13,0651-AD20,0651-AD26,1218-AB81,1545-BB96,1545-BB97,1550-AB45,2115-AF34,2120-AI45,2120-AI68,2700-AC51,2700-AC53,2900-AI28,2900-AI29,2900-AI37,3090-AF60,3090-AF80,3150-AF80,3206-AG63,3206-AH11,3206-AH51,3206-AJ10,3206-AJ20,3206-AJ21,3206-AJ54,3206-AJ59,3206-AJ79,3206-AK99,3206-AM19,3206-AM46,3206-AM56,3206-AM57","{2, 3, 4, 6, 7, 8, 9, 10, 13}",9,"{2, 3, 4, 6, 7, 8, 9, 10, 13}",9.0
6085,miscellaneous provision,"0584-AB10,1029-AC55,1115-AE66,1218-AB48,1545-AU64","{1, 2, 4, 5, 7}",5,"{1, 2, 4, 5, 7}",5.0
6086,miscellaneous regulation,"1400-AA67,1512-AB44","{1, 14}",2,"{1, 14}",2.0
6087,mishandled baggage,"2105-AE41,2105-AE65,2105-AE77",{3},1,{3},1.0
6088,miss child,1545-AX29,{7},1,{7},1.0
6089,missile control,0694-AC46,{8},1,{8},1.0
6090,missile technology,"0694-AC08,0694-AC48",{8},1,{8},1.0
6091,mission achievement regulation,3069-AA84,{7},1,{7},1.0
6092,mission critical system,2700-AE17,{10},1,{10},1.0
6093,mission statement,1004-AD15,{5},1,{5},1.0
6094,mitigation bank,"0710-AA83,2040-AF90",{5},1,{5},1.0
6095,mitigation program,"1550-AB94,1557-AC87",{7},1,{7},1.0
6096,mix zone,2040-AD32,{5},1,{5},1.0
6097,mixed straddle,"1545-BK99,1545-BL04",{7},1,{7},1.0
6098,mixed waste,2050-AE45,{5},1,{5},1.0
6099,mms regulation,1010-AD48,{5},1,{5},1.0
6100,mobile air conditioning,2060-AE52,{5},1,{5},1.0
6101,mobile broadband access,3060-AJ12,{11},1,{11},1.0
6102,mobile offshore drilling unit,1625-AB78,{2},1,{2},1.0
6103,mobile phone,0694-AE37,{8},1,{11},1.0
6104,mobile satellite service,"3060-AF89,3060-AH28,3060-AJ46",{11},1,{11},1.0
6105,mobile service,"3060-AF49,3060-AF52,3060-AJ46,3060-AJ59,3060-AK44",{11},1,{11},1.0
6106,mobile source,"2060-AJ67,2060-AJ97,2060-AK70,2060-AO89,2060-AS88",{5},1,{5},1.0
6107,mobile telephone,2137-AE65,{3},1,{11},1.0
6108,model aircraft,2120-AL43,{3},1,{3},1.0
6109,model notice,1210-AB26,{4},1,{4},1.0
6110,model privacy form,"1550-AC12,1557-AC80,3064-AD16,3235-AJ06","{8, 7}",2,"{8, 7}",2.0
6111,model year,"2060-AE06,2060-AS97,2060-AT77,2060-AU09,2127-AF58,2127-AG34,2127-AG64,2127-AG71,2127-AG72,2127-AH06,2127-AH36,2127-AH52,2127-AH78,2127-AH95,2127-AI08,2127-AI35,2127-AI74,2127-AI99,2127-AJ28,2127-AJ52,2127-AJ89,2127-AK68,2127-AK91,2127-AL21,2127-AL76","{3, 5}",2,"{3, 5}",2.0
6112,moderate area,2060-AI22,{5},1,{5},1.0
6113,modern communication,3060-AK36,{11},1,{11},1.0
6114,modern technology,0694-AE43,{8},1,{8},1.0
6115,modernization program,2105-AC71,{3},1,{3},1.0
6116,modernize payment,2105-AE67,{3},1,{3},1.0
6117,modernize regulation,0910-AH99,{1},1,{1},1.0
6118,modify equipment,0648-BD90,{5},1,{5},1.0
6119,modify home mortgage,1545-BO10,{7},1,{7},1.0
6120,modify source,2060-AS30,{5},1,{5},1.0
6121,modify vehicle,2127-AG40,{3},1,{3},1.0
6122,moist area,1018-AD74,{5},1,{5},1.0
6123,moisture meter,0580-AA60,{1},1,{1},1.0
6124,monarch butterfly,1018-BE30,{5},1,{5},1.0
6125,monetary claim,2700-AD83,{10},1,{10},1.0
6126,monetary instrument,1506-AB13,{7},1,{7},1.0
6127,monetary settlement,0945-AA04,{1},1,{1},1.0
6128,monetary threshold,"2130-AB21,2130-AB30,2130-AB65,2130-AC49",{3},1,{3},1.0
6129,money laundering,"1506-AA27,1506-AB04",{7},1,{7},1.0
6130,money market deposit account,1550-AC40,{7},1,{7},1.0
6131,money market fund,"3235-AI45,3235-AK33",{8},1,{7},1.0
6132,money market mutual fund,1557-AD15,{7},1,{7},1.0
6133,money order,"1506-AA24,1545-AI24",{7},1,{7},1.0
6134,money service business,"1506-AA09,1506-AA19,1506-AA20,1506-AA54,1506-AA74,1506-AA85,1506-AA97,1506-AA98,1506-AB00,1506-AB31",{7},1,{7},1.0
6135,money transmitter,1506-AA24,{7},1,{7},1.0
6136,monitor compliance,0596-AB36,{5},1,{5},1.0
6137,monitoring regulation,2040-AC46,{5},1,{5},1.0
6138,monitoring report,3072-AC24,{3},1,{3},1.0
6139,monitoring requirement,"2060-AG22,2060-AJ88,2060-AN89",{5},1,{5},1.0
6140,monitoring result,2040-AD75,{5},1,{5},1.0
6141,monitoring system,"0648-AL15,2125-AC97,2132-AA47","{3, 5}",2,"{3, 5}",2.0
6142,monkfish fishery,"0648-AR89,0648-AS72,0648-AT24,0648-AX70",{5},1,{5},1.0
6143,monthly reporting,0584-AB98,{1},1,{1},1.0
6144,monthly survey,3069-AB23,{7},1,{7},1.0
6145,montreal protocol,"2060-AK67,2060-AR89",{5},1,{5},1.0
6146,moral exemption,"0938-AT46,1210-AB84,1545-BN91","{1, 4, 7}",3,"{1, 4, 7}",3.0
6147,more effective management,0551-AA56,{9},1,{9},1.0
6148,more than 30 day,0720-AB46,{1},1,{1},1.0
6149,more than one agency,9000-AJ30,,0,,0.0
6150,more than one benefit,2900-AL95,{13},1,{13},1.0
6151,morro shoulderband snail,"1018-AG27,1018-AV26,1018-BD45",{5},1,{5},1.0
6152,mortality assumption,1212-AB08,{13},1,{13},1.0
6153,mortality table,"1545-AT90,1545-BG30",{7},1,{7},1.0
6154,mortgage broker,2502-AH33,{13},1,{13},1.0
6155,mortgage credit certificate,1545-AR76,{7},1,{7},1.0
6156,mortgage fraud report,2550-AA31,{13},1,{13},1.0
6157,mortgage insurance,"2502-AG23,2502-AH58,2502-AH80,2502-AI60,2502-AJ50",{13},1,{13},1.0
6158,mortgage lending,2529-AA72,{13},1,{13},1.0
6159,mortgage loan,"2577-AB77,3084-AB18","{8, 13}",2,"{8, 13}",2.0
6160,mortgage property,2502-AI52,{13},1,{13},1.0
6161,mortgage relate security,3235-AL21,{8},1,{8},1.0
6162,mortgage related security,3235-AL33,{8},1,{8},1.0
6163,mortgage servicing,3064-AD36,{7},1,{7},1.0
6164,mortgage transaction,2502-AJ50,{13},1,{13},1.0
6165,mortgagee review board,"2501-AC09,2501-AD26",{13},1,{13},1.0
6166,motion picture,"1024-AD43,1093-AA10",{5},1,,0.0
6167,motor carrier,"2125-AC28,2125-AE06,2125-AE07,2126-AA02,2126-AA28,2126-AA54,2126-AA71,2126-AA74,2126-AA82,2126-AA86,2126-AA92,2126-AA93,2126-AB05,2126-AB16,2126-AB37,2126-AB44,2126-AB51,2126-AB74,2126-AB90,2126-AC04,2126-AC07,2126-AC22,2137-AD69,2137-AD70,2139-AA05,2139-AA10",{3},1,{3},1.0
6168,motor coach,"2125-AD25,2126-AA12",{3},1,{3},1.0
6169,motor home,2127-AJ57,{3},1,{3},1.0
6170,motor vehicle,"1024-AC47,1024-AD93,2060-AE27,2060-AH38,2060-AI55,2060-AJ72,2060-AN14,2060-AO56,2060-AQ86,2126-AA84,2127-AG20,2127-AH39,2127-AI44,2127-AJ50,2127-AJ50,2127-AJ63,2127-AL06,2127-AL99,2137-AD19,2700-AC57,3090-AG26","{10, 3, 5}",3,"{10, 3, 5}",3.0
6171,motorcycle helmet,2127-AG23,{3},1,{3},1.0
6172,motorize personal watercraft,0648-AK01,{5},1,{5},1.0
6173,mountain climbing,1024-AC39,{5},1,{5},1.0
6174,mountainous area,2120-AI44,{3},1,{3},1.0
6175,mountainous terrain,2120-AJ46,{3},1,{3},1.0
6176,multi family housing,2502-AI62,{13},1,{13},1.0
6177,multi unit building,1904-AB97,{6},1,{6},1.0
6178,multiemployer plan,"1210-AB00,1210-AB26,1212-AA55,1212-AA69,1212-AA74,1212-AB25,1212-AB28,1212-AB31,1212-AB37","{4, 13}",2,"{4, 13}",2.0
6179,multifamily housing,2577-AC92,{13},1,{13},1.0
6180,multifamily mortgage,2502-AH11,{13},1,{13},1.0
6181,multifamily project,"2501-AC69,2502-AH12",{13},1,{13},1.0
6182,multifamily rental housing,2501-AD60,{13},1,{13},1.0
6183,multiple award contract,"0750-AD71,0750-AF08,0750-AH12,0750-AH91,9000-AI53,9000-AL86,9000-AL93,9000-AM93,9000-AM94,9000-AM96,9000-AN54",{2},1,{2},1.0
6184,multiple award schedule,3090-AG30,,0,,0.0
6185,multiple copy,0910-AH48,{1},1,{1},1.0
6186,multiple dwelling unit,3060-AI94,{11},1,{11},1.0
6187,multiple employer plan,1210-AB66,{4},1,{4},1.0
6188,multiple employer welfare arrangement,1210-AB51,{4},1,{4},1.0
6189,multiple entry,1651-AA75,{2},1,{2},1.0
6190,multiple family housing,0575-AC02,{9},1,{9},1.0
6191,multiple issuance,0584-AE75,{1},1,{1},1.0
6192,multiple notice,1545-BA18,{7},1,{7},1.0
6193,multiple ownership rule,3060-AH52,{11},1,{11},1.0
6194,multiple prescription,1117-AB01,{1},1,{1},1.0
6195,multiple use,1004-AC96,{5},1,{5},1.0
6196,multipurpose canister,"3150-AJ75,3150-AK03",{6},1,{6},1.0
6197,multipurpose passenger vehicle,2127-AG65,{3},1,{3},1.0
6198,multiyear contract,"0750-AD38,0750-AG26,0750-AI37",{2},1,{2},1.0
6199,municipal adviser,3235-AK86,{8},1,{8},1.0
6200,municipal advisor,3235-AK69,{8},1,{8},1.0
6201,municipal discharge,2040-AB39,{5},1,{5},1.0
6202,municipal security dealer,"1557-AB62,3064-AC04",{7},1,{7},1.0
6203,municipal security disclosure,"3235-AJ41,3235-AJ66,3235-AK20,3235-AL97",{8},1,{8},1.0
6204,municipal separate storm sewer,2040-AC59,{5},1,{5},1.0
6205,municipal solid waste landfill,"2050-AE11,2050-AE75,2050-AE86,2050-AE92,2060-AC42,2060-AH13,2060-AI09,2060-AI50,2060-AJ41,2060-AM08,2060-AS23,2060-AT60,2060-AT62,2060-AT62,2060-AT64,2060-AU18,2060-AU24,2060-AU33,2060-AU52",{5},1,{5},1.0
6206,muscle cut,0583-AD38,{1},1,{1},1.0
6207,muscle injury,2900-AP88,{13},1,{13},1.0
6208,muscular system,2900-AE89,{13},1,{13},1.0
6209,musculoskeletal disorder,"0960-AG38,1218-AB36,1218-AC45","{4, 13}",2,"{4, 13}",2.0
6210,mushroom promotion,0581-AC82,{9},1,{9},1.0
6211,musical instrument,2105-AE37,{3},1,{3},1.0
6212,mutton snapper,0648-BG99,{5},1,{5},1.0
6213,mutual fund,"1506-AA33,1506-AA48,1506-AA68,1506-AA93,1545-BM04,3235-AG43,3235-AH77,3235-AI95,3235-AK13","{8, 7}",2,"{8, 7}",2.0
6214,mutual hold company,"1545-AW70,7100-AD80",{7},1,{7},1.0
6215,mutual insurance hold company,3064-AD89,{7},1,{7},1.0
6216,mutual saving association,1550-AB24,{7},1,{7},1.0
6217,mutual saving bank,"3133-AC21,3133-AC86,3133-AC96,3133-AD16,3133-AD84",{7},1,{7},1.0
6218,n11 code,3060-AF51,{11},1,{11},1.0
6219,nac international,3150-AJ89,{6},1,{6},1.0
6220,nafta country,1400-AD29,{14},1,{14},1.0
6221,naic standard,0938-AN66,{1},1,{1},1.0
6222,name change,0648-BE95,{5},1,{5},1.0
6223,name restriction,"1557-AE47,3038-AE83,3064-AE88,3235-AM43","{8, 7}",2,"{8, 7}",2.0
6224,nanoscale material,"2070-AJ30,2070-AJ47,2070-AJ54,2070-AJ54,2070-AJ67,2070-AK39",{5},1,{5},1.0
6225,narcotic addict,0910-AA52,{1},1,{1},1.0
6226,narcotic drug,1117-AB42,{1},1,{1},1.0
6227,narcotic raw material,1117-AB03,{1},1,{1},1.0
6228,narcotic substance,1117-AA68,{1},1,{1},1.0
6229,nasa activity,2700-AD62,{10},1,{10},1.0
6230,nasa facility,2700-AE14,{10},1,{10},1.0
6231,nasa grant,2700-AC82,{10},1,{10},1.0
6232,nasa property,2700-AC38,{10},1,{10},1.0
6233,nasa regulation,"2700-AD86,2700-AD92",{10},1,{10},1.0
6234,nasal decongestant,0910-AF33,{1},1,{1},1.0
6235,nasdaq list security,3235-AI86,{8},1,{8},1.0
6236,national aeronautics and space administration,"2700-AC45,2700-AD39,2700-AD58,2700-AE03",{10},1,{10},1.0
6237,national air carrier association,2105-AD38,{3},1,{3},1.0
6238,national airspace system,2120-AE81,{3},1,{3},1.0
6239,national ambient air quality standard,"2060-AF34,2060-AI43,2060-AI44,2060-AI86,2060-AI95,2060-AN24,2060-AN83,2060-AO47,2060-AO59,2060-AP27,2060-AP38,2060-AQ44,2060-AS50,2060-AS89",{5},1,{5},1.0
6240,national and community service,3045-AA64,{13},1,{13},1.0
6241,national animal identification system,0579-AC84,{1},1,{1},1.0
6242,national archives,3095-AA55,{10},1,{10},1.0
6243,national bank,"1505-AA77,1557-AB12,1557-AB41,1557-AB63,1557-AB64,1557-AB72,1557-AB79,1557-AB90,1557-AB96,1557-AC12,1557-AE55",{7},1,{7},1.0
6244,national broadband plan,3060-AJ64,{11},1,{11},1.0
6245,national cancer institute,0720-AB31,{1},1,{1},1.0
6246,national capital region,"1024-AC61,1024-AC76,1024-AD89,1024-AE36,1024-AE59",{5},1,{5},1.0
6247,national capitol region,1024-AD40,{5},1,{5},1.0
6248,national cemetery,"1024-AE01,2900-AI21,2900-AJ77,2900-AM00,2900-AM86","{13, 5}",2,"{13, 5}",2.0
6249,national childhood vaccine injury act,0910-AA14,{1},1,{1},1.0
6250,national construction safety team act,"0693-AB52,0693-AB53",{8},1,{8},1.0
6251,national coverage decision,0938-AJ54,{1},1,{1},1.0
6252,national credit union administration,3133-AE10,{7},1,{7},1.0
6253,national credit union share insurance fund,3133-AE77,{7},1,{7},1.0
6254,national defense authorization act,"0720-AA77,0720-AA85,0720-AA93,0720-AB02,0720-AB40,0790-AH02,2900-AG22,2900-AG23,2900-AG24,3245-AG58,3245-AG81,3245-AG86,9000-AL13","{8, 1, 2, 13}",4,"{8, 1, 2, 13}",4.0
6255,national diffusion network,1850-AA53,{10},1,{10},1.0
6256,national directory,"0584-AE36,0970-AB67",{1},1,{1},1.0
6257,national earthquake hazard reduction program,"3067-AC48,3067-AC78",{2},1,{2},1.0
6258,national emergency,"3206-AK65,3206-AK92,3220-AB36",{13},1,{13},1.0
6259,national emission standard,"2050-AG43,2060-AP48,2060-AT12",{5},1,{5},1.0
6260,national endowment,"3135-AA21,3136-AA16,3136-AA21,3136-AA30",{10},1,{10},1.0
6261,national environmental policy act,"0331-AA03,0412-AA64,0578-AA55,0596-AB54,0596-AC34,0648-AL58,0703-AA51,0703-AB01,0710-AA42,0710-AA68,0710-AA70,0710-AA92,0910-AA80,1090-AA95,1090-AB18,1105-AB13,2020-AA42,2020-AA48,2700-AC49,2700-AD71,3135-AA08,3135-AA29,3141-AA06,3141-AA26","{1, 2, 5, 10, 12, 14}",6,"{1, 2, 5, 10, 12, 14}",6.0
6262,national exchange,3235-AK74,{8},1,{8},1.0
6263,national flood insurance program,"1660-AA09,1660-AA14,1660-AA22,1660-AA24,1660-AA25,1660-AA27,1660-AA28,1660-AA29,1660-AA30,1660-AA35,1660-AA41,1660-AA48,1660-AA58,1660-AA70,1660-AA86,1660-AA88,1660-AA90,1660-AA92,1660-AA93,1660-AA95,3067-AC26,3067-AC40,3067-AC42,3067-AC47,3067-AC54,3067-AC62,3067-AC63,3067-AC73,3067-AC79,3067-AC81,3067-AC85,3067-AC86,3067-AC92,3067-AC95,3067-AC96,3067-AD00,3067-AD01,3067-AD02,3067-AD05,3067-AD11,3067-AD13,3067-AD16,3067-AD17,3067-AD19,3067-AD27,3067-AD30,3067-AD31",{2},1,{2},1.0
6264,national forest,0596-AC30,{5},1,{5},1.0
6265,national foundation,"3135-AA34,3136-AA40",{10},1,{10},1.0
6266,national geospatial intelligence agency,0790-AK66,{2},1,{2},1.0
6267,national housing act,"2502-AG52,2502-AH00,2502-AH82,2502-AI90,2502-AI92",{13},1,{13},1.0
6268,national imagery and mapping agency,0790-AG82,{2},1,{2},1.0
6269,national industrial security program,"0790-AI71,0790-AI80,0790-AJ12,3095-AB34,3095-AB79,3095-AC02","{2, 10}",2,"{2, 10}",2.0
6270,national instant criminal background check system,"0945-AA05,1105-AA51,1110-AA02,1110-AA07","{1, 12}",2,"{1, 12}",2.0
6271,national invasive species act,2115-AF55,{2},1,{2},1.0
6272,national labor relations act,3142-AA07,{4},1,{4},1.0
6273,national library,0925-AA44,{1},1,{1},1.0
6274,national list,"0579-AE39,0581-AC19,0581-AC27,0581-AC28,0581-AC35,0581-AC38,0581-AC51,0581-AC61,0581-AC62,0581-AC71,0581-AC81,0581-AC91,0581-AC93,0581-AC96,0581-AC97,0581-AD04,0581-AD05,0581-AD06,0581-AD13,0581-AD18,0581-AD27,0581-AD39,0581-AD43,0581-AD52,0581-AD60,0581-AD78,0581-AD80,0581-AD83","{1, 9}",2,"{1, 9}",2.0
6275,national mall,1024-AE45,{5},1,{5},1.0
6276,national marine fisheries service,"0648-BB87,0648-BF02,0648-BF47,1018-BA55",{5},1,{5},1.0
6277,national marine sanctuary,"0648-AD85,0648-BF13,0648-BH99",{5},1,{5},1.0
6278,national market system plan,"3235-AH51,3235-AH92",{8},1,{8},1.0
6279,national mine health,1219-AB04,{4},1,{4},1.0
6280,national need,1840-AC31,{10},1,,0.0
6281,national network,"1830-AA24,2125-AE04,2125-AE36,2125-AE96","{10, 3}",2,"{10, 3}",2.0
6282,national objective,2506-AB90,{13},1,{13},1.0
6283,national oceanic,"0605-AA37,0648-BI72","{8, 5}",2,"{8, 5}",2.0
6284,national organ transplant act,0906-AB02,{1},1,{1},1.0
6285,national organic program,"0581-AA40,0581-AB96,0581-AB97,0581-AC19,0581-AC27,0581-AC30,0581-AC35,0581-AC38,0581-AC51,0581-AC54,0581-AC57,0581-AC60,0581-AC61,0581-AC62,0581-AC69,0581-AC71,0581-AC76,0581-AC77,0581-AC81,0581-AC91,0581-AC93,0581-AC96,0581-AC97,0581-AD02,0581-AD04,0581-AD08,0581-AD10,0581-AD13,0581-AD15,0581-AD17,0581-AD18,0581-AD20,0581-AD22,0581-AD27,0581-AD28,0581-AD31,0581-AD34,0581-AD39",{9},1,{9},1.0
6286,national origin,"0412-AA45,0690-AA30,0790-AG83,0991-AB10,1090-AA77,1190-AA49,1400-AB17,1505-AC45,1601-AA05,1660-AA12,1870-AA10,2020-AA36,2700-AC41,2900-AK13,3045-AA27,3067-AD14,3090-AC49,3090-AH33,3135-AA17,3136-AA24,3137-AA13,3145-AA38,3150-AG65,3245-AE59","{1, 2, 5, 6, 7, 8, 10, 13, 14}",9,"{1, 2, 5, 6, 7, 8, 10, 13, 14}",9.0
6287,national park,1024-AC30,{5},1,{5},1.0
6288,national parks,"1024-AC81,1024-AE06",{5},1,{5},1.0
6289,national performance review,0560-AF10,{9},1,,0.0
6290,national performance standard,2040-AF92,{5},1,{5},1.0
6291,national petroleum reserve,"1004-AC79,1004-AD13,1004-AD14,1004-AD78",{5},1,{5},1.0
6292,national policy,"0790-AG55,0790-AG56,3150-AF97","{2, 6}",2,"{2, 6}",2.0
6293,national pollutant discharge elimination system,"2040-AC84,2040-AD98,2040-AE71,2040-AF17,2040-AF22,2040-AF25,2040-AF85",{5},1,{5},1.0
6294,national practitioner data bank,"0906-AA37,0906-AA41,0906-AA42,0906-AA43,0906-AA48,0906-AA51,0906-AA57,0906-AA87,0906-AA96,2900-AJ76","{1, 13}",2,"{1, 13}",2.0
6295,national primary drinking water regulation,"2040-AA94,2040-AA97,2040-AB75,2040-AB82,2040-AC07,2040-AC13,2040-AC22,2040-AC27,2040-AC66,2040-AC91,2040-AC98,2040-AD18,2040-AD30,2040-AD37,2040-AD38,2040-AD64,2040-AD65,2040-AD91,2040-AD94,2040-AE58,2040-AE62,2040-AE83,2040-AE97,2040-AF00,2040-AF15,2040-AF19,2040-AF24,2040-AF28,2040-AF29,2040-AF37,2040-AF51,2040-AF58",{5},1,{5},1.0
6296,national priority list,2050-AD75,{5},1,{5},1.0
6297,national program,0581-AD63,{9},1,,0.0
6298,national register,1024-AE49,{5},1,{5},1.0
6299,national registry,"2126-AA97,2126-AB97",{3},1,{3},1.0
6300,national repository,"1140-AA06,1512-AB73",{1},1,{1},1.0
6301,national research council report,2040-AE59,{5},1,{5},1.0
6302,national research service award,0925-AA16,{1},1,{1},1.0
6303,national school lunch,"0584-AB35,0584-AB82,0584-AC92,0584-AD38,0584-AD55,0584-AD59,0584-AD61,0584-AD63,0584-AE11,0584-AE67",{1},1,{1},1.0
6304,national science,"1840-AC86,1840-AC92,1840-AC96",{10},1,{10},1.0
6305,national securities exchange,"3235-AH41,3235-AI20,3235-AJ84",{8},1,{8},1.0
6306,national securities markets improvement act,3235-AI53,{8},1,{8},1.0
6307,national security,"0694-AB01,0694-AB47,0694-AC07,0694-AC54,1120-AB08","{8, 12}",2,"{8, 12}",2.0
6308,national semiconductor corporation,0694-AF32,{8},1,{8},1.0
6309,national sheep industry improvement center,"0570-AA21,0581-AD01",{9},1,{9},1.0
6310,national significance,2050-AG63,{5},1,{5},1.0
6311,national source tracking,3150-AH48,{6},1,{6},1.0
6312,national stage,0651-AB84,{8},1,{8},1.0
6313,national standard,"0648-AQ63,0648-BA74,0938-AL52","{1, 5}",2,"{1, 5}",2.0
6314,national standards,"0910-AH11,1105-AB34,2125-AD45,2125-AD57,2125-AD63,2125-AD89,2125-AE39,2125-AE83,2125-AE87,2125-AE98,2125-AF22,2125-AF41,2125-AF43","{1, 3, 12}",3,"{1, 3, 12}",3.0
6315,national television ownership rule,3060-AG54,{11},1,{11},1.0
6316,national trails system act,2140-AB04,{3},1,{3},1.0
6317,national tunnel inspection standard,2125-AF24,{3},1,{3},1.0
6318,national uniformity,0960-AE74,{13},1,{13},1.0
6319,national vaccine injury compensation program,"0906-AA36,0906-AA49,0906-AA55,0906-AA58,0906-AA66,0906-AA68,0906-AA74,0906-AA75,0906-AB00,0906-AB01,0906-AB14",{1},1,{1},1.0
6320,national voter registration act,0970-AB32,{1},1,{1},1.0
6321,national wildlife refuge,"1018-AC45,1018-AC81,1018-AD93,1018-AE21,1018-AF60,1018-AV44,1018-AX21,1018-BA31",{5},1,{5},1.0
6322,nationally recognize statistical rating organization,"3235-AH28,3235-AK14,3235-AK17,3235-AK19,3235-AL15,3235-AM05",{8},1,{8},1.0
6323,nationally recognize testing laboratory,1218-AC83,{4},1,{4},1.0
6324,nationwide permit,"0710-AA71,0710-AA73,0710-AA74,0710-AA84",{5},1,{5},1.0
6325,native american tribe,"0651-AB02,3150-AG41","{8, 6}",2,"{8, 6}",2.0
6326,native americans,"0970-AB37,1018-AV14","{1, 5}",2,"{1, 5}",2.0
6327,native hawaiians,"0985-AA00,0985-AA01,2577-AC27","{1, 13}",2,"{1, 13}",2.0
6328,natural gas,"1901-AA25,1901-AA93,1901-AB31,1902-AB84,1902-AC52,2060-AE34,2060-AE34,2060-AJ08,2060-AJ08,2060-AR24,2137-AC67,2137-AC95,2137-AF22","{3, 5, 6}",3,"{3, 5, 6}",3.0
6329,natural juice,0583-AC29,{1},1,{1},1.0
6330,natural product,"1024-AD62,1024-AD84",{5},1,{5},1.0
6331,natural resource,"1545-AT92,1545-AT93",{7},1,{5},1.0
6332,natural value,1004-AC48,{5},1,{5},1.0
6333,natural vegetation,1018-AD74,{5},1,{5},1.0
6334,naturalization regulation,1115-AE07,{2},1,{2},1.0
6335,naval service,"0703-AA85,0703-AB16",{2},1,{2},1.0
6336,navigable airspace,"2120-AA09,2120-AH31,2120-AI02",{3},1,{3},1.0
6337,navigable water,"1625-AA30,1625-AA74,2050-AG48,2115-AG13,2115-AG46","{2, 5}",2,"{2, 5}",2.0
6338,navigation equipment,1625-AA91,{2},1,{2},1.0
6339,navigation light,2115-AF70,{2},1,{2},1.0
6340,navigation regulation,"0710-AA62,0710-AA63",{5},1,{5},1.0
6341,navigation system,"2115-AF14,2115-AF45",{2},1,{2},1.0
6342,navy document,"0703-AA44,0703-AA52,0703-AA53,0703-AA58,0703-AB17",{2},1,{2},1.0
6343,navy personnel,"0703-AA74,0703-AA76",{2},1,{2},1.0
6344,ncua approval,"3133-AB65,3133-AB98",{7},1,{7},1.0
6345,ncua rule,3133-AC75,{7},1,{7},1.0
6346,nearshore water,0648-AH98,{5},1,{5},1.0
6347,necessary expense,1105-AB16,{12},1,,0.0
6348,needy family,"0970-AB77,2501-AC77","{1, 13}",2,"{1, 13}",2.0
6349,negotiate consent order,2070-AB30,{5},1,{5},1.0
6350,negotiate regulation,2060-AH81,{5},1,{5},1.0
6351,negotiate rulemaking,2577-AB44,{13},1,{13},1.0
6352,negotiation act,"0750-AA95,2030-AA47,3206-AH14,3206-AH45,9000-AI83","{2, 5}",2,"{2, 5}",2.0
6353,negotiation procedure,3090-AG70,,0,,0.0
6354,neighborhood stabilization program,"1557-AD34,7100-AD50",{7},1,{7},1.0
6355,nepa regulation,"1901-AA67,2132-AA87","{3, 6}",2,"{3, 6}",2.0
6356,net capital requirement,3235-AD79,{8},1,{8},1.0
6357,net capital rule,3235-AH05,{8},1,{8},1.0
6358,net gaming revenue,3141-AA14,,0,,0.0
6359,net mesh size,0648-BJ04,{5},1,{5},1.0
6360,net operating loss carryforward,1545-AU36,{7},1,{7},1.0
6361,net operating loss deduction,1545-BP28,{7},1,{7},1.0
6362,net stable funding ratio,"1557-AD97,3064-AE44,7100-AE51",{7},1,{7},1.0
6363,net value,2900-AG20,{13},1,{13},1.0
6364,net worth,"2900-AO73,3133-AD87","{13, 7}",2,"{13, 7}",2.0
6365,netting agreement,1557-AE17,{7},1,{7},1.0
6366,network security system,1090-AB14,{5},1,{5},1.0
6367,neural tube,0910-AE21,{1},1,{1},1.0
6368,neurological condition,"2900-AF23,2900-AM32,2900-AQ73",{13},1,{13},1.0
6369,neurological disorder,0960-AF35,{13},1,{13},1.0
6370,new acreage,0560-AD95,{9},1,{9},1.0
6371,new amendment,1400-AC11,{14},1,,0.0
6372,new animal drug,"0910-AF60,0910-AG07,0910-AG17,0910-AG17,0910-AG58,0910-AH64,0910-AI18",{1},1,{1},1.0
6373,new asylum,1615-AB79,{2},1,{2},1.0
6374,new basel capital accord,3064-AC73,{7},1,{7},1.0
6375,new branch,2502-AH54,{13},1,,0.0
6376,new business activity,3069-AB20,{7},1,{7},1.0
6377,new car assessment program,2127-AJ76,{3},1,{3},1.0
6378,new car dealer,3245-AF01,{8},1,{8},1.0
6379,new certification requirement,"1513-AB00,2502-AI94","{1, 13}",2,"{1, 13}",2.0
6380,new chemical substance,2070-AA59,{5},1,{5},1.0
6381,new claim,0960-AG53,{13},1,{13},1.0
6382,new classification,"1115-AG19,1115-AG39,1615-AA67,1615-AB63",{2},1,{2},1.0
6383,new clause,0412-AA79,{14},1,,0.0
6384,new construction,"2501-AD80,2502-AH16",{13},1,{13},1.0
6385,new criterion,2900-AI67,{13},1,{13},1.0
6386,new definition,"1018-AH74,2133-AB76","{3, 5}",2,"{3, 5}",2.0
6387,new derivative security product,3235-AH39,{8},1,{8},1.0
6388,new driver,"2125-AD66,2126-AA17",{3},1,{3},1.0
6389,new drug,"0910-AA87,0910-AB12,0910-AB20,0910-AB34,0910-AC48,0910-AG19",{1},1,{1},1.0
6390,new electronic account,1615-AB46,{2},1,{2},1.0
6391,new eligibility criterion,2900-AI63,{13},1,{13},1.0
6392,new facility,2040-AC34,{5},1,,0.0
6393,new federal building,"1904-AB13,1904-AB82,1904-AB96,1904-AC13,1904-AD62",{6},1,{6},1.0
6394,new filing,"3072-AB99,3072-AC19",{3},1,{3},1.0
6395,new foreign direct investment,"0691-AA72,0691-AA82,0691-AA85",{8},1,{8},1.0
6396,new formula,"0581-AD36,0583-AD40,0694-AD66,0694-AD98,0694-AE03","{8, 9, 1}",3,"{8, 9, 1}",3.0
6397,new free trade agreement,"0750-AH72,0750-AH79",{2},1,{2},1.0
6398,new gulf,0648-BG89,{5},1,{5},1.0
6399,new hire,0970-AB67,{1},1,,0.0
6400,new housing construction,2506-AC06,{13},1,{13},1.0
6401,new industrial,2060-AN96,{5},1,{5},1.0
6402,new lease,2502-AH06,{13},1,{13},1.0
6403,new light,"1625-AA55,2115-AF98",{2},1,,0.0
6404,new locomotive,2060-AM06,{5},1,{5},1.0
6405,new market tax credit,"1545-AY87,1545-BA49,1545-BA84",{7},1,{7},1.0
6406,new medical service,0938-AL09,{1},1,{1},1.0
6407,new method,0910-AI02,{1},1,,0.0
6408,new minimum standard,0938-AD82,{1},1,{1},1.0
6409,new mortgage disclosure,3170-AA32,{7},1,{7},1.0
6410,new motor vehicle,"2060-AJ71,2060-AK55,2060-AK63,2060-AL92,2060-AM17,2060-AM32,2060-AN68,2060-AU41",{5},1,{5},1.0
6411,new nuclear power reactor,3150-AI19,{6},1,{6},1.0
6412,new opening,1018-AV45,{5},1,{5},1.0
6413,new permit,0648-AJ02,{5},1,,0.0
6414,new procedure,1615-AB46,{2},1,,0.0
6415,new product category,0583-AB81,{1},1,{1},1.0
6416,new product class,1904-AE35,{6},1,{6},1.0
6417,new program,"1215-AB25,1840-AD10","{10, 4}",2,"{10, 4}",2.0
6418,new provision,"0551-AA65,0938-AK96","{9, 1}",2,"{9, 1}",2.0
6419,new registration requirement,3038-AD19,{7},1,{7},1.0
6420,new regulation,3072-AC03,{3},1,,0.0
6421,new regulatory framework,"3038-AB55,3038-AB57,3038-AB63,3038-AB66",{7},1,{7},1.0
6422,new requirement,"0583-AD52,0648-AL49,1515-AD26,2050-AG46","{1, 2, 5}",3,"{1, 2, 5}",3.0
6423,new restriction,"0599-AA03,2105-AB57,2700-AB06,3316-AA22","{9, 10, 3, 6}",4,"{9, 10, 3, 6}",4.0
6424,new rule,"2060-AG61,3235-AG12","{8, 5}",2,"{8, 5}",2.0
6425,new scientific information,0648-BE77,{5},1,{5},1.0
6426,new sector,3090-AK13,,0,,0.0
6427,new service,1902-AB96,{6},1,,0.0
6428,new source,"2040-AB75,2040-AC48,2040-AC58,2060-AF21,2060-AH37,2060-AJ51,2060-AJ52,2060-AR25,2060-AU45",{5},1,{5},1.0
6429,new standard,0938-AN50,{1},1,,0.0
6430,new substitute,2060-AP11,{5},1,{5},1.0
6431,new technology,"0938-AK01,0938-AL09,0938-AP21,1545-AW78,2070-AK54,3060-AK80","{1, 11, 5, 7}",4,"{1, 11, 5, 7}",4.0
6432,new threshold,"0750-AF89,0750-AH66,0750-AI17",{2},1,{2},1.0
6433,new trailer,2127-AF05,{3},1,{3},1.0
6434,newark liberty international airport,"2120-AJ28,2120-AJ48,2120-AJ89",{3},1,{3},1.0
6435,newborn child,2900-AO05,{13},1,{13},1.0
6436,newly public company,3235-AJ64,{8},1,{8},1.0
6437,news medium,"1120-AB49,3235-AJ55","{8, 12}",2,"{8, 12}",2.0
6438,next generation,1190-AA62,{13},1,,0.0
6439,niagara fall,"2120-AE95,2120-AH57",{3},1,{3},1.0
6440,nicotine level,0910-AH86,{1},1,{1},1.0
6441,nile crocodile,1018-AC30,{5},1,{5},1.0
6442,nine plant,1018-AD36,{5},1,{5},1.0
6443,nitrogen dioxide,"2060-AC06,2060-AO19,2060-AP47,2060-AS15",{5},1,{5},1.0
6444,nitrogen oxide,"2060-AF48,2060-AM33",{5},1,{5},1.0
6445,nixon administration,"3095-AA59,3095-AB86",{10},1,,0.0
6446,nixon presidential material,"3095-AA91,3095-AB07",{10},1,{10},1.0
6447,nlrb rule,3142-AA10,{4},1,{4},1.0
6448,no child,"1076-AE49,1076-AE54",,0,,0.0
6449,no discharge zone,2009-AA04,{5},1,{5},1.0
6450,no fault insurance,0938-AS03,{1},1,{1},1.0
6451,no longer warrant,0694-AF51,{8},1,{8},1.0
6452,no match letter,"1653-AA50,1653-AA59",{2},1,{2},1.0
6453,no residue,"0910-AC13,0910-AC45",{1},1,{1},1.0
6454,no return,1545-BD21,{7},1,{7},1.0
6455,noaa fishery,0648-AR05,{5},1,{5},1.0
6456,noise abatement,"2125-AF26,2125-AF78",{3},1,{3},1.0
6457,noise limitation,2120-AG34,{3},1,{3},1.0
6458,noise standard,1219-AA53,{4},1,{4},1.0
6459,non ambulatory disabled cattle,0583-AC88,{1},1,{1},1.0
6460,non attorney representative,"0960-AI22,1125-AA72","{2, 13}",2,"{2, 13}",2.0
6461,non compliance,0563-AB73,{9},1,,0.0
6462,non discrimination,"1190-AA70,1505-AC56","{13, 7}",2,"{13, 7}",2.0
6463,non electric,0651-AB47,{8},1,{8},1.0
6464,non federal entity,"0702-AA33,0702-AA35,0790-AI18,0790-AI35,3090-AJ43",{2},1,{2},1.0
6465,non federal source,3090-AE19,,0,,0.0
6466,non gasoline,"2060-AH41,2060-AN37,2060-AO99,2060-AT86",{5},1,{5},1.0
6467,non government,0790-AI90,{2},1,{2},1.0
6468,non mortgage investment,2501-AC41,{13},1,{13},1.0
6469,non party,2060-AK67,{5},1,{5},1.0
6470,non payment,0960-AF56,{13},1,{13},1.0
6471,non power,3150-AF92,{6},1,{6},1.0
6472,non profit,3150-AF64,{6},1,,0.0
6473,non public information,"2590-AA06,3211-AA14,3211-AA15,9000-AL89","{11, 7}",2,"{11, 7}",2.0
6474,non retaliation,9000-AN10,,0,,0.0
6475,non road,2060-AR48,{5},1,{5},1.0
6476,non school bus,2127-AE25,{3},1,{3},1.0
6477,non solicited pornography and marketing act,3060-AI20,{11},1,{11},1.0
6478,non u.s citizen,0938-AI74,{1},1,{1},1.0
6479,non vessel operate common carrier,3072-AC12,{3},1,{3},1.0
6480,nonattainment area,2060-AH53,{5},1,{5},1.0
6481,nonbank financial company,1505-AC42,{7},1,{7},1.0
6482,nonbeverage product,1513-AB03,{1},1,{1},1.0
6483,nonclinical laboratory study,0910-AG47,{1},1,{1},1.0
6484,noncommercial item,0750-AC13,{2},1,{2},1.0
6485,noncompetitive contract,"0750-AH66,9000-AK90,9000-AL13",{2},1,{2},1.0
6486,noncompliance reporting,2127-AG45,{3},1,{3},1.0
6487,nondeposit investment,3133-AC56,{7},1,{7},1.0
6488,nondiscrimination provision,3206-AM77,,0,,0.0
6489,nondiscrimination requirement,"1545-AY36,1545-BO37",{7},1,{7},1.0
6490,nonessential experimental population,"0648-BB04,0648-BC68,0648-BH85,1018-AC03,1018-AD07,1018-AD29,1018-AD62,1018-AD99,1018-AE00,1018-AE01,1018-AF96,1018-AG26,1018-AH43,1018-AH44,1018-AH45,1018-AH46,1018-AH54,1018-AI03,1018-AI54,1018-AI60,1018-AI80,1018-AJ18,1018-AT61,1018-AU00,1018-AU01,1018-AU65,1018-AU68,1018-AV39,1018-AW57,1018-AW60,1018-AW74,1018-AX23,1018-AX79,1018-AY45,1018-AY46,1018-BB70,1018-BC65,1018-BD58,1018-BD61",{5},1,{5},1.0
6491,nonexempt employee,1235-AA12,{4},1,{4},1.0
6492,nonfunctional slack fill,0910-AE11,{1},1,{1},1.0
6493,nonhuman primate,"0579-AB25,0920-AA23",{1},1,{1},1.0
6494,nonimmigrant status,"1115-AE17,1115-AE96,1615-AA12,1615-AA98,1615-AB22,1653-AA40",{2},1,{2},1.0
6495,nonimmigrant student,1615-AA85,{2},1,{2},1.0
6496,nonimmigrant visa,"1115-AG36,1400-AA61,1400-AA83,1400-AB65,1615-AA64","{2, 14}",2,"{2, 14}",2.0
6497,nonindustrial use,1512-AB43,{1},1,{1},1.0
6498,noninterest bear transaction account,"3064-AD65,3064-AD72",{7},1,{7},1.0
6499,nonmember bank,"3064-AC15,3064-AE36",{7},1,{7},1.0
6500,nonprescription drug product,0910-AH62,{1},1,{1},1.0
6501,nonprescription use,0910-AH62,{1},1,{1},1.0
6502,nonprocurement suspension,"1090-AA79,3206-AL17",{5},1,{5},1.0
6503,nonprofit agency,"0750-AA46,3037-AA00","{2, 13}",2,"{2, 13}",2.0
6504,nonprofit budget,1105-AB17,{12},1,,0.0
6505,nonprofit organization,"0348-AB01,0348-AB41,0692-AA14,0692-AA18,1291-AA26,1601-AA64,1660-AA08,1991-AB21,2502-AI05,2900-AJ62,3067-AC74,3067-AC98","{2, 4, 6, 8, 13}",5,"{2, 4, 6, 8, 13}",5.0
6506,nonprofit owner,2502-AH52,{13},1,{13},1.0
6507,nonprofit provider,3090-AG63,,0,,0.0
6508,nonpublic information,3038-AD12,{7},1,{7},1.0
6509,nonrecurre cost,"0790-AI45,0790-AK24",{2},1,{2},1.0
6510,nonresident alien,"1545-AN75,1545-AP07,1545-AY62,1545-BA86,1545-BH97,1545-BJ01,1545-BO93",{7},1,{7},1.0
6511,nonroad diesel engine,"2060-AK27,2060-AO82,2060-AP41,2060-AR91",{5},1,{5},1.0
6512,nonroad engine,"2060-AJ62,2060-AK83,2060-AM35,2060-AP41",{5},1,{5},1.0
6513,nonroad spark ignition engine,"2060-AE29,2060-AI11,2060-AM34",{5},1,{5},1.0
6514,nonspouse beneficiary,1210-AB16,{4},1,{4},1.0
6515,nonutility company,3235-AG46,{8},1,{8},1.0
6516,nonviolent offense,"1115-AE83,1653-AA06",{2},1,{2},1.0
6517,normal operation,"2040-AE93,2040-AF92",{5},1,{5},1.0
6518,normal retirement age,1545-AY61,{7},1,{7},1.0
6519,north american electric reliability corporation,1902-AE36,{6},1,{6},1.0
6520,north american free trade agreement,"0750-AA32,1115-AB72,1115-AF85,1400-AA51,1400-AB89,1505-AB17,1505-AB41,1515-AB33,1515-AB34,1515-AB50,1515-AB87,1515-AD08,1515-AD23,1515-AD43,1615-AA38,2140-AA13,3120-AC04,9000-AF60","{2, 3, 7, 8, 14}",5,"{2, 3, 7, 8, 14}",5.0
6521,north american numbering plan,"3060-AF50,3060-AG61",{11},1,{11},1.0
6522,north american standard,"2125-AE05,2126-AA27",{3},1,{3},1.0
6523,north atlantic,"0648-AH47,0648-AK46,0648-AS76,0648-AY54,0648-BH54",{5},1,,0.0
6524,north pacific,0648-AV73,{5},1,{5},1.0
6525,northeast corridor,2130-AB55,{3},1,{3},1.0
6526,northeast fisheries science center,0648-BF02,{5},1,{5},1.0
6527,northeast groundfish,0648-BH66,{5},1,{5},1.0
6528,northeast interstate dairy compact,0560-AG25,{9},1,{9},1.0
6529,northern gulf,"0648-AT39,0648-AT82,0648-AT83,0648-BH51",{5},1,{5},1.0
6530,northern long eare bat,"1018-AY98,1018-AZ62",{5},1,{5},1.0
6531,northern right whale,"0648-AQ53,0648-AT84",{5},1,{5},1.0
6532,northern spot owl,"1018-AD20,1018-AT19,1018-AU37,1018-AX69",{5},1,{5},1.0
6533,northwest atlantic fisheries organization,0648-AN60,{5},1,{5},1.0
6534,northwest region,0648-AV15,{5},1,{5},1.0
6535,notice leave,3206-AN59,,0,,0.0
6536,notice post requirement,3046-AB17,{4},1,{4},1.0
6537,notice procedure,2900-AL45,{13},1,{13},1.0
6538,notice registration,3038-AB84,{7},1,{7},1.0
6539,notice requirement,"0938-AJ35,0938-AR41,1210-AA60,1210-AB40,1545-BG48,1545-BM06,1545-BM07","{1, 4, 7}",3,"{1, 4, 7}",3.0
6540,notification procedure,"0910-AE55,0910-AE61,0938-AO41,2070-AC98","{1, 5}",2,"{1, 5}",2.0
6541,notification provision,1120-AA22,{12},1,,0.0
6542,notification regulation,2070-AJ98,{5},1,{5},1.0
6543,notification requirement,"0750-AF12,0750-AG66,0910-AA04,0910-AF27,1545-BG37,1545-BG38,2050-AH04,2070-AD31,3150-AG81,3206-AH71,3235-AM46","{1, 2, 5, 6, 7, 8}",6,"{1, 2, 5, 6, 7, 8}",6.0
6544,noxious weed,"0579-AB07,0579-AB08",{1},1,{1},1.0
6545,nrc 's office,3150-AF72,{6},1,{6},1.0
6546,nrc adjudicatory proceeding,3150-AH71,{6},1,{6},1.0
6547,nrc approval,3150-AG09,{6},1,{6},1.0
6548,nrc export,3150-AH89,{6},1,{6},1.0
6549,nrc personnel,3150-AK06,{6},1,{6},1.0
6550,nrc public document room,3150-AG07,{6},1,{6},1.0
6551,nrc region,"3150-AF71,3150-AI80",{6},1,{6},1.0
6552,nrc regulation,3150-AC03,{6},1,{6},1.0
6553,nsa css,"0790-AG59,0790-AG96,0790-AJ68",{2},1,{2},1.0
6554,nuclear equipment,"3150-AF51,3150-AG51,3150-AH44,3150-AH51,3150-AH67,3150-AI16",{6},1,{6},1.0
6555,nuclear facility,"2060-AG51,3150-AI68","{5, 6}",2,"{5, 6}",2.0
6556,nuclear material,"1992-AA54,3150-AH90,3150-AI02,3150-AJ04,3150-AJ33,3150-AK26",{6},1,{6},1.0
6557,nuclear medicine service,0938-AN04,{1},1,{1},1.0
6558,nuclear non proliferation,0694-AC08,{8},1,{8},1.0
6559,nuclear nonproliferation,0694-AC52,{8},1,{8},1.0
6560,nuclear power facility,3150-AF29,{6},1,{6},1.0
6561,nuclear power operation,2060-AR12,{5},1,{5},1.0
6562,nuclear power plant,"3150-AC88,3150-AC93,3150-AD63,3150-AD93,3150-AE97,3150-AF95,3150-AG11,3150-AG24,3150-AH81,3150-AI05,3150-AI42",{6},1,{6},1.0
6563,nuclear power reactor,"2060-AE38,3150-AE96,3150-AF98,3150-AG42","{5, 6}",2,"{5, 6}",2.0
6564,nuclear regulatory commission,"2060-AE38,2060-AE39",{5},1,{6},1.0
6565,nuclear safety management,"1901-AA34,1901-AA42,1992-AA43,1992-AA57",{6},1,{6},1.0
6566,nuclear supplier,3150-AJ33,{6},1,{6},1.0
6567,nuclear waste,3150-AG41,{6},1,{6},1.0
6568,nuclear weapon facility,1901-AA44,{6},1,{6},1.0
6569,number policy,3060-AK36,{11},1,{11},1.0
6570,numerical cap,"1115-AF47,1615-AA96",{2},1,{2},1.0
6571,numerical limit,"1115-AF84,1125-AA48,1615-AA37",{2},1,{2},1.0
6572,numerical limitation,"1205-AB84,1205-AB95,1615-AC12,1615-AC38","{2, 4}",2,"{2, 4}",2.0
6573,nurse practitioner,"0930-AA25,0938-AF01",{1},1,{1},1.0
6574,nursery stock,"0579-AC51,0579-AC55",{1},1,{1},1.0
6575,nursing facility,"0938-AK04,0938-AK12,0938-AL81",{1},1,{1},1.0
6576,nursing home,"0660-AA17,0938-AG84,0938-AJ35,0938-AQ02,0960-AE13","{1, 11, 13}",3,"{1, 11, 13}",3.0
6577,nursing service,0938-AM55,{1},1,{1},1.0
6578,nut tree,0560-AE21,{9},1,{9},1.0
6579,nutrient content,"0910-AC50,0910-AE12,0910-AE64,0910-AE67,0910-AF83",{1},1,{1},1.0
6580,nutrient labeling,0910-AE71,{1},1,{1},1.0
6581,nutrient management plan,2040-AE94,{5},1,{5},1.0
6582,nutrition assistance program,0584-AE20,{1},1,{1},1.0
6583,nutrition content,0910-AE68,{1},1,{1},1.0
6584,nutrition education,0584-AE07,{1},1,{1},1.0
6585,nutrition fact panel,0583-AD56,{1},1,{1},1.0
6586,nutrition labeling,"0583-AB64,0583-AB74,0583-AB81,0583-AC15,0583-AC60,0583-AC95,0583-AD07,0910-AB66,0910-AC50,0910-AE10,0910-AE19,0910-AE72,0910-AF99,0910-AG57",{1},1,{1},1.0
6587,nutrition service,"0584-AC64,0985-AA15",{1},1,{1},1.0
6588,nutrition standard,"0584-AD59,0584-AE09",{1},1,{1},1.0
6589,nutritional deficiency,"2900-AE95,2900-AQ17,2900-AQ43",{13},1,{13},1.0
6590,oak container,1513-AC50,{1},1,{1},1.0
6591,obesity prevention,0584-AE07,{1},1,{1},1.0
6592,observer program,"0648-AR46,0648-AX94",{5},1,{5},1.0
6593,obsolete information,2070-AK13,{5},1,{5},1.0
6594,obsolete procedure,1653-AA51,{2},1,{2},1.0
6595,obsolete provision,"0991-AB98,2127-AG42,2900-AH86","{1, 3, 13}",3,"{1, 3, 13}",3.0
6596,obsolete regulation,"0560-AH05,0560-AH64,0560-AH65,0560-AI38,0648-AP77,0690-AA32,0906-AA39,0910-AE46,1024-AE39,1210-AA51,1545-BO17,1990-AA22,1990-AA23,2133-AB20,2133-AB33,2140-AA14,2140-AA21,2140-AA23,2140-AA26,2140-AA27,2140-AA28,2140-AA31,2140-AA33,2140-AA35,2140-AA36,2700-AD78,2700-AE20","{1, 3, 4, 5, 6, 7, 8, 9, 10}",9,"{1, 3, 4, 5, 6, 7, 8, 9, 10}",9.0
6597,occupancy standard,2501-AC05,{13},1,{13},1.0
6598,occupant protection,"2120-AE88,2127-AM06",{3},1,{3},1.0
6599,occupational exposure,"1218-AB45,1218-AB46,1218-AB60,1218-AB70,1218-AB76,1218-AB85,1218-AB86,1218-AC33,1218-AC43,1218-AD09,1218-AD18,1218-AD19,1218-AD21,1218-AD29,1219-AB08",{4},1,{4},1.0
6600,occupational health risk,"1218-AB96,1290-AA23",{4},1,{4},1.0
6601,occupational illness,"1218-AA83,1218-AA98,1218-AB45",{4},1,{4},1.0
6602,occupational radiation protection,"1901-AA59,1901-AA95,1901-AB20,1992-AA42,1992-AA45,1992-AA51",{6},1,{6},1.0
6603,occupational safety,"0750-AE90,1218-AC76,1218-AC78,1218-AC89,1218-AC92,2900-AQ24,3090-AI82","{2, 4, 13}",3,"{2, 4, 13}",3.0
6604,occupational therapist,0720-AA27,{1},1,{1},1.0
6605,occupational therapy,"0720-AB36,0720-AB71,0938-AG70",{1},1,{1},1.0
6606,ocean dumping regulation,"2040-AB62,2040-AF91",{5},1,{5},1.0
6607,ocean energy management,"1010-AD76,1014-AA06,1014-AA08",{5},1,{5},1.0
6608,ocean freight,0560-AG49,{9},1,{3},1.0
6609,ocean quahog,"0648-AL55,0648-AN72,0648-AY71,0648-BC21",{5},1,{5},1.0
6610,ocean transportation,"0551-AA57,0750-AD19,0750-AI38,9000-AI39","{9, 2}",2,"{9, 2}",2.0
6611,ocean vessel,"1117-AA40,2133-AB37","{1, 3}",2,"{1, 3}",2.0
6612,oceanic whitetip shark,0648-BD44,{5},1,{5},1.0
6613,odd lot tender offer,3235-AG78,{8},1,{8},1.0
6614,odometer fraud,2127-AF53,{3},1,{3},1.0
6615,oecd country,3064-AB54,{7},1,{7},1.0
6616,off alaska,"0648-AF81,0648-AI88,0648-AJ51,0648-AO82,0648-AO98,0648-AQ08,0648-AS60,0648-AV06,0648-AV08,0648-AX45,0648-AY37,0648-AY39,0648-AY53,0648-BF68",{5},1,{5},1.0
6617,off balance sheet arrangement,3235-AI70,{8},1,{8},1.0
6618,off duty time,2125-AD44,{3},1,{3},1.0
6619,off grid,0572-AA99,{9},1,{9},1.0
6620,off label use,0720-AB23,{1},1,{1},1.0
6621,off mode,"1904-AB75,1904-AB76,1904-AB77,1904-AB78,1904-AB95,1904-AC01,1904-AC02,1904-AC07,1904-AC08,1904-AC27,1904-AC44",{6},1,{6},1.0
6622,off road vehicle,"1024-AD27,1024-AD57,1024-AD76,1024-AE03,1024-AE24,1024-AE54",{5},1,{5},1.0
6623,off switch,"2127-AH12,2127-AH25,2127-AL19",{3},1,{3},1.0
6624,offer cap,1902-AF18,{6},1,{6},1.0
6625,offer circular,3235-AH87,{8},1,{8},1.0
6626,offer document,3235-AH14,{8},1,{8},1.0
6627,office action,0651-AB40,{8},1,{8},1.0
6628,office automation,0970-AC32,{1},1,{1},1.0
6629,office function,1992-AA47,{6},1,,0.0
6630,official agency,"0580-AA76,0581-AD90","{1, 9}",2,"{1, 9}",2.0
6631,official correspondence,"1012-AA14,1012-AA18,1012-AA22",{5},1,{5},1.0
6632,official fee,0580-AA95,{1},1,{1},1.0
6633,official form,0991-AA83,{1},1,{1},1.0
6634,official grading,0581-AB90,{9},1,{9},1.0
6635,official information,"0311-AA08,0348-AB35,0430-AA06,0702-AA69,0703-AA74,0703-AA76,0790-AJ51,0790-AK11,1212-AB40,1400-AE49,1601-AA01,3206-AG92","{2, 13, 14}",3,"{2, 13, 14}",3.0
6636,official insignia,"0651-AB02,0651-AB30",{8},1,{8},1.0
6637,official inspection,"0580-AA27,0580-AA40,0580-AA52,0580-AA56,0580-AA59,0580-AA66,0580-AA75,0580-AA79,0580-AA80,0580-AA81,0580-AB13,0581-AD77","{1, 9}",2,"{1, 9}",2.0
6638,official mark,0648-AN37,{5},1,{5},1.0
6639,official material,3045-AA15,{13},1,{13},1.0
6640,official passport,1400-AD83,{14},1,{14},1.0
6641,official performance,"0580-AA39,0580-AB19",{1},1,{1},1.0
6642,official purpose,"1601-AA37,1601-AA59,1601-AA63,1601-AA74,1601-AA91,1601-AA92",{2},1,{2},1.0
6643,official seal,"0430-AA02,2105-AC39,3038-AC42,3045-AA38,3095-AB19,3095-AB48,3095-AB97,3147-AA09","{10, 3, 13, 7}",4,"{10, 3, 13, 7}",4.0
6644,official sign,3133-AD78,{7},1,{7},1.0
6645,official symbol,0991-AC01,{1},1,{1},1.0
6646,official testing,0579-AE46,{1},1,{1},1.0
6647,official travel,3090-AJ02,,0,,0.0
6648,official use,"0694-AD56,3090-AH08",{8},1,,0.0
6649,offset agreement,0694-AE40,{8},1,{8},1.0
6650,offset arrangement,"0750-AB31,1400-AB15,1400-AB18","{2, 14}",2,"{2, 14}",2.0
6651,offset cost,0750-AI59,{2},1,{2},1.0
6652,offshore alaska,1010-AD31,{5},1,{5},1.0
6653,offshore area,0648-AU07,{5},1,{5},1.0
6654,offshore facility,"1010-AC33,1010-AD75,1010-AD86,1010-AD87,1010-AD98,1014-AA05",{5},1,{5},1.0
6655,offshore florida,1010-AD44,{5},1,{5},1.0
6656,offshore oil and gas facility,0648-AY63,{5},1,{5},1.0
6657,offshore oil and gas platform,"0648-AM09,1010-AD57",{5},1,{5},1.0
6658,offshore oil and gas project,0648-BH78,{5},1,{5},1.0
6659,offshore structure,0648-AT79,{5},1,{5},1.0
6660,offsite power,3150-AH43,{6},1,{6},1.0
6661,ofheo regulation,2550-AA14,{13},1,{13},1.0
6662,oil and gas activity,"0648-BB38,0648-BI62",{5},1,{5},1.0
6663,oil and gas drilling operation,1010-AC43,{5},1,{5},1.0
6664,oil and gas exploration,2070-AD19,{5},1,{5},1.0
6665,oil and gas extraction,3245-AG89,{8},1,{8},1.0
6666,oil and gas inspection,1004-AD09,{5},1,{5},1.0
6667,oil and gas lease,"0596-AC34,1004-AD83",{5},1,{5},1.0
6668,oil and gas leasing,"1004-AC54,1004-AD78,1004-AE41",{5},1,{5},1.0
6669,oil and gas operation,"1010-AC41,1010-AD23,1010-AD43,1010-AD68,1010-AD74,1014-AA02",{5},1,{5},1.0
6670,oil and gas platform,0648-AD25,{5},1,{5},1.0
6671,oil and gas royalty rate,1010-AD25,{5},1,{5},1.0
6672,oil and natural gas industry,2060-AT76,{5},1,{5},1.0
6673,oil and natural gas production,"2060-AI13,2060-AU45",{5},1,{5},1.0
6674,oil and natural gas sector,"2060-AP76,2060-AR75,2060-AS01,2060-AS06,2060-AS13,2060-AS27,2060-AS30,2060-AS49,2060-AT54,2060-AT59,2060-AT63,2060-AT65,2060-AT90",{5},1,{5},1.0
6675,oil and natural gas source,"2008-AA02,2008-AA03",{5},1,{5},1.0
6676,oil gas exploration,2040-AE81,{5},1,{5},1.0
6677,oil pipeline,"1902-AB67,1902-AE60",{6},1,{6},1.0
6678,oil pollution act,"0648-AM80,1010-AD75,1010-AD87,1010-AD98,1014-AA05,1625-AA03,1625-AB09,1625-AB25,1625-AC14,1625-AC53,2115-AD90,2115-AF86","{2, 5}",2,"{2, 5}",2.0
6679,oil shale,1004-AD41,{5},1,{5},1.0
6680,oil spill,"2115-AE01,2115-AF27,2115-AF51",{2},1,{5},1.0
6681,old age,"0960-AB73,0960-AC46,0960-AD11,0960-AE09,0960-AE18,0960-AF82",{13},1,{13},1.0
6682,old americans act,0985-AA08,{1},1,{1},1.0
6683,old law,2900-AL83,{13},1,,0.0
6684,old person act,2529-AA80,{13},1,{13},1.0
6685,old pipeline,2137-AD26,{3},1,{3},1.0
6686,omb approval,"0648-BB55,0648-BC29",{5},1,{5},1.0
6687,omb circular,"0348-AB36,0348-AB44,0348-AB46,0348-AB49,0348-AB53,0348-AB55,0750-AC97,0750-AD24,2030-AA75,2501-AC68,3095-AA96,9000-AK25","{10, 2, 13, 5}",4,"{10, 2, 13, 5}",4.0
6688,omb guidance,"0412-AA66,0420-AA19,0960-AG48,0960-AH14,1090-AA96,1121-AA73,1291-AA38,1601-AA46,1601-AA62,1890-AA17,2105-AD68,2501-AD29,2700-AD32,2700-AE15,2900-AM44,3045-AA53,3135-AA21,3135-AA24,3136-AA30,3137-AA18,3137-AA19,3145-AA47,3145-AA57,3150-AI76,3245-AF63","{2, 3, 4, 5, 6, 8, 10, 12, 13, 14}",10,"{2, 3, 4, 5, 6, 8, 10, 12, 13, 14}",10.0
6689,ombudsman program,0985-AA08,{1},1,{1},1.0
6690,omnibus account,3038-AB12,{7},1,{7},1.0
6691,omnibus amendment,"0648-AT57,0648-BA23,0648-BD40",{5},1,{5},1.0
6692,omnibus budget reconciliation act,"1545-AS14,3206-AG31",{7},1,{7},1.0
6693,on grid,0572-AA99,{9},1,{9},1.0
6694,onboard aircraft,2120-AK32,{3},1,{3},1.0
6695,oncorhynchus mykiss,0648-AR93,{5},1,{5},1.0
6696,one automobile,"0960-AF51,0960-AF84",{13},1,{13},1.0
6697,one borrower,1550-AA78,{7},1,{7},1.0
6698,one corporation,1545-BK73,{7},1,{7},1.0
6699,one jurisdiction,"1545-AT92,1545-AT93",{7},1,{7},1.0
6700,one page document,2105-AE82,{3},1,{3},1.0
6701,one recommendation,3235-AG75,{8},1,{8},1.0
6702,one specie,1018-BA71,{5},1,{5},1.0
6703,one vote,1550-AB17,{7},1,{7},1.0
6704,online delivery,1550-AB50,{7},1,{7},1.0
6705,online system,2105-AE76,{3},1,{3},1.0
6706,only airplane,2120-AD74,{3},1,{3},1.0
6707,only child,0584-AE28,{1},1,{1},1.0
6708,only license,3150-AF16,{6},1,,0.0
6709,only one offer,"0750-AH11,0750-AH89,0750-AJ19",{2},1,{2},1.0
6710,only standard,2060-AE52,{5},1,{5},1.0
6711,onshore facility,"1625-AC14,1625-AC53",{2},1,{2},1.0
6712,open access same time information system,"1902-AB66,1902-AB78,1902-AC04,1902-AC05",{6},1,{6},1.0
6713,open area,"1018-AD27,1018-AD31,1018-AD43,1018-AD44,1018-AD70,1018-AD77,1018-AD78,1018-AD79,1018-AD80,1018-AD81,1018-AD82,1018-AD85,1018-AD86,1018-AD88,1018-AD89",{5},1,{5},1.0
6714,open competition,"2501-AC98,9000-AJ14,9000-AL35",{13},1,{13},1.0
6715,open flame,3041-AD47,{1},1,{1},1.0
6716,open internet,"3060-AJ30,3060-AK21",{11},1,{11},1.0
6717,open science,1090-AB20,{5},1,{5},1.0
6718,open season,"1902-AC60,1902-AE39",{6},1,,0.0
6719,open space conservation,0596-AC68,{5},1,{5},1.0
6720,open video system,3060-AG25,{11},1,{11},1.0
6721,operate asset,0691-AA46,{8},1,{8},1.0
6722,operate authority,"2126-AA99,2126-AB10,2126-AB50",{3},1,{3},1.0
6723,operate hospital,0938-AL05,{1},1,{1},1.0
6724,operate license,"3150-AG84,3150-AI42",{6},1,,0.0
6725,operate nuclear power plant,3150-AF04,{6},1,{6},1.0
6726,operate subsidy,"2577-AC46,2577-AC48",{13},1,{13},1.0
6727,operating assistance,0575-AC24,{9},1,{9},1.0
6728,operating contract,"1991-AB09,1991-AB20,1991-AB37",{6},1,{6},1.0
6729,operating contractor,1991-AA63,{6},1,{6},1.0
6730,operating expense,2502-AJ23,{13},1,,0.0
6731,operating permit,"2060-AF70,2060-AH98,2060-AJ60",{5},1,{5},1.0
6732,operating procedure,0693-AB58,{8},1,{8},1.0
6733,operating reactor,3150-AG12,{6},1,{6},1.0
6734,operating requirement,"2120-AF73,2120-AG03,2120-AG26,2120-AI82",{3},1,{3},1.0
6735,operating rule,"0938-AQ12,0938-AQ12,0938-AR01,0938-AS01",{1},1,{1},1.0
6736,operating subsidiary,"1557-AB80,1557-AB92",{7},1,{7},1.0
6737,operation plan,"0648-AU61,0648-AU62",{5},1,{5},1.0
6738,operation regulation,"0583-AD42,0583-AD48",{1},1,{1},1.0
6739,operation rule,2577-AB55,{13},1,{13},1.0
6740,operation specification,2120-AJ45,{3},1,{3},1.0
6741,operational control,"0572-AB97,2137-AE91","{9, 3}",2,"{9, 3}",2.0
6742,operational effectiveness,0960-AH35,{13},1,{13},1.0
6743,operational information,1902-AE72,{6},1,{6},1.0
6744,operational measure,"2115-AE01,2115-AF51",{2},1,{2},1.0
6745,operational requirement,"0648-BD90,2120-AK57","{3, 5}",2,"{3, 5}",2.0
6746,operational test,2130-AB76,{3},1,{3},1.0
6747,operator certification,1218-AC86,{4},1,{4},1.0
6748,operator permit,0648-BI34,{5},1,{5},1.0
6749,operator service,3060-AH00,{11},1,{11},1.0
6750,operator training,2050-AG46,{5},1,{5},1.0
6751,ophthalmic product,"0910-AC72,0910-AF39",{1},1,{1},1.0
6752,opiate addiction,0930-AA14,{1},1,{1},1.0
6753,opioid drug,0930-AA14,{1},1,{1},1.0
6754,opioid use disorder,"0930-AA25,1117-AB42",{1},1,{1},1.0
6755,opm employee,3206-AL22,,0,,0.0
6756,opportunity zone,"1545-BP03,1875-AA12,2506-AC52","{10, 13, 7}",3,"{10, 13, 7}",3.0
6757,optimal use,3090-AJ68,,0,,0.0
6758,optimum yield,"0648-AN36,0648-AN74,0648-AN78,0648-AP00,0648-AP01,0648-AP43,0648-AP88,0648-AQ96,0648-AQ97,0648-AR97,0648-AS17,0648-AS59,0648-AU27,0648-AU39",{5},1,{5},1.0
6759,option b,3206-AM96,,0,,0.0
6760,option disclosure document,"3235-AG93,3235-AH30",{8},1,{8},1.0
6761,option market,3235-AJ15,{8},1,{7},1.0
6762,optional coverage,0938-AG72,{1},1,{1},1.0
6763,optional form,1545-BD97,{7},1,{7},1.0
6764,optional method,"0960-AH41,3072-AC32,3072-AC65","{3, 13}",2,"{3, 13}",2.0
6765,optional practical training,"1653-AA56,1653-AA64",{2},1,{2},1.0
6766,optional program,2060-AL80,{5},1,{5},1.0
6767,optional rider,3072-AC29,{3},1,{3},1.0
6768,optional use,0648-AS29,{5},1,{5},1.0
6769,oral argument,"2900-AI18,3142-AA02,3142-AA04","{4, 13}",2,"{4, 13}",2.0
6770,oral decision,0503-AA25,{9},1,{9},1.0
6771,orange pulp,0581-AD06,{9},1,{9},1.0
6772,orbital debris,"2120-AK81,3060-AI06,3060-AK90","{11, 3}",2,"{11, 3}",2.0
6773,orcutt 's spineflower,1018-AS79,{5},1,{5},1.0
6774,order code,"0750-AH13,0750-AH25",{2},1,{2},1.0
6775,order exempt,3038-AD94,{7},1,{7},1.0
6776,order routing and execution practice,3235-AH95,{8},1,{8},1.0
6777,orderly liquidation authority,1505-AC57,{7},1,{7},1.0
6778,ordinary course,3038-AC90,{7},1,{7},1.0
6779,ordinary income,1545-AH82,{7},1,{7},1.0
6780,organ procurement and transplantation network,"0906-AA62,0906-AA63,0906-AA73,0906-AA95",{1},1,{1},1.0
6781,organ procurement organization,"0938-AE48,0938-AU02",{1},1,{1},1.0
6782,organ transplant,0938-AH17,{1},1,{1},1.0
6783,organ transplantation,0910-AF65,{1},1,{1},1.0
6784,organic certification,0581-AB97,{9},1,{9},1.0
6785,organic chemical,2040-AD45,{5},1,{5},1.0
6786,organic claim,"1512-AC87,1513-AA46",{1},1,{1},1.0
6787,organic hazardous air pollutant,2060-AH81,{5},1,{5},1.0
6788,organic livestock,"0581-AD44,0581-AD74",{9},1,{9},1.0
6789,organic producer,0581-AC15,{9},1,{9},1.0
6790,organic product,"0581-AD37,0581-AD48",{9},1,{9},1.0
6791,organic production,0581-AD53,{9},1,{9},1.0
6792,organization change,3150-AG79,{6},1,{6},1.0
6793,organization regulation,2501-AD35,{13},1,{13},1.0
6794,organizational change,"1652-AA20,2115-AF21,2115-AF33,2115-AF34,2115-AG44,2120-AG41,2139-AA03,3150-AJ46","{2, 3, 6}",3,"{2, 3, 6}",3.0
6795,organizational conflict,"0750-AA12,0750-AE02,0750-AG63,0750-AI08,1991-AB26,1991-AB52,2700-AE37,9000-AK98,9000-AL82","{2, 10, 6}",3,"{2, 10, 6}",3.0
6796,organizational integrity,"0991-AB46,0991-AC00",{1},1,{1},1.0
6797,organizational structure,1115-AD90,{2},1,{2},1.0
6798,organohalogen flame retardant,3041-AD49,{1},1,{1},1.0
6799,origin labeling,"0581-AC26,0581-AD29,0583-AD38","{9, 1}",2,"{9, 1}",2.0
6800,original equipment,2127-AL70,{3},1,{3},1.0
6801,original issue discount,"1545-AS35,1545-BM59,1545-BM60",{7},1,{7},1.0
6802,original jurisdiction,"2900-AH47,2900-AM30,2900-AO06,2900-AO43",{13},1,{13},1.0
6803,osage tribe,"1076-AF12,1076-AF12",,0,,0.0
6804,osha standards,"1218-AB78,1218-AC08,1218-AC64,1218-AC65,1218-AC87,1218-AD02",{4},1,{4},1.0
6805,otc derivative dealer,3235-AH16,{8},1,{8},1.0
6806,other act,3041-AB59,{1},1,{1},1.0
6807,other administrative action,0910-AB73,{1},1,{1},1.0
6808,other advanced service,3060-AJ12,{11},1,{11},1.0
6809,other agency,"0750-AC67,1076-AD61,1076-AD98,1545-AY77,1545-AY78,3245-AE42","{8, 2, 7}",3,"{8, 2, 7}",3.0
6810,other agreement,1291-AA27,{4},1,,0.0
6811,other alternative technology,1902-AC65,{6},1,{6},1.0
6812,other amendment,"0579-AE19,0584-AC07,1513-AB72,2060-AQ34,2060-AQ53,2060-AR53,2502-AG88,3064-AE06","{1, 13, 5, 7}",4,"{1, 13, 5, 7}",4.0
6813,other asset,3235-AK09,{8},1,,0.0
6814,other assistance,"0412-AA27,0412-AA54",{14},1,,0.0
6815,other authority,"2508-AA13,2508-AA14",{13},1,,0.0
6816,other authorization,0694-AB74,{8},1,{8},1.0
6817,other bad actor,3235-AK97,{8},1,{8},1.0
6818,other beneficiary,3045-AA24,{13},1,{13},1.0
6819,other chemical,0910-AI26,{1},1,{1},1.0
6820,other conservation measure,0648-BE56,{5},1,{5},1.0
6821,other conveyance,2900-AK96,{13},1,{13},1.0
6822,other corporation,1545-BD81,{7},1,{7},1.0
6823,other crime,1115-AE49,{2},1,,0.0
6824,other criminal activity,2501-AC63,{13},1,{13},1.0
6825,other dangerous cargo,"1625-AA07,2115-AE22",{2},1,{2},1.0
6826,other defect,2137-AB40,{3},1,{3},1.0
6827,other discrimination,1545-BJ61,{7},1,{7},1.0
6828,other drug,1219-AB41,{4},1,,0.0
6829,other electronic communication,2900-AO29,{13},1,{13},1.0
6830,other eligibility requirement,0906-AA99,{1},1,{1},1.0
6831,other emission,2127-AK73,{3},1,{3},1.0
6832,other enclosure,3041-AD44,{1},1,{1},1.0
6833,other entitlement,"0938-AH06,0938-AH45,0938-AI10,0938-AJ03,0938-AJ84,0938-AL69,0938-AM33,0938-AN15,0938-AO01,0938-AO18,0938-AO62,0938-AP04,0938-AP43,0938-AP85,0938-AR15,0938-AR57,0938-AR96,0938-AS37,0938-AS71,0938-AT06,0938-AT34,0938-AT77,0938-AU15",{1},1,{1},1.0
6834,other entity,"0938-AF85,0938-AM01,0938-AN19",{1},1,,0.0
6835,other equity investment,1557-AB86,{7},1,{7},1.0
6836,other establishment,0583-AB84,{1},1,{1},1.0
6837,other federal agency,"0596-AB78,1545-AU83,1545-AU84","{5, 7}",2,"{5, 7}",2.0
6838,other federal reserve bank,7100-AD84,{7},1,{7},1.0
6839,other financial assistance,0575-AC02,{9},1,{9},1.0
6840,other financial institution,"0790-AG74,0790-AK03,1506-AA16,1506-AA17,1530-AA19","{2, 7}",2,"{2, 7}",2.0
6841,other financial instrument,3235-AG77,{8},1,{8},1.0
6842,other financial product,1545-AX45,{7},1,{7},1.0
6843,other financial service,3133-AD30,{7},1,{7},1.0
6844,other foreign entity,1545-BM54,{7},1,{7},1.0
6845,other forest product,"0596-AC86,1076-AC77",{5},1,{5},1.0
6846,other fund,1545-BD19,{7},1,{7},1.0
6847,other government assistance,"2506-AB74,2577-AB53",{13},1,{13},1.0
6848,other health care practitioner,"0906-AA37,0906-AA41,0906-AA42,0906-AA43,0906-AA51,0906-AA57,0906-AA96",{1},1,{1},1.0
6849,other health care provider,0906-AA48,{1},1,{1},1.0
6850,other hydrocarbon,3041-AB57,{1},1,{1},1.0
6851,other immigration benefit,"1115-AE50,1653-AA02",{2},1,{2},1.0
6852,other information,3225-AA12,{12},1,,0.0
6853,other interagency contract,9000-AN74,,0,,0.0
6854,other intermediary,1545-BC24,{7},1,{7},1.0
6855,other investment company,3235-AG43,{8},1,{8},1.0
6856,other land,0596-AB48,{5},1,{5},1.0
6857,other law,2900-AN52,{13},1,,0.0
6858,other legal entity,1140-AA43,{1},1,{1},1.0
6859,other marketing area,0581-AB53,{9},1,{9},1.0
6860,other measure,0648-BB75,{5},1,,0.0
6861,other mental illness,2900-AN87,{13},1,{13},1.0
6862,other minor change,3150-AG22,{6},1,{6},1.0
6863,other mobility aid,2105-AD90,{3},1,{3},1.0
6864,other monie,1010-AC01,{5},1,{5},1.0
6865,other new technology,3150-AJ68,{6},1,{6},1.0
6866,other non profit,3067-AD28,{2},1,{2},1.0
6867,other nonprofit institution,"0790-AJ30,1991-AB13","{2, 6}",2,"{2, 6}",2.0
6868,other nonprofit organization,"0348-AB49,0503-AA17,0790-AG76,0960-AE25,1121-AA18,1660-AA11,1890-AA05,2030-AA32,2105-AC02,2105-AC83,2900-AJ62,3067-AD07","{2, 3, 5, 9, 10, 12, 13}",7,"{2, 3, 5, 9, 10, 12, 13}",7.0
6869,other order,"2120-AK43,2502-AI77","{3, 13}",2,"{3, 13}",2.0
6870,other overhead,2125-AE74,{3},1,{3},1.0
6871,other party,2502-AH45,{13},1,,0.0
6872,other payment,"1545-BL92,1545-BL93",{7},1,{7},1.0
6873,other proceeding,3460-AA02,{14},1,,0.0
6874,other producer,3245-AG31,{8},1,{8},1.0
6875,other product,"0581-AB51,0581-AB63,3041-AB79,3084-AB11","{8, 9, 1}",3,"{8, 9, 1}",3.0
6876,other property,"0579-AB36,1545-AY54,1545-BN80,3150-AI56","{1, 6, 7}",3,"{1, 6, 7}",3.0
6877,other provision,"0560-AE60,0648-AH48,0938-AE63,0938-AR04,0938-AS23,0938-AS27,0938-AS55,0950-AA02,1545-BH27,2120-AK28","{1, 3, 5, 7, 9}",5,"{1, 3, 5, 7, 9}",5.0
6878,other publication,2900-AI09,{13},1,{13},1.0
6879,other real estate,1557-AE50,{7},1,{7},1.0
6880,other regulation,"0648-BB02,0910-AE47,0910-AE48,0910-AE54,1506-AA97,1506-AB06,1506-AB07","{1, 5, 7}",3,"{1, 5, 7}",3.0
6881,other regulatory activity,7100-AF44,{7},1,{7},1.0
6882,other regulatory authority,1014-AA07,{5},1,{5},1.0
6883,other regulatory requirement,7100-AE58,{7},1,{7},1.0
6884,other related bill,"1115-AG11,1615-AA55",{2},1,{2},1.0
6885,other related rule,3060-AJ62,{11},1,{11},1.0
6886,other renewable energy project,2120-AK77,{3},1,{3},1.0
6887,other requirement,"0920-AA56,2060-AS00,3038-AD09,3038-AD18","{1, 5, 7}",3,"{1, 5, 7}",3.0
6888,other resource,0702-AA23,{2},1,,0.0
6889,other restriction,0648-BE84,{5},1,,0.0
6890,other revision,"0560-AD16,0694-AC61,0694-AC90,0694-AH77,0938-AS12,0938-AS40,0938-AS81,0938-AT02,0938-AT31,0938-AT72,0938-AU10,2060-AF01,2060-AK60,2105-AC88","{1, 3, 5, 8, 9}",5,"{1, 3, 5, 8, 9}",5.0
6891,other rulemake,0910-AD55,{1},1,{1},1.0
6892,other security,"0750-AJ98,1545-BE80,1545-BO09","{2, 7}",2,"{2, 7}",2.0
6893,other service,"3245-AF70,3245-AG88",{8},1,,0.0
6894,other similar fund,1545-AR82,{7},1,{7},1.0
6895,other small business,9000-AM05,,0,,0.0
6896,other source,0960-AF37,{13},1,,0.0
6897,other specie,"0579-AB43,0648-AQ88,0648-AU52","{1, 5}",2,"{1, 5}",2.0
6898,other statement,1550-AA62,{7},1,{7},1.0
6899,other support service,0960-AF86,{13},1,{13},1.0
6900,other textile,"2060-AG98,2060-AT72",{5},1,{5},1.0
6901,other transaction authority,0750-AG17,{2},1,{2},1.0
6902,other transfer,3064-AC34,{7},1,{7},1.0
6903,other utility service,3245-AC57,{8},1,{8},1.0
6904,other vessel,1625-AC16,{2},1,{2},1.0
6905,ots regulation,"3064-AD98,3064-AE09,3064-AE17",{7},1,{7},1.0
6906,otter creek,0710-AA58,{5},1,{5},1.0
6907,outdated regulation,"0906-AB20,1024-AE46,1810-AB56","{1, 10, 5}",3,"{1, 10, 5}",3.0
6908,outdated requirement,0930-AA27,{1},1,{1},1.0
6909,outdated rule,1076-AE20,,0,,0.0
6910,outer continental shelf,"1010-AB93,1010-AB99,1010-AC10,1010-AC41,1010-AC48,1010-AC49,1010-AC68,1010-AC74,1010-AC75,1010-AD06,1010-AD23,1010-AD25,1010-AD26,1010-AD34,1010-AD42,1010-AD49,1010-AD66,1010-AD68,1010-AD72,1010-AD74,1010-AD90,1010-AD92,1010-AD99,1010-AE03,1014-AA02,1014-AA03,1014-AA26,1014-AA33,1014-AA40,1082-AA01,1625-AB28,1625-AB99,1625-AC05,1902-AB84,1902-AC52","{2, 5, 6}",3,"{2, 5, 6}",3.0
6911,outmode regulation,"0906-AA84,0906-AB15,0906-AB21",{1},1,{1},1.0
6912,outpatient care,"2900-AJ71,2900-AK38,2900-AK53,2900-AK92,2900-AL51,2900-AN41,2900-AQ34",{13},1,{13},1.0
6913,outpatient drug,"0938-AM81,0938-AN58,0938-AQ41",{1},1,{1},1.0
6914,outpatient health care,2900-AN37,{13},1,{13},1.0
6915,outpatient hospital,0938-AK89,{1},1,{1},1.0
6916,outpatient medical service,2900-AL39,{13},1,{13},1.0
6917,outpatient payment,0938-AR39,{1},1,{1},1.0
6918,outpatient service,0720-AB73,{1},1,{1},1.0
6919,outreach project,0960-AF68,{13},1,{13},1.0
6920,outside activity,"1801-AA09,3135-AA25",{10},1,,0.0
6921,outside attorney,3041-AC06,{1},1,{1},1.0
6922,outside director,3052-AC97,{7},1,{7},1.0
6923,outside earn income,3209-AA13,,0,,0.0
6924,outside employment,3095-AA60,{10},1,,0.0
6925,outside entity,1115-AD75,{2},1,{2},1.0
6926,outside storage,0560-AH03,{9},1,{9},1.0
6927,outsource facility,"0910-AH09,0910-AH61",{1},1,{1},1.0
6928,over 125 foot,0648-AE01,{5},1,{5},1.0
6929,over declaration,"1505-AC00,1515-AD63,1651-AA64","{8, 2, 7}",3,"{8, 2, 7}",3.0
6930,overdraft service,3170-AA42,{7},1,{7},1.0
6931,overflight regulation,0648-AI91,{5},1,{5},1.0
6932,overseas acquisition,9000-AN09,,0,,0.0
6933,overseas contract,"0750-AB39,0750-AE18",{2},1,{2},1.0
6934,overseas private investment corporation,3015-AA00,{14},1,{14},1.0
6935,overseas use,"0750-AC72,0750-AD16",{2},1,{2},1.0
6936,oversight board,0311-AA07,{13},1,,0.0
6937,oversight responsibility,2502-AI70,{13},1,{13},1.0
6938,overtime compensation,1651-AA59,{2},1,{2},1.0
6939,overtime pay,3206-AN19,,0,,0.0
6940,overtime violation,1215-AB20,{4},1,{4},1.0
6941,owner operator,2140-AA27,{3},1,{3},1.0
6942,ownership change,"1545-AU36,1545-BF99",{7},1,{7},1.0
6943,ownership information,1902-AF16,{6},1,{6},1.0
6944,ownership limitation,3235-AK74,{8},1,{8},1.0
6945,oxygen equipment,0938-AN76,{1},1,{1},1.0
6946,oxygen generator,2137-AC89,{3},1,{3},1.0
6947,ozone area,2060-AN27,{5},1,{5},1.0
6948,ozone deplete chemical,"1545-AQ23,2060-AE70","{5, 7}",2,"{5, 7}",2.0
6949,ozone deplete substance,"0910-AA99,0910-AB10,0910-AF18,0910-AF92,0910-AF93,2060-AG35,2060-AI46,2060-AJ58,2060-AK26,2060-AK30,2060-AM65,2060-AN11,2060-AP54,2060-AQ84,2060-AS38","{1, 5}",2,"{1, 5}",2.0
6950,ozone standard,2060-AQ57,{5},1,{5},1.0
6951,pacific coast,0648-AI19,{5},1,{5},1.0
6952,pacific cod,"0648-AO81,0648-AY65",{5},1,{5},1.0
6953,pacific fisher,"1018-BA05,1018-BA06",{5},1,{5},1.0
6954,pacific halibut,"0648-AH64,0648-AI48,0648-AK16,0648-AK17,0648-AK57,0648-AQ09,0648-AV33,0648-AX53,0648-AX91,0648-BC62,0648-BE41,0648-BH91",{5},1,{5},1.0
6955,pacific salmon,"0648-AN89,0648-AO04,0648-AQ77,0648-AS96,0648-BC19,0648-BC95,0648-BE79",{5},1,{5},1.0
6956,pacific whiting,"0648-AM19,0648-AU39,0648-AX77,0648-BA95,0648-BB85,0648-BH38",{5},1,{5},1.0
6957,page system,3060-AG32,{11},1,{11},1.0
6958,paint strip operation,2060-AG26,{5},1,{5},1.0
6959,paint stripping,"2060-AM07,2060-AN21,2060-AN21",{5},1,{5},1.0
6960,palm oil,2060-AQ36,{5},1,{5},1.0
6961,paper and paper product,2050-AD41,{5},1,{5},1.0
6962,paper filing,0651-AC50,{8},1,{8},1.0
6963,paper form,"0651-AB52,0651-AC25",{8},1,{8},1.0
6964,paper format,3072-AB84,{3},1,{3},1.0
6965,paperwork reduction,0584-AB27,{1},1,{1},1.0
6966,paperwork requirement,"1115-AE70,1615-AA08",{2},1,{2},1.0
6967,parachute operation,2120-AG52,{3},1,{3},1.0
6968,parallel import,1515-AB49,{2},1,{2},1.0
6969,paralytic shellfish poisoning,"0648-AT48,0648-AT51,0648-BB59,0648-BE26",{5},1,{5},1.0
6970,parent coverage,0938-AL62,{1},1,{1},1.0
6971,parental choice,3060-AG59,{11},1,{11},1.0
6972,parental consent,1400-AE41,{14},1,,0.0
6973,park resource,1024-AC77,{5},1,{5},1.0
6974,park road,"1024-AC35,2125-AE52","{3, 5}",2,"{3, 5}",2.0
6975,parking brake,2127-AI47,{3},1,{3},1.0
6976,parking rule,2125-AD80,{3},1,{3},1.0
6977,part mark,2127-AJ51,{3},1,{3},1.0
6978,part time,"3206-AG89,3206-AH19,3206-AI22,3206-AM02",,0,,0.0
6979,partial approval,"2060-AG61,2060-AQ66,2060-AQ67",{5},1,{5},1.0
6980,partial day,3090-AG42,,0,,0.0
6981,partial disapproval,"2060-AQ66,2060-AQ67",{5},1,{5},1.0
6982,partial exemption,"0648-BC33,3041-AB99,3170-AA81","{1, 5, 7}",3,"{1, 5, 7}",3.0
6983,partial implementation,0720-AA62,{1},1,{1},1.0
6984,partial lifting,1400-AB82,{14},1,{14},1.0
6985,partial list,"0720-AA88,0720-AB23",{1},1,{1},1.0
6986,partial payment,"1545-BG32,2502-AH25,2502-AJ04,2900-AE60","{13, 7}",2,"{13, 7}",2.0
6987,partial release,0648-BA40,{5},1,{5},1.0
6988,partial relief,2137-AE17,{3},1,{3},1.0
6989,partial stay,2060-AT63,{5},1,{5},1.0
6990,partial withdrawal,"1545-BL56,1545-BL86,1545-BN30,1545-BN30",{7},1,{7},1.0
6991,partially hydrogenate oil,0910-AI15,{1},1,{1},1.0
6992,participant contribution,"1210-AA53,1210-AB02,1210-AB11",{4},1,{4},1.0
6993,participant education,1210-AA50,{4},1,{4},1.0
6994,participant safety,2120-AF21,{3},1,{3},1.0
6995,participate organization,3206-AG99,,0,,0.0
6996,participate provider,0938-AT99,{1},1,{1},1.0
6997,participate state,"1018-AD73,1018-AE13,1018-AE96",{5},1,{5},1.0
6998,participation regulation,2501-AD28,{13},1,{13},1.0
6999,participation requirement,"0938-AG05,0938-AJ17",{1},1,{1},1.0
7000,particular locality,"1018-AV81,1018-AY30",{5},1,{5},1.0
7001,particulate matter,"2060-AE66,2060-AH09,2060-AI44,2060-AJ88,2060-AM02,2060-AO47,2060-AP75,2060-AP89,2060-AQ21,2060-AR30,2060-AS35,2060-AS50,2060-AS89",{5},1,{5},1.0
7002,partner 's share,1545-BO05,{7},1,{7},1.0
7003,partner interest,1545-AX94,{7},1,{7},1.0
7004,partnership agreement,"0750-AD59,0750-AE56",{2},1,{2},1.0
7005,partnership distribution,"1545-AT19,1545-BM48",{7},1,{7},1.0
7006,partnership income,1545-AU99,{7},1,{7},1.0
7007,partnership interest,"1545-AP07,1545-AS39,1545-AV66,1545-BH89,1545-BL45,1545-BO42",{7},1,{7},1.0
7008,partnership issue,1545-BA84,{7},1,{7},1.0
7009,partnership liability,"1545-AR62,1545-AX93,1545-BB83,1545-BO05",{7},1,{7},1.0
7010,partnership merger,"1545-AX32,1545-AX42",{7},1,{7},1.0
7011,partnership property,1545-BN94,{7},1,{7},1.0
7012,partnership provision,1545-AW22,{7},1,{7},1.0
7013,partnership representative,1545-BN41,{7},1,{7},1.0
7014,partnership rule,1545-AL77,{7},1,{7},1.0
7015,partnership transaction,"1545-AX73,1545-BA81,1545-BC64,1545-BO43,1545-BO44",{7},1,{7},1.0
7016,pass fail,2132-AB11,{3},1,{3},1.0
7017,pass through charge,9000-AL27,,0,,0.0
7018,pass through entity,"1545-BC24,1545-BO76",{7},1,{7},1.0
7019,passenger aircraft,"2137-AC89,2137-AE19",{3},1,{3},1.0
7020,passenger baggage,2137-AF12,{3},1,{3},1.0
7021,passenger car,"2127-AE47,2127-AK29",{3},1,{3},1.0
7022,passenger carry,2120-AC08,{3},1,{3},1.0
7023,passenger equipment,2130-AB67,{3},1,{3},1.0
7024,passenger facility charge,"2120-AF69,2120-AH05",{3},1,{3},1.0
7025,passenger flight,1515-AC99,{2},1,{2},1.0
7026,passenger information,0920-AA27,{1},1,{1},1.0
7027,passenger manifest,1651-AA62,{2},1,{2},1.0
7028,passenger right,2105-AE82,{3},1,{3},1.0
7029,passenger screening,1652-AA67,{2},1,{2},1.0
7030,passenger ship,"1625-AA24,2115-AF83",{2},1,{2},1.0
7031,passenger terminal,2115-AD75,{2},1,{2},1.0
7032,passenger vessel,"2105-AB87,2115-AD75,2115-AF61,3014-AA11","{2, 3}",2,"{2, 3}",2.0
7033,passenger weight,1625-AB20,{2},1,{2},1.0
7034,passive activity,1545-AV65,{7},1,{7},1.0
7035,passive business,3245-AG57,{8},1,{8},1.0
7036,passive income,1545-BO59,{7},1,{7},1.0
7037,passport and visa requirement,1651-AA97,{2},1,{2},1.0
7038,passport applicant,1545-AJ93,{7},1,{7},1.0
7039,passport application,1400-AC28,{14},1,{14},1.0
7040,passport regulation,"1400-AC11,1400-AC23,1400-AC27",{14},1,{14},1.0
7041,passport requirement,"1400-AC07,1400-AD51",{14},1,{14},1.0
7042,past due debt,1510-AA66,{7},1,{7},1.0
7043,past performance,"0750-AA91,0750-AK16",{2},1,,0.0
7044,patent and trademark office,"0651-AA70,0651-AB17",{8},1,{8},1.0
7045,patent appeal,"0651-AA71,0651-AB27,0651-AB32,0651-AB71,0651-AB96,0651-AC37,0651-AC46",{8},1,{8},1.0
7046,patent application,"0651-AA75,0651-AA99,0651-AB05,0651-AB10,0651-AB41,0651-AB69,0651-AB87,0651-AB94,0651-AB96,0651-AB97,0651-AB98,0651-AC00,0651-AC04,0651-AC36,0651-AC36,0651-AC48,0651-AC58,0651-AC64",{8},1,{8},1.0
7047,patent case,"0651-AA79,0651-AA93,0651-AA95",{8},1,{8},1.0
7048,patent claim,0651-AA91,{8},1,{8},1.0
7049,patent fee,"0651-AB81,0651-AC07,0651-AC21,0651-AC22,0651-AC33,0651-AC42,0651-AC54,0651-AC55,0651-AC78,0651-AC86,0651-AD02,0651-AD31",{8},1,{8},1.0
7050,patent file,0651-AB19,{8},1,{8},1.0
7051,patent law,0651-AB36,{8},1,{8},1.0
7052,patent practice,"0651-AA80,0651-AA94",{8},1,{8},1.0
7053,patent right,"0750-AD72,1991-AB55,2700-AD24","{2, 10, 6}",3,"{2, 10, 6}",3.0
7054,patent term,0651-AA76,{8},1,{8},1.0
7055,patent trial,0651-AC70,{8},1,{8},1.0
7056,paternity establishment,0970-AB69,{1},1,{1},1.0
7057,pathogen reduction,"0583-AB69,0583-AC28,0583-AC40,0583-AC63",{1},1,{1},1.0
7058,patient access,"0938-AQ38,0938-AT79,2900-AO61","{1, 13}",2,"{1, 13}",2.0
7059,patient care,"0938-AS21,2900-AH72","{1, 13}",2,"{1, 13}",2.0
7060,patient examination,0910-AC32,{1},1,{1},1.0
7061,patient labeling,0910-AA39,{1},1,{1},1.0
7062,patient protection,"0938-AQ65,0938-AS56,0950-AA00,0991-AB69,1210-AB43,1210-AB72,1545-BJ57","{1, 4, 7}",3,"{1, 4, 7}",3.0
7063,patient record,0930-AA19,{1},1,{1},1.0
7064,patient right,"0938-AJ56,0938-AN30,2900-AL66","{1, 13}",2,"{1, 13}",2.0
7065,patient safety and quality improvement act,"0919-AA01,0945-AA06,0991-AB53",{1},1,{1},1.0
7066,patrol service,3245-AF28,{8},1,{8},1.0
7067,pavement marking,2125-AF34,{3},1,{3},1.0
7068,pawn broker,1506-AA39,{7},1,{7},1.0
7069,pay advertisement,0750-AD09,{2},1,{2},1.0
7070,pay advertising,2900-AH74,{13},1,{13},1.0
7071,pay and leave administration,3206-AG15,,0,,0.0
7072,pay credit,1545-AL98,{7},1,{7},1.0
7073,pay purpose,3206-AH84,,0,,0.0
7074,pay rate,3206-AJ85,,0,,0.0
7075,pay retention,3206-AI88,,0,,0.0
7076,pay sick leave,1235-AA13,{4},1,{4},1.0
7077,pay survey,3046-AB15,{4},1,{4},1.0
7078,payday alternative loan,"3133-AE08,3133-AE84",{7},1,{7},1.0
7079,payday lending,1557-AC01,{7},1,{7},1.0
7080,payment adjustment,"0938-AQ34,0938-AS18",{1},1,{1},1.0
7081,payment amount,"0938-AH15,0938-AH49,0938-AJ18,0938-AL36",{1},1,{1},1.0
7082,payment bond,"0750-AD79,9000-AE47",{2},1,{2},1.0
7083,payment card,"1545-BI51,1545-BL34",{7},1,{7},1.0
7084,payment eligibility,"0560-AH16,0560-AH67,0560-AH85,0560-AI21,0560-AI31",{9},1,{9},1.0
7085,payment in kind,3090-AK06,,0,,0.0
7086,payment information,3090-AH22,,0,,0.0
7087,payment instruction,0750-AJ46,{2},1,{2},1.0
7088,payment limit,0560-AG77,{9},1,,0.0
7089,payment method,"0518-AA05,0648-BF35,0938-AK04,0938-AL81,2900-AO68","{9, 13, 5, 1}",4,"{9, 13, 5, 1}",4.0
7090,payment office,0750-AC79,{2},1,{2},1.0
7091,payment policy,"0938-AG96,0938-AH40,0938-AH94,0938-AI52,0938-AJ61,0938-AK11,0938-AK57,0938-AL21,0938-AL96,0938-AM90,0938-AN84,0938-AO11,0938-AO24,0938-AO65,0938-AO65,0938-AP18,0938-AP40,0938-AP79,0938-AQ25,0938-AR11,0938-AR56,0938-AS12,0938-AS40,0938-AS81,0938-AT02,0938-AT31,0938-AT72,0938-AU10,0938-AU17",{1},1,{1},1.0
7092,payment procedure,0720-AA66,{1},1,{1},1.0
7093,payment process,2700-AE39,{10},1,,0.0
7094,payment program,0906-AA88,{1},1,{1},1.0
7095,payment protection,0750-AG15,{2},1,{2},1.0
7096,payment provision,"0938-AG05,0938-AJ17,0938-AK90,0960-AE02","{1, 13}",2,"{1, 13}",2.0
7097,payment rate,"0938-AG93,0938-AH81,0938-AL35,0938-AL91,0938-AM75,0938-AN46,0938-AO12,0938-AO71,0938-AS15,0938-AS15,0938-AS42,0938-AS42,0938-AS82,0938-AS82,0938-AT03,0938-AT03,0938-AT30,0938-AT30,0938-AT74,0938-AT74,0938-AU12,0938-AU12",{1},1,{1},1.0
7098,payment reform,0938-AM12,{1},1,{1},1.0
7099,payment request,"0750-AD70,0750-AF28,0750-AJ44,2900-AN97","{2, 13}",2,"{2, 13}",2.0
7100,payment service provider,1505-AA74,{7},1,{7},1.0
7101,payment suspension,0938-AL19,{1},1,{1},1.0
7102,payment system,0938-AO71,{1},1,,0.0
7103,payment withhold,"0750-AD85,0750-AF76,9000-AJ94",{2},1,{2},1.0
7104,payout requirement,"1545-BG31,1545-BL38,1545-BL44",{7},1,{7},1.0
7105,payroll deduction,1545-AS27,{7},1,{7},1.0
7106,peacekeeping operation,0750-AD16,{2},1,{2},1.0
7107,peak period pricing,2105-AB63,{3},1,{3},1.0
7108,peanut poundage quota,0560-AF61,{9},1,{9},1.0
7109,peanut program regulation,0560-AF06,{9},1,{9},1.0
7110,pedestrian and bicycle accommodation,2125-AF90,{3},1,{3},1.0
7111,pediatric patient,0910-AB20,{1},1,{1},1.0
7112,peer review,"0648-AW62,0750-AG28,0750-AH66,0750-AK77,0919-AA00","{1, 2, 5}",3,"{1, 2, 5}",3.0
7113,peirson 's milk vetch,"1018-AQ72,1018-AU98",{5},1,{5},1.0
7114,pell grant,"1840-AC20,1840-AD30,1840-AD46",{10},1,{10},1.0
7115,penal sanction,1515-AE36,{8},1,{8},1.0
7116,penalty act,1105-AA40,{12},1,{12},1.0
7117,penalty amount,2501-AD30,{13},1,{13},1.0
7118,penalty claim,"1505-AC01,1515-AD13,1515-AD64,1651-AA42","{8, 2, 7}",3,"{8, 2, 7}",3.0
7119,penalty determination,0694-AG73,{8},1,{8},1.0
7120,penalty guideline,"1651-AA45,2130-AB70,2137-AC96,2137-AD71,2137-AE34,2137-AF02","{2, 3}",2,"{2, 3}",2.0
7121,penalty order,2020-AA35,{5},1,{5},1.0
7122,penalty provision,"0560-AG52,1024-AC06","{9, 5}",2,"{9, 5}",2.0
7123,pende application,0651-AD05,{8},1,{8},1.0
7124,peninsular bighorn sheep,"1018-AG17,1018-AQ56,1018-AV09",{5},1,{5},1.0
7125,penny stock rule,3235-AI02,{8},1,{8},1.0
7126,pension adjustment,0348-AB75,,0,,0.0
7127,pension benefit,2900-AJ50,{13},1,{13},1.0
7128,pension fund blackout period,3235-AI71,{8},1,{8},1.0
7129,pension information,0960-AF38,{13},1,{13},1.0
7130,pension plan,"1210-AB08,1545-AL53,1545-AY61,3133-AC09,3133-AC32","{4, 7}",2,"{4, 7}",2.0
7131,pension protection act,"0348-AB64,1212-AA98,1212-AB07,1212-AB09,1212-AB10,1212-AB11,1212-AB14,1212-AB16,1212-AB22",{13},1,{13},1.0
7132,pension regulation,2900-AO13,{13},1,{13},1.0
7133,peregrine falcon,1018-AF04,{5},1,{5},1.0
7134,perfluorooctanoic acid,"2040-AF93,2070-AJ06",{5},1,{5},1.0
7135,perform site,0575-AA88,{9},1,{9},1.0
7136,performance accountability,"1205-AB47,1205-AB74,1205-AB79",{4},1,{4},1.0
7137,performance advertising,3235-AG63,{8},1,{8},1.0
7138,performance appraisal,"3206-AG91,3206-AH34,3206-AI57",,0,,0.0
7139,performance base organization,0648-AI45,{5},1,{5},1.0
7140,performance base payment,"0750-AC65,0750-AH54,0750-AJ28,0750-AK37,9000-AG36,9000-AH22,9000-AK64,9000-AN49",{2},1,{2},1.0
7141,performance criterion,"0583-AC73,0648-AL88","{1, 5}",2,"{1, 5}",2.0
7142,performance disclosure,3038-AB39,{7},1,{7},1.0
7143,performance evaluation,"0750-AB12,0750-AC14",{2},1,{2},1.0
7144,performance grant,2506-AB96,{13},1,{13},1.0
7145,performance indicator,1820-AB14,{10},1,,0.0
7146,performance management,"3206-AJ80,3206-AL59",,0,,0.0
7147,performance measurement,"0938-AQ17,3060-AH00,3060-AI00,3060-AI01","{1, 11}",2,"{1, 11}",2.0
7148,performance objective,3150-AE40,{6},1,{6},1.0
7149,performance partnership,"2030-AA55,2030-AA56",{5},1,{5},1.0
7150,performance rating,3206-AH77,,0,,0.0
7151,performance reporting,1018-AY57,{5},1,{5},1.0
7152,performance requirement,"0920-AA17,3041-AB90,3150-AF28","{1, 6}",2,"{1, 6}",2.0
7153,performance specification,"2060-AH84,2060-AJ86,2060-AO74,2060-AR81,2060-AS34,2060-AS86,2060-AU39",{5},1,{5},1.0
7154,performance standard,"0579-AD71,0583-AB94,0583-AC18,0583-AC19,0583-AC20,0583-AC21,0583-AC27,0583-AC38,0583-AC45,0583-AC46,0583-AC49,0583-AC87,0583-AD44,0648-AD03,0910-AC34,0910-AF87,0910-AG30,0910-AH65,0970-AC43,1845-AA21,2060-AJ88,2506-AC16,3041-AB94,3041-AC09,3041-AC19","{1, 10, 13, 5}",4,"{1, 10, 13, 5}",4.0
7155,performance warranty,2060-AE20,{5},1,{5},1.0
7156,periodic monitoring,2060-AN00,{5},1,{5},1.0
7157,periodic payment,0596-AC80,{5},1,{5},1.0
7158,periodic reassessment,0910-AI46,{1},1,{1},1.0
7159,periodic report,"1105-AB30,3235-AH52,3235-AJ30,3235-AJ64,3235-AK48","{8, 12}",2,"{8, 12}",2.0
7160,periodic reporting requirement,3211-AA13,{11},1,{11},1.0
7161,periodic revision,3038-AC40,{7},1,{7},1.0
7162,periodic testing,"0910-AB93,3041-AD14",{1},1,{1},1.0
7163,periodic update,"2135-AA20,2135-AA22,2135-AA24,2135-AA27,2135-AA28,2135-AA30,2135-AA31,2135-AA33,2135-AA36,2135-AA39,2135-AA42,2135-AA43,2135-AA45,2135-AA48,2137-AC74,2137-AD03,2137-AD23,2137-AD35,2137-AE41,2137-AE85",{3},1,{3},1.0
7164,peripheral neuropathy,"2900-AI35,2900-AO32",{13},1,{13},1.0
7165,perishable agricultural commodity,"0581-AB48,0581-AC26,0581-AD29",{9},1,{9},1.0
7166,perishable food,0750-AF32,{2},1,{2},1.0
7167,perkins act,1830-AA23,{10},1,{10},1.0
7168,perkins loan,1840-AC20,{10},1,{10},1.0
7169,permanent authority,9000-AN06,,0,,0.0
7170,permanent employment,"1205-AA66,1205-AB11,1205-AB25,1205-AB37,1205-AB42,1205-AB77",{4},1,{4},1.0
7171,permanent increase,3133-AD78,{7},1,{7},1.0
7172,permanent loan,0575-AD10,{9},1,{9},1.0
7173,permanent provision,"1512-AB67,1512-AB83",{1},1,{1},1.0
7174,permanent record,3095-AB99,{10},1,{10},1.0
7175,permanent replacement,"1215-AB15,1294-AA13",{4},1,{4},1.0
7176,permanent requirement,2120-AK39,{3},1,{3},1.0
7177,permanent residence,"0960-AD90,1115-AC70,1115-AD12,1115-AD83,1115-AF91,1115-AF94,1125-AA20,1615-AA02,1615-AA40,1615-AA42,1615-AB58","{2, 13}",2,"{2, 13}",2.0
7178,permanent resident,1115-AC18,{2},1,{2},1.0
7179,permanent revocation,1515-AB83,{2},1,{2},1.0
7180,permanent waiver,2132-AA68,{3},1,{3},1.0
7181,permissible activity,"1550-AC10,3064-AE36",{7},1,{7},1.0
7182,permissible exposure limit,"1218-AB54,1218-AC74",{4},1,{4},1.0
7183,permissible investment,"3064-AD88,3133-AD27",{7},1,{7},1.0
7184,permissible use,3038-AC42,{7},1,{7},1.0
7185,permit appeal,2015-AA03,{5},1,{5},1.0
7186,permit application,"0648-AV08,2040-AC84",{5},1,,0.0
7187,permit deadline,"2040-AD98,2040-AE71",{5},1,{5},1.0
7188,permit department,0960-AE36,{13},1,{13},1.0
7189,permit exception,1018-AW51,{5},1,{5},1.0
7190,permit exemption,0648-AO37,{5},1,{5},1.0
7191,permit modification,2050-AD05,{5},1,{5},1.0
7192,permit ownership,0648-AO97,{5},1,{5},1.0
7193,permit procedure,"0579-AD76,1625-AA35,2115-AG26","{1, 2}",2,"{1, 2}",2.0
7194,permit program,"2060-AP87,2060-AS59,2060-AU03",{5},1,{5},1.0
7195,permit regulation,"2060-AF47,2060-AG05",{5},1,{5},1.0
7196,permit requirement,"0648-AH48,1512-AB92","{1, 5}",2,"{1, 5}",2.0
7197,permit right,"1029-AC49,1029-AC52",{5},1,{5},1.0
7198,permit rule,2050-AG75,{5},1,{5},1.0
7199,perpetual prefer stock,7100-AD28,{7},1,{7},1.0
7200,person 's disability,2127-AG40,{3},1,{3},1.0
7201,person list,0694-AC58,{8},1,{8},1.0
7202,person regulation,0750-AH41,{2},1,{2},1.0
7203,personal assault,2900-AK00,{13},1,{13},1.0
7204,personal care service,"0938-AH00,0938-AK28",{1},1,{1},1.0
7205,personal communication service,"3060-AE65,3060-AF59,3060-AG88",{11},1,{11},1.0
7206,personal conflict,"2900-AJ06,9000-AL46",{13},1,{13},1.0
7207,personal effect,"0960-AF55,0960-AF84,1018-AD17,2133-AB12,2700-AC38,2700-AD90","{10, 5, 3, 13}",4,"{10, 5, 3, 13}",4.0
7208,personal financial interest,3209-AA09,,0,,0.0
7209,personal firearm,1120-AB37,{12},1,{12},1.0
7210,personal flotation device,"1625-AA40,1625-AA62,2115-AG04,2115-AG32",{2},1,{2},1.0
7211,personal health record,3084-AB17,{8},1,{8},1.0
7212,personal history,3245-AG11,{8},1,{8},1.0
7213,personal information,"0960-AE64,1400-AE13,7100-AD24","{13, 14, 7}",3,"{13, 14, 7}",3.0
7214,personal loan,3170-AA07,{7},1,{7},1.0
7215,personal medical use,"1117-AA38,1117-AA41,1117-AA56",{1},1,{1},1.0
7216,personal property,"0524-AA14,1545-AT46,1545-AW09,1545-BK89,1545-BL24,3090-AH10,3090-AH21,3090-AH29,3090-AH93,3090-AI09,3090-AI33,3090-AJ04,3090-AJ20,3090-AJ73,3090-AJ98,3090-AK11","{10, 7}",2,"{10, 7}",2.0
7217,personal protection equipment,1218-AC65,{4},1,{4},1.0
7218,personal protective equipment,"0694-AF58,0750-AJ15,1218-AA74,1218-AB77,1218-AD25","{8, 2, 4}",3,"{8, 2, 4}",3.0
7219,personal responsibility and work opportunity reconciliation act,"0584-AC39,0584-AC41,0584-AC43,0584-AC44,0584-AC45,0584-AC49,0584-AC51,0970-AB84",{1},1,{1},1.0
7220,personal safety,0648-AH19,{5},1,{5},1.0
7221,personal service,"0412-AA31,0412-AA35,0412-AA49,0750-AG72,1115-AF30,1545-BD62,1545-BG57,1991-AB61,1991-AB96,9000-AL54","{2, 6, 14, 7}",4,"{2, 6, 14, 7}",4.0
7222,personal transaction,1550-AC16,{7},1,{7},1.0
7223,personal use,"2120-AJ17,2120-AJ17",{3},1,,0.0
7224,personal watercraft,"1024-AC65,1024-AC90,1024-AC91,1024-AC92,1024-AC93,1024-AC94,1024-AC95,1024-AC96,1024-AC97,1024-AC98,1024-AC99,1024-AD00,1024-AD01,1024-AD02,1024-AE55,1625-AA40,2115-AG32","{2, 5}",2,"{2, 5}",2.0
7225,personally identifiable information,9000-AN44,,0,,0.0
7226,personnel action,3206-AK65,,0,,0.0
7227,personnel administration,3206-AH90,,0,,0.0
7228,personnel investigation,"3206-AB92,3206-AN70",,0,,0.0
7229,personnel management,"3206-AG87,3206-AJ95,3206-AK77,3206-AL98,3206-AM18",,0,,0.0
7230,personnel policy,3207-AA49,{3},1,{3},1.0
7231,personnel record,"3206-AF85,3206-AH24,3206-AJ37,3206-AK27,3206-AM05,3206-AN27,3206-AN57",,0,,0.0
7232,personnel requirement,0910-AE25,{1},1,{1},1.0
7233,personnel security,0960-AH97,{13},1,{13},1.0
7234,personnel system,1076-AE02,,0,,0.0
7235,pest control program,0710-AA89,{5},1,{5},1.0
7236,pest control service,9000-AK14,,0,,0.0
7237,pesticidal device,1515-AE12,{8},1,{8},1.0
7238,pesticide applicator,"2070-AB75,2070-AJ20",{5},1,{5},1.0
7239,pesticide chemical residue,2070-AD20,{5},1,{5},1.0
7240,pesticide container,2070-AB95,{5},1,{5},1.0
7241,pesticide discharge,2040-AF47,{5},1,{5},1.0
7242,pesticide labeling,2070-AC85,{5},1,{5},1.0
7243,pesticide management,"2020-AA33,2070-AB95,2070-AC81",{5},1,{5},1.0
7244,pesticide product,2070-AD03,{5},1,{5},1.0
7245,pesticide production,"2020-AA28,2070-AC07",{5},1,{5},1.0
7246,pesticide registration,"2015-AA00,2020-AA44",{5},1,{5},1.0
7247,pesticide regulation,"0648-AQ69,1018-AI95,2070-AD62",{5},1,{5},1.0
7248,pesticide residue,2070-AC45,{5},1,{5},1.0
7249,pesticide tolerance,2070-AC45,{5},1,{5},1.0
7250,pet bird,1018-AE70,{5},1,{5},1.0
7251,pet food,0910-AG09,{1},1,{1},1.0
7252,pet ownership,"2501-AD31,2501-AD60,2577-AB94",{13},1,{13},1.0
7253,petition no,"1513-AA67,1513-AA68",{1},1,{1},1.0
7254,petition procedure,"1076-AD47,1076-AE94",,0,,0.0
7255,petition process,"0350-AA06,0350-AA07,1205-AB23,1205-AB24,1205-AB30,2060-AL87,2127-AL98","{8, 3, 4, 5}",4,"{8, 3, 4, 5}",4.0
7256,petition requirement,"1115-AE52,1115-AF76,1615-AA35,1615-AB17",{2},1,{2},1.0
7257,petroleum base fuel,2137-AF25,{3},1,{3},1.0
7258,petroleum distillate,3041-AB57,{1},1,{1},1.0
7259,petroleum product,"0694-AG06,0750-AB36","{8, 2}",2,"{8, 2}",2.0
7260,petroleum refinery,"1515-AB20,2060-AF28,2060-AK25,2060-AK51,2060-AM41,2060-AN72,2060-AP70,2060-AP81,2060-AP82,2060-AP83,2060-AP84,2060-AQ28,2060-AS03,3245-AE84","{8, 2, 5}",3,"{8, 2, 5}",3.0
7261,petroleum refining industry,2050-AE78,{5},1,{5},1.0
7262,peyote use,1117-AA97,{1},1,{1},1.0
7263,pharmaceutical company representative,2900-AN42,{13},1,{13},1.0
7264,pharmaceutical manufacturing,2040-AD97,{5},1,{5},1.0
7265,pharmaceutical production,"2060-AE83,2060-AI78,2060-AJ17,2060-AM00,2060-AM52,2060-AO91",{5},1,{5},1.0
7266,pharmacy compounding,0910-AB57,{1},1,{1},1.0
7267,phase 1 rule,2060-AN27,{5},1,{5},1.0
7268,phase out,2577-AC46,{13},1,,0.0
7269,phase retirement,"1545-BD23,3206-AM71",{7},1,{7},1.0
7270,phase review,0910-AI35,{1},1,{1},1.0
7271,physical certificate,2503-AA14,{7},1,{7},1.0
7272,physical commodity,"7100-AE10,7100-AE58",{7},1,{7},1.0
7273,physical examination,0938-AM88,{1},1,{1},1.0
7274,physical protection,"1992-AA23,3150-AF32,3150-AG00,3150-AI12,3150-AI64",{6},1,{6},1.0
7275,physical security,3090-AJ94,,0,,0.0
7276,physical therapy,"0720-AB36,0720-AB71,0938-AG70",{1},1,{1},1.0
7277,physician assistant,0930-AA25,{1},1,{1},1.0
7278,physician charge,3206-AG31,,0,,0.0
7279,physician fee schedule,"0938-AG96,0938-AH38,0938-AH40,0938-AH94,0938-AI33,0938-AI52,0938-AJ61,0938-AK11,0938-AK57,0938-AL21,0938-AL48,0938-AL96,0938-AM90,0938-AN84,0938-AO22,0938-AO65,0938-AP18,0938-AP40,0938-AP79,0938-AQ25,0938-AQ87,0938-AR11,0938-AR56,0938-AS12,0938-AS40,0938-AS81,0938-AT02,0938-AT31,0938-AT72,0938-AU10",{1},1,{1},1.0
7280,physician ownership,"0938-AF40,0938-AM35,0938-AR33",{1},1,{1},1.0
7281,physician referral,"0938-AG80,0938-AI38,0938-AK31,0938-AL29,0938-AM21,0938-AM58,0938-AM95,0938-AM99,0938-AN04,0938-AN69,0938-AR70",{1},1,{1},1.0
7282,physician service,"0938-AG53,0938-AI37,0938-AJ97,0938-AN81,2900-AK57","{1, 13}",2,"{1, 13}",2.0
7283,phytophthora ramorum,"0579-AB82,0579-AE30",{1},1,{1},1.0
7284,pickup truck,2127-AF49,{3},1,{3},1.0
7285,pilot certificate,"2120-AG81,2120-AJ42",{3},1,{3},1.0
7286,pilot certification,"2120-AK28,2120-AK62,2120-AK71",{3},1,{3},1.0
7287,pilot program,"0720-AB60,0750-AG17,0750-AH27,0750-AI28,0750-AI93,0750-AJ03,0750-AJ24,0790-AI66,0790-AJ27,1505-AC61,1557-AB82,1557-AD03,2060-AG79,2125-AE48,2126-AA41,2127-AL99,2577-AC24,2900-AM77,9000-AM56","{1, 2, 3, 5, 7, 13}",6,"{1, 2, 3, 5, 7, 13}",6.0
7288,pilot project,"0584-AC83,0584-AC89,3067-AD17","{1, 2}",2,"{1, 2}",2.0
7289,pilot school,2120-AK28,{3},1,{3},1.0
7290,pilot training,2120-AA83,{3},1,{3},1.0
7291,pine shoot beetle deregulation,0579-AE41,{1},1,{1},1.0
7292,pink shrimp,0648-AS38,{5},1,{5},1.0
7293,pioneer 's preference rule,3060-AF53,{11},1,{11},1.0
7294,pipe tobacco,1513-AB75,{1},1,{1},1.0
7295,pipeline capacity,1902-AE39,{6},1,{6},1.0
7296,pipeline integrity management,"2137-AD45,2137-AD49,2137-AD54,2137-AD61",{3},1,{3},1.0
7297,pipeline location,2137-AB48,{3},1,{3},1.0
7298,pipeline operator,2137-AC57,{3},1,{3},1.0
7299,pipeline regulation,2137-AE51,{3},1,{3},1.0
7300,pipeline right,"1010-AD11,1014-AA00",{5},1,{5},1.0
7301,pipeline safety,"2137-AB38,2137-AB71,2137-AC11,2137-AC30,2137-AC33,2137-AC34,2137-AC54,2137-AD01,2137-AD03,2137-AD05,2137-AD06,2137-AD10,2137-AD11,2137-AD12,2137-AD22,2137-AD23,2137-AD24,2137-AD25,2137-AD26,2137-AD32,2137-AD35,2137-AD42,2137-AD45,2137-AD49,2137-AD52,2137-AD54,2137-AD55,2137-AD56,2137-AD59,2137-AD61,2137-AD62,2137-AD63,2137-AD64,2137-AD68,2137-AD76,2137-AD80,2137-AD95,2137-AD96,2137-AD97,2137-AD98,2137-AE07,2137-AE09,2137-AE15,2137-AE17,2137-AE25,2137-AE26,2137-AE28,2137-AE29,2137-AE33,2137-AE36,2137-AE41,2137-AE42,2137-AE43,2137-AE51,2137-AE59,2137-AE60,2137-AE64,2137-AE66,2137-AE71,2137-AE72,2137-AE85,2137-AE88,2137-AE89,2137-AE92,2137-AE93,2137-AE94,2137-AF06,2137-AF13,2137-AF14,2137-AF16,2137-AF22,2137-AF26,2137-AF29,2137-AF31,2137-AF36,2137-AF37,2137-AF38,2137-AF39,2137-AF44,2137-AF45,2137-AF48",{3},1,{3},1.0
7302,pipeline transportation,1515-AB67,{2},1,{2},1.0
7303,piping plover,"1018-AG13,1018-AG14,1018-AH96,1018-AV50",{5},1,{5},1.0
7304,piston engine aircraft,"2060-AP79,2060-AT10",{5},1,{5},1.0
7305,placement assistance,3206-AJ18,,0,,0.0
7306,placement result,"1215-AB77,1215-AB80",{4},1,{4},1.0
7307,plain english,3235-AG88,{8},1,,0.0
7308,plain language,"0584-AC84,1512-AC10,2900-AL09,9000-AJ64","{1, 13}",2,"{1, 13}",2.0
7309,plan amendment,0648-AH78,{5},1,{5},1.0
7310,plan asset,"1210-AA53,1210-AA59,1210-AB02,1212-AA98","{4, 13}",2,"{4, 13}",2.0
7311,plan distribution,"1545-AT27,1545-AT28",{7},1,{7},1.0
7312,plan document,1210-AA67,{4},1,,0.0
7313,plan participant,1210-AA99,{4},1,,0.0
7314,plan performance,"1902-AF04,1902-AF52",{6},1,{6},1.0
7315,plan report,0938-AQ72,{1},1,{1},1.0
7316,plan sponsor,"1212-AB38,1545-BK94","{13, 7}",2,"{13, 7}",2.0
7317,planning activity,2130-AB29,{3},1,{3},1.0
7318,plant incorporate protectant,"2070-AC02,2070-AD49,2070-AD55,2070-AD56,2070-AJ27,2070-AJ32,2070-AJ33",{5},1,{5},1.0
7319,plant part,0579-AA85,{1},1,{1},1.0
7320,plant pathologist,"1115-AF85,1615-AA38",{2},1,{2},1.0
7321,plant performance,3150-AE38,{6},1,{6},1.0
7322,plant product,0579-AC22,{1},1,{1},1.0
7323,plant protection act,0579-AB98,{1},1,{1},1.0
7324,plant variety protection,0581-AC42,{9},1,{9},1.0
7325,plantwide applicability,2060-AE11,{5},1,{5},1.0
7326,plastic explosive,1512-AB63,{1},1,{1},1.0
7327,plastic part,"2060-AN08,2060-AP01,2060-AT49",{5},1,{5},1.0
7328,plastic pipe,2137-AE93,{3},1,{3},1.0
7329,plastic surgery,"0910-AH39,1120-AA26","{1, 12}",2,"{1, 12}",2.0
7330,play area,"1190-AA50,3014-AA21","{3, 13}",2,"{3, 13}",2.0
7331,play yard,"3041-AC92,3041-AD22,3041-AD52",{1},1,{1},1.0
7332,playground equipment,3041-AB97,{1},1,{1},1.0
7333,plenary meeting,"0694-AC55,0694-AC70",{8},1,{8},1.0
7334,plumbing product,1904-AA71,{6},1,{6},1.0
7335,poison ivy,0910-AD57,{1},1,{1},1.0
7336,poison prevention packaging act,3041-AB73,{1},1,{1},1.0
7337,poisonous material,2137-AC47,{3},1,{3},1.0
7338,polar bear,"1018-AF02,1018-AF54,1018-AV19,1018-AV79,1018-AW56,1018-AX32,1018-AY34,1018-AY40,1018-AY67,1018-BA66,1018-BA99",{5},1,{5},1.0
7339,police department,1190-AA53,{13},1,{13},1.0
7340,policy and technical change,"0938-AO74,0938-AR37,0938-AS20,0938-AT08,0938-AT59",{1},1,{1},1.0
7341,policy change,"0938-AO30,0938-AQ36",{1},1,,0.0
7342,policy directive,"3245-AF45,3245-AF61",{8},1,{8},1.0
7343,policy provision,0563-AC45,{9},1,,0.0
7344,policy review,1901-AA91,{6},1,,0.0
7345,policy revision,2900-AL78,{13},1,{13},1.0
7346,policy statement,"1902-AC42,1902-AC47,1902-AC59,1902-AC70,1902-AD00,1902-AD53,1902-AD75,2105-AA46,2130-AB15,3133-AB92,3235-AJ55,7100-AC44,7100-AE30,7100-AF39","{8, 3, 6, 7}",4,"{8, 3, 6, 7}",4.0
7347,political activity,"3206-AF78,3206-AH33,3206-AL23,3206-AM44,3206-AM80,3206-AM87,3235-AL36",{8},1,,0.0
7348,political campaign intervention,1545-BL81,{7},1,{7},1.0
7349,political contribution,"3235-AH64,3235-AH72,3235-AK39",{8},1,{8},1.0
7350,political military affair,1400-AB61,{14},1,{14},1.0
7351,political recommendation,3206-AH71,,0,,0.0
7352,political subdivision,"0970-AB85,1545-AX23,1545-AX87,1545-AY71,1545-BA46,1545-BC61,1545-BG44,1545-BM99","{1, 7}",2,"{1, 7}",2.0
7353,pollock a,0648-AJ10,{5},1,{5},1.0
7354,pollock fishery,0648-AV33,{5},1,{5},1.0
7355,pollution control,"0750-AD13,9000-AI19",{2},1,{5},1.0
7356,pollution prevention,"2115-AE97,2115-AF44,2115-AF56",{2},1,{2},1.0
7357,polyurethane foam,3041-AB81,{1},1,{1},1.0
7358,polyvinyl chloride,"2060-AH82,2060-AN33,2060-AN45,2060-AR73,2060-AS45,3041-AB79","{1, 5}",2,"{1, 5}",2.0
7359,pool heater,"1904-AA45,1904-AA90,1904-AB95,1904-AC94,1904-AD49",{6},1,{6},1.0
7360,porbeagle shark,0648-BF94,{5},1,{5},1.0
7361,pork product,"0579-AA91,0579-AC24,0579-AC33,0579-AD20,0579-AD96",{1},1,{1},1.0
7362,port facility,"2133-AB18,3090-AF34",{3},1,{3},1.0
7363,port inspection,0648-BE12,{5},1,{5},1.0
7364,port restriction,3072-AB97,{3},1,{3},1.0
7365,port zone,2115-AF32,{2},1,{2},1.0
7366,portable air conditioner,"1904-AD02,1904-AD22",{6},1,{6},1.0
7367,portable bed rail,3041-AB91,{1},1,{1},1.0
7368,portable electric heater,3041-AB45,{1},1,{1},1.0
7369,portable electronic device,2120-AG70,{3},1,{3},1.0
7370,portable gauge,3150-AH06,{6},1,{6},1.0
7371,portable generator,"3041-AC36,3041-AC37",{1},1,{1},1.0
7372,portable oxygen,2120-AK32,{3},1,{3},1.0
7373,portable tank,2115-AG19,{2},1,{2},1.0
7374,portfolio manager,3235-AJ16,{8},1,{8},1.0
7375,portfolio reconciliation,3038-AD43,{7},1,{7},1.0
7376,portland cement,2060-AO15,{5},1,{5},1.0
7377,position limit,"3038-AC85,3038-AD15,3038-AD16,3038-AD99,3038-AE61",{7},1,{7},1.0
7378,position report,3038-AD17,{7},1,{7},1.0
7379,positive train control,2130-AC03,{3},1,{3},1.0
7380,positron emission tomography,0910-AA81,{1},1,{1},1.0
7381,possession limit,0648-BI83,{5},1,{5},1.0
7382,possible amendment,3235-AI42,{8},1,{8},1.0
7383,possible regulation,1505-AA74,{7},1,{7},1.0
7384,possible revocation,3041-AC27,{1},1,{1},1.0
7385,post employment conflict,3209-AA14,,0,,0.0
7386,post employment restriction,"1990-AA31,2590-AA19,3133-AD13,3136-AA16,3206-AK60","{10, 6, 7}",3,"{10, 6, 7}",3.0
7387,post execution allocation,3038-AB26,{7},1,{7},1.0
7388,post retirement benefit,9000-AK84,,0,,0.0
7389,post test counseling,2900-AN20,{13},1,{13},1.0
7390,post traumatic stress disorder,"2900-AI97,2900-AK00",{13},1,{13},1.0
7391,post-9/11 gi bill,"0790-AJ94,2900-AN10,2900-AN62","{2, 13}",2,"{2, 13}",2.0
7392,posting requirement,3046-AA74,{4},1,{4},1.0
7393,postmarket surveillance,0910-AC31,{1},1,{1},1.0
7394,postmarketing report,0910-AG19,{1},1,{1},1.0
7395,potassium hydroxide,"0581-AD27,0583-AB96","{9, 1}",2,"{9, 1}",2.0
7396,potassium iodide,3150-AG11,{6},1,{6},1.0
7397,potential amendment,2127-AB87,{3},1,{3},1.0
7398,potential defect,"2127-AI92,2127-AJ04,2127-AJ21,2127-AJ38,2127-AJ41",{3},1,{3},1.0
7399,potential employment discrimination,1250-AA10,{4},1,{4},1.0
7400,potential host,0579-AC55,{1},1,{1},1.0
7401,potential organ,0938-AI95,{1},1,{1},1.0
7402,potential party,3150-AI08,{6},1,{6},1.0
7403,potential use,3235-AJ93,{8},1,{8},1.0
7404,potential withdrawal,2060-AT76,{5},1,{5},1.0
7405,potentially abusive tax shelter,"1545-AX79,1545-AX80,1545-BB33",{7},1,{7},1.0
7406,potentially dangerous animal,"0579-AB12,0579-AB39",{1},1,{1},1.0
7407,potentially hazardous food,0583-AC05,{1},1,{1},1.0
7408,potentially limit,0648-BA09,{5},1,{5},1.0
7409,poultry and poultry product,0579-AC36,{1},1,{1},1.0
7410,poultry carcass,0583-AB65,{1},1,{1},1.0
7411,poultry disease,0579-AA38,{1},1,{1},1.0
7412,poultry inspection,"0583-AC25,0583-AC77",{1},1,{1},1.0
7413,poultry meat,0579-AD45,{1},1,{1},1.0
7414,poultry practice,"0581-AD44,0581-AD74,0581-AD75",{9},1,{9},1.0
7415,poultry product,"0579-AD45,0581-AB69,0583-AB68,0583-AB94,0583-AB97,0583-AB99,0583-AC19,0583-AC38,0583-AC44,0583-AC46,0583-AC54,0583-AC56,0583-AC60,0583-AC95,0583-AD07,0583-AD13,0583-AD17,0583-AD20,0583-AD30,0583-AD64,0583-AD71","{1, 9}",2,"{1, 9}",2.0
7416,poultry production,0580-AB23,{1},1,{1},1.0
7417,poultry slaughter inspection,0583-AD32,{1},1,{1},1.0
7418,power industrial truck,1218-AC99,{4},1,{4},1.0
7419,power line,1004-AE69,{5},1,,0.0
7420,power mobility device,0938-AM74,{1},1,{1},1.0
7421,power plant operation,"0648-AK00,0648-AQ54",{5},1,{5},1.0
7422,power press,1218-AC22,{4},1,{4},1.0
7423,power reactor,"3150-AG84,3150-AG89",{6},1,{6},1.0
7424,power window switch,2127-AK14,{3},1,{3},1.0
7425,pre application process,1901-AB36,{6},1,{6},1.0
7426,pre employment testing,2105-AC50,{3},1,{3},1.0
7427,preble 's meadow jump mouse,"1018-AE06,1018-AG10,1018-AI46,1018-AJ26,1018-AU12,1018-AW45,1018-AX93",{5},1,{5},1.0
7428,precious metal,"1506-AA58,1506-AA78",{7},1,,0.0
7429,precursor chemical,0694-AB46,{8},1,{8},1.0
7430,predatory feature,2501-AC76,{13},1,{13},1.0
7431,predatory lending practice,"2501-AD17,2502-AH70",{13},1,{13},1.0
7432,preexist condition exclusion,"1210-AB72,1545-BJ61","{4, 7}",2,"{4, 7}",2.0
7433,preference immigrant,"1115-AE04,1615-AA03",{2},1,{2},1.0
7434,preferential treatment,"1505-AB33,1505-AB42,1515-AC89,1515-AD24","{2, 7}",2,"{2, 7}",2.0
7435,preferred stock,1545-BA15,{7},1,{7},1.0
7436,pregnant woman,"0925-AA14,0940-AA02",{1},1,{1},1.0
7437,preliminary permit,"1902-AD46,1902-AF62",{6},1,{6},1.0
7438,premanufacture notification,2070-AC14,{5},1,{5},1.0
7439,premarket approval,"0910-AA31,0910-AA35,0910-AG51,0910-AG78",{1},1,{1},1.0
7440,premarket notification,"0910-AA65,0910-AE00",{1},1,{1},1.0
7441,premarket regulation,0910-AH48,{1},1,{1},1.0
7442,premium overpayment,1212-AB16,{13},1,{13},1.0
7443,premium pay,"1651-AA59,3206-AH78,3206-AH86",{2},1,,0.0
7444,premium processing fee,1615-AB52,{2},1,{2},1.0
7445,premium rate,"0938-AN18,0938-AO02,0938-AO23,0938-AO68,1212-AB10,1212-AB11,1212-AB26","{1, 13}",2,"{1, 13}",2.0
7446,premium reduction,"0563-AB70,0938-AL49","{9, 1}",2,"{9, 1}",2.0
7447,prepaid account,"3170-AA22,3170-AA69,3170-AA72",{7},1,{7},1.0
7448,preparer tax identification number,"1545-BN02,1545-BN03",{7},1,{7},1.0
7449,prepay forward contract,1545-BI26,{7},1,{7},1.0
7450,prepay telephone card,"1545-AV63,1545-AV64",{7},1,{7},1.0
7451,prepayment fee,3133-AC44,{7},1,{7},1.0
7452,preschool grant,"1820-AB47,1820-AB57,1820-AB60",{10},1,{10},1.0
7453,prescribe information,0910-AG18,{1},1,{1},1.0
7454,prescription drug,"0910-AB39,0910-AI45,0938-AP25,2900-AN15","{1, 13}",2,"{1, 13}",2.0
7455,prescription pharmaceutical,0936-AA08,{1},1,{1},1.0
7456,present value,"1545-BG30,1545-BM71",{7},1,{7},1.0
7457,presidential announcement,"0694-AC41,0694-AC56",{8},1,{8},1.0
7458,presidential permit,1901-AB30,{6},1,{6},1.0
7459,presidential proclamation,0651-AD24,{8},1,{8},1.0
7460,presidential records,"3095-AB13,3095-AB87",{10},1,{10},1.0
7461,pressure monitoring device,"1625-AA94,2115-AD69,2115-AG10",{2},1,{2},1.0
7462,pressure regulator,0910-AC30,{1},1,{1},1.0
7463,pressure testing,"2137-AD05,2137-AD26",{3},1,{3},1.0
7464,pretreatment standard,"2040-AC48,2040-AD01",{5},1,{5},1.0
7465,pretrial inmate,1120-AA52,{12},1,{12},1.0
7466,prevail rate,3206-AL52,,0,,0.0
7467,prevent abuse,9000-AL69,,0,,0.0
7468,prevent accident,1219-AB85,{4},1,,0.0
7469,prevent importation,"1505-AB51,1515-AD54","{8, 7}",2,"{8, 7}",2.0
7470,prevent planting,0563-AC52,{9},1,{9},1.0
7471,prevent pollution,2020-AA50,{5},1,{5},1.0
7472,prevent violation,0694-AG66,{8},1,{8},1.0
7473,preventable condition,0938-AQ34,{1},1,{1},1.0
7474,prevention standard,2127-AI12,{3},1,{3},1.0
7475,preventive control,"0910-AH77,0910-AI24",{1},1,{1},1.0
7476,preventive service,"0938-AQ07,0938-AQ74,0950-AA09,1210-AB44,1545-BJ58,1545-BJ60,2900-AM23","{1, 4, 13, 7}",4,"{1, 4, 13, 7}",4.0
7477,price adjustment,"0625-AB02,0750-AK08","{8, 2}",2,"{8, 2}",2.0
7478,price advertising,"2105-AB25,2105-AB50,2105-AD37,2105-AD56",{3},1,{3},1.0
7479,price cap rule,3211-AA08,{11},1,{11},1.0
7480,price change,3095-AB35,{10},1,,0.0
7481,price datum,"0348-AB73,0750-AH49,0750-AK28,2700-AC21,9000-AH16,9000-AK74","{2, 10}",2,"{2, 10}",2.0
7482,price preference,0750-AC71,{2},1,{2},1.0
7483,price provision,0412-AA34,{14},1,,0.0
7484,price reform,"1902-AC95,1902-AE40",{6},1,{6},1.0
7485,price support,0560-AH14,{9},1,{9},1.0
7486,price transparency,3038-AC02,{7},1,{7},1.0
7487,pricing policy,3090-AG33,,0,,0.0
7488,pricing service,3069-AA48,{7},1,{7},1.0
7489,primary money laundering concern,"1506-AA64,1506-AA67,1506-AA89,1506-AB11,1506-AB16,1506-AB19,1506-AB21,1506-AB22,1506-AB23,1506-AB27,1506-AB30,1506-AB35,1506-AB39",{7},1,{7},1.0
7490,prime farmland,1029-AB98,{5},1,{5},1.0
7491,prime vendor contract,0750-AG71,{2},1,{2},1.0
7492,principal place,1117-AB52,{1},1,{1},1.0
7493,principal residence,"1545-AX28,1545-BB01,1545-BB02",{7},1,{7},1.0
7494,principal shareholder,"3064-AD14,7100-AC16",{7},1,{7},1.0
7495,principal trade,"3235-AJ96,3235-AL28,3235-AL56",{8},1,{8},1.0
7496,principal transaction,3235-AH34,{8},1,{8},1.0
7497,print material,1024-AD91,{5},1,{5},1.0
7498,prior approval,"1400-AC62,1801-AA09,2590-AA17","{10, 14, 7}",3,"{10, 14, 7}",3.0
7499,prior determination,2060-AQ07,{5},1,{5},1.0
7500,prior disclosure,"1505-AC00,1515-AB98","{2, 7}",2,"{2, 7}",2.0
7501,prior invention,0651-AA67,{8},1,{8},1.0
7502,prior notice,"0910-AC41,0910-AG65,2020-AA30,2060-AD80","{1, 5}",2,"{1, 5}",2.0
7503,prior relationship,1120-AA77,{12},1,,0.0
7504,prior transaction,"1505-AB25,1515-AC68","{2, 7}",2,"{2, 7}",2.0
7505,priority category,"2900-AJ71,2900-AL51",{13},1,{13},1.0
7506,priority delivery,0694-AG68,{8},1,{8},1.0
7507,priority mail express,0651-AC98,{8},1,{8},1.0
7508,priority system,0584-AB37,{1},1,{1},1.0
7509,prison rape,1105-AB34,{12},1,{12},1.0
7510,privacy act,"0311-AA01,0412-AA61,0420-AA15,0420-AA30,0430-AA00,0430-AA04,0584-AD24,0790-AI00,0790-AI01,0790-AK47,0790-AK61,0906-AA91,0925-AA59,0925-AA59,0925-AA60,0925-AA62,0925-AA63,0991-AC10,1090-AA99,1110-AA08,1212-AA63,1290-AA16,1400-AD65,1400-AD78,1400-AD86,1400-AD88,1400-AE16,1400-AE17,1400-AE40,1505-AC22,1505-AC25,1505-AC26,1505-AC27,1505-AC28,1505-AC31,1505-AC32,1505-AC33,1505-AC37,1505-AC43,1505-AC47,1505-AC50,1506-AA62,1601-AA26,1615-AB38,1615-AC29,1625-AC59,1625-AC60,1651-AB26,1651-AB27,1651-AB28,1651-AB29,1651-AB30,1651-AB31,1651-AB35,1652-AA28,1652-AA34,1652-AA36,1652-AA42,1652-AA48,1652-AA71,1653-AA79,1653-AA80,1660-AA97,1660-AA98,1901-AA60,1901-AA62,2105-AD23,2105-AE76,2105-AE87,2508-AA10,2550-AA05,2577-AB84,2700-AD86,2900-AL33,3045-AA22,3045-AA25,3048-AA02,3069-AB32,3095-AA99,3095-AB91,3133-AB76,3133-AC42,3135-AA16,3137-AA17,3147-AA10,3212-AA11,3235-AH71,3460-AA03,3480-AA00,3480-AA01,7100-AD24","{1, 2, 3, 4, 5, 6, 7, 8, 10, 12, 13, 14}",12,"{1, 2, 3, 4, 5, 6, 7, 8, 10, 12, 13, 14}",12.0
7511,privacy exemption,0703-AB26,{2},1,{2},1.0
7512,privacy notice,"1550-AB86,3038-AC04",{7},1,{7},1.0
7513,privacy practice,0945-AA08,{1},1,{1},1.0
7514,privacy program,0790-AI30,{2},1,{2},1.0
7515,privacy protection,0584-AD91,{1},1,{1},1.0
7516,privacy rule,"0945-AA07,3038-AD13","{1, 7}",2,"{1, 7}",2.0
7517,privacy training,"1601-AA79,9000-AM02",{2},1,{2},1.0
7518,private activity bond,"1545-AM01,1545-AU62,1545-AU98,1545-AW89,1545-AX55",{7},1,{7},1.0
7519,private aid,"1625-AA55,2115-AF50,2115-AF98",{2},1,{2},1.0
7520,private banking account,1506-AA29,{7},1,{7},1.0
7521,private business,1545-AY88,{7},1,,0.0
7522,private collection agency,"0960-AE90,0960-AE90",{13},1,{13},1.0
7523,private company,1105-AA77,{12},1,,0.0
7524,private equity fund,"1557-AD44,3038-AE13,3064-AD85,3064-AE11,3235-AL07,3235-AM10,7100-AD58,7100-AF33","{8, 7}",2,"{8, 7}",2.0
7525,private expense,"0750-AF84,2900-AL40","{2, 13}",2,"{2, 13}",2.0
7526,private flood insurance,"1557-AD67,2502-AJ43,3052-AD11,3064-AE50,3133-AE64,7100-AE60","{13, 7}",2,"{13, 7}",2.0
7527,private foundation,1545-AT03,{7},1,{7},1.0
7528,private fund,3235-AK92,{8},1,{8},1.0
7529,private inspection,3090-AG84,,0,,0.0
7530,private insurance,0960-AE61,{13},1,{13},1.0
7531,private laboratory,0910-AB96,{1},1,{1},1.0
7532,private land,0596-AC00,{5},1,{5},1.0
7533,private mortgage insurer,"2502-AG46,2502-AH01",{13},1,{13},1.0
7534,private organization,0790-AG53,{2},1,,0.0
7535,private residence,2120-AH83,{3},1,{3},1.0
7536,private sale,0596-AB44,{5},1,{5},1.0
7537,private sector participation,2132-AB06,{3},1,{3},1.0
7538,private sector work,0750-AB17,{2},1,{2},1.0
7539,private security contractor,"0790-AI38,0790-AK87",{2},1,{2},1.0
7540,private source,3209-AA36,,0,,0.0
7541,private transfer fee,2590-AA41,{7},1,{7},1.0
7542,private vessel,0648-AL04,{5},1,{5},1.0
7543,private voluntary organization,"0412-AA91,3206-AG50,3206-AK71,3206-AK79,3206-AL05,3206-AL47,3206-AM68",{14},1,{14},1.0
7544,privately own vehicle,"3090-AG38,3090-AJ18,3090-AJ48",,0,,0.0
7545,privileged information,"1990-AA36,3170-AA20","{6, 7}",2,"{6, 7}",2.0
7546,privileged material,1902-AE49,{6},1,{6},1.0
7547,procedural amendment,"1901-AB13,3060-AJ34","{11, 6}",2,"{11, 6}",2.0
7548,procedural change,"0648-AP98,1515-AC18,1660-AA72","{2, 5}",2,"{2, 5}",2.0
7549,procedural defect,2900-AK74,{13},1,{13},1.0
7550,procedural due process,0583-AC12,{1},1,{1},1.0
7551,procedural framework,0648-AO31,{5},1,{5},1.0
7552,procedural guidance,0790-AI53,{2},1,{2},1.0
7553,procedural modification,"1125-AA91,1615-AC44",{2},1,{2},1.0
7554,procedural reform,"1125-AA36,1615-AB29",{2},1,{2},1.0
7555,procedural regulation,"1210-AA93,2105-AC31,2127-AD78,2137-AE18,2502-AI84,3046-AA62,3046-AB07","{3, 4, 13}",3,"{3, 4, 13}",3.0
7556,procedural requirement,"0580-AA39,0580-AB19,0584-AE76,3060-AJ31","{1, 11}",2,"{1, 11}",2.0
7557,procedural rule,"1512-AB53,1512-AB54,1545-AR99,1840-AD22,1901-AA80,1990-AA30,1992-AA28,1992-AA52,2015-AA00,2020-AA44,2070-AJ59,3170-AA24,3170-AA58","{1, 5, 6, 7, 10}",5,"{1, 5, 6, 7, 10}",5.0
7558,process agricultural commodity,0560-AF09,{9},1,{9},1.0
7559,process egg product,0583-AD70,{1},1,{1},1.0
7560,process fruit,"0581-AB52,0581-AB58",{9},1,{9},1.0
7561,process heater,"2060-AG69,2060-AI35,2060-AQ25,2060-AR13,2060-AS09",{5},1,{5},1.0
7562,process meat,0583-AC46,{1},1,{1},1.0
7563,process permit application,0648-AY81,{5},1,{5},1.0
7564,process procedure,"0694-AF59,1400-AD99","{8, 14}",2,"{8, 14}",2.0
7565,process product,0579-AC91,{1},1,{1},1.0
7566,process safety management,"1218-AB63,1218-AC82",{4},1,{4},1.0
7567,process tobacco,"1513-AB37,1513-AB72,1513-AC49",{1},1,{1},1.0
7568,process vent,2060-AP82,{5},1,{5},1.0
7569,processing application,"0596-AC61,3060-AI86","{11, 5}",2,"{11, 5}",2.0
7570,processing fee,"0651-AB52,1400-AB07","{8, 14}",2,"{8, 14}",2.0
7571,processing procedure,"1990-AA35,3064-AE24","{6, 7}",2,"{6, 7}",2.0
7572,processing regulation,0581-AD32,{9},1,,0.0
7573,processing requirement,3235-AH54,{8},1,{8},1.0
7574,processing vessel,0648-AE01,{5},1,{5},1.0
7575,procurement activity,0710-AB03,{5},1,{5},1.0
7576,procurement authority,3090-AE71,,0,,0.0
7577,procurement contract,0348-AB51,,0,,0.0
7578,procurement executive,"0412-AA42,2900-AH62","{13, 14}",2,"{13, 14}",2.0
7579,procurement integrity,"0750-AB33,2030-AA25,9000-AD01,9000-AH19","{2, 5}",2,"{2, 5}",2.0
7580,procurement list,9000-AJ82,,0,,0.0
7581,procurement organization,2900-AM65,{13},1,{13},1.0
7582,procurement requirement,0584-AD38,{1},1,{1},1.0
7583,product certification,3041-AD14,{1},1,{1},1.0
7584,product development,"1505-AB32,1515-AC88","{2, 7}",2,"{2, 7}",2.0
7585,product ingredient,0583-AC22,{1},1,{1},1.0
7586,product labeling,"0583-AC85,0583-AD30",{1},1,{1},1.0
7587,product license,0910-AB29,{1},1,{1},1.0
7588,product listing,"0910-AG89,0910-AH59",{1},1,{1},1.0
7589,product registration,3041-AC53,{1},1,{1},1.0
7590,product selection,2125-AF84,{3},1,{3},1.0
7591,production contract,0750-AK67,{2},1,{2},1.0
7592,production credit association,3052-AC92,{7},1,{7},1.0
7593,production incentive,1904-AB73,{6},1,{6},1.0
7594,production information,0625-AB11,{8},1,{8},1.0
7595,production platform,1010-AB52,{5},1,{5},1.0
7596,production safety system,1014-AA10,{5},1,{5},1.0
7597,production subject,"1004-AE14,1004-AE53,1004-AE54",{5},1,{5},1.0
7598,production system,0579-AB28,{1},1,{1},1.0
7599,production technology,0694-AG90,{8},1,{8},1.0
7600,production testing,"1625-AB15,1625-AB46",{2},1,{2},1.0
7601,professional capacity,1215-AA14,{4},1,{4},1.0
7602,professional conduct,"0651-AC97,0701-AA57,0703-AA54,0703-AA70,0703-AA88,0703-AA92,0703-AA94,0703-AB19,1125-AA59,1125-AA83,1601-AA58,1615-AB70,3235-AI72","{8, 2}",2,"{8, 2}",2.0
7603,professional development program,1810-AB51,{10},1,{10},1.0
7604,professional practice,1117-AB52,{1},1,{1},1.0
7605,professional service,"0720-AA58,2900-AN37,9000-AI07","{1, 13}",2,"{1, 13}",2.0
7606,professional standard,"0584-AE19,0584-AE60",{1},1,{1},1.0
7607,professional use,0910-AD38,{1},1,{1},1.0
7608,proficiency training,3038-AB10,{7},1,{7},1.0
7609,profile document,3038-AB60,{7},1,{7},1.0
7610,profit incentive,0750-AD17,{2},1,{2},1.0
7611,profit make organization,2700-AC07,{10},1,{10},1.0
7612,profit policy,0750-AD21,{2},1,{2},1.0
7613,profit pool,1545-AO71,{7},1,{7},1.0
7614,program access rule,"3060-AH91,3060-AI87",{11},1,{11},1.0
7615,program activity,0960-AE63,{13},1,{13},1.0
7616,program administration,"0960-AE74,0960-AH88,1660-AA80,2133-AB14","{2, 3, 13}",3,"{2, 3, 13}",3.0
7617,program authority,2502-AI76,{13},1,{13},1.0
7618,program benefit,0584-AD79,{1},1,{1},1.0
7619,program change,0960-AH25,{13},1,{13},1.0
7620,program compliance,2700-AD17,{10},1,{10},1.0
7621,program efficiency,"0938-AQ96,0938-AR49,0938-AT23,0938-AT36",{1},1,{1},1.0
7622,program eligibility,"0560-AD09,0560-AD97",{9},1,{9},1.0
7623,program evaluation,0648-AL45,{5},1,{5},1.0
7624,program fee,"1653-AA54,1653-AA74",{2},1,{2},1.0
7625,program file,0960-AH97,{13},1,{13},1.0
7626,program flexibility,0584-AC84,{1},1,{1},1.0
7627,program implementation,"1018-AI56,1018-AJ01",{5},1,{5},1.0
7628,program integrity,"0584-AC24,0584-AC94,0938-AQ43,0938-AR82,0938-AU00,1840-AD04,1840-AD06,1840-AD14,1840-AD31","{1, 10}",2,"{1, 10}",2.0
7629,program management,3235-AJ34,{8},1,{8},1.0
7630,program measure,0570-AA95,{9},1,{9},1.0
7631,program monitoring,0584-AE33,{1},1,{1},1.0
7632,program oversight,0938-AQ43,{1},1,{1},1.0
7633,program participation,0584-AD93,{1},1,{1},1.0
7634,program payment,0560-AF34,{9},1,{9},1.0
7635,program performance,1205-AB19,{4},1,{4},1.0
7636,program reform,3245-AE08,{8},1,{8},1.0
7637,program regulation,"0560-AC86,0570-AA41,0790-AI24,1121-AA61,1121-AA66,1830-AA23,2040-AD22,2501-AD78,2577-AC85,3134-AA01","{2, 5, 9, 10, 12, 13}",6,"{2, 5, 9, 10, 12, 13}",6.0
7638,program relate investment,1545-BK76,{7},1,{7},1.0
7639,program requirement,"0584-AE72,2060-AH62","{1, 5}",2,"{1, 5}",2.0
7640,program review,"0648-BE42,1120-AA30,1120-AA64,1120-AA93,1120-AB32,1120-AB55","{12, 5}",2,"{12, 5}",2.0
7641,program rule,"0584-AB60,0960-AH50","{1, 13}",2,"{1, 13}",2.0
7642,program streamline,0584-AC66,{1},1,{1},1.0
7643,programmatic regulation,0710-AA49,{5},1,{5},1.0
7644,progress payment,"0750-AA15,0750-AA21,0750-AD26,0750-AJ28,9000-AH70,9000-AI27,9000-AL00",{2},1,{2},1.0
7645,prohibit act,1120-AA78,{12},1,{12},1.0
7646,prohibit arrangement,0991-AA65,{1},1,{1},1.0
7647,prohibit communication,2105-AD10,{3},1,{3},1.0
7648,prohibit country,2133-AB55,{3},1,{3},1.0
7649,prohibit drug use,"2132-AA52,2132-AA56",{3},1,{3},1.0
7650,prohibit item,1652-AA22,{2},1,{2},1.0
7651,prohibit list,3090-AJ20,,0,,0.0
7652,prohibit mark,"1512-AC14,1513-AA14",{1},1,{1},1.0
7653,prohibit operation,1024-AC46,{5},1,{5},1.0
7654,prohibit proprietary trading,7100-AD58,{7},1,{7},1.0
7655,prohibit purchase,3090-AH50,,0,,0.0
7656,prohibit purchaser,2501-AC69,{13},1,{13},1.0
7657,prohibit service,"1550-AC14,1550-AC23",{7},1,{7},1.0
7658,prohibit source,9000-AJ35,,0,,0.0
7659,prohibit use,"0648-AL00,0648-AN03,0648-AO52,0910-AD83,0910-AD84","{1, 5}",2,"{1, 5}",2.0
7660,project approval,2502-AJ30,{13},1,{13},1.0
7661,project cost,"1902-AC12,1902-AC35,1902-AC49,1902-AC61,1902-AD30,1902-AD55,1902-AD73,1902-AE28,1902-AF00",{6},1,,0.0
7662,project financing,0572-AC21,{9},1,,0.0
7663,project investment,1557-AB46,{7},1,{7},1.0
7664,project labor agreement,"2501-AD47,9000-AL31",{13},1,{13},1.0
7665,project management,1991-AB39,{6},1,,0.0
7666,project xl,"2090-AA11,2090-AA14,2090-AA16",{5},1,{5},1.0
7667,promise zone,1894-AA05,{10},1,{10},1.0
7668,promising program,1850-AA52,{10},1,{10},1.0
7669,promote innovation,0938-AS21,{1},1,{1},1.0
7670,promotional material,"3090-AH57,3090-AH81",,0,,0.0
7671,prompt corrective action,"2550-AA12,3064-AE02,3133-AC14,3133-AC30,3133-AC60,3133-AC74,3133-AD43,3133-AD81,3133-AD99,7100-AD87","{13, 7}",2,"{13, 7}",2.0
7672,prompt pay,0348-AB47,,0,,0.0
7673,prompt payment,"0750-AK25,9000-AI89,9000-AJ17",{2},1,{2},1.0
7674,promulgate rule,2060-AH74,{5},1,{5},1.0
7675,proper disposal,"1550-AB87,1557-AC84,3064-AC77",{7},1,{7},1.0
7676,proper documentation,1115-AE09,{2},1,{2},1.0
7677,proper identification,1991-AB98,{6},1,{6},1.0
7678,proper use,9000-AL78,,0,,0.0
7679,property and casualty insurance company,1545-BO50,{7},1,{7},1.0
7680,property broker,"2125-AE01,2126-AA26",{3},1,{3},1.0
7681,property damage,2115-AF87,{2},1,{2},1.0
7682,property disclosure,3235-AL81,{8},1,{8},1.0
7683,property exempt,"1545-AU55,1545-BA22",{7},1,{7},1.0
7684,property flipping,"2502-AH57,2502-AI18",{13},1,{13},1.0
7685,property improvement,2502-AG94,{13},1,{13},1.0
7686,property insurance,2529-AA73,{13},1,{13},1.0
7687,property loss,2126-AB21,{3},1,{3},1.0
7688,property management,"0599-AA10,3090-AG04",{9},1,,0.0
7689,property settlement,3220-AB29,{13},1,{13},1.0
7690,property standard,2501-AC94,{13},1,{13},1.0
7691,property valuation,0750-AE09,{2},1,{2},1.0
7692,proposal cost,"1991-AB12,9000-AG58",{6},1,{6},1.0
7693,propose addition,"1512-AB80,1512-AC50,1512-AC79,1513-AA42,1513-AC24,3206-AM04",{1},1,{1},1.0
7694,propose amendment,"0348-AB69,0581-AD80,0581-AD83,0991-AA78,1210-AB25,1506-AA90,1506-AA92,1513-AB33,1545-AT96,1545-BA48,2050-AE72,2060-AI63,2060-AJ88,2125-AE72,2501-AC23,2501-AD48,3060-AK19,3220-AB65,3220-AB72,3235-AD21,3235-AG24,3235-AG44,3235-AH19,3235-AH47,3235-AH51,3235-AK08,3235-AK34,3235-AK62","{1, 3, 4, 5, 7, 8, 9, 11, 13}",9,"{1, 3, 4, 5, 7, 8, 9, 11, 13}",9.0
7695,propose and final rule,2050-AD75,{5},1,{5},1.0
7696,propose application,1545-BN30,{7},1,{7},1.0
7697,propose approval,1018-AE03,{5},1,{5},1.0
7698,propose assessment,"1219-AB03,1219-AB32,1219-AB51,1219-AB57,1219-AB63,1219-AB72,1219-AB81",{4},1,{4},1.0
7699,propose ban,3041-AB96,{1},1,,0.0
7700,propose change,"0625-AA46,0625-AA47,0625-AA57,0648-AK57,0938-AQ06,0938-AR10,0938-AT97,1110-AA27,1513-AB11,1902-AC29,2105-AD98,3064-AE96,3064-AE99,7100-AF21","{1, 3, 5, 6, 7, 8, 12}",7,"{1, 3, 5, 6, 7, 8, 12}",7.0
7701,propose critical habitat,1018-AI48,{5},1,{5},1.0
7702,propose decision,2070-AB07,{5},1,{5},1.0
7703,propose designation,"0648-AH11,1018-AF95,1018-AG12,1018-AG13,1018-AG14,1018-AG15,1018-AG17,1018-AG24,1018-AG27,1018-AH40",{5},1,{5},1.0
7704,propose determination,"1018-AB09,1018-AE43,1904-AC66,3041-AC63","{1, 5, 6}",3,"{1, 5, 6}",3.0
7705,propose directive,"0596-AC18,0596-AC19,0596-AC23,0596-AC32,0596-AC36,0596-AC55",{5},1,{5},1.0
7706,propose elimination,1400-AD76,{14},1,,0.0
7707,propose establishment,"1018-AD62,1018-AD99,1018-AE01,1018-AG26,1018-AI54,1513-AA82,1513-AA83,1513-AA84,1513-AA85,1513-AA86,1513-AA87,1513-AA88,1513-AA89,1513-AA90,1513-AA91,1513-AB26,1513-AB27,1513-AB40,1513-AB42,1513-AB45,1513-AB49,1513-AB51,1513-AB52,1513-AB53,1513-AB98,1513-AC54","{1, 5}",2,"{1, 5}",2.0
7708,propose expansion,"1513-AB23,1513-AB44,1513-AB47",{1},1,{1},1.0
7709,propose guidance,"1545-BN30,3041-AD25","{1, 7}",2,"{1, 7}",2.0
7710,propose guideline,"0648-AL44,2080-AA07",{5},1,,0.0
7711,propose implementation,"1505-AC22,1505-AC27,1505-AC28,1505-AC31,1505-AC43,3460-AA03","{14, 7}",2,"{14, 7}",2.0
7712,propose labeling,0910-AA13,{1},1,{1},1.0
7713,propose listing,1018-AG02,{5},1,{5},1.0
7714,propose modification,"1513-AB29,1513-AC55,1545-BO07,2120-AF56,2120-AF58","{1, 3, 7}",3,"{1, 3, 7}",3.0
7715,propose policy,2105-AB63,{3},1,,0.0
7716,propose reclassification,1018-AG00,{5},1,{5},1.0
7717,propose regulation,"0648-AA74,0648-AC03,0648-AC05,0648-AC91,0648-AC92,1545-AQ72,1545-AU64,1545-AV20,1545-AV35,1545-AX90,1545-BI89,2502-AI86","{13, 5, 7}",3,"{13, 5, 7}",3.0
7718,propose relocation,"2105-AC82,2105-AD17,2105-AD30,2105-AD31",{3},1,{3},1.0
7719,propose rescission,"0348-AB27,0348-AB29",,0,,0.0
7720,propose revision,"0710-AA48,1018-AE45,1210-AB14,1512-AC52,1513-AA23,1513-AB05,1513-AB39,1513-AB59,1513-AB62,1513-AB84,1513-AC27,1557-AD88,1557-AE27,1557-AE67,2040-AF42,2060-AH97,3038-AE72,3064-AE13,3064-AE41,3064-AE67,3064-AF17,3150-AF05,7100-AE16,7100-AF06","{1, 4, 5, 6, 7}",5,"{1, 4, 5, 6, 7}",5.0
7721,propose revocation,"0910-AI16,0910-AI17,3041-AB80",{1},1,{1},1.0
7722,propose rule,"0648-AF32,0648-AG78,0648-AG79,0648-AH94,0648-AI99,0648-AJ06,0648-AJ76,0648-AK00,0648-AW59,0938-AK50,1018-AE31,1018-AE78,1018-AV55,1904-AC62,2060-AI81,2090-AA19,2120-AI02,3041-AA59,3041-AC00,3220-AB58,3235-AG28,3235-AK14,3235-AK63,3235-AK78","{1, 3, 5, 6, 8, 13}",6,"{1, 3, 5, 6, 8, 13}",6.0
7723,propose rulemaking,"0648-AI12,0648-AI14,0648-AL87,0648-AN38,0648-AX66,0936-AA09,1018-AG57,1506-AA89,1506-AA91,1545-BP35,2060-AM48,2502-AJ44,2502-AJ47,2577-AC98,3060-AF86,3060-AG09,3060-AG10,3072-AB80,3142-AA02","{1, 3, 4, 5, 7, 11, 13}",7,"{1, 3, 4, 5, 7, 11, 13}",7.0
7724,propose section,"1545-BI07,1545-BL56,1545-BL83",{7},1,{7},1.0
7725,propose special regulation,1018-AG10,{5},1,{5},1.0
7726,propose standard,3041-AC02,{1},1,,0.0
7727,propose system,3135-AA22,{10},1,,0.0
7728,propose termination,2502-AH54,{13},1,{13},1.0
7729,propose transaction,2140-AA42,{3},1,,0.0
7730,proprietary information,3090-AF47,,0,,0.0
7731,proprietary right,0703-AB11,{2},1,{2},1.0
7732,proprietary substance,0583-AC37,{1},1,{1},1.0
7733,proprietary term,"1010-AC81,1010-AD41",{5},1,{5},1.0
7734,proprietary trading,"1557-AD44,1557-AE27,1557-AE67,3038-AE72,3064-AD85,3064-AE67,3064-AF17,3235-AL07,3235-AM10,7100-AD82,7100-AF06,7100-AF33","{8, 7}",2,"{8, 7}",2.0
7735,propylene glycol,0910-AI06,{1},1,{1},1.0
7736,prospective payment,1660-AA30,{2},1,{2},1.0
7737,prospectus delivery,3235-AG40,{8},1,{8},1.0
7738,prostate cancer,"0920-AA54,2900-AI00,2900-AI35","{1, 13}",2,"{1, 13}",2.0
7739,prosthetic device,"0720-AA49,0938-AJ34,2900-AO16","{1, 13}",2,"{1, 13}",2.0
7740,protect activity,3150-AH59,{6},1,{6},1.0
7741,protect benefit,"1545-AV94,1545-AV95",{7},1,{7},1.0
7742,protect health information,"0945-AA01,0991-AB74",{1},1,{1},1.0
7743,protect information,9000-AM42,,0,,0.0
7744,protect interest,1018-AY30,{5},1,{5},1.0
7745,protect security,3133-AE06,{7},1,{7},1.0
7746,protect species,"0648-AH26,0648-BG23",{5},1,{5},1.0
7747,protect veteran,"1215-AB65,1250-AA00",{4},1,{4},1.0
7748,protection claim,"1125-AA89,1615-AC34",{2},1,{2},1.0
7749,protection order,1105-AB43,{12},1,{12},1.0
7750,protection system,"1902-AF03,1902-AF45",{6},1,{6},1.0
7751,protective breathing equipment,"2120-AD74,2120-AH40,2120-AI35",{3},1,{3},1.0
7752,protective order,"0625-AA43,1125-AA38","{8, 2}",2,"{8, 2}",2.0
7753,protective regulation,"0648-AU92,0648-AV15,0648-AV18,0648-AY96",{5},1,{5},1.0
7754,protective service,"0702-AA68,2700-AD89","{2, 10}",2,"{2, 10}",2.0
7755,prototype project,"0750-AD88,0790-AG79,0790-AG92,0790-AG97,0790-AH01",{2},1,{2},1.0
7756,provider agreement,"0938-AC88,0938-AQ01,2900-AN48,2900-AO15","{1, 13}",2,"{1, 13}",2.0
7757,provider claim,0938-AQ91,{1},1,{1},1.0
7758,provider sponsor organization,"0938-AI25,0938-AI60,0938-AI83",{1},1,{1},1.0
7759,proxy disclosure,3235-AI80,{8},1,{8},1.0
7760,proxy group,1902-AD42,{6},1,{6},1.0
7761,proxy material,"3235-AJ47,3235-AJ79,3235-AK25",{8},1,{8},1.0
7762,proxy rule,3235-AG54,{8},1,{8},1.0
7763,proxy statement,3235-AH66,{8},1,{8},1.0
7764,proxy vote,3235-AK67,{8},1,{8},1.0
7765,proxy voting,3235-AK43,{8},1,{8},1.0
7766,prudential standard,"7100-AF20,7100-AF45",{7},1,{7},1.0
7767,psychiatric evaluation,1120-AB20,{12},1,{12},1.0
7768,psychiatric facility,"0938-AL50,0938-AU07",{1},1,{1},1.0
7769,psychiatric hospital,"0938-AF32,0938-AL93",{1},1,{1},1.0
7770,psychiatric treatment,"1120-AA40,1120-AA83",{12},1,{12},1.0
7771,psychotropic substance,1117-AA22,{1},1,{1},1.0
7772,public access,"0703-AA63,0703-AB00,1400-AE00,2030-AA75,2050-AG98,2501-AD18,2501-AD39,9000-AL94","{2, 13, 5, 14}",4,"{2, 13, 5, 14}",4.0
7773,public accommodation,"1190-AA26,1190-AA44,1190-AA45,1190-AA47,1190-AA50,1190-AA61,1190-AA64,1190-AA66,1190-AA67,1190-AA68",{13},1,{13},1.0
7774,public accountability standard,"3206-AL05,3206-AL47",,0,,0.0
7775,public acknowledgement,2700-AC75,{10},1,{10},1.0
7776,public address system,"2120-AH30,2120-AI35",{3},1,{3},1.0
7777,public affair liaison,0790-AI94,{2},1,{2},1.0
7778,public affair policy,0701-AA18,{2},1,{2},1.0
7779,public and commercial building,2070-AJ56,{5},1,{5},1.0
7780,public assembly,1024-AD91,{5},1,{5},1.0
7781,public assistance,1660-AA59,{2},1,{2},1.0
7782,public availability,"0605-AA41,1004-AB55,2050-AG73,2070-AJ62,2105-AC58,2105-AC69,2105-AD15,2105-AD99,2900-AM31,3090-AG16,3090-AG78,3090-AJ74,3095-AB42,3147-AA14,3147-AA18","{3, 5, 8, 10, 13}",5,"{3, 5, 8, 10, 13}",5.0
7783,public benefit,"1115-AE51,1115-AE99,1615-AA05,1615-AA13,1820-AB64","{2, 10}",2,"{2, 10}",2.0
7784,public charge,1400-AA79,{14},1,{14},1.0
7785,public comment,"0580-AA96,0580-AB16,0580-AB17,0625-AA90,0694-AG30,0694-AH03,0938-AI45,0938-AJ16,1513-AB30,1513-AC08,1513-AC50,2502-AJ47,7100-AD51","{8, 1, 13, 7}",4,"{8, 1, 13, 7}",4.0
7786,public conduct,"1006-AA45,1006-AA46,1006-AA49,1006-AA55",{5},1,{5},1.0
7787,public consultation,0938-AK80,{1},1,{1},1.0
7788,public convenience,1902-AC17,{6},1,{6},1.0
7789,public debt,1510-AB31,{7},1,{7},1.0
7790,public demonstration,1004-AD40,{5},1,{5},1.0
7791,public disclosure,"0790-AI73,0910-AC00,0910-AC00,1515-AC13,1545-AV13,3064-AD14,3069-AB22,9000-AN20","{1, 2, 7}",3,"{1, 2, 7}",3.0
7792,public display,"0648-AH26,1018-AD56",{5},1,{5},1.0
7793,public dissemination,"0348-AB82,1510-AA72",{7},1,{7},1.0
7794,public domain,1400-AD70,{14},1,{14},1.0
7795,public employee,"1218-AC44,2125-AE74","{3, 4}",2,"{3, 4}",2.0
7796,public facility,1660-AA59,{2},1,{2},1.0
7797,public financial disclosure,3209-AA06,,0,,0.0
7798,public fund,"2501-AC47,2501-AD40",{13},1,{13},1.0
7799,public health,"0906-AA53,0910-AG92,3141-AA17",{1},1,{1},1.0
7800,public hearing,0910-AB15,{1},1,,0.0
7801,public housing,"0906-AA76,2501-AC37,2501-AC62,2506-AC38,2577-AB75,2577-AB94,2577-AC11,2577-AC41,2577-AC84,2577-AC92,2577-AC94","{1, 13}",2,"{1, 13}",2.0
7802,public information,"0430-AA05,0583-AD50,0605-AA14,0605-AA46,0910-AA46,0910-AB22,0910-AG90,1557-AA67,2020-AA21,2025-AA02,3076-AA06,3255-AA01","{1, 4, 5, 7, 8}",5,"{1, 4, 5, 7, 8}",5.0
7803,public inspection,"0703-AB02,1545-BD09,1545-BG60,1545-BG60","{2, 7}",2,"{2, 7}",2.0
7804,public institution,0938-AL85,{1},1,{1},1.0
7805,public interest spectrum coalition,3060-AJ21,{11},1,{11},1.0
7806,public key infrastructure,1117-AA87,{1},1,{1},1.0
7807,public land,"0596-AB56,1004-AD45,1004-AD66,1004-AD68,1004-AD96,1004-AE72,1018-AD42,1018-AD68,1018-AD90,1018-AE12,1018-AE69,1018-AF91,1018-AG54,1018-AH77,1018-AH85,1018-AI06,1018-AI09,1018-AI31,1018-AI37,1018-AI38,1018-AI62,1018-AI88,1018-AI89,1018-AJ25,1018-AT46,1018-AT47,1018-AT58,1018-AT81,1018-AT97,1018-AT98,1018-AT99,1018-AU05,1018-AU15,1018-AU57,1018-AU70,1018-AU71,1018-AU92,1018-AU95,1018-AV69,1018-AV72,1018-AW30,1018-AW71,1018-AW77,1018-AX33,1018-AX52,1018-AX64,1018-AX95,1018-AY85,1018-AY86,1018-AZ67,1018-BA39,1018-BA62,1018-BA76,1018-BA82,1018-BB22,1018-BB38,1018-BB99,1018-BC06,1018-BC96,1018-BD11,1018-BE36",{5},1,{5},1.0
7808,public law,"0584-AC40,0584-AC51,0584-AC77,0584-AC93,0584-AD13,0584-AD37,0584-AD47,0648-AG77,0648-AG78,0648-AG80,0750-AD27,0991-AA87,0991-AA90,0991-AA95,1004-AC39,1115-AF41,1115-AF76,1140-AA06,1140-AA07,1140-AA08,1140-AA10,1512-AB35,1512-AB61,1512-AB63,1512-AB65,1512-AB71,1512-AB73,1512-AB74,1512-AB75,1512-AB78,1512-AB81,1512-AB83,1512-AB92,1512-AB93,1512-AC07,1512-AC35,1512-AC55,1512-AC67,1513-AA05,1615-AA35,2577-AC35,2700-AC14,2700-AC44,2900-AG14,2900-AH85,2900-AI91,2900-AL23,2900-AO93,2900-AP29,3150-AF56,3245-AC09,9000-AI85","{1, 2, 5, 6, 8, 10, 13}",7,"{1, 2, 5, 6, 8, 10, 13}",7.0
7809,public meeting,"0938-AJ16,2105-AC42","{1, 3}",2,"{1, 3}",2.0
7810,public notice,"1018-AH99,2050-AG76,3060-AK68","{11, 5}",2,"{11, 5}",2.0
7811,public notification,"2060-AO49,3072-AC56","{3, 5}",2,"{3, 5}",2.0
7812,public nudity,"1024-AC66,1024-AC73",{5},1,{5},1.0
7813,public offering,3235-AJ75,{8},1,{8},1.0
7814,public or private property,0648-AH19,{5},1,{5},1.0
7815,public organization,3136-AA31,{10},1,,0.0
7816,public park,"2125-AE64,2132-AA43",{3},1,{3},1.0
7817,public participation,"0503-AA51,0790-AG14,1004-AD27,2127-AH29,2140-AA72,2140-AA80","{9, 2, 3, 5}",4,"{9, 2, 3, 5}",4.0
7818,public private partnership,2577-AB54,{13},1,{13},1.0
7819,public records,"3150-AG07,3150-AH12,3150-AI87",{6},1,,0.0
7820,public release,3170-AA85,{7},1,{7},1.0
7821,public reporting,3038-AB40,{7},1,{7},1.0
7822,public right,3014-AA26,{3},1,,0.0
7823,public roundtable,0651-AB20,{8},1,{8},1.0
7824,public safety,1110-AA27,{12},1,{12},1.0
7825,public school,1076-AD69,,0,,0.0
7826,public shell company,3235-AH88,{8},1,{8},1.0
7827,public space,"3095-AB33,3095-AB77",{10},1,{10},1.0
7828,public transportation system,2132-AA89,{3},1,{3},1.0
7829,public unit,3133-AF00,{7},1,{7},1.0
7830,public use,"0710-AA45,0710-AA90,1018-AT21,1018-AW15,1018-BC74,1024-AD64,3095-AB17","{10, 5}",2,"{10, 5}",2.0
7831,public utility,"1902-AB34,1902-AB35,1902-AB54,1902-AB56,1902-AB65,1902-AB65,1902-AB92,1902-AC29,1902-AC51,1902-AC64,1902-AC68,1902-AC75,1902-AD21,1902-AD31,1902-AD59,1902-AD62,1902-AD79,1902-AD94,1902-AE50,1902-AE76,1902-AE82,1902-AE85,1902-AF08,1902-AF23,1902-AF55,1902-AF56,1902-AF65,3235-AF49,3235-AG45","{8, 6}",2,"{8, 6}",2.0
7832,public voucher,3090-AI14,,0,,0.0
7833,public water system,"2040-AD75,2040-AD80,2040-AF10,2040-AF49,2040-AF89",{5},1,{5},1.0
7834,publication requirement,"1660-AA92,2140-AB35","{2, 3}",2,"{2, 3}",2.0
7835,publicly own treatment work,"2060-AF26,2060-AJ66,2060-AS85",{5},1,{5},1.0
7836,publicly trade partnership,1545-BG56,{7},1,{7},1.0
7837,pulp and paper industry,2060-AQ41,{5},1,{5},1.0
7838,pump motor,"1904-AE20,1904-AE38",{6},1,{6},1.0
7839,purchase card,"0750-AC72,0750-AD16",{2},1,{2},1.0
7840,purchase goal,2501-AC60,{13},1,{13},1.0
7841,purchase order,9000-AK46,,0,,0.0
7842,purchase price,1545-AF29,{7},1,{7},1.0
7843,purse seine,"0648-AT33,0648-BE21,0648-BF76,0648-BH77",{5},1,{5},1.0
7844,qualification requirement,"0750-AA60,0750-AD39,0938-AK83,1557-AB54,3064-AB85,3206-AH85,3206-AL15","{1, 2, 7}",3,"{1, 2, 7}",3.0
7845,qualification standard,0790-AI78,{2},1,{2},1.0
7846,qualified applicant,"1400-AD09,3150-AE64","{14, 6}",2,"{14, 6}",2.0
7847,qualified default investment alternative,1210-AB77,{4},1,{4},1.0
7848,qualified domestic relation order,1210-AA19,{4},1,{4},1.0
7849,qualified entity,0938-AS66,{1},1,{1},1.0
7850,qualified financial contract,"1505-AC46,1557-AE05,3064-AD30,3064-AE46,3064-AE54,7100-AE52",{7},1,{7},1.0
7851,qualified health,0938-AQ67,{1},1,{1},1.0
7852,qualified individual,"0938-AI39,0938-AJ72,0938-AK91",{1},1,{1},1.0
7853,qualified intermediary,1545-AY92,{7},1,{7},1.0
7854,qualified investment,3245-AF86,{8},1,{8},1.0
7855,qualified mortgage,0575-AD00,{9},1,,0.0
7856,qualified organization,0960-AF66,{13},1,{13},1.0
7857,qualified plan,"1545-AN16,1545-AV82,1545-BB99,1545-BC00,1545-BF74,1545-BG12",{7},1,{7},1.0
7858,qualified practitioner,0938-AR84,{1},1,{1},1.0
7859,qualified purchaser,"3235-AH15,3235-AI25",{8},1,{8},1.0
7860,qualified residence interest,1545-AL67,{7},1,{7},1.0
7861,qualified retirement plan,"1545-AX34,1545-BB58,1545-BB59,1545-BC20",{7},1,{7},1.0
7862,qualified speech pathologist,0938-AM26,{1},1,{1},1.0
7863,qualified supplier,0938-AR84,{1},1,{1},1.0
7864,qualified thrift lender test,3069-AA60,{7},1,{7},1.0
7865,qualified trust,3209-AA00,,0,,0.0
7866,qualified worker,"1215-AA95,1215-AB69,1235-AA02,1991-AC03,9000-AH62,9000-AI38,9000-AJ13,9000-AM21","{4, 6}",2,"{4, 6}",2.0
7867,qualify facility,1902-AB00,{6},1,{6},1.0
7868,qualify individual,"0938-AJ28,0938-AL79,0938-AO04,0938-AO31,0938-AP23,0938-AP38,0938-AP90,0938-AQ42,0938-AR78,3072-AC12","{1, 3}",2,"{1, 3}",2.0
7869,quality assessment,0938-AQ10,{1},1,{1},1.0
7870,quality assurance,"0563-AB88,0750-AA56,0750-AC05,0750-AE85,0750-AH95,2700-AB97","{9, 2, 10}",3,"{9, 2, 10}",3.0
7871,quality control,0750-AE51,{2},1,,0.0
7872,quality enhancement,0651-AB50,{8},1,{8},1.0
7873,quality factor,"0910-AA04,0910-AD81,0910-AF27",{1},1,{1},1.0
7874,quality improvement organization,"0938-AK68,0938-AN73",{1},1,{1},1.0
7875,quality review,0960-AE53,{13},1,{13},1.0
7876,quality standard,"0910-AE04,0910-AE05,0910-AE06,0910-AE30,0910-AE31,0910-AE34,0938-AO09,0938-AS00,0970-AB55,1240-AA12","{1, 4}",2,"{1, 4}",2.0
7877,quality system,"0938-AK24,2030-AA51,2120-AI53","{1, 3, 5}",3,"{1, 3, 5}",3.0
7878,quantity limitation,2137-AA85,{3},1,{3},1.0
7879,quarantine restriction,0579-AC42,{1},1,{1},1.0
7880,quarantined area,"0579-AC38,0579-AC81,0579-AC96,0579-AE53",{1},1,{1},1.0
7881,quarterly financial reporting,1902-AC43,{6},1,{6},1.0
7882,quarterly report,"3052-AB62,3235-AM40","{8, 7}",2,"{8, 7}",2.0
7883,quarterly reporting,"0750-AI47,2700-AC80,3064-AD18,3235-AG47","{8, 2, 10, 7}",4,"{8, 2, 10, 7}",4.0
7884,quarterly survey,"0691-AA49,0691-AA50,0691-AA53,0691-AA61,0691-AA62,0691-AA70",{8},1,{8},1.0
7885,queen conch,0648-AX92,{5},1,{5},1.0
7886,quota share,0648-AX91,{5},1,{5},1.0
7887,quote rule,3235-AG66,{8},1,{8},1.0
7888,radar service,3060-AK82,{11},1,{11},1.0
7889,radar system,"3060-AJ68,3060-AK29",{11},1,{11},1.0
7890,radiation dose,0920-AA05,{1},1,{1},1.0
7891,radiation emit electronic product,0910-AH65,{1},1,{1},1.0
7892,radiation exposure,3150-AH07,{6},1,{6},1.0
7893,radiation protection,"1901-AA38,3150-AJ29",{6},1,{6},1.0
7894,radiation source,"0702-AA31,0702-AA58",{2},1,{2},1.0
7895,radio advertisement,0910-AG27,{1},1,{1},1.0
7896,radio communication,"3207-AA26,3207-AA34",{3},1,{3},1.0
7897,radio frequency equipment,3060-AK10,{11},1,{11},1.0
7898,radio frequency identification,"0750-AE55,0750-AF31",{2},1,{2},1.0
7899,radioactive drug,"0910-AB00,3150-AF70","{1, 6}",2,"{1, 6}",2.0
7900,radioactive effluent,3150-AJ38,{6},1,{6},1.0
7901,radioactive material,"3150-AE41,3150-AF31,3150-AI56",{6},1,{6},1.0
7902,radioactive waste,3150-AD36,{6},1,{6},1.0
7903,radiography equipment,3150-AF28,{6},1,{6},1.0
7904,radiological attack,"0750-AG19,9000-AJ54",{2},1,{2},1.0
7905,radiological health,0910-AH37,{1},1,{1},1.0
7906,rail car,2137-AD19,{3},1,{3},1.0
7907,rail line,"2140-AA10,2140-AA17,2140-AA42",{3},1,{3},1.0
7908,rail operation,"2130-AB17,2130-AB18",{3},1,{3},1.0
7909,rail passenger service,2130-AA96,{3},1,{3},1.0
7910,rail rate,2140-AA78,{3},1,{3},1.0
7911,rail safety technology,2130-AC07,{3},1,{3},1.0
7912,rail tank car,2137-AF17,{3},1,{3},1.0
7913,rail transit system,2132-AA73,{3},1,{3},1.0
7914,rail transportation,"1652-AA21,2140-AA17,2140-AB16","{2, 3}",2,"{2, 3}",2.0
7915,rail vehicle,3014-AA42,{3},1,{3},1.0
7916,railroad accident,"3147-AA11,3147-AA12",{3},1,{3},1.0
7917,railroad bridge,2130-AA99,{3},1,{3},1.0
7918,railroad carrier,1652-AA16,{2},1,{2},1.0
7919,railroad consolidation,2140-AA50,{3},1,{3},1.0
7920,railroad contract,"2140-AA19,2140-AA30",{3},1,{3},1.0
7921,railroad employee,2130-AC06,{3},1,{3},1.0
7922,railroad operating rule,2130-AB76,{3},1,{3},1.0
7923,railroad operation,2130-AB40,{3},1,{3},1.0
7924,railroad rate,"2140-AA06,3120-AC01",{3},1,{3},1.0
7925,railroad retirement board,"3220-AB49,3220-AB73",{13},1,{13},1.0
7926,railroad right,2140-AB04,{3},1,{3},1.0
7927,raleigh durham,2120-AF20,{3},1,{3},1.0
7928,randolph sheppard,0750-AC93,{2},1,{2},1.0
7929,random drug,2130-AB31,{3},1,{3},1.0
7930,random testing,2130-AB39,{3},1,{3},1.0
7931,range management,0596-AD19,{5},1,{5},1.0
7932,range regulation,1076-AD04,,0,,0.0
7933,rapeseed oil,0910-AH28,{1},1,{1},1.0
7934,rapid transition,"2506-AC26,2506-AC29,2506-AC31,2506-AC32,2506-AC33,2506-AC37,2506-AC47,2506-AC51",{13},1,{13},1.0
7935,rate ceiling,3133-AE94,{7},1,{7},1.0
7936,rate change,"0583-AD40,1902-AF50,3206-AK67","{1, 6}",2,"{1, 6}",2.0
7937,rate guideline,"2140-AA01,3120-AB41",{3},1,{3},1.0
7938,rate incentive,3211-AA09,{11},1,{11},1.0
7939,rate increase,"2900-AI90,2900-AJ87",{13},1,,0.0
7940,rate order,0694-AD35,{8},1,{8},1.0
7941,rate purpose,1902-AF22,{6},1,{6},1.0
7942,rate reduction,3211-AA09,{11},1,{11},1.0
7943,rate regulation,"1902-AD03,3211-AA02","{11, 6}",2,"{11, 6}",2.0
7944,rate relief,2140-AB37,{3},1,{3},1.0
7945,rate review,"0938-AQ68,0938-AR40,0950-AA03",{1},1,{1},1.0
7946,rate revision,0579-AB05,{1},1,{1},1.0
7947,rate setting,3206-AN00,,0,,0.0
7948,ratemake procedure,0790-AJ08,{2},1,{2},1.0
7949,ratio disclosure,3235-AL47,{8},1,{8},1.0
7950,raw agricultural commodity,2070-AC54,{5},1,{5},1.0
7951,raw meat and poultry product,"0583-AC26,0583-AD43",{1},1,{1},1.0
7952,raw poultry product,"0583-AB86,0583-AC24",{1},1,{1},1.0
7953,rcra regulation,2003-AA00,{5},1,{5},1.0
7954,rd regulation,0570-AA91,{9},1,{9},1.0
7955,re certification,2060-AE30,{5},1,{5},1.0
7956,re evaluation,1018-AU43,{5},1,{5},1.0
7957,re export,"0607-AA39,0648-AX80,1400-AE76","{8, 5, 14}",3,"{8, 5, 14}",3.0
7958,re exporter,0694-AC89,{8},1,{8},1.0
7959,re registration,"1615-AB31,2120-AI89","{2, 3}",2,"{2, 3}",2.0
7960,re sale,2502-AI99,{13},1,{13},1.0
7961,re use,1515-AD01,{2},1,{2},1.0
7962,re write,1530-AA17,{7},1,{7},1.0
7963,readiness report,1557-AB68,{7},1,{7},1.0
7964,ready reserve,"0790-AG19,0790-AG57,0790-AI17",{2},1,{2},1.0
7965,ready to eat meat and poultry product,0583-AD53,{1},1,{1},1.0
7966,real estate,"0560-AF53,0691-AA46,0702-AA93,3245-AG28,3245-AG90","{8, 9, 2}",3,"{8, 9, 2}",3.0
7967,real property,"1018-BC73,1545-AL20,1545-AT66,1557-AE41,1901-AA82,2125-AC17,2125-AD87,3064-AE87,3090-AF34,3090-AG27,3090-AG39,3090-AG53,3090-AG70,3090-AH01,3090-AI96","{3, 5, 6, 7}",4,"{3, 5, 6, 7}",4.0
7968,real time public reporting,3038-AD08,{7},1,{7},1.0
7969,rear face child seat,2127-AG82,{3},1,{3},1.0
7970,rear impact guard,"2125-AE15,2126-AC31,2127-AI04,2127-AI15",{3},1,{3},1.0
7971,rear visibility,"2127-AL67,2127-AL75",{3},1,{3},1.0
7972,rearview mirror,2127-AK43,{3},1,{3},1.0
7973,reasonable accommodation language,3206-AJ11,,0,,0.0
7974,reasonable and prudent alternative,0648-AO82,{5},1,{5},1.0
7975,reasonable attorney fee,3206-AN83,,0,,0.0
7976,reasonable basis,"1545-AT88,1545-AU38",{7},1,{7},1.0
7977,reasonable cause,1545-AT13,{7},1,{7},1.0
7978,reasonable charge,"0720-AA67,0720-AB68,2900-AK39,2900-AK73,2900-AL05,2900-AL06,2900-AL57,2900-AM35","{1, 13}",2,"{1, 13}",2.0
7979,reasonable contract,1210-AB54,{4},1,{4},1.0
7980,reasonable cost,"0790-AG24,0790-AG38,0790-AG50,0790-AG51,0938-AH49","{1, 2}",2,"{1, 2}",2.0
7981,reasonable factor,"3046-AA76,3046-AA87",{4},1,{4},1.0
7982,reasonable fear,1615-AC42,{2},1,{2},1.0
7983,reasonable good faith interpretation,1545-BH53,{7},1,{7},1.0
7984,reasonable modification,2105-AE15,{3},1,{3},1.0
7985,reasonable possibility,"2060-AN88,2060-AP71",{5},1,{5},1.0
7986,reasonably adequate service,0572-AB56,{9},1,{9},1.0
7987,rebate agreement,0991-AA80,{1},1,{1},1.0
7988,rebuild schedule,0648-AJ64,{5},1,{5},1.0
7989,rebuilding plan,"0648-AO31,0648-BI04,0648-BJ05",{5},1,{5},1.0
7990,rebuttal brief,0625-AB05,{8},1,{8},1.0
7991,recall airbag,2050-AH02,{5},1,{5},1.0
7992,recall notice,3041-AC54,{1},1,{1},1.0
7993,recall tire,2127-AI29,{3},1,{3},1.0
7994,recent modification,1545-BO52,{7},1,{7},1.0
7995,reciprocal agreement,"1510-AB09,1510-AB23",{7},1,{7},1.0
7996,reciprocal switching,2140-AB32,{3},1,{3},1.0
7997,reclamation facility,"1006-AA42,1006-AA45,1006-AA55",{5},1,{5},1.0
7998,recognition award,2040-AD44,{5},1,{5},1.0
7999,reconsideration request,3220-AB58,{13},1,{13},1.0
8000,record date,"1545-AU95,3235-AH38","{8, 7}",2,"{8, 7}",2.0
8001,record disclosure,"3245-AE94,3245-AF20,3245-AG52",{8},1,{8},1.0
8002,record exemption,0970-AC52,{1},1,{1},1.0
8003,record keeping requirement,"0910-AH45,0910-AH74",{1},1,{1},1.0
8004,record maintenance,1545-AP10,{7},1,{7},1.0
8005,record regulation,1902-AB34,{6},1,{6},1.0
8006,record request,"1902-AC27,1902-AC54",{6},1,,0.0
8007,record requirement,"1117-AB14,1218-AC80,1400-AC84,3235-AE94","{8, 1, 4, 14}",4,"{8, 1, 4, 14}",4.0
8008,record retention,"1004-AD71,1505-AC12,1515-AD66,1840-AC39,2127-AG15,2127-AI31,2127-AI59,2127-AI60,2550-AA34,2590-AA10,9000-AF99","{3, 5, 7, 8, 10, 13}",6,"{3, 5, 7, 8, 10, 13}",6.0
8009,record telephone conversation,0960-AE66,{13},1,{13},1.0
8010,record update,1901-AA69,{6},1,{6},1.0
8011,recordkeepe rule,"2020-AA41,2025-AA07",{5},1,{5},1.0
8012,recordkeeping requirement,"0579-AB84,0583-AD34,0648-AE01,0694-AG30,0910-AF48,0910-AH44,0938-AN01,0938-AN55,1515-AB77,1550-AC13,1557-AB93,1557-AD50,3064-AD30,3064-AE54,3150-AF17,3235-AH74,3235-AI88,7100-AC03,7100-AC10,7100-AD91","{1, 2, 5, 6, 7, 8}",6,"{1, 2, 5, 6, 7, 8}",6.0
8013,recordkeeping rule,1505-AA70,{7},1,{7},1.0
8014,records management,"3095-AB05,3095-AB39,3095-AB41,3095-AC01",{10},1,{10},1.0
8015,recourse liability,"1545-BM83,1545-BM84",{7},1,{7},1.0
8016,recover oil,2050-AE31,{5},1,{5},1.0
8017,recovery act,9000-AM77,,0,,0.0
8018,recovery planning,"1557-AD96,1557-AE51",{7},1,{7},1.0
8019,recovery project,3135-AA23,{10},1,,0.0
8020,recreation act,1004-AE66,{5},1,{5},1.0
8021,recreation area,2125-AF14,{3},1,{3},1.0
8022,recreation facility,"1190-AA47,3014-AA16","{3, 13}",2,"{3, 13}",2.0
8023,recreation fee,0596-AD09,{5},1,{5},1.0
8024,recreation management,1004-AC50,{5},1,{5},1.0
8025,recreation program,"1004-AC51,1004-AD66",{5},1,{5},1.0
8026,recreational bag limit,0648-BC98,{5},1,{5},1.0
8027,recreational boat,"1625-AC41,2040-AF03,2115-AE37","{2, 5}",2,"{2, 5}",2.0
8028,recreational boater,2115-AE58,{2},1,{2},1.0
8029,recreational fishery,0648-AR47,{5},1,{5},1.0
8030,recreational harvest,0648-BA02,{5},1,{5},1.0
8031,recreational off road vehicle,3041-AC78,{1},1,{1},1.0
8032,recreational opportunity,1902-AF51,{6},1,{6},1.0
8033,recreational season,0648-BF70,{5},1,{5},1.0
8034,recreational sector,"0648-BB90,0648-BE18",{5},1,{5},1.0
8035,recreational service,9000-AN85,,0,,0.0
8036,recreational use,1024-AD74,{5},1,{5},1.0
8037,recreational vehicle,2502-AJ33,{13},1,{13},1.0
8038,recreational vessel,"1215-AB73,1240-AA02,1625-AA40,1625-AA62,1625-AB34,1625-AC26,2115-AF70,2115-AF87,2115-AG04,2115-AG32","{2, 4}",2,"{2, 4}",2.0
8039,recreational water,2040-AE77,{5},1,{5},1.0
8040,recruitment fee,9000-AN02,,0,,0.0
8041,recyclable commodity,"2140-AA06,3120-AC01",{3},1,{3},1.0
8042,recyclable waste,2050-AD87,{5},1,{5},1.0
8043,recycled oil,"3084-AA64,3084-AB06,3084-AB48",{8},1,{8},1.0
8044,recycled product,9000-AI49,,0,,0.0
8045,recycling requirement,2050-AG34,{5},1,{5},1.0
8046,recycling standard,2060-AF36,{5},1,{5},1.0
8047,red grouper,"0648-AF78,0648-AP95,0648-BA04,0648-BB22",{5},1,{5},1.0
8048,red hake,0648-AQ89,{5},1,{5},1.0
8049,red lake indian reservation,1076-AC75,,0,,0.0
8050,red phosphorus,1117-AA57,{1},1,{1},1.0
8051,red snapper,"0648-AK97,0648-AY57,0648-BA54,0648-BB12,0648-BB91,0648-BC32,0648-BE44,0648-BH10,0648-BI39",{5},1,{5},1.0
8052,red wolf,"1018-AC03,1018-AH43,1018-BB98",{5},1,{5},1.0
8053,redress service,1652-AA61,{2},1,{2},1.0
8054,reduce fee,0651-AB88,{8},1,{8},1.0
8055,reduce price,0584-AC89,{1},1,,0.0
8056,reduce reporting,"1557-AE39,7100-AF12",{7},1,{7},1.0
8057,reduction plan,"0648-AL70,0648-AM10,0648-AN88,0648-AO60,0648-AR02,0648-AR39,0648-AU23,0648-AV65,0648-AW68,0648-BA30,0648-BA34,0648-BB37,0648-BC90,0648-BE57,0648-BE83,0648-BF90",{5},1,{5},1.0
8058,reduction program,2060-AF48,{5},1,{5},1.0
8059,redundant regulation,"2700-AE11,2900-AN71","{10, 13}",2,"{10, 13}",2.0
8060,redundant reporting requirement,"0694-AD48,0694-AF08",{8},1,{8},1.0
8061,redundant requirement,0648-AY84,{5},1,{5},1.0
8062,reef fish,"0648-AX92,0648-BC96,0648-BD36,0648-BI84",{5},1,{5},1.0
8063,reemployment right,"0790-AG52,0790-AJ00,2133-AB28,3206-AI19","{2, 3}",2,"{2, 3}",2.0
8064,reference amount,0910-AG82,{1},1,{1},1.0
8065,reference daily intake,"0583-AC15,0910-AE07",{1},1,{1},1.0
8066,referendum procedure,"0581-AC78,0581-AD55,0648-AR48,0648-AW85","{9, 5}",2,"{9, 5}",2.0
8067,reflective device,"2126-AB07,2127-AB76,2127-AH81,2127-AJ75,2127-AK99,2127-AL00,2127-AL27,2127-AL28,2127-AL83",{3},1,{3},1.0
8068,reform provision,0584-AE64,{1},1,{1},1.0
8069,reformulate gas,2060-AH48,{5},1,{5},1.0
8070,reformulate gasoline,"2060-AG17,2060-AG77,2060-AG82,2060-AK04,2060-AK07,2060-AN63,2060-AS19",{5},1,{5},1.0
8071,refrigeration and air conditioning equipment,2060-AM05,{5},1,{5},1.0
8072,refrigeration equipment,1904-AD12,{6},1,{6},1.0
8073,refrigeration requirement,"0581-AB60,0910-AB30","{9, 1}",2,"{9, 1}",2.0
8074,refrigerator freezer,"1904-AA47,1904-AA93,1904-AB12,1904-AB79,1904-AC76,1904-AD80,1904-AD84",{6},1,{6},1.0
8075,refuge system,1018-AZ89,{5},1,{5},1.0
8076,refugee admission,"1115-AF84,1125-AA48,1615-AA37",{2},1,{2},1.0
8077,refugee status,"1115-AE30,1115-AF49,1615-AA24",{2},1,{2},1.0
8078,refund anticipation loan,1545-BH12,{7},1,{7},1.0
8079,refund provision,0651-AB79,{8},1,{8},1.0
8080,refund regulation,"1545-AU98,1545-AW89",{7},1,{7},1.0
8081,regional equity,0578-AA44,{5},1,{5},1.0
8082,regional fishery management council,"0648-AJ82,0648-AJ95",{5},1,{5},1.0
8083,regional haze regulation,"2060-AF34,2060-AN22",{5},1,{5},1.0
8084,regional haze rule,2060-AJ50,{5},1,{5},1.0
8085,regional office,"1018-AY13,1120-AA82,1120-AB36","{12, 5}",2,"{12, 5}",2.0
8086,regional significance,2125-AF08,{3},1,{3},1.0
8087,regional stability,0694-AE04,{8},1,{8},1.0
8088,regional transmission organization,"1902-AB77,1902-AE43,1902-AF10,1902-AF12,1902-AF18,1902-AF31,1902-AF32,1902-AF37,3038-AD97,3235-AI27","{8, 6, 7}",3,"{8, 6, 7}",3.0
8089,regional transport,"2060-AH10,2060-AH87,2060-AH91,2060-AI71",{5},1,{5},1.0
8090,regional variation,0938-AI30,{1},1,{1},1.0
8091,register broker dealer,3235-AH61,{8},1,{8},1.0
8092,register contractor,3205-AA25,{7},1,{7},1.0
8093,register entity,"3038-AC39,3038-AC62,3038-AE63",{7},1,{7},1.0
8094,register form,1545-BN60,{7},1,{7},1.0
8095,register hold company,3235-AI59,{8},1,{8},1.0
8096,register importer,"2127-AH67,2127-AI18,2127-AJ63,2127-AK32,2127-AL43",{3},1,{3},1.0
8097,register investment company,"3038-AD75,3235-AF93,3235-AG27,3235-AG54,3235-AH93,3235-AK05,3235-AL60","{8, 7}",2,"{8, 7}",2.0
8098,register nurse,"1205-AB27,1205-AB52,1205-AB67",{4},1,{4},1.0
8099,register nursing,1205-AB58,{4},1,{4},1.0
8100,register public utility hold company,"3235-AF49,3235-AG45,3235-AG46",{8},1,{8},1.0
8101,register traveler,1652-AA47,{2},1,{2},1.0
8102,registration fee,"1400-AC74,1400-AD00,2137-AD53,2137-AE95,3090-AI23,3235-AC25,3235-AG73","{8, 3, 14}",3,"{8, 3, 14}",3.0
8103,registration form,"3235-AD44,3235-AE46,3235-AI84",{8},1,{8},1.0
8104,registration mark,2120-AJ02,{3},1,{3},1.0
8105,registration option,0581-AD33,{9},1,{9},1.0
8106,registration policy,1653-AA29,{2},1,{2},1.0
8107,registration process,0412-AA91,{14},1,,0.0
8108,registration requirement,"0910-AC17,1105-AB52,1115-AG74,1117-AA89,1117-AB09,1117-AB21,1117-AB43,1506-AA09,1506-AA98,1506-AB00,1506-AB31,1615-AB71,1615-AC36,2070-AD14,2137-AD74,3235-AI55,3235-AI83,3235-AJ21","{1, 2, 3, 5, 7, 8, 12}",7,"{1, 2, 3, 5, 7, 8, 12}",7.0
8109,registration statement,3235-AA47,{8},1,{8},1.0
8110,regular interest,"1545-AU00,1545-BB94",{7},1,{7},1.0
8111,regular route,2126-AB16,{3},1,{3},1.0
8112,regulate investment company,"1545-BH59,1545-BI84",{7},1,{7},1.0
8113,regulate money market fund,3235-AH12,{8},1,{8},1.0
8114,regulate use,"1512-AB50,1512-AB50",{1},1,,0.0
8115,regulated area,"0579-AB14,0579-AB65,0579-AE30",{1},1,{1},1.0
8116,regulated article,"0579-AB55,0579-AE53",{1},1,{1},1.0
8117,regulated entity,"2590-AA00,2590-AA10,2590-AA59,2590-AB05,3038-AD13",{7},1,{7},1.0
8118,regulated establishment,0579-AE30,{1},1,{1},1.0
8119,regulated gas,2137-AC53,{3},1,{3},1.0
8120,regulated investment company,"1545-AW92,1545-BA21,1545-BE09,1545-BH78,1545-BH79,1545-BN06,1545-BN39,1545-BO19",{7},1,{7},1.0
8121,regulated navigation area,"1625-AA11,2115-AE06,2115-AE79,2115-AE81,2115-AE84",{2},1,{2},1.0
8122,regulated substance,"2050-AE35,2050-AE70,2050-AE72,2050-AE74",{5},1,{5},1.0
8123,regulated transaction,2133-AB48,{3},1,{3},1.0
8124,regulation aa,"7100-AD20,7100-AD40,7100-AE19",{7},1,{7},1.0
8125,regulation amendment,"1018-AG44,2070-AJ24",{5},1,{5},1.0
8126,regulation automate trading,3038-AD52,{7},1,{7},1.0
8127,regulation b,"3170-AA09,3170-AA26,3170-AA37,3170-AA65,3235-AJ28,7100-AD13,7100-AD67,7100-AD78","{8, 7}",2,"{8, 7}",2.0
8128,regulation c,"3170-AA10,3170-AA64,3170-AA65,3170-AA76,3170-AA81,3170-AA97,7100-AD25,7100-AD51,7100-AE46,7100-AE91",{7},1,{7},1.0
8129,regulation cc,"3170-AA31,7100-AD68,7100-AE78,7100-AF14",{7},1,{7},1.0
8130,regulation change,"1545-AV57,2060-AS20","{5, 7}",2,"{5, 7}",2.0
8131,regulation d,"3170-AA04,3235-AH35,3235-AJ88,3235-AK52,3235-AL46,7100-AD04,7100-AD19,7100-AD48,7100-AD57,7100-AD72,7100-AD83,7100-AD85,7100-AD93,7100-AE04,7100-AE23,7100-AE31,7100-AE38,7100-AE41,7100-AE63,7100-AE67,7100-AE77,7100-AE80,7100-AE94,7100-AF01,7100-AF07,7100-AF18,7100-AF19,7100-AF35,7100-AF40,7100-AF50","{8, 7}",2,"{8, 7}",2.0
8132,regulation e,"3170-AA15,3170-AA22,3170-AA23,3170-AA33,3170-AA36,3170-AA45,3170-AA69,3170-AA72,3235-AJ81","{8, 7}",2,"{8, 7}",2.0
8133,regulation generic,0648-AD11,{5},1,{5},1.0
8134,regulation good interest,3235-AM35,{8},1,{8},1.0
8135,regulation h,"7100-AC69,7100-AC73,7100-AC88,7100-AD07,7100-AD23,7100-AD29,7100-AD30,7100-AD32,7100-AD41,7100-AD53,7100-AD61,7100-AD62,7100-AD87,7100-AD88,7100-AD89,7100-AD98,7100-AD99,7100-AE00,7100-AE15,7100-AE17,7100-AE21,7100-AE22,7100-AE60,7100-AF03,7100-AF16",{7},1,{7},1.0
8136,regulation implement clia,0938-AE47,{1},1,{1},1.0
8137,regulation j,"7100-AD84,7100-AE06,7100-AE98",{7},1,{7},1.0
8138,regulation k,7100-AE82,{7},1,{7},1.0
8139,regulation m,"3170-AA66,3170-AA89,3235-AF54,3235-AJ37,7100-AD11,7100-AD60,7100-AE05,7100-AE35,7100-AE56,7100-AE86,7100-AE92,7100-AF24","{8, 7}",2,"{8, 7}",2.0
8140,regulation nms,"3235-AJ18,3235-AK40,3235-AK62",{8},1,{8},1.0
8141,regulation p,"3170-AA39,3170-AA60,7100-AE13",{7},1,{7},1.0
8142,regulation policy,"0910-AA18,2900-AM66,2900-AN09,2900-AP47","{1, 13}",2,"{1, 13}",2.0
8143,regulation q,"7100-AE16,7100-AE24,7100-AE26,7100-AE27,7100-AE28,7100-AE29,7100-AE43,7100-AE44,7100-AE49,7100-AE74,7100-AE83,7100-AE89,7100-AE97,7100-AF04,7100-AF05,7100-AF13,7100-AF15,7100-AF29,7100-AF43",{7},1,{7},1.0
8144,regulation r,7100-AD05,{7},1,{7},1.0
8145,regulation reform,2900-AI01,{13},1,,0.0
8146,regulation restructure,0584-AD48,{1},1,{1},1.0
8147,regulation review,"0580-AA49,1557-AA67,1557-AB12,1557-AB26,1557-AB27,1557-AB38,1557-AB40,1557-AB42,1557-AB43,1557-AB46,1557-AB47,1557-AB48,1557-AB49,3052-AB61","{1, 7}",2,"{1, 7}",2.0
8148,regulation revision,0648-AW22,{5},1,{5},1.0
8149,regulation rr,7100-AD70,{7},1,{7},1.0
8150,regulation s,"3235-AG34,7100-AD03,7100-AD91","{8, 7}",2,"{8, 7}",2.0
8151,regulation sbsr,"3235-AK80,3235-AL71",{8},1,{8},1.0
8152,regulation sho,3235-AJ76,{8},1,{8},1.0
8153,regulation system compliance,3235-AL43,{8},1,{8},1.0
8154,regulation v,"3170-AA82,7100-AC68,7100-AC95,7100-AD14,7100-AD18,7100-AD22,7100-AD66,7100-AE14",{7},1,{7},1.0
8155,regulation x,"2502-AG69,2502-AG85,3170-AA14,3170-AA19,3170-AA43,3170-AA49,3170-AA74,3170-AA77","{13, 7}",2,"{13, 7}",2.0
8156,regulation y,"7100-AC66,7100-AC78,7100-AC81,7100-AC88,7100-AD28,7100-AD58,7100-AD64,7100-AD73,7100-AD77,7100-AE01,7100-AE20,7100-AE33,7100-AE59,7100-AE62,7100-AF41,7100-AF49",{7},1,{7},1.0
8157,regulation z,"3170-AA13,3170-AA14,3170-AA16,3170-AA17,3170-AA18,3170-AA19,3170-AA21,3170-AA22,3170-AA32,3170-AA34,3170-AA49,3170-AA50,3170-AA59,3170-AA61,3170-AA67,3170-AA69,3170-AA70,3170-AA71,3170-AA72,3170-AA74,3170-AA75,3170-AA98,7100-AC97,7100-AD08,7100-AD10,7100-AD17,7100-AD26,7100-AD33,7100-AD34,7100-AD36,7100-AD37,7100-AD38,7100-AD42,7100-AD46,7100-AD49,7100-AD54,7100-AD55,7100-AD56,7100-AD59,7100-AD65,7100-AD75,7100-AD90,7100-AE05,7100-AE36,7100-AE57,7100-AE88,7100-AF25",{7},1,{7},1.0
8158,regulations j,7100-AD00,{7},1,{7},1.0
8159,regulations q,"7100-AE30,7100-AE37,7100-AE52,7100-AE58,7100-AF02,7100-AF45",{7},1,{7},1.0
8160,regulatory adjustment,"0648-AG14,0648-AH77,0648-AJ66,0648-AO95,0648-AP23,0648-AP89",{5},1,{5},1.0
8161,regulatory advisory committee,1004-AD92,{5},1,{5},1.0
8162,regulatory amendment,"0570-AA84,0648-AE01,0648-AE78,0648-AF53,0648-AF57,0648-AF78,0648-AF90,0648-AG30,0648-AG31,0648-AG32,0648-AG45,0648-AG54,0648-AG81,0648-AG82,0648-AG85,0648-AG89,0648-AG93,0648-AG94,0648-AG95,0648-AG97,0648-AH02,0648-AH07,0648-AH21,0648-AH40,0648-AH44,0648-AH61,0648-AH84,0648-AI01,0648-AI13,0648-AI30,0648-AI31,0648-AI34,0648-AI39,0648-AI46,0648-AI54,0648-AI58,0648-AI59,0648-AI64,0648-AI65,0648-AI66,0648-AI68,0648-AI87,0648-AI92,0648-AI93,0648-AI96,0648-AI97,0648-AJ00,0648-AJ05,0648-AJ08,0648-AJ10,0648-AJ12,0648-AJ13,0648-AJ19,0648-AJ20,0648-AJ21,0648-AJ35,0648-AJ46,0648-AJ47,0648-AJ52,0648-AJ82,0648-AJ98,0648-AK06,0648-AK08,0648-AK09,0648-AK10,0648-AK16,0648-AK17,0648-AK19,0648-AK20,0648-AK27,0648-AK28,0648-AK32,0648-AK36,0648-AK38,0648-AK43,0648-AK69,0648-AK75,0648-AL12,0648-AL18,0648-AL21,0648-AL23,0648-AL26,0648-AL29,0648-AL41,0648-AL62,0648-AL65,0648-AL66,0648-AL68,0648-AL69,0648-AL71,0648-AL80,0648-AL88,0648-AL94,0648-AL97,0648-AM04,0648-AM44,0648-AM64,0648-AM66,0648-AM70,0648-AN21,0648-AN23,0648-AN27,0648-AN35,0648-AN57,0648-AN75,0648-AN84,0648-AN86,0648-AN94,0648-AN96,0648-AN98,0648-AO03,0648-AO35,0648-AO57,0648-AP04,0648-AP38,0648-AP39,0648-AP50,0648-AP65,0648-AQ07,0648-AQ20,0648-AQ36,0648-AR04,0648-AR08,0648-AR13,0648-AR64,0648-AR67,0648-AS29,0648-AT12,0648-AT92,0648-AU05,0648-AU15,0648-AV13,0648-AV79,0648-AW20,0648-AX01,0648-AX54,0648-AY01,0648-AY05,0648-AY09,0648-AY38,0648-AY45,0648-AY57,0648-AY85,0648-BA04,0648-BA37,0648-BB10,0648-BB22,0648-BB67,0648-BB91,0648-BB94,0648-BC03,0648-BC41,0648-BC50,0648-BC60,0648-BD03,0648-BD04,0648-BD07,0648-BD16,0648-BD78,0648-BD90,0648-BD91,0648-BE30,0648-BE34,0648-BE41,0648-BE76,0648-BF20,0648-BF52,0648-BF61,0648-BF83,0648-BG57,0648-BG70,0648-BG88,0648-BH01,0648-BH48,0648-BH70,0648-BH91,0648-BH94,0648-BI09,0648-BI33,0648-BI38,0648-BI81,2501-AD17","{9, 13, 5}",3,"{9, 13, 5}",3.0
8163,regulatory barrier,"2127-AM00,2127-AM05",{3},1,,0.0
8164,regulatory body,0750-AE64,{2},1,,0.0
8165,regulatory burden,"0648-BI20,1212-AB26,2137-AF30,2137-AF33,3038-AE28,3052-AB53,3052-AB85,3052-AB97,3052-AC15,3052-AC39,3052-AC88,3052-AD24","{13, 3, 5, 7}",4,"{13, 3, 5, 7}",4.0
8166,regulatory capital,"1550-AA71,1557-AD69,1557-AD73,1557-AD81,1557-AD88,3064-AD48,3064-AD95,3064-AE01,3064-AE12,3064-AE31,3064-AE96,3133-AE66,7100-AD87,7100-AE16,7100-AE97,7100-AF02,7100-AF03",{7},1,{7},1.0
8167,regulatory change,"0648-AP61,0648-AR13,1400-AD45,1400-AD82,1400-AD91,1512-AC56,1513-AA26,3150-AH38,3150-AI95","{1, 5, 14, 6}",4,"{1, 5, 14, 6}",4.0
8168,regulatory citation,"0648-AR71,1550-AA99,2900-AP95","{13, 5, 7}",3,"{13, 5, 7}",3.0
8169,regulatory classification,2050-AE65,{5},1,{5},1.0
8170,regulatory deadline,2060-AO26,{5},1,{5},1.0
8171,regulatory definition,"0648-BJ25,0710-AA64,1115-AE87,1651-AA07,2050-AG48,2060-AR65,2501-AC70","{2, 13, 5}",3,"{2, 13, 5}",3.0
8172,regulatory determination,"2040-AD61,2040-AE60,2040-AF93,2050-AD91,2050-AG56",{5},1,{5},1.0
8173,regulatory exception,1400-AD43,{14},1,,0.0
8174,regulatory fee,"3060-AF67,3060-AG05,3060-AG51,3060-AG66,3060-AG92,3060-AH38,3060-AH67,3060-AH85,3060-AI19,3060-AI45,3060-AI59,3060-AI79,3060-AI97,3060-AK53,3060-AK64",{11},1,,0.0
8175,regulatory finding,2060-AM96,{5},1,{5},1.0
8176,regulatory flexibility,"0584-AE61,0991-AB92,1550-AC32,3133-AD53","{1, 7}",2,"{1, 7}",2.0
8177,regulatory framework,"0648-AP26,0648-AX80,2070-AJ94",{5},1,,0.0
8178,regulatory halt,3038-AB86,{7},1,{7},1.0
8179,regulatory implementation,0584-AC49,{1},1,{1},1.0
8180,regulatory improvement,"3150-AH85,3150-AJ59,3245-AH22","{8, 6}",2,"{8, 6}",2.0
8181,regulatory incentive,"2090-AA13,2090-AA36",{5},1,{5},1.0
8182,regulatory investigation,"2070-AB14,2070-AC05,2070-AJ64",{5},1,,0.0
8183,regulatory jurisdiction,0583-AD28,{1},1,,0.0
8184,regulatory negotiation,2127-AF73,{3},1,{3},1.0
8185,regulatory option,"3041-AC30,3041-AC31,3041-AC41",{1},1,{1},1.0
8186,regulatory paperwork reduction act,"1550-AB05,1557-AD95,1557-AE10,3064-AE59,3064-AE66",{7},1,{7},1.0
8187,regulatory plan,2070-AD06,{5},1,,0.0
8188,regulatory policy,"2900-AL61,3060-AH48","{11, 13}",2,"{11, 13}",2.0
8189,regulatory procedure,"2040-AF52,2137-AE92","{3, 5}",2,"{3, 5}",2.0
8190,regulatory program,"0710-AA17,0710-AA30,0710-AA38,0710-AA40,0710-AA41,0710-AA43,0710-AA46,0710-AA51,0710-AA67,0710-AA75,0710-AA76,0938-AI70,0938-AJ73","{1, 5}",2,"{1, 5}",2.0
8191,regulatory provision,"0938-AQ96,0938-AR49,0938-AT23,0938-AT36,1615-AB54","{1, 2}",2,"{1, 2}",2.0
8192,regulatory publication,"3064-AC59,3133-AC78",{7},1,{7},1.0
8193,regulatory reduction,1991-AB18,{6},1,,0.0
8194,regulatory reference,"0648-AO00,1513-AC35,2137-AE41,2137-AE85","{1, 3, 5}",3,"{1, 3, 5}",3.0
8195,regulatory reform,"0584-AC48,1219-AB88","{1, 4}",2,"{1, 4}",2.0
8196,regulatory reinvention,1830-AA20,{10},1,{10},1.0
8197,regulatory relief,"1840-AC34,2070-AC67,2130-AB84,2577-AD09,2577-AD10,2577-AD11,3133-AE07,3170-AA81,3170-AA86,3235-AM31","{3, 5, 7, 8, 10, 13}",6,"{3, 5, 7, 8, 10, 13}",6.0
8198,regulatory removal,2125-AD72,{3},1,{3},1.0
8199,regulatory reorganization,"1510-AB31,3069-AB12",{7},1,{7},1.0
8200,regulatory reporting,3133-AE01,{7},1,{7},1.0
8201,regulatory requirement,"0648-BD12,0920-AA69,3206-AM24,3206-AM94","{1, 5}",2,"{1, 5}",2.0
8202,regulatory restructuring,0648-AU71,{5},1,{5},1.0
8203,regulatory review,"0583-AB89,0648-AV85,1550-AA85,1550-AA87,1550-AA88,1550-AA89,1550-AA90,1550-AA91,1550-AA92,2130-AB12,2133-AB90,2133-AB91,2137-AC25,2137-AC76,2140-AB25,3084-AA47,3084-AB53,3141-AA42,7100-AC09","{1, 3, 5, 7, 8}",5,"{1, 3, 5, 7, 8}",5.0
8204,regulatory revision,"2040-AB39,2040-AF15,2040-AF88,2502-AI95","{13, 5}",2,"{13, 5}",2.0
8205,regulatory science,2080-AA14,{5},1,{5},1.0
8206,regulatory sign,2125-AE66,{3},1,{3},1.0
8207,regulatory streamlining,"0560-AF60,3245-AG93","{8, 9}",2,"{8, 9}",2.0
8208,regulatory structure,3038-AD77,{7},1,,0.0
8209,regulatory system,1090-AB20,{5},1,,0.0
8210,regulatory term,0906-AA48,{1},1,{1},1.0
8211,regulatory text,"0648-BG63,3150-AG92,3150-AH11","{5, 6}",2,"{5, 6}",2.0
8212,regulatory treatment,"3060-AF49,3060-AF52,3060-AG37,3060-AG48",{11},1,,0.0
8213,regulatory update,"2127-AL45,3045-AA63","{3, 13}",2,"{3, 13}",2.0
8214,regulatory waiver,3069-AA59,{7},1,{7},1.0
8215,rehabilitation act,"0420-AA28,0960-AE63,1105-AB50,1190-AA60,1190-AA72,1190-AA73,1215-AA84,1291-AA31,1820-AB79,3046-AA91,3135-AA30","{4, 10, 12, 13, 14}",5,"{4, 10, 12, 13, 14}",5.0
8216,rehabilitation facility,0938-AJ25,{1},1,{1},1.0
8217,rehabilitation grant,2502-AH35,{13},1,{13},1.0
8218,rehabilitation permit,1018-AY35,{5},1,{5},1.0
8219,rehabilitation program,"2125-AE75,2900-AG00,2900-AL24,2900-AM56,2900-AN13","{3, 13}",2,"{3, 13}",2.0
8220,rehabilitation research,"0985-AA12,1820-AB75","{1, 10}",2,"{1, 10}",2.0
8221,rehabilitation service,"0938-AO81,2900-AJ04,2900-AK77","{1, 13}",2,"{1, 13}",2.0
8222,rehabilitation training,1820-AB61,{10},1,{10},1.0
8223,rehabilitative service,"1820-AB75,1820-AB76,1820-AB77,1820-AB79",{10},1,{10},1.0
8224,reid vapor pressure,"2060-AS58,2060-AS64,2060-AT32,2060-AT69",{5},1,{5},1.0
8225,reimbursement rate,"0917-AA15,0917-AA16",{1},1,{1},1.0
8226,reinsurance agreement,0563-AC06,{9},1,,0.0
8227,reject application,1115-AD49,{2},1,{2},1.0
8228,relate enforcement,2590-AA57,{7},1,{7},1.0
8229,relate regulatory change,2577-AC83,{13},1,{13},1.0
8230,relate rule,3235-AH44,{8},1,{8},1.0
8231,relate software,"0694-AD36,0694-AD64,0694-AE09,0694-AE37,0694-AG23",{8},1,{8},1.0
8232,related agreement,9000-AH18,,0,,0.0
8233,related amendment,"2502-AG64,3220-AB62",{13},1,{13},1.0
8234,related application,1615-AB60,{2},1,{2},1.0
8235,related benefit,3052-AC41,{7},1,{7},1.0
8236,related change,"0750-AA95,2120-AJ98,3206-AH14,3206-AH45","{2, 3}",2,"{2, 3}",2.0
8237,related compound,2070-AJ91,{5},1,{5},1.0
8238,related corporation,"1545-AH85,1545-BI14,1545-BK84,1545-BP29",{7},1,{7},1.0
8239,related development,0694-AH76,{8},1,{8},1.0
8240,related entity,0694-AD76,{8},1,{8},1.0
8241,related expense,"1545-BA43,2125-AE74","{3, 7}",2,"{3, 7}",2.0
8242,related fee,2140-AB34,{3},1,{3},1.0
8243,related income,"1545-BK49,1545-BK50",{7},1,{7},1.0
8244,related internal control,3052-AD03,{7},1,{7},1.0
8245,related litigation,0790-AK75,{2},1,{2},1.0
8246,related organization,"1215-AB75,1245-AA02",{4},1,{4},1.0
8247,related party,"1545-AT94,1545-BC24,1545-BL21",{7},1,{7},1.0
8248,related procedure,"2125-AD32,2125-AE64,2125-AF04,2125-AF48,2125-AF60,2132-AA43,2132-AA78,2132-AB26",{3},1,{3},1.0
8249,related proceeding,1290-AA20,{4},1,{4},1.0
8250,related product,"0579-AB49,0648-AX74,0648-BC83,0648-BG39,0648-BI60,0910-AG28,3084-AA69","{8, 1, 5}",3,"{8, 1, 5}",3.0
8251,related proposal,1513-AA12,{1},1,{1},1.0
8252,related protection,2130-AA90,{3},1,{3},1.0
8253,related provision,"1400-AC37,2060-AF87","{5, 14}",2,"{5, 14}",2.0
8254,related regulation,"1210-AB63,1506-AB05,1513-AB61,7100-AF13","{1, 4, 7}",3,"{1, 4, 7}",3.0
8255,related requirement,"0938-AI60,3150-AI43","{1, 6}",2,"{1, 6}",2.0
8256,related rule,"0960-AE11,1545-AL63,1545-AT58","{13, 7}",2,"{13, 7}",2.0
8257,related security,3235-AL33,{8},1,{8},1.0
8258,related service,"0750-AE51,0938-AH21,3052-AB43,3052-AC06,9000-AN82","{1, 2, 7}",3,"{1, 2, 7}",3.0
8259,related statute,"1290-AA13,1290-AA25",{4},1,{4},1.0
8260,related subject,1215-AB11,{4},1,{4},1.0
8261,related swap,3038-AE19,{7},1,{7},1.0
8262,related technology,"0694-AD16,0694-AD33,0694-AD37",{8},1,{8},1.0
8263,related transaction,"1545-BM45,1545-BM88,1545-BO20,1545-BO22",{7},1,{7},1.0
8264,relative accuracy,2060-AH64,{5},1,{5},1.0
8265,relative value,"1545-BA78,1545-BD97",{7},1,{7},1.0
8266,relay service,3060-AJ53,{11},1,{11},1.0
8267,release rate,2126-AB51,{3},1,{3},1.0
8268,relevant regulation,0648-BC00,{5},1,{5},1.0
8269,relevant time period,0960-AG63,{13},1,{13},1.0
8270,reliability standard,"1902-AE54,1902-AE57,1902-AE58,1902-AE71,1902-AE80,1902-AF04,1902-AF52",{6},1,{6},1.0
8271,reliable information,"0960-AD65,0960-AD77",{13},1,{13},1.0
8272,relief product,0910-AD28,{1},1,{1},1.0
8273,religious belief,"1120-AA17,1120-AB04,1120-AB50",{12},1,{12},1.0
8274,religious entity,"1215-AB39,9000-AK66",{4},1,{4},1.0
8275,religious exemption,"0938-AT20,0938-AT54,1210-AB83,1545-BN92","{1, 4, 7}",3,"{1, 4, 7}",3.0
8276,religious liberty,"1290-AA21,1290-AA29",{4},1,{4},1.0
8277,religious observance,3206-AL55,,0,,0.0
8278,religious organization,"0412-AA52,0412-AA69,0412-AA75,0503-AA27,0570-AA61,0991-AB34,0991-AB96,1121-AA82,1890-AA11,2501-AD65,2577-AC56,2900-AL63","{1, 9, 10, 12, 13, 14}",6,"{1, 9, 10, 12, 13, 14}",6.0
8279,religious worker,1115-AF12,{2},1,{2},1.0
8280,relocation allowance,"3090-AG93,3090-AH91,3090-AI37,3090-AI40,3090-AI50,3090-AI95,3090-AJ54",,0,,0.0
8281,relocation bonus,"3206-AF86,3206-AJ08",,0,,0.0
8282,relocation cost,"3090-AJ89,3206-AH50,9000-AH96,9000-AJ81",,0,,0.0
8283,relocation expense reimbursement,3090-AK00,,0,,0.0
8284,relocation income tax,"3090-AF78,3090-AG28,3090-AG48,3090-AG91,3090-AH14,3090-AH40,3090-AH55,3090-AH78,3090-AI05,3090-AI22,3090-AI35,3090-AI48,3090-AI50",,0,,0.0
8285,relocation payment,2501-AC88,{13},1,{13},1.0
8286,relocation plan,2501-AB52,{13},1,{13},1.0
8287,remain requirement,2060-AT42,{5},1,{5},1.0
8288,remain waste,2050-AD91,{5},1,{5},1.0
8289,remedial action,"1545-BC40,1901-AA88","{6, 7}",2,"{6, 7}",2.0
8290,remediation service,"3245-AG27,3245-AG91",{8},1,{8},1.0
8291,remittance transaction,"3170-AA15,3170-AA23,3170-AA33",{7},1,{7},1.0
8292,remittance transfer,"3133-AD94,3170-AA96",{7},1,{7},1.0
8293,remote identification,2120-AL31,{3},1,{3},1.0
8294,remote location,2120-AJ46,{3},1,{3},1.0
8295,removal action,3206-AN60,,0,,0.0
8296,removal order,"1125-AA50,1653-AA41,1653-AA46",{2},1,{2},1.0
8297,removal proceeding,"1115-AE47,1125-AA43,1125-AA52,1125-AA55,1615-AB50,1651-AA04",{2},1,{2},1.0
8298,removal request,"0694-AE51,0694-AE75,0694-AF13,0694-AF28,0694-AF74,0694-AF82,0694-AF86,0694-AF89,0694-AF96,0694-AG03,0694-AG19,0694-AG61",{8},1,{8},1.0
8299,remove regulation,0579-AB31,{1},1,{1},1.0
8300,renewable diesel,1545-BF17,{7},1,{7},1.0
8301,renewable energy,"0570-AA69,0572-AC10,1004-AE19,1010-AD30","{9, 5}",2,"{9, 5}",2.0
8302,renewable fuel,"2060-AQ35,2060-AQ36,2060-AQ49,2060-AQ64",{5},1,{5},1.0
8303,renewal application,0648-BH43,{5},1,{5},1.0
8304,renewal community,2506-AC09,{13},1,{13},1.0
8305,renovator certification,2070-AK04,{5},1,{5},1.0
8306,rent adjustment,2577-AB48,{13},1,{13},1.0
8307,rent control,2502-AH21,{13},1,{13},1.0
8308,rent reduction,2577-AB48,{13},1,{13},1.0
8309,rental assistance,"0575-AD17,2577-AC61","{9, 13}",2,"{9, 13}",2.0
8310,rental fee,0596-AD04,{5},1,{5},1.0
8311,rental payment,1004-AE41,{5},1,{5},1.0
8312,rental project,2502-AF99,{13},1,{13},1.0
8313,reorganization plan,0560-AE18,{9},1,,0.0
8314,repair station,"2120-AC38,2120-AI53,2120-AI60,2120-AJ61",{3},1,{3},1.0
8315,repayment ability,"0575-AC79,0575-AD06",{9},1,,0.0
8316,repayment plan,0938-AO27,{1},1,{1},1.0
8317,repayment requirement,2528-AA08,{13},1,{13},1.0
8318,repeal standard,3145-AA29,{10},1,{10},1.0
8319,repeat offender,2127-AH47,{3},1,{3},1.0
8320,replacement facility,1902-AE62,{6},1,{6},1.0
8321,replacement part,"0607-AA30,1400-AC94","{8, 14}",2,"{8, 14}",2.0
8322,report catch,0648-AM81,{5},1,{5},1.0
8323,report date,"2040-AD80,2060-AQ80",{5},1,{5},1.0
8324,report executive compensation,9000-AL66,,0,,0.0
8325,report form,"3084-AA23,3084-AA91,3084-AB32,3084-AB46",{8},1,{8},1.0
8326,report information,"1545-AP73,2501-AD09","{13, 7}",2,"{13, 7}",2.0
8327,report interest,1545-BJ01,{7},1,{7},1.0
8328,report requirement,"2125-AB15,3150-AG02","{3, 6}",2,"{3, 6}",2.0
8329,report revision,1218-AC50,{4},1,{4},1.0
8330,report rule,"2040-AF22,2060-AP88",{5},1,{5},1.0
8331,report system,"0970-AC23,0970-AC47,0970-AC68,0970-AC72,0970-AC76,1090-AB02,1615-AB46","{1, 2, 5}",3,"{1, 2, 5}",3.0
8332,report theft,1140-AA41,{1},1,{1},1.0
8333,report travel,3090-AJ89,,0,,0.0
8334,report value,0607-AA29,{8},1,{8},1.0
8335,reportable event,1212-AB06,{13},1,{13},1.0
8336,reportable transaction,"1545-BB07,1545-BB08,1545-BB09,1545-BF38,1545-BF39,1545-BF59,1545-BF60,1545-BF61,1545-BF62",{7},1,{7},1.0
8337,reporting and disclosure requirement,1557-AC12,{7},1,{7},1.0
8338,reporting deadline,2060-AQ87,{5},1,{5},1.0
8339,reporting form,0750-AD28,{2},1,{2},1.0
8340,reporting level,"3038-AB88,3038-AB91,3038-AC08",{7},1,{7},1.0
8341,reporting obligation,"1545-BK68,3235-AJ38","{8, 7}",2,"{8, 7}",2.0
8342,reporting period,"2700-AC03,2700-AC04",{10},1,,0.0
8343,reporting procedure,"1117-AB46,2137-AC63","{1, 3}",2,"{1, 3}",2.0
8344,reporting program,0970-AC66,{1},1,{1},1.0
8345,reporting regulation,1105-AA71,{12},1,,0.0
8346,reporting requirement,"0551-AA32,0581-AD68,0584-AB92,0648-AV59,0691-AA32,0691-AA33,0691-AA37,0691-AA38,0691-AA39,0691-AA40,0691-AA57,0691-AA58,0691-AA63,0691-AA64,0691-AA65,0691-AA68,0691-AA77,0694-AB72,0694-AC44,0694-AC65,0694-AC85,0694-AD00,0694-AE30,0750-AD27,0960-AF72,0970-AB46,0991-AB44,1117-AA92,1400-AA23,1505-AA93,1902-AB64,1902-AD26,1902-AD50,1902-AE11,2025-AA10,2070-AJ65,2070-AJ94,2070-AK22,2070-AK53,2126-AA50,2137-AC28,2140-AB11,2501-AD83,3052-AC11,3060-AH00,3060-AK72,3064-AB47,3064-AC06,3064-AC91,3064-AD21,3090-AI11,3090-AI94,3235-AG33,7100-AF13,9000-AI85,9000-AM77","{1, 2, 3, 5, 6, 7, 8, 9, 11, 13, 14}",11,"{1, 2, 3, 5, 6, 7, 8, 9, 11, 13, 14}",11.0
8347,representation case,3142-AA05,{4},1,{4},1.0
8348,representative payee,"0960-AE26,0960-AF66,0960-AG70,0960-AH13,0960-AH78,0960-AI33",{13},1,{13},1.0
8349,representative sample,3041-AD14,{1},1,{1},1.0
8350,reproductive health,1218-AA84,{4},1,{1},1.0
8351,repurchase agreement,3235-AH56,{8},1,{8},1.0
8352,repurchase offer,3235-AG74,{8},1,{8},1.0
8353,request amendment,"3041-AB58,3041-AB65",{1},1,{1},1.0
8354,request exemption,3041-AB95,{1},1,{1},1.0
8355,require activation,1902-AD19,{6},1,{6},1.0
8356,require authorization,0596-AB74,{5},1,{5},1.0
8357,require book,3038-AC56,{7},1,{7},1.0
8358,require conversion,2577-AC01,{13},1,{13},1.0
8359,require coverage,0938-AF12,{1},1,{1},1.0
8360,require data,2502-AH11,{13},1,{13},1.0
8361,require disclosure,3038-AE43,{7},1,,0.0
8362,require distribution,"1545-AV82,1545-AY69,1545-AY70,1545-BA60",{7},1,{7},1.0
8363,require fee,"1004-AE00,1004-AE09,1004-AE35",{5},1,{5},1.0
8364,require identification,0651-AC90,{8},1,{8},1.0
8365,require information,2115-AG06,{2},1,,0.0
8366,require purchase,3067-AC38,{2},1,{2},1.0
8367,require source,"0702-AB04,0750-AD57,0750-AF00",{2},1,{2},1.0
8368,require special handling,2115-AF47,{2},1,{2},1.0
8369,require state implementation plan,2060-AN56,{5},1,{5},1.0
8370,require use,1004-AE07,{5},1,{5},1.0
8371,require warning,0910-AI39,{1},1,{1},1.0
8372,required disclosure,"0938-AQ29,3235-AL27","{8, 1}",2,"{8, 1}",2.0
8373,required report,"2900-AI58,3245-AE69","{8, 13}",2,"{8, 13}",2.0
8374,rescind department,1601-AA83,{2},1,{2},1.0
8375,research and consumer information order,0581-AC82,{9},1,{9},1.0
8376,research and datum collection,0648-BI10,{5},1,{5},1.0
8377,research and development contract,9000-AM33,,0,,0.0
8378,research and test reactor,3150-AI25,{6},1,{6},1.0
8379,research area,1018-AD72,{5},1,{5},1.0
8380,research credit,"1545-AX05,1545-BA88,1545-BD60",{7},1,{7},1.0
8381,research facility,0579-AC21,{1},1,{1},1.0
8382,research fellowship,1820-AB67,{10},1,{10},1.0
8383,research grant,2080-AA12,{5},1,{5},1.0
8384,research misconduct,"0940-AA04,1105-AB25,1121-AA72,1901-AA89,2700-AD11,2700-AD84,3145-AA39","{1, 10, 12, 6}",4,"{1, 10, 12, 6}",4.0
8385,research program,0720-AA98,{1},1,,0.0
8386,research project,"0750-AF96,0925-AA01,0925-AA42","{1, 2}",2,"{1, 2}",2.0
8387,research proposal,"0648-AQ66,0648-AR98,0648-AS32",{5},1,{5},1.0
8388,research purpose,0938-AG33,{1},1,{1},1.0
8389,research scholar,1400-AC01,{14},1,{14},1.0
8390,research scientist,"2030-AA83,2030-AA91",{5},1,{5},1.0
8391,research set,"0648-AU64,0648-AU66,0648-AU67",{5},1,{5},1.0
8392,reservation land acquisition,1076-AC51,,0,,0.0
8393,reservation system,2120-AJ39,{3},1,{3},1.0
8394,reserve account,0575-AC66,{9},1,{9},1.0
8395,reserve authority,1902-AB55,{6},1,{6},1.0
8396,reserve component,"0720-AB46,0790-AJ34","{1, 2}",2,"{1, 2}",2.0
8397,reserve mineral,1004-AC59,{5},1,{5},1.0
8398,reserve officer training corps,9000-AN79,,0,,0.0
8399,reserve requirement,"7100-AC11,7100-AC25,7100-AC36,7100-AC48,7100-AD04,7100-AD19,7100-AD48,7100-AD57,7100-AD83,7100-AD85,7100-AD93,7100-AE04,7100-AE23,7100-AE31,7100-AE38,7100-AE41,7100-AE63,7100-AE67,7100-AE77,7100-AE80,7100-AE94,7100-AF01,7100-AF07,7100-AF18,7100-AF19,7100-AF35,7100-AF40,7100-AF50",{7},1,{7},1.0
8400,reservoir project,0710-AA72,{5},1,{5},1.0
8401,residency preference,2501-AB78,{13},1,{13},1.0
8402,residency requirement,"1140-AA05,1140-AA44,1512-AB66",{1},1,{1},1.0
8403,residency rule,1545-BK18,{7},1,{7},1.0
8404,residency training,0906-AA47,{1},1,{1},1.0
8405,resident canada geese,1018-AW19,{5},1,{5},1.0
8406,resident participation,2577-AC26,{13},1,{13},1.0
8407,resident right,0938-AK85,{1},1,{1},1.0
8408,resident training,2900-AQ00,{13},1,{13},1.0
8409,residential air conditioner,1904-AB55,{6},1,{6},1.0
8410,residential boiler,"1904-AC88,1904-AE69,1904-AE70",{6},1,{6},1.0
8411,residential care,0938-AL26,{1},1,{1},1.0
8412,residential electric,1904-AB49,{6},1,{6},1.0
8413,residential elevator,3041-AD43,{1},1,{1},1.0
8414,residential furnace,"1904-AA78,1904-AB89,1904-AC06,1904-AC44,1904-AC68,1904-AC79,1904-AC96,1904-AD32,1904-AE39",{6},1,{6},1.0
8415,residential mortgage lending practice,1557-AC93,{7},1,{7},1.0
8416,residential mortgage loan,"1550-AC34,1557-AD25,3064-AD42",{7},1,{7},1.0
8417,residential real estate transaction,3064-AE87,{7},1,{7},1.0
8418,residential treatment facility,0938-AJ96,{1},1,{1},1.0
8419,residential water heater,"1904-AB48,1904-AB95,1904-AD48",{6},1,{6},1.0
8420,residential wood heater,2060-AG30,{5},1,{5},1.0
8421,residual interest,"1557-AC25,1557-AC46,1557-AC47,3064-AC34",{7},1,{7},1.0
8422,residual radioactivity,3150-AJ17,{6},1,{6},1.0
8423,residual risk,"2060-AK10,2060-AM22,2060-AO66,2060-AS92,2060-AT03,2060-AT12,2060-AT30,2060-AT34,2060-AT66,2060-AT70,2060-AT72,2060-AT85,2060-AT99,2060-AU16,2060-AU18,2060-AU22,2060-AU66",{5},1,{5},1.0
8424,resolution plan,"3064-AD59,3064-AD77,3064-AE93,3064-AF05,7100-AD73,7100-AF11,7100-AF47",{7},1,{7},1.0
8425,resolution trust corporation,3069-AA92,{7},1,{7},1.0
8426,resource assessment,"0648-AK86,0648-AL04",{5},1,{5},1.0
8427,resource conservation,"1004-AE14,1004-AE53,1004-AE54",{5},1,{5},1.0
8428,resource limit,0584-AD12,{1},1,{1},1.0
8429,resource management,0596-AB76,{5},1,{5},1.0
8430,resource protection,1024-AD64,{5},1,{5},1.0
8431,respa regulation,2502-AG69,{13},1,{13},1.0
8432,respiratory condition,2900-AQ72,{13},1,{13},1.0
8433,respiratory health,1218-AB58,{4},1,{4},1.0
8434,respiratory protection,"1218-AA05,1218-AC05,3150-AF81","{4, 6}",2,"{4, 6}",2.0
8435,respiratory system,"2900-AE94,2900-AQ72",{13},1,{13},1.0
8436,respiratory therapy,0938-AG70,{1},1,{1},1.0
8437,response plan,"1010-AB81,2115-AF79,2137-AC30","{2, 3, 5}",3,"{2, 3, 5}",3.0
8438,response program,"1550-AB97,1557-AC92,3064-AC87,3133-AC83",{7},1,{7},1.0
8439,responsible person,1140-AA43,{1},1,{1},1.0
8440,rest requirement,"2120-AF63,2120-AI93,2120-AJ58,2120-AK22,2120-AL41",{3},1,{3},1.0
8441,rest rule,2120-AK26,{3},1,{3},1.0
8442,restart provision,2126-AC30,{3},1,{3},1.0
8443,restaurant food,0910-AE16,{1},1,{1},1.0
8444,restoration advisory board,0790-AG31,{2},1,{2},1.0
8445,restrict area,"0710-AA56,0710-AA57",{5},1,{5},1.0
8446,restrict building,1601-AA85,{2},1,{2},1.0
8447,restrict business operation,9000-AL01,,0,,0.0
8448,restrict datum,"1992-AA46,1992-AA48,3150-AF48",{6},1,{6},1.0
8449,restrict device,"0910-AA36,0910-AF76",{1},1,{1},1.0
8450,restrict entry,0648-AV57,{5},1,{5},1.0
8451,restrict information,"2700-AD43,2700-AD57",{10},1,,0.0
8452,restrict land,"0970-AB59,1076-AE36",{1},1,{1},1.0
8453,restrict status,1076-AE63,,0,,0.0
8454,restrict stock,"1545-BB87,1545-BD44,1545-BD45",{7},1,{7},1.0
8455,restrict use,2070-AC33,{5},1,{5},1.0
8456,restriction period,1545-BN16,{7},1,{7},1.0
8457,restrictive measure,0648-AT05,{5},1,{5},1.0
8458,restrictive trade practice,"0694-AD63,0694-AG92",{8},1,{8},1.0
8459,restructuring cost,"0750-AA48,0750-AB54,0750-AC36",{2},1,{2},1.0
8460,restructuring plan,2502-AI75,{13},1,{13},1.0
8461,retail customer,3235-AL27,{8},1,{8},1.0
8462,retail distribution,0910-AG06,{1},1,{1},1.0
8463,retail facility,2050-AE74,{5},1,{5},1.0
8464,retail firm,0584-AB02,{1},1,{1},1.0
8465,retail food store,"0584-AB87,0584-AD28",{1},1,{1},1.0
8466,retail foreign exchange dealer,3038-AE75,{7},1,{7},1.0
8467,retail gas station,2050-AE58,{5},1,{5},1.0
8468,retail lender,2502-AG40,{13},1,{13},1.0
8469,retail owner,0584-AE46,{1},1,{1},1.0
8470,retail pet store,0579-AD57,{1},1,{1},1.0
8471,retail pharmacy,1117-AA58,{1},1,{1},1.0
8472,retail sale,"0750-AC06,1117-AB05","{1, 2}",2,"{1, 2}",2.0
8473,retail sector,2050-AG72,{5},1,{5},1.0
8474,retail store,0583-AD46,{1},1,{1},1.0
8475,retail trade,"3245-AF69,3245-AG49,3245-AG51,3245-AH09,3245-AH10",{8},1,{8},1.0
8476,retailer tax,1545-AW66,{7},1,{7},1.0
8477,retaliation complaint,"1218-AC47,1218-AC53,1218-AC55,1218-AC58,1218-AC59,1218-AC79,1218-AC88,1218-AD27",{4},1,{4},1.0
8478,retention allowance,"3206-AF86,3206-AI31,3206-AJ08,3206-AJ48",,0,,0.0
8479,retention incentive,"3206-AK81,3206-AL41,3206-AM13",,0,,0.0
8480,retention period,"1105-AA99,1110-AA17,9000-AN12",{12},1,{12},1.0
8481,retiree health benefit,3046-AA72,{4},1,{4},1.0
8482,retirement age,"0960-AF16,3220-AB54",{13},1,{13},1.0
8483,retirement coverage,"3206-AG78,3206-AJ72,3206-AK73",,0,,0.0
8484,retirement eligibility,3206-AL69,,0,,0.0
8485,retirement plan,"1210-AB33,1545-AW78,1545-AY69,1545-AY70,1545-BA60","{4, 7}",2,"{4, 7}",2.0
8486,retirement program,3052-AC41,{7},1,{7},1.0
8487,retransmission consent,"3060-AF39,3060-AJ55",{11},1,{11},1.0
8488,retrieval system,0750-AI40,{2},1,{2},1.0
8489,retroactive payment,"1545-AX34,2900-AI57","{13, 7}",2,"{13, 7}",2.0
8490,retrospective review,2502-AJ28,{13},1,{13},1.0
8491,retrospective study,1219-AB90,{4},1,{4},1.0
8492,return address,1120-AA69,{12},1,,0.0
8493,return requirement,1545-BL62,{7},1,{7},1.0
8494,revenue limit,7100-AB82,{7},1,{7},1.0
8495,revenue management,1006-AA30,{5},1,{5},1.0
8496,revenue regulation,2140-AA69,{3},1,{3},1.0
8497,revenue sharing,1010-AD34,{5},1,{5},1.0
8498,reverse distributor,1117-AA19,{1},1,{1},1.0
8499,reverse repurchase agreement,1550-AB16,{7},1,{7},1.0
8500,review fee,3245-AF49,{8},1,{8},1.0
8501,revise approach,1218-AC27,{4},1,,0.0
8502,revise bylaw,3095-AB37,{10},1,,0.0
8503,revise criterion,"2900-AG20,2900-AJ51",{13},1,{13},1.0
8504,revise definition,"0575-AC84,0648-AS11,0710-AA80,1018-AT48,2040-AF75,2060-AN94,2900-AG20,2900-AK06","{9, 13, 5}",3,"{9, 13, 5}",3.0
8505,revise effective date,2040-AF41,{5},1,{5},1.0
8506,revise guideline,"0651-AB10,0938-AG21,2502-AI10","{8, 1, 13}",3,"{8, 1, 13}",3.0
8507,revise inspection,"1105-AB18,2140-AB34","{3, 12}",2,"{3, 12}",2.0
8508,revise limit,0648-BB84,{5},1,{5},1.0
8509,revise measure,0648-AR20,{5},1,{5},1.0
8510,revise policy,"0596-AB54,0648-BI87,1018-BE27",{5},1,{5},1.0
8511,revise procedure,"0910-AI10,3038-AB21,3038-AB42","{1, 7}",2,"{1, 7}",2.0
8512,revise process,0938-AK61,{1},1,{1},1.0
8513,revise regulation,"0648-AW24,0648-AW28,0660-AA33,0970-AB33,1902-AD09,2060-AR12,2127-AL86","{1, 3, 5, 6, 11}",5,"{1, 3, 5, 6, 11}",5.0
8514,revise regulatory requirement,2060-AG04,{5},1,{5},1.0
8515,revise requirement,"1010-AD61,2120-AH73,2506-AC53","{13, 3, 5}",3,"{13, 3, 5}",3.0
8516,revise restriction,"2501-AC36,3145-AA30","{10, 13}",2,"{10, 13}",2.0
8517,revise rule,3150-AB66,{6},1,,0.0
8518,revise schedule,"1205-AB77,1545-AU28,2060-AI30","{4, 5, 7}",3,"{4, 5, 7}",3.0
8519,revise standard,2120-AG42,{3},1,{3},1.0
8520,revocation proceeding,2140-AA08,{3},1,{3},1.0
8521,revoke permission,1115-AE10,{2},1,{2},1.0
8522,revoke use,0910-AD73,{1},1,{1},1.0
8523,rewrite project,2900-AO13,{13},1,{13},1.0
8524,reye 's syndrome,0910-AD13,{1},1,{1},1.0
8525,reye syndrome,"0910-AC90,0910-AD02",{1},1,{1},1.0
8526,rice inspection,0580-AA47,{1},1,{1},1.0
8527,rice program,"0560-AC74,0560-AD86",{9},1,{9},1.0
8528,right whale,"0648-AO65,0648-AS76,0648-AU90,0648-AV73,0648-AY54",{5},1,{5},1.0
8529,rio grande,1018-AR78,{5},1,{5},1.0
8530,riparian brush rabbit,1018-AG90,{5},1,{5},1.0
8531,risk adjust payment,0938-AJ16,{1},1,{1},1.0
8532,risk analysis,1400-AD65,{14},1,,0.0
8533,risk assessment,3038-AB01,{7},1,,0.0
8534,risk base capital,"1550-AA84,1550-AC02,1557-AC76,1557-AC77,1557-AD49,2550-AA02,2550-AA23,2550-AA26,2550-AA38,3133-AD77,7100-AE58","{13, 7}",2,"{13, 7}",2.0
8535,risk base guideline,3064-AC74,{7},1,{7},1.0
8536,risk base inspection,1014-AA20,{5},1,{5},1.0
8537,risk corridor,0938-AR74,{1},1,{1},1.0
8538,risk determination,3170-AA24,{7},1,{7},1.0
8539,risk disclosure,3235-AK58,{8},1,{8},1.0
8540,risk evaluation,2070-AK23,{5},1,{5},1.0
8541,risk factor,3235-AL78,{8},1,,0.0
8542,risk health maintenance organization,0938-AF98,{1},1,{1},1.0
8543,risk inform,"3150-AH81,3150-AK31",{6},1,{6},1.0
8544,risk limit,2120-AK06,{3},1,{3},1.0
8545,risk management,"1010-AE00,1082-AA02,3038-AE59,3052-AC60","{5, 7}",2,"{5, 7}",2.0
8546,risk mitigation technique,3235-AL83,{8},1,{8},1.0
8547,risk reduction strategy,0579-AB43,{1},1,{1},1.0
8548,risk sharing,0938-AI35,{1},1,{1},1.0
8549,risk veteran,2900-AQ30,{13},1,{13},1.0
8550,risk weight asset,"3064-AD95,3064-AD96,7100-AD88",{7},1,{7},1.0
8551,risk weighting,3052-AC57,{7},1,{7},1.0
8552,river barge,"1625-AA17,1625-AB65,2115-AF38",{2},1,{2},1.0
8553,river otter,"1018-AC70,1018-AD63,1018-AF23,1018-AG66",{5},1,{5},1.0
8554,riverside fairy shrimp,"1018-AG34,1018-AT45,1018-AX15",{5},1,{5},1.0
8555,road bus,"1652-AA59,1652-AA60,2105-AC00,2105-AC98,2105-AE29,3014-AA23","{2, 3}",2,"{2, 3}",2.0
8556,road construction,0596-AB68,{5},1,{5},1.0
8557,road vehicle,1651-AA78,{2},1,{2},1.0
8558,roadless area,0596-AB68,{5},1,{5},1.0
8559,robert t. stafford disaster relief and emergency assistance act,"1660-AA01,3067-AC61",{2},1,{2},1.0
8560,rock climbing,"0596-AB33,1024-AC13",{5},1,{5},1.0
8561,rock dust,1219-AB76,{4},1,{4},1.0
8562,rocket launch,"0648-AP47,0648-AP62",{5},1,{5},1.0
8563,rocky mountain national park,2120-AG11,{3},1,{3},1.0
8564,rodenticide act,"2070-AC58,2070-AJ32",{5},1,{5},1.0
8565,roll -PRON- own tobacco,"1512-AB92,1513-AB75",{1},1,{1},1.0
8566,roll bar,2127-AI63,{3},1,{3},1.0
8567,roll stock,2132-AA59,{3},1,{3},1.0
8568,roller bearing,"0750-AB13,0750-AB72,0750-AC13,0750-AD33,0750-AD62,0750-AE60,0750-AG57",{2},1,{2},1.0
8569,rolling closure,0648-AK10,{5},1,{5},1.0
8570,rollover protection,2127-AC64,{3},1,{3},1.0
8571,rollover resistance,2127-AI81,{3},1,{3},1.0
8572,ronald reagan washington national airport,"1652-AA49,2120-AI58","{2, 3}",2,"{2, 3}",2.0
8573,roof crush,2127-AL67,{3},1,{3},1.0
8574,room air conditioner,"1904-AA38,1904-AA89,1904-AB51,1904-AB76,1904-AC02,1904-AC98,1904-AD47,1904-AD97",{6},1,{6},1.0
8575,rosa 's law,"1235-AA18,1801-AA11","{10, 4}",2,"{10, 4}",2.0
8576,rotavirus vaccine,0906-AB00,{1},1,{1},1.0
8577,roth ira,"1545-BE65,1545-BE66",{7},1,{7},1.0
8578,roth iras,1545-AW62,{7},1,{7},1.0
8579,rough diamond,"0607-AA39,0607-AA44,1515-AD85",{8},1,{8},1.0
8580,rough rice,"0580-AA94,0580-AB17",{1},1,{1},1.0
8581,route designation,2125-AE99,{3},1,{3},1.0
8582,route inspection,1115-AE98,{2},1,{2},1.0
8583,routine care,0720-AA98,{1},1,{1},1.0
8584,routine maintenance,"2060-AK28,2060-AM57,2060-AM58,2060-AM62",{5},1,{5},1.0
8585,routine operation,0648-AW59,{5},1,{5},1.0
8586,routine use,3206-AM04,,0,,0.0
8587,royalty rate,"1004-AD93,1010-AD01,1010-AD26,1010-AD31",{5},1,{5},1.0
8588,royalty relief,"1010-AC13,1010-AD02,1010-AD29",{5},1,{5},1.0
8589,rubber tire manufacturing,"2060-AG29,2060-AK82",{5},1,{5},1.0
8590,rule 144a offering,3235-AL34,{8},1,{8},1.0
8591,rule 506 offering,3235-AK97,{8},1,{8},1.0
8592,rule amend,0648-AU90,{5},1,{5},1.0
8593,rule amendment,"1545-BA85,2060-AF40,2060-AG18,2060-AH56,2070-AC14","{5, 7}",2,"{5, 7}",2.0
8594,rule exception,1545-BJ75,{7},1,{7},1.0
8595,rule govern disclosure,"3084-AA72,3084-AB24,3084-AB45",{8},1,{8},1.0
8596,rule govern pricing,3235-AJ01,{8},1,{8},1.0
8597,rule review,3041-AD47,{1},1,{1},1.0
8598,rule revision,"1120-AB24,2060-AJ47,2060-AS02","{12, 5}",2,"{12, 5}",2.0
8599,rulemake proceeding,"2105-AC55,3072-AC16",{3},1,{3},1.0
8600,rulemake process,"2010-AA12,3150-AI30","{5, 6}",2,"{5, 6}",2.0
8601,rulemaking function,3150-AG10,{6},1,{6},1.0
8602,rulemaking procedure,"1660-AA91,2126-AB79,2900-AI32","{2, 3, 13}",3,"{2, 3, 13}",3.0
8603,ruling amount,1545-AU28,{7},1,{7},1.0
8604,ruminant feed,"0910-AA38,0910-AA91",{1},1,{1},1.0
8605,rural america,3052-AB92,{7},1,{7},1.0
8606,rural area,"0570-AA72,0575-AC84,0599-AA13,1557-AE41,3060-AI31,3064-AE87,3170-AA58,3170-AA59","{9, 11, 7}",3,"{9, 11, 7}",3.0
8607,rural bank,3069-AA69,{7},1,{7},1.0
8608,rural community,0572-AC14,{9},1,{9},1.0
8609,rural empowerment zone,"0503-AA18,0503-AA20",{9},1,{9},1.0
8610,rural energy,"0570-AA76,0570-AA97,0570-AA98",{9},1,{9},1.0
8611,rural health clinic,"0938-AG05,0938-AJ17,0938-AR62",{1},1,{1},1.0
8612,rural hospital,0938-AH57,{1},1,{1},1.0
8613,rural infrastructure project,0572-AC44,{9},1,{9},1.0
8614,rural resident,0648-AX53,{5},1,{5},1.0
8615,rural utility service,"0572-AB21,0572-AC38",{9},1,{9},1.0
8616,ryan white care act,0906-AA65,{1},1,{1},1.0
8617,s classification,"1115-AD86,1653-AA00",{2},1,{2},1.0
8618,s corporation,"1545-AE86,1545-AE94,1545-AM98,1545-AS88,1545-AW32,1545-AY44,1545-BC33,1545-BC34,1545-BD72,1545-BG81,1545-BH54,1545-BI99,1545-BJ00,1545-BJ67,1545-BJ68",{7},1,{7},1.0
8619,s.a.f.e mortgage licensing act,"1550-AC33,1557-AD23",{7},1,{7},1.0
8620,sacramento splittail,"1018-AC26,1018-AH73",{5},1,{5},1.0
8621,safe access,0750-AJ38,{2},1,{2},1.0
8622,safe act,7100-AD32,{7},1,{7},1.0
8623,safe clearance,"2126-AB04,2137-AE69",{3},1,{3},1.0
8624,safe drinking water act,"2020-AA37,2040-AD71",{5},1,{5},1.0
8625,safe environment,2900-AP06,{13},1,{13},1.0
8626,safe explosives act,"1140-AA00,1140-AA20",{1},1,{1},1.0
8627,safe harbor,"0648-AJ54,0694-AC94,0991-AB05,0991-AB06,0991-AB16,0991-AB38,0991-AB39,1210-AA92,1210-AB16,2140-AB17,3133-AE41,3235-AG35,3235-AG77","{1, 3, 4, 5, 7, 8}",6,"{1, 3, 4, 5, 7, 8}",6.0
8628,safe harbors,"0936-AA06,0936-AA10,0991-AA69,0991-AB72,1545-AW13,3170-AA49","{1, 7}",2,"{1, 7}",2.0
8629,safe integration,2126-AC17,{3},1,{3},1.0
8630,safe management,2050-AH02,{5},1,{5},1.0
8631,safe medical devices act,"0910-AA09,0910-AD96",{1},1,{1},1.0
8632,safe operation,"2115-AF44,2125-AC74,2125-AD25,2125-AD27,2125-AD37,2125-AD40,2125-AD41,2125-AD76,2125-AE15,2126-AA12,2126-AA19,2126-AA23,2126-AA61,2126-AA65,2126-AA67,2126-AA80,2126-AA91,2126-AB07,2126-AB08,2126-AB27,2126-AB28,2126-AB81,2126-AB94","{2, 3}",2,"{2, 3}",2.0
8633,safe transportation,"0970-AB24,2137-AE62,2137-AE86","{1, 3}",2,"{1, 3}",2.0
8634,safe workplace,"9000-AM81,9000-AN30",,0,,0.0
8635,safeguard customer information,"1550-AB36,1557-AB84,3064-AC39,3084-AB35,7100-AC72","{8, 7}",2,"{8, 7}",2.0
8636,safety academy,1219-AB04,{4},1,{4},1.0
8637,safety analysis,2120-AI74,{3},1,{3},1.0
8638,safety and environmental management system,1010-AD15,{5},1,{5},1.0
8639,safety and health program,1218-AB69,{4},1,{4},1.0
8640,safety and pollution prevention equipment,1010-AC12,{5},1,{5},1.0
8641,safety appliance,2130-AB67,{3},1,{3},1.0
8642,safety approval,"2120-AI50,2120-AK58",{3},1,{3},1.0
8643,safety auditor,2126-AA64,{3},1,{3},1.0
8644,safety belt,"1024-AC63,2127-AG23","{3, 5}",2,"{3, 5}",2.0
8645,safety criterion,2132-AB11,{3},1,{3},1.0
8646,safety enhancement,2120-AJ70,{3},1,{3},1.0
8647,safety improvement,0648-AF22,{5},1,,0.0
8648,safety incentive,1218-AD24,{4},1,{4},1.0
8649,safety initiative,2120-AJ53,{3},1,{3},1.0
8650,safety inspector,2126-AA64,{3},1,{3},1.0
8651,safety integration plan,2140-AA50,{3},1,{3},1.0
8652,safety investigator,2126-AA64,{3},1,{3},1.0
8653,safety labeling,2127-AJ76,{3},1,{3},1.0
8654,safety leave,3206-AN49,,0,,0.0
8655,safety management system,"2120-AJ15,2120-AJ86",{3},1,{3},1.0
8656,safety measure,1010-AC75,{5},1,,0.0
8657,safety monitoring system,2126-AA35,{3},1,{3},1.0
8658,safety option,2120-AK76,{3},1,{3},1.0
8659,safety permit,2137-AC45,{3},1,{3},1.0
8660,safety policy,"2130-AB33,2132-AA73",{3},1,{3},1.0
8661,safety principle,2127-AM15,{3},1,{3},1.0
8662,safety program,1219-AB91,{4},1,{4},1.0
8663,safety protection,1218-AA65,{4},1,{4},1.0
8664,safety rating,"2125-AC71,2126-AA37",{3},1,{3},1.0
8665,safety regulation,"1018-AW65,2130-AC02,3041-AB67,3150-AE38","{1, 3, 5, 6}",4,"{1, 3, 5, 6}",4.0
8666,safety relate structure,3150-AF75,{6},1,{6},1.0
8667,safety report,"0910-AF96,0910-AH51",{1},1,{1},1.0
8668,safety requirement,"1010-AB52,1010-AD57,1400-AE04,2126-AA52,2137-AD36,2137-AE53,3041-AB37,3150-AE53","{1, 3, 5, 6, 14}",5,"{1, 3, 5, 6, 14}",5.0
8669,safety sensitive function,"2130-AC02,2132-AA61",{3},1,{3},1.0
8670,safety standard,"1218-AB48,1218-AB68,1219-AA76,1219-AA84,1219-AA90,1219-AA94,1219-AB00,1219-AB10,1219-AB15,1219-AB19,2115-AA95,2120-AI41,2137-AD07,2502-AJ21,2900-AQ32,3041-AB42,3041-AB43,3041-AB45,3041-AB65,3041-AB70,3041-AB71,3041-AB86,3041-AC01,3041-AC03,3041-AC24,3041-AC42,3041-AD22,3041-AD27,3041-AD38,3041-AD55,3041-AD60,3041-AD61,3041-AD72","{1, 2, 3, 4, 13}",5,"{1, 2, 3, 4, 13}",5.0
8671,safety violation,"2126-AB00,2126-AB42",{3},1,{3},1.0
8672,safety zone,"1625-AA23,1625-AA33,1625-AA39,1625-AA54,1625-AA72,1625-AA76,1625-AA78,1625-AA79,1625-AA84,1625-AB11,2115-AF81,2115-AF93,2115-AG22,2115-AG31,2115-AG54",{2},1,{2},1.0
8673,sailing vessel,1625-AB83,{2},1,{2},1.0
8674,sale center,3090-AI33,,0,,0.0
8675,sale charge,3235-AG74,{8},1,{8},1.0
8676,sale commission,0750-AB57,{2},1,,0.0
8677,sale information,0910-AG45,{1},1,{1},1.0
8678,sale practice,3064-AB83,{7},1,{8},1.0
8679,sale price,1513-AB10,{1},1,,0.0
8680,sale report,3090-AJ31,,0,,0.0
8681,sale restriction,"2060-AF81,2060-AG20",{5},1,{5},1.0
8682,sale service,1615-AB33,{2},1,{2},1.0
8683,salmonella enteritidis,"0579-AA48,0583-AC52,0910-AC14",{1},1,{1},1.0
8684,same day service,0938-AP93,{1},1,{1},1.0
8685,same household,0960-AE20,{13},1,{13},1.0
8686,same sex domestic partner,"3206-AM20,3206-AN04,3206-AN34,3206-AN62",,0,,0.0
8687,same sex spouse,0945-AA07,{1},1,{1},1.0
8688,sample collection,0583-AC40,{1},1,{1},1.0
8689,sample method,"1505-AC00,1515-AD63,1651-AA64","{8, 2, 7}",3,"{8, 2, 7}",3.0
8690,sample procedure,2040-AF09,{5},1,{5},1.0
8691,sample shipment,0694-AB05,{8},1,{8},1.0
8692,samsung china,0694-AH74,{8},1,{8},1.0
8693,san diego fairy shrimp,"1018-AC83,1018-AF97,1018-AI71,1018-AT14,1018-AV37",{5},1,{5},1.0
8694,sanction program,2127-AL45,{3},1,{3},1.0
8695,sanitation facility,0917-AA08,{1},1,{1},1.0
8696,sanitation requirement,0583-AC39,{1},1,{1},1.0
8697,sarbanes oxley act,"3235-AI66,3235-AI69,3235-AI74",{8},1,{8},1.0
8698,sars cov,0920-AA31,{1},1,{1},1.0
8699,satellite application,3060-AD70,{11},1,{11},1.0
8700,satellite communication,3060-AF42,{11},1,{11},1.0
8701,satellite earth station,"3060-AF92,3060-AI40,3060-AI43,3060-AI46",{11},1,{11},1.0
8702,satellite service,3060-AJ98,{11},1,{11},1.0
8703,sausage product,0583-AC10,{1},1,{1},1.0
8704,saving act,7100-AC86,{7},1,{7},1.0
8705,saving arrangement,"1210-AB71,1210-AB76",{4},1,{4},1.0
8706,saving association,"1506-AA31,1550-AB49,1550-AB55,1550-AB80,1550-AB82,1550-AB84,1550-AB92,1550-AC40,1557-AC06,3235-AI19","{8, 7}",2,"{8, 7}",2.0
8707,saving bank,3235-AI19,{8},1,{7},1.0
8708,savings association insurance fund,3064-AD04,{7},1,{7},1.0
8709,sba assistance,3245-AD68,{8},1,{8},1.0
8710,sba program,3245-AB44,{8},1,{8},1.0
8711,sbc communications,3060-AH19,{11},1,{11},1.0
8712,scale regulation,0648-BF39,{5},1,{5},1.0
8713,scallop fishery,"0648-AF81,0648-AI00,0648-AI88,0648-AJ51,0648-AO98",{5},1,{5},1.0
8714,scallop fishing,0648-AO71,{5},1,{5},1.0
8715,scallop vessel,"0648-AM24,0648-AM25",{5},1,{5},1.0
8716,scarlet macaw,"1018-AY39,1018-BC81",{5},1,{5},1.0
8717,schedule flight,2120-AH04,{3},1,{3},1.0
8718,schedule ii,"1117-AB01,1117-AB45",{1},1,{1},1.0
8719,schedule iv,1117-AA59,{1},1,{1},1.0
8720,schedule shift,1557-AD85,{7},1,{7},1.0
8721,scheduling process,"1902-AE82,1902-AF08",{6},1,{6},1.0
8722,schip fund,0938-AN03,{1},1,{1},1.0
8723,school area,2125-AE25,{3},1,{3},1.0
8724,school board,"0790-AG29,0790-AJ18",{2},1,,0.0
8725,school breakfast,"0584-AB35,0584-AB82,0584-AD38",{1},1,{1},1.0
8726,school bus,"2127-AA44,2127-AH57",{3},1,{3},1.0
8727,school care program,0584-AC73,{1},1,{1},1.0
8728,school closure,1076-AE51,,0,,0.0
8729,school improvement,1810-AB43,{10},1,{10},1.0
8730,school meal,"0584-AB73,0584-AB94",{1},1,{1},1.0
8731,school nutrition,0584-AC21,{1},1,{1},1.0
8732,school rule,2070-AD34,{5},1,{5},1.0
8733,school year,"0584-AC06,2900-AI90","{1, 13}",2,"{1, 13}",2.0
8734,scientific instrument,0625-AA47,{8},1,{8},1.0
8735,scientific integrity,2030-AB00,{5},1,{5},1.0
8736,scientific peer review,0925-AA20,{1},1,{1},1.0
8737,scientific purpose,0648-AY09,{5},1,{5},1.0
8738,scientific research,"0648-AC61,0648-AH20,1018-AF26,1018-AG69",{5},1,,0.0
8739,scientific review,0648-BH83,{5},1,{5},1.0
8740,scope change,3150-AF13,{6},1,{6},1.0
8741,scorecard initiative,0938-AT96,{1},1,{1},1.0
8742,scottish ale,1513-AB30,{1},1,{1},1.0
8743,scrap metal,2060-AG51,{5},1,{5},1.0
8744,screen company,"1652-AA13,2120-AG84","{2, 3}",2,"{2, 3}",2.0
8745,screen requirement,1115-AD97,{2},1,{2},1.0
8746,screening method,2040-AD31,{5},1,{5},1.0
8747,scrub jays,1018-BB77,{5},1,{5},1.0
8748,sea bird,0648-AJ39,{5},1,{5},1.0
8749,sea cucumber,1018-AT55,{5},1,{5},1.0
8750,sea grass,0560-AG82,{9},1,{9},1.0
8751,sea turtle,"0648-AN50,0648-AN75,0648-AP24,0648-AS49,0648-AU10,0648-AY21,0648-BG45",{5},1,{5},1.0
8752,seafood dealer,0648-AR79,{5},1,{5},1.0
8753,seafood inspection program,0648-AI45,{5},1,{5},1.0
8754,seafood product,"0584-AC92,0750-AD91","{1, 2}",2,"{1, 2}",2.0
8755,seal bid,9000-AI84,,0,,0.0
8756,seal source,"3150-AH48,3150-AI22",{6},1,{6},1.0
8757,search warrant,1515-AB72,{2},1,{2},1.0
8758,season and bag limit,1018-AC82,{5},1,{5},1.0
8759,seasonal adjustment,0648-AQ46,{5},1,{5},1.0
8760,seasonal agricultural service,1215-AB05,{4},1,{4},1.0
8761,seasonal agricultural worker,0599-AA05,{9},1,{9},1.0
8762,seasonal closure,"0648-AS56,0648-AU15,1018-AE58",{5},1,{5},1.0
8763,seasonal employment,3206-AN84,,0,,0.0
8764,seasonal restriction,"0648-BI21,0648-BI22",{5},1,{5},1.0
8765,seat assignment,2105-AC28,{3},1,{3},1.0
8766,seat belt,"2126-AB87,2127-AG24,2127-AK41,2127-AK56",{3},1,{3},1.0
8767,seat dimension,2120-AK17,{3},1,{3},1.0
8768,seborrheic dermatitis,"0910-AD64,0910-AF49",{1},1,{1},1.0
8769,second amendment,"2060-AJ71,2060-AK63,2120-AK55","{3, 5}",2,"{3, 5}",2.0
8770,second extension,"0938-AM58,2105-AC75","{1, 3}",2,"{1, 3}",2.0
8771,second language program,1120-AA19,{12},1,{12},1.0
8772,second mortgage,3133-AD64,{7},1,{7},1.0
8773,second response,2127-AJ55,{3},1,{3},1.0
8774,secondary capital,"3133-AC31,3133-AC36",{7},1,{7},1.0
8775,secondary containment,2050-AG46,{5},1,{5},1.0
8776,secondary market,"2502-AH20,3060-AH82","{11, 13}",2,"{11, 13}",2.0
8777,secondary payer,0938-AR90,{1},1,{1},1.0
8778,secondary school student,"1400-AC30,1400-AC56",{14},1,{10},1.0
8779,secondary student,1400-AC13,{14},1,{10},1.0
8780,secondary treatment requirement,2040-AC72,{5},1,{5},1.0
8781,secret ballot,3140-AA02,{3},1,{3},1.0
8782,secretary 's authority,"2501-AB56,2900-AJ48,2900-AN70",{13},1,{13},1.0
8783,secretary 's determination,"1505-AA84,1505-AA85",{7},1,{7},1.0
8784,secretary 's priority,1894-AA00,{10},1,{10},1.0
8785,section 8 homeownership program,2577-AC28,{13},1,{13},1.0
8786,section 8 moderate rehabilitation,2577-AB48,{13},1,{13},1.0
8787,section 8 rental voucher,2577-AB60,{13},1,{13},1.0
8788,sector risk,2060-AQ75,{5},1,{5},1.0
8789,secure access,0348-AB80,,0,,0.0
8790,secure lending,2590-AA24,{7},1,{7},1.0
8791,securities act,"3235-AH18,3235-AI55,3235-AI82,3235-AJ03,3235-AJ73,3235-AK45,3235-AL39,3235-AL46,3235-AM07",{8},1,{8},1.0
8792,securities exchange act,"1557-AC12,3064-AD80,3235-AG70,3235-AH01,3235-AH04,3235-AH30,3235-AH46,3235-AH68,3235-AH76,3235-AI19,3235-AI20,3235-AI21,3235-AI52,3235-AI55,3235-AJ04,3235-AJ21,3235-AJ23,3235-AJ38,3235-AK78,3235-AK89,3235-AL14","{8, 7}",2,"{8, 7}",2.0
8793,security act rule,3235-AM24,{8},1,{8},1.0
8794,security background check,1652-AA65,{2},1,{2},1.0
8795,security base swap,"3038-AD46,3235-AK77,3235-AK87,3235-AK88,3235-AK98,3235-AL16,3235-AL17,3235-AL41,3235-AL44,3235-AL76","{8, 7}",2,"{8, 7}",2.0
8796,security broker,"1545-BI66,1550-AC13,1557-AB93,1557-AD50",{7},1,{7},1.0
8797,security check,1615-AB12,{2},1,{2},1.0
8798,security compliance program,"1652-AA09,1652-AA10",{2},1,{2},1.0
8799,security consideration,"1991-AB71,2120-AH56,2120-AH70,2120-AI54","{3, 6}",2,"{3, 6}",2.0
8800,security control,"2120-AH25,2120-AI04,2120-AI11",{3},1,{3},1.0
8801,security credit,"7100-AC12,7100-AC27,7100-AC45",{7},1,{7},1.0
8802,security dealer,"1545-AS46,1545-AU87",{7},1,{7},1.0
8803,security depository,3235-AG71,{8},1,{8},1.0
8804,security document,2120-AC17,{3},1,{3},1.0
8805,security duty,0702-AA87,{2},1,{2},1.0
8806,security firm,"1550-AB63,1557-AC32,3064-AC17",{7},1,{7},1.0
8807,security function,"0750-AD58,0750-AK86",{2},1,{2},1.0
8808,security future,"3038-AC32,3038-AE88,3235-AJ54,3235-AM55","{8, 7}",2,"{8, 7}",2.0
8809,security ground,2120-AH84,{3},1,{3},1.0
8810,security guard,"1115-AG72,1651-AA24,3150-AC88,3245-AF28","{8, 2, 6}",3,"{8, 2, 6}",3.0
8811,security hold company,7100-AD81,{7},1,{7},1.0
8812,security holder,"2503-AA16,3235-AI90","{8, 7}",2,"{8, 7}",2.0
8813,security index,3235-AI38,{8},1,{8},1.0
8814,security information,3052-AC34,{7},1,{7},1.0
8815,security interest,"1992-AA23,3064-AC00","{6, 7}",2,"{6, 7}",2.0
8816,security intermediary,3235-AJ26,{8},1,{8},1.0
8817,security investment,2140-AB18,{3},1,{3},1.0
8818,security issue,"1652-AA66,1991-AB54","{2, 6}",2,"{2, 6}",2.0
8819,security lend,1545-BB56,{7},1,{7},1.0
8820,security lending transaction,"1545-AP71,1545-BG69",{7},1,{7},1.0
8821,security measure,1120-AB31,{12},1,{12},1.0
8822,security offering,"1557-AC98,3235-AI11,3235-AJ37","{8, 7}",2,"{8, 7}",2.0
8823,security partnership,"1545-BJ72,1545-BO27",{7},1,{7},1.0
8824,security plan,"1652-AA56,1652-AA58,1652-AA60",{2},1,{2},1.0
8825,security procedure,"1991-AA86,3133-AC76","{6, 7}",2,"{6, 7}",2.0
8826,security program,"1652-AA03,2110-AA04,2120-AG13,2120-AH66,3133-AC83,3133-AD23","{2, 3, 7}",3,"{2, 3, 7}",3.0
8827,security rating,"3235-AG20,3235-AK18",{8},1,{8},1.0
8828,security record,"2120-AG27,2900-AL33","{3, 13}",2,"{3, 13}",2.0
8829,security relate activity,1550-AB92,{7},1,{7},1.0
8830,security requirement,"1117-AA62,1992-AA26,2030-AA88,2126-AA71,2137-AD67,2137-AD70,2137-AD90,3150-AH06","{1, 3, 5, 6}",4,"{1, 3, 5, 6}",4.0
8831,security responsibility,0750-AK41,{2},1,{2},1.0
8832,security screening company,2120-AG31,{3},1,{3},1.0
8833,security section,1545-AS57,{7},1,{7},1.0
8834,security standard,"0938-AI57,1105-AA77","{1, 12}",2,"{1, 12}",2.0
8835,security threat assessment,"1652-AA17,1652-AA21,1652-AA33,2110-AA14",{2},1,{2},1.0
8836,security training,"1400-AE85,1652-AA55,1652-AA57,1652-AA59","{2, 14}",2,"{2, 14}",2.0
8837,security transaction,"1550-AB49,1557-AB42,3064-AB74,3064-AE06,3235-AE52,3235-AH10","{8, 7}",2,"{8, 7}",2.0
8838,security transfer agent,3064-AE41,{7},1,{7},1.0
8839,security violation,1992-AA28,{6},1,,0.0
8840,segregated account,3038-AB52,{7},1,{7},1.0
8841,segregation requirement,3235-AL12,{8},1,{8},1.0
8842,segregation rule,"1545-BK03,1545-BM17,1545-BM18",{7},1,{7},1.0
8843,seismic safety,"0572-AB47,0572-AB74,0572-AC01",{9},1,{9},1.0
8844,seismic survey,0648-BE53,{5},1,{5},1.0
8845,seize property,1545-AU13,{7},1,{7},1.0
8846,select agent,"0579-AC53,0579-AD09,0579-AD09,0579-AE08,0579-AE52,0905-AE70,0920-AA02,0920-AA08,0920-AA09,0920-AA24,0920-AA25,0920-AA29,0920-AA30,0920-AA31,0920-AA32,0920-AA34,0920-AA58,0920-AA59,0920-AA59,0920-AA64,0920-AA64,0920-AA71",{1},1,{1},1.0
8847,select cause,1190-AA48,{13},1,{13},1.0
8848,select financial datum,3235-AM48,{8},1,{8},1.0
8849,select reserve,"0720-AA90,0720-AA99,0720-AB15,0750-AF40,2900-AE43,2900-AF33,2900-AG05,2900-AH08,2900-AH15,2900-AH92,2900-AI54,2900-AI79,2900-AI89,2900-AJ88,2900-AK40,2900-AK56,2900-AK99,2900-AL69,2900-AL80","{1, 2, 13}",3,"{1, 2, 13}",3.0
8850,select rule,3067-AC48,{2},1,{2},1.0
8851,select service,"0691-AA54,0691-AA60,0691-AA61,0691-AA76,0691-AA87",{8},1,{8},1.0
8852,selection procedure,9000-AH17,,0,,0.0
8853,selection program,2700-AC56,{10},1,{10},1.0
8854,selective disclosure,"3235-AH82,3235-AI99",{8},1,{8},1.0
8855,selective law,3206-AI72,,0,,0.0
8856,selective service regulation,3240-AA01,{2},1,{2},1.0
8857,self bond,1010-AC28,{5},1,{5},1.0
8858,self certification,"1117-AB05,1117-AB13,1117-AB30,1513-AB35,2070-AD00","{1, 5}",2,"{1, 5}",2.0
8859,self deal,1545-AT03,{7},1,{7},1.0
8860,self determination,"2577-AB74,2577-AB93",{13},1,{13},1.0
8861,self employment income,1545-BO33,{7},1,{7},1.0
8862,self insurance,"0938-AS03,3072-AC20","{1, 3}",2,"{1, 3}",2.0
8863,self insure plan,1545-BK59,{7},1,{7},1.0
8864,self regulation,"3141-AA04,3141-AA44,3141-AA59,3141-AA61,3235-AJ36",{8},1,{8},1.0
8865,self regulatory organization,"3038-AC70,3038-AE04,3038-AE73,3235-AH39,3235-AI06,3235-AJ20,3235-AJ33,3235-AJ80","{8, 7}",2,"{8, 7}",2.0
8866,self reporting,2126-AB43,{3},1,{3},1.0
8867,self support,"0960-AG00,2900-AJ95",{13},1,{13},1.0
8868,self test,2529-AA82,{13},1,{13},1.0
8869,sell good,3235-AF87,{8},1,{8},1.0
8870,sell vehicle,1545-BG63,{7},1,{7},1.0
8871,seller concession,"0575-AD06,2502-AJ08","{9, 13}",2,"{9, 13}",2.0
8872,semi trailer,2127-AJ80,{3},1,{3},1.0
8873,semiannual report,3235-AF93,{8},1,{8},1.0
8874,semiconductor manufacturing,"2060-AN80,2060-AU56",{5},1,{5},1.0
8875,semiconductor production,2060-AG93,{5},1,{5},1.0
8876,senior community service employment program,"1205-AA29,1205-AB28,1205-AB47,1205-AB48,1205-AB60,1205-AB79",{4},1,{4},1.0
8877,senior companion,3045-AA56,{13},1,{13},1.0
8878,senior corps,3045-AA44,{13},1,{13},1.0
8879,senior examiner,"1550-AB99,1557-AC94,2590-AA19,3064-AC92,3064-AD98",{7},1,{7},1.0
8880,senior executive,9000-AI32,,0,,0.0
8881,senior leader,0750-AI48,{2},1,,0.0
8882,senior level employee,3206-AL49,,0,,0.0
8883,senior management,3069-AA90,{7},1,,0.0
8884,senior mentor,0750-AG87,{2},1,{2},1.0
8885,sensitive chemical,0694-AD15,{8},1,{8},1.0
8886,sensitive security information,"1652-AA05,1652-AA08,1652-AA37,1652-AA54,2105-AD33,2105-AD59,2110-AA07,2110-AA10,2120-AF49,3147-AA17","{2, 3}",2,"{2, 3}",2.0
8887,sensitive specie,"0596-AC54,0596-AC55",{5},1,{5},1.0
8888,sensitive technology,9000-AL91,,0,,0.0
8889,separate account,3235-AK60,{8},1,{8},1.0
8890,separate category,"0906-AA74,0906-AA75",{1},1,{1},1.0
8891,separate classification,0910-AC30,{1},1,{1},1.0
8892,separate location,1117-AA39,{1},1,{1},1.0
8893,separate registration,1117-AA39,{1},1,{1},1.0
8894,separation distance,1140-AA27,{1},1,{1},1.0
8895,separation pay,2900-AN25,{13},1,{13},1.0
8896,september 11th victim compensation fund,1105-AA79,{12},1,{12},1.0
8897,serious adverse health consequence,0910-AF06,{1},1,{1},1.0
8898,serious injury,"0648-AL44,0648-AO65,0648-BJ09",{5},1,,0.0
8899,serious threat,0910-AG92,{1},1,,0.0
8900,serve america,3045-AA50,{13},1,{13},1.0
8901,serve size,"0910-AF99,0910-AG82,0910-AH92",{1},1,{1},1.0
8902,service academy,"0790-AI19,0790-AJ90",{2},1,{2},1.0
8903,service agent,2105-AE54,{3},1,{3},1.0
8904,service animal,"1024-AD17,1024-AE06,2105-AE63","{3, 5}",2,"{3, 5}",2.0
8905,service announcement,1018-AE16,{5},1,{5},1.0
8906,service arrangement,3072-AC68,{3},1,{3},1.0
8907,service asset,3064-AC07,{7},1,{7},1.0
8908,service code,9000-AN08,,0,,0.0
8909,service connect disability,"2501-AC86,2900-AK66",{13},1,{13},1.0
8910,service connection,"2900-AH41,2900-AK11,2900-AK83,2900-AL20,2900-AL36,2900-AL70,2900-AM09,2900-AN05,2900-AN16,2900-AN24",{13},1,{13},1.0
8911,service contract,"0348-AA34,0750-AC23,0750-AD81,0750-AE26,0750-AG04,0750-AK30,1215-AA98,1215-AB69,1235-AA02,1991-AC03,3072-AC42,3072-AC47,3072-AC53,9000-AI09,9000-AI82,9000-AM21,9000-AN55","{2, 3, 4, 6}",4,"{2, 3, 4, 6}",4.0
8912,service contracting,"0750-AI27,2030-AA63,2900-AG67,3090-AI54,9000-AG86,9000-AH14","{2, 13, 5}",3,"{2, 13, 5}",3.0
8913,service credit,3206-AH37,,0,,0.0
8914,service difficulty,"2120-AF71,2120-AH91,2120-AI08,2120-AI13",{3},1,{3},1.0
8915,service disabled,"2900-AM92,3090-AI12,9000-AL29",{13},1,{13},1.0
8916,service dog,2900-AN51,{13},1,{13},1.0
8917,service facility,2115-AE18,{2},1,{2},1.0
8918,service fee,"1115-AF83,2070-AK27,2900-AO66,3072-AB99,3072-AC19","{3, 2, 13, 5}",4,"{3, 2, 13, 5}",4.0
8919,service mark,0651-AD29,{8},1,{8},1.0
8920,service market,"3170-AA00,3170-AA30,3170-AA47",{7},1,{7},1.0
8921,service member,"0790-AG52,0790-AH73,0790-AI20,0790-AJ00,0790-AJ10,0790-AK79",{2},1,{2},1.0
8922,service obligation,"1820-AB58,2133-AB41,2133-AB58,2140-AA41","{10, 3}",2,"{10, 3}",2.0
8923,service procedure,"0625-AB15,2140-AB41","{8, 3}",2,"{8, 3}",2.0
8924,service provider,"1545-AV21,2105-AD61,2105-AD93","{3, 7}",2,"{3, 7}",2.0
8925,service quality,3060-AJ14,{11},1,,0.0
8926,service requirement,"1902-AE60,2900-AL67","{13, 6}",2,"{13, 6}",2.0
8927,service rule,"3060-AH32,3060-AI67,3060-AJ19,3060-AJ20,3060-AJ35,3060-AJ73,3060-AJ86,3060-AK19",{11},1,{11},1.0
8928,service training,1820-AB62,{10},1,{10},1.0
8929,servicemember group life insurance,"2900-AJ80,2900-AK42,2900-AL56,2900-AM36,2900-AN40,2900-AO30,2900-AO42,2900-AQ53",{13},1,{13},1.0
8930,servicing right,1550-AA84,{7},1,{7},1.0
8931,set top box,1904-AC30,{6},1,{6},1.0
8932,settlement agreement,"2060-AH96,2060-AJ57",{5},1,,0.0
8933,settlement check,1510-AA50,{7},1,{7},1.0
8934,settlement judge,"1290-AA20,3142-AA04",{4},1,{4},1.0
8935,settlement proposal,9000-AN26,,0,,0.0
8936,seven plant,1018-AD34,{5},1,{5},1.0
8937,several requirement,2070-AK43,{5},1,{5},1.0
8938,several specie,1018-BE47,{5},1,{5},1.0
8939,severance pay,"2900-AN25,3206-AF89,3206-AH12",{13},1,{13},1.0
8940,severe accident,"3150-AE38,3150-AG11",{6},1,,0.0
8941,severe economic hardship,"1115-AF15,1615-AA99,1615-AB44,1653-AA34,1653-AA61",{2},1,{2},1.0
8942,severe form,"1115-AG19,1615-AA59",{2},1,{2},1.0
8943,severe storm,7100-AE62,{7},1,{7},1.0
8944,sewage sludge,2040-AC25,{5},1,{5},1.0
8945,sex offender registration,"1105-AB28,1105-AB36",{12},1,{12},1.0
8946,sexual abuse,"0970-AC61,1653-AA65","{1, 2}",2,"{1, 2}",2.0
8947,sexual assault,0750-AG93,{2},1,{2},1.0
8948,sexual exploitation,0412-AA95,{14},1,{14},1.0
8949,sexual harassment,0970-AC61,{1},1,{1},1.0
8950,sexual orientation,"1250-AA07,2501-AD49,2577-AC96","{4, 13}",2,"{4, 13}",2.0
8951,sexually explicit material,"0790-AH86,0790-AJ15,1120-AA59","{2, 12}",2,"{2, 12}",2.0
8952,share base payment,3235-AJ39,{8},1,{8},1.0
8953,share cyber threat information,9000-AL84,,0,,0.0
8954,share hospital,"0938-AH09,0938-AH91,0938-AH93",{1},1,{1},1.0
8955,share insurance,"3133-AB15,3133-AC23,3133-AC65,3133-AD18,3133-AD54,3133-AD55,3133-AD79,3133-AE49",{7},1,{7},1.0
8956,share lease,0560-AH75,{9},1,{9},1.0
8957,share regulation,0938-AM94,{1},1,{1},1.0
8958,share responsibility,"1545-BL33,1545-BO36",{7},1,{7},1.0
8959,share saving program,2700-AD27,{10},1,{10},1.0
8960,share use,"2130-AB33,2132-AA73",{3},1,{3},1.0
8961,shareholder approval,"3235-AH80,3235-AK31,3235-AK68",{8},1,{8},1.0
8962,shareholder communication,3235-AK43,{8},1,{8},1.0
8963,shareholder proposal,3235-AJ95,{8},1,{8},1.0
8964,shareholder report,3235-AG64,{8},1,{8},1.0
8965,shareholder right,"1210-AB28,1210-AB78",{4},1,{4},1.0
8966,shark conservation,0648-BA89,{5},1,{5},1.0
8967,shelf item,9000-AH25,,0,,0.0
8968,shelf stable,0583-AC45,{1},1,{1},1.0
8969,shenandoah national park,"1024-AC33,1024-AD49",{5},1,{5},1.0
8970,ship collision,"0648-BB20,0648-BI88",{5},1,{5},1.0
8971,ship operator,2133-AB34,{3},1,{3},1.0
8972,ship repair,"2060-AD98,2060-AK20,2060-AO03,2060-AQ42",{5},1,{5},1.0
8973,shipbuilding contract,0703-AA34,{2},1,{2},1.0
8974,shipper agent,0702-AA36,{2},1,{2},1.0
8975,shipping act,"3072-AB85,3072-AB92,3072-AB95,3072-AC04,3072-AC08,3072-AC09,3072-AC11,3072-AC21,3072-AC28,3072-AC37,3072-AC54,3072-AC65",{3},1,{3},1.0
8976,shipping instruction,0750-AH53,{2},1,{2},1.0
8977,shipping package,3150-AF59,{6},1,{6},1.0
8978,shipping paper,2137-AC64,{3},1,{3},1.0
8979,shipyard employment,"1218-AB50,1218-AB51",{4},1,{4},1.0
8980,shopping cart,3041-AB71,{1},1,{1},1.0
8981,shoreline management,3316-AA19,{6},1,{6},1.0
8982,short form,0691-AA25,{8},1,{8},1.0
8983,short position,3235-AK23,{8},1,{8},1.0
8984,short sale,"3235-AE41,3235-AH84,3235-AJ00,3235-AK23,3235-AK30",{8},1,{8},1.0
8985,short selling,3235-AJ75,{8},1,{8},1.0
8986,short term borrowing,3235-AK72,{8},1,{8},1.0
8987,short term investment fund,1557-AD37,{7},1,{7},1.0
8988,short term lease,1545-AW16,{7},1,{7},1.0
8989,short term lending program,2105-AD50,{3},1,{3},1.0
8990,short term limited duration insurance,"0938-AS93,0938-AT48,1210-AB75,1210-AB86,1545-BN44,1545-BO41","{1, 4, 7}",3,"{1, 4, 7}",3.0
8991,short term small dollar lending,1557-AE64,{7},1,{7},1.0
8992,shortnose sucker,"1018-AC90,1018-AX41",{5},1,{5},1.0
8993,shotgun shell,0694-AF60,{8},1,{8},1.0
8994,shoulder belt,2127-AF91,{3},1,{3},1.0
8995,shovelnose sturgeon,1018-AW27,{5},1,{5},1.0
8996,shrimp fishery,"0648-AG26,0648-AH52,0648-AH72,0648-AI15,0648-AK29,0648-AK32,0648-AL14,0648-AM23,0648-AN30,0648-AN62,0648-AN84,0648-AO51,0648-AO52,0648-AP41,0648-AP82,0648-AS15,0648-AS16,0648-AT86,0648-AU59,0648-BC58,0648-BD41,0648-BE46,0648-BE93,0648-BF77,0648-BG82,0648-BI96",{5},1,{5},1.0
8997,shrimp trawler,0648-AH98,{5},1,{5},1.0
8998,shy bladder,2105-AC22,{3},1,{3},1.0
8999,sick leave,3206-AM52,,0,,0.0
9000,side impact,2127-AE49,{3},1,{3},1.0
9001,signal booster,3060-AJ87,{11},1,{11},1.0
9002,signal light,0703-AB04,{2},1,{2},1.0
9003,signal system,2130-AB05,{3},1,{3},1.0
9004,signature requirement,"0960-AD88,1545-BB34","{13, 7}",2,"{13, 7}",2.0
9005,significant contribution,"2060-AH10,2060-AH88,2060-AI71,2060-AJ37,2060-AL84,2060-AN06,2060-AN12,2060-AP42",{5},1,{5},1.0
9006,significant deterioration,"2060-AE11,2060-AH01,2060-AK28,2060-AK42,2060-AL74,2060-AL75,2060-AM33,2060-AM57,2060-AM58,2060-AM62,2060-AM91,2060-AN77,2060-AN88,2060-AN92,2060-AO02,2060-AO24,2060-AP49,2060-AP71,2060-AP73,2060-AP80,2060-AP86,2060-AQ47,2060-AQ73,2060-AQ79,2060-AR10,2060-AR99,2060-AS57,2060-AS62,2060-AT89,2060-AU71",{5},1,{5},1.0
9007,significant disproportionality,1820-AB73,{10},1,{10},1.0
9008,significant facility,2529-AA66,{13},1,{13},1.0
9009,significant loss,1117-AA73,{1},1,{1},1.0
9010,significant new use,2070-AJ94,{5},1,{5},1.0
9011,significant public benefit,"1115-AE68,1653-AA04",{2},1,{2},1.0
9012,significant reduction,1545-BA08,{7},1,{7},1.0
9013,significant revision,3037-AA12,{13},1,{13},1.0
9014,significant upgrade,"1105-AA87,1105-AA89,1110-AA12",{12},1,,0.0
9015,silky shark,"0648-BD44,0648-BG22",{5},1,{5},1.0
9016,similar benefit,1212-AB18,{13},1,{13},1.0
9017,similar device,0702-AA41,{2},1,{2},1.0
9018,similar fee,1545-AY15,{7},1,{7},1.0
9019,similar function,3090-AK06,,0,,0.0
9020,similar requirement,1210-AB53,{4},1,,0.0
9021,similar retail food establishment,0910-AG57,{1},1,{1},1.0
9022,similar transaction,1545-BB56,{7},1,{7},1.0
9023,simple plan,1210-AA59,{4},1,{4},1.0
9024,simplify regulatory capital,7100-AE74,{7},1,{7},1.0
9025,simplify standard,"2140-AA82,2140-AA91",{3},1,{3},1.0
9026,single counterparty credit limit,7100-AE48,{7},1,{7},1.0
9027,single definition,0694-AF09,{8},1,{8},1.0
9028,single employer define benefit plan,1545-BK94,{7},1,{7},1.0
9029,single employer plan,"1212-AA55,1212-AA82,1212-AB20",{13},1,{13},1.0
9030,single engine aircraft,"2120-AG22,2120-AG55",{3},1,{3},1.0
9031,single entry,"1505-AB34,1515-AC91,1515-AC94","{2, 7}",2,"{2, 7}",2.0
9032,single family,2502-AG72,{13},1,{13},1.0
9033,single package,1904-AC85,{6},1,{6},1.0
9034,single recipient,1506-AA14,{7},1,{7},1.0
9035,single regulation,2030-AA38,{5},1,{5},1.0
9036,single system,2508-AA10,{13},1,{13},1.0
9037,single unit truck,2127-AL57,{3},1,{3},1.0
9038,site remediation,"2060-AH12,2060-AM30,2060-AN36",{5},1,{5},1.0
9039,site security,1004-AE15,{5},1,{5},1.0
9040,site specific regulation,"2001-AA01,2090-AA33",{5},1,{5},1.0
9041,six hour notice,0648-AJ35,{5},1,{5},1.0
9042,sixth circuit court,2040-AF47,{5},1,{5},1.0
9043,size limit,2105-AC90,{3},1,{3},1.0
9044,size standard,"3245-AD07,3245-AE42,3245-AE56,3245-AE57,3245-AF00,3245-AF11,3245-AF94,3245-AG10,3245-AG47,3245-AG84",{8},1,{8},1.0
9045,ski area,0596-AD14,{5},1,{5},1.0
9046,skilled nursing facility,"0720-AA73,0938-AH12,0938-AH16,0938-AI47,0938-AL20,0938-AL47,0938-AL55,0938-AL61,0938-AL90,0938-AM46,0938-AN65,0938-AO25,0938-AP11,0938-AQ29,0938-AR20,0938-AR24,0938-AR65,0938-AS07,0938-AS44,0938-AS75,0938-AS96,0938-AT17,0938-AT24",{1},1,{1},1.0
9047,skim milk,0910-AF64,{1},1,{1},1.0
9048,skin condition,2900-AP27,{13},1,{13},1.0
9049,skin disorder,"0960-AF29,0960-AG65,0960-AG91",{13},1,{13},1.0
9050,skin irritation,3084-AA68,{8},1,{8},1.0
9051,slaughter operation,0583-AD52,{1},1,{1},1.0
9052,sleep bag,3084-AA66,{8},1,{8},1.0
9053,slide scale,3072-AC20,{3},1,{3},1.0
9054,slot machine,1545-BL68,{7},1,{7},1.0
9055,slot management,2120-AJ89,{3},1,{3},1.0
9056,slow consumer credit,1550-AB28,{7},1,{7},1.0
9057,small and disadvantaged business,"0750-AA29,0750-AC71",{2},1,{2},1.0
9058,small bank hold company,7100-AE30,{7},1,{7},1.0
9059,small business,"0702-AB05,0750-AA87,0750-AH19,0790-AF72,1991-AB11,2105-AC90,2900-AJ36,3235-AH01,3235-AL33,3245-AF65,3245-AH18,9000-AG37,9000-AK79,9000-AM12","{2, 3, 6, 8, 13}",5,"{2, 3, 6, 8, 13}",5.0
9060,small can,2060-AT43,{5},1,{5},1.0
9061,small claim,3072-AC57,{3},1,{3},1.0
9062,small credit union,3133-AE07,{7},1,{7},1.0
9063,small disadvantaged business,"0750-AD10,0750-AD96,0750-AE33,0750-AF27,2700-AB94,3245-AF65,3245-AH13","{8, 2, 10}",3,"{8, 2, 10}",3.0
9064,small duct,1904-AB45,{6},1,{6},1.0
9065,small electric motor,"1904-AA87,1904-AB70,1904-AD25,1904-AD29,1904-AE18",{6},1,{6},1.0
9066,small employer,"0938-AN60,1545-BL55","{1, 7}",2,"{1, 7}",2.0
9067,small entity,"0651-AD33,2020-AA45,3235-AG62","{8, 5}",2,"{8, 5}",2.0
9068,small farmer,"3052-AC07,3052-AC74,3052-AD32",{7},1,{7},1.0
9069,small generate facility,1902-AF19,{6},1,{6},1.0
9070,small grain,"0563-AB24,0563-AB27,0563-AB49",{9},1,{9},1.0
9071,small group market,0938-AR26,{1},1,{1},1.0
9072,small issuer,3235-AG48,{8},1,{8},1.0
9073,small manufacturer,"1513-AB25,2070-AK29","{1, 5}",2,"{1, 5}",2.0
9074,small modular reactor,3150-AJ68,{6},1,{6},1.0
9075,small organization,3235-AH01,{8},1,{8},1.0
9076,small passenger,"2125-AE60,2126-AA44",{3},1,{3},1.0
9077,small purchase,0750-AD62,{2},1,{2},1.0
9078,small railroad,2130-AB15,{3},1,{3},1.0
9079,small reporting company,3235-AL88,{8},1,{8},1.0
9080,small satellite,3060-AK88,{11},1,{11},1.0
9081,small shareholder,1545-BK03,{7},1,{7},1.0
9082,small system,3060-AF71,{11},1,,0.0
9083,small tract,"0596-AA79,0596-AD40,0596-AD41",{5},1,{5},1.0
9084,small tribe,1076-AD60,,0,,0.0
9085,small unmanned aircraft,"2120-AK82,2120-AK85,2120-AL32",{3},1,{3},1.0
9086,small vessel,0648-BF05,{5},1,{5},1.0
9087,smart appliance,1904-AC48,{6},1,{6},1.0
9088,smart grid policy,1902-AD82,{6},1,{6},1.0
9089,smoke alarm,2502-AH48,{13},1,{13},1.0
9090,smoke density,1219-AB60,{4},1,{4},1.0
9091,smokeless tobacco,"0910-AB17,0910-AG33,0910-AG40,1140-AA31",{1},1,{1},1.0
9092,smoking cessation program,0720-AB50,{1},1,{1},1.0
9093,smoking policy,3090-AG61,,0,,0.0
9094,smoking restriction,3090-AI78,,0,,0.0
9095,snail darter,1018-BE62,{5},1,{5},1.0
9096,snap benefit,0584-AE28,{1},1,{1},1.0
9097,snowmobile regulation,"1024-AD09,1024-AD11,1024-AD29",{5},1,{5},1.0
9098,snowmobile use,"1024-AC82,1024-AD55,1024-AD73",{5},1,{5},1.0
9099,so2 emission,"2060-AQ69,2060-AR42",{5},1,{5},1.0
9100,social assistance,"1218-AD08,3245-AG30,3245-AG88","{8, 4}",2,"{8, 4}",2.0
9101,social medium,0960-AI42,{13},1,{11},1.0
9102,social security,0960-AI04,{13},1,{13},1.0
9103,social service,"0584-AB37,1076-AF29",{1},1,,0.0
9104,social welfare,"1076-AD61,1076-AD98",,0,,0.0
9105,sodium benzoate,0583-AD47,{1},1,{1},1.0
9106,sodium citrate,0583-AB97,{1},1,{1},1.0
9107,sodium labeling,0910-AC62,{1},1,{1},1.0
9108,sodium lactate,0583-AC66,{1},1,{1},1.0
9109,sodium nitrate,0581-AD22,{9},1,{9},1.0
9110,soft dollar,1210-AA74,{4},1,{4},1.0
9111,software copyright,9000-AI04,,0,,0.0
9112,soil conservation,0596-AC71,{5},1,{5},1.0
9113,solar and wind energy development,1004-AE24,{5},1,{5},1.0
9114,solar cell,0694-AE28,{8},1,{8},1.0
9115,sole source award,"0750-AE81,9000-AL29",{2},1,{2},1.0
9116,sole source contract,"9000-AL55,9000-AM90,9000-AN13",,0,,0.0
9117,solicit gift,2900-AP75,{13},1,{13},1.0
9118,solicitation provision,"0605-AA13,0690-AA08,0702-AA39,0702-AA64,0702-AB07,0703-AB15,0750-AH63,0790-AK52","{8, 2}",2,"{8, 2}",2.0
9119,solid material,3150-AH18,{6},1,{6},1.0
9120,solid waste,"2050-AD18,2050-AE14,2050-AE31,2050-AE94,2050-AG44,2050-AG62,2050-AG99,2060-AR15",{5},1,{5},1.0
9121,solid wood packing material,"0579-AA99,0579-AB01,0579-AB48",{1},1,{1},1.0
9122,solvency standard,"0938-AI25,0938-AI83",{1},1,{1},1.0
9123,solvent cleaning,2060-AO10,{5},1,{5},1.0
9124,solvent extraction,"2060-AH22,2060-AJ93,2060-AK32,2060-AU17",{5},1,{5},1.0
9125,some regulatory requirement,"0648-BA29,0648-BB46",{5},1,{5},1.0
9126,sound condition,2900-AL90,{13},1,{13},1.0
9127,sound track,1024-AD30,{5},1,{5},1.0
9128,soundness standard,1550-AA54,{7},1,{7},1.0
9129,source category,"2040-AD57,2040-AF12,2060-AF11,2060-AG91,2060-AH58,2060-AJ29,2060-AK52",{5},1,{5},1.0
9130,source code,"0694-AD95,0694-AE26",{8},1,{8},1.0
9131,source material,"3150-AH15,3150-AI50",{6},1,{6},1.0
9132,source rule,"1545-AJ83,1545-AL40,1545-AU89,1545-BF85",{7},1,{7},1.0
9133,source selection,0750-AG21,{2},1,{2},1.0
9134,southern region,0596-AD24,{5},1,{5},1.0
9135,soy base beverage,0584-AC67,{1},1,{1},1.0
9136,soy protein,0910-AH43,{1},1,{1},1.0
9137,spa safety,3041-AD75,{1},1,{1},1.0
9138,space flight,2700-AD98,{10},1,{10},1.0
9139,space launch vehicle,"0648-BI44,0750-AK12","{2, 5}",2,"{2, 5}",2.0
9140,space system,0790-AI56,{2},1,{2},1.0
9141,space vehicle,"0648-AR70,0648-AX08,0648-AY99",{5},1,{5},1.0
9142,spanish law,0750-AC08,{2},1,{2},1.0
9143,spanish mackerel,"0648-AH53,0648-AI13,0648-AJ12,0648-AL80,0648-BA32,0648-BG56",{5},1,{5},1.0
9144,spare tire,2127-AK42,{3},1,{3},1.0
9145,spark arrester,0596-AD08,{5},1,{5},1.0
9146,spearfishe gear,0648-AX37,{5},1,{5},1.0
9147,special access,3060-AJ80,{11},1,{11},1.0
9148,special action,1018-AW77,{5},1,{5},1.0
9149,special allocation,"1545-BN51,2502-AH41","{13, 7}",2,"{13, 7}",2.0
9150,special allowance,2900-AH37,{13},1,{13},1.0
9151,special area,"0596-AB77,0596-AC04,0596-AC05,0596-AC58,0596-AC59,0596-AC60,0596-AC62,0596-AC74,1004-AC53",{5},1,{5},1.0
9152,special assessment,3064-AB93,{7},1,{7},1.0
9153,special authority,"2900-AP20,3206-AG90",{13},1,{13},1.0
9154,special benefit,"0960-AF61,0960-AF72",{13},1,{13},1.0
9155,special burden,1901-AA58,{6},1,{6},1.0
9156,special call,3038-AC47,{7},1,{7},1.0
9157,special certificate,1235-AA14,{4},1,{4},1.0
9158,special circumstance,1010-AD02,{5},1,{5},1.0
9159,special control,"0910-AF21,0910-AG21,0910-AG75,0910-AH03,0910-AH38,0910-AH39",{1},1,{1},1.0
9160,special counsel,"1105-AA69,3255-AA02",{12},1,,0.0
9161,special definition,0750-AK51,{2},1,{2},1.0
9162,special deposit,1035-AA01,{7},1,{7},1.0
9163,special depreciation,1545-BE56,{7},1,{7},1.0
9164,special education,"1076-AD16,1076-AD49,1820-AB58,1820-AB75,1820-AB76,1820-AB77,1820-AB79",{10},1,{10},1.0
9165,special educational program,1810-AA86,{10},1,{10},1.0
9166,special enrollment period,"0938-AH33,0938-AO77,0938-AS87",{1},1,{1},1.0
9167,special entity,3038-AE19,{7},1,{7},1.0
9168,special federal aviation,2120-AI82,{3},1,{3},1.0
9169,special flood hazard,"1550-AA82,1550-AB31,1557-AB47,1557-AB74,1557-AD67,1557-AD84,3052-AB57,3052-AC46,3052-AC93,3064-AB66,3064-AC24,3064-AE03,3064-AE27,3064-AE50,3133-AB69,3133-AB74,3133-AE18,3133-AE40,3133-AE64,7100-AE60",{7},1,{7},1.0
9170,special food,1120-AA37,{12},1,,0.0
9171,special form,1545-BA42,{7},1,{7},1.0
9172,special grant,1076-AD60,,0,,0.0
9173,special guidance,"1545-BL70,1545-BL71",{7},1,{7},1.0
9174,special immigrant status,"1115-AF44,1615-AA21",{2},1,{2},1.0
9175,special inspector general,"1505-AC22,3460-AA01","{14, 7}",2,"{14, 7}",2.0
9176,special law,1004-AD79,{5},1,{5},1.0
9177,special licensing procedure,0694-AB16,{8},1,{8},1.0
9178,special management program,0648-AW53,{5},1,{5},1.0
9179,special management zone,0648-BD42,{5},1,{5},1.0
9180,special measure,"1506-AA43,1506-AA63,1506-AA64,1506-AA65,1506-AA67,1506-AA83,1506-AB11,1506-AB16,1506-AB19,1506-AB22,1506-AB23,1506-AB30,1506-AB35,1506-AB39",{7},1,{7},1.0
9181,special milk,0584-AB82,{1},1,{1},1.0
9182,special nuclear material,"1992-AA22,1992-AA31,1992-AA36,1992-AA56,3150-AF22,3150-AJ41",{6},1,{6},1.0
9183,special nutrition program,"0584-AD16,0584-AD58",{1},1,{1},1.0
9184,special packaging,"3041-AA22,3041-AB92",{1},1,{1},1.0
9185,special payment,"0938-AK01,0960-AI16","{1, 13}",2,"{1, 13}",2.0
9186,special permit,"2137-AE39,2137-AE99,2137-AF00,2137-AF34",{3},1,,0.0
9187,special procedure,"0750-AD18,2502-AG92,3038-AB79","{2, 13, 7}",3,"{2, 13, 7}",3.0
9188,special program,1810-AB54,{10},1,,0.0
9189,special project,1820-AB67,{10},1,,0.0
9190,special provision,"1004-AB22,2900-AQ72","{13, 5}",2,"{13, 5}",2.0
9191,special purpose vehicle,2127-AH75,{3},1,{3},1.0
9192,special registration,1117-AB40,{1},1,{1},1.0
9193,special regulation,"1018-AE45,1018-AV39,1024-AC26,1024-AC28,1024-AC29,1024-AC58,1024-AC76,1024-AC86,1024-AC87,1024-AC89,1024-AD03,1024-AD04,1024-AD12,1024-AD13,1024-AD32,1024-AD37,1024-AD45,1024-AD53,1024-AD56,1024-AD60,1024-AD73,1024-AD75,1024-AD83,1024-AD92,1024-AE36",{5},1,{5},1.0
9194,special requirement,"1115-AB52,2120-AI61","{2, 3}",2,"{2, 3}",2.0
9195,special right,3206-AM81,,0,,0.0
9196,special rule,"0703-AB04,0938-AN07,1018-AC03,1018-AC30,1018-AD20,1018-AD67,1018-AE04,1018-AF30,1018-AF40,1018-AF41,1018-AF45,1018-AF71,1018-AH57,1018-AH84,1018-AI45,1018-AT54,1018-AU11,1018-AU21,1018-AV79,1018-AX61,1018-AX62,1018-AX77,1018-AX84,1018-AX93,1018-AY40,1018-AZ17,1018-BA49,1090-AA68,1090-AA82,1090-AA92,1545-AE94,1545-AQ81,1545-AS46,1545-AS88,1545-AT53,1545-AT54,1545-AW54,1545-AX34,1545-AX39,1545-AX94,1545-AY41,1545-AY44,1545-BA50,1545-BD80,1545-BE71,1545-BK77,1550-AB96,2060-AR45,2120-AL43,2900-AL71","{1, 2, 3, 5, 7, 13}",6,"{1, 2, 3, 5, 7, 13}",6.0
9197,special sense,2900-AP14,{13},1,{13},1.0
9198,special service,"0607-AA24,0607-AA27,2105-AC47","{8, 3}",2,"{8, 3}",2.0
9199,special supplemental food program,"0584-AA80,0584-AB11,0584-AB53,0720-AA75",{1},1,{1},1.0
9200,special supplemental nutrition program,"0584-AB09,0584-AB10,0584-AC02,0584-AC32,0584-AC33,0584-AC50,0584-AC51,0584-AC67,0584-AC90,0584-AD34,0584-AD36,0584-AD39,0584-AD47,0584-AD71,0584-AD77",{1},1,{1},1.0
9201,special tooling,"9000-AF66,9000-AJ99",,0,,0.0
9202,special transition rule,3220-AB13,{13},1,{13},1.0
9203,special trustee,1035-AA03,{7},1,{7},1.0
9204,special use,"0596-AB36,0596-AB74,0596-AD04,0596-AD12,0596-AD35,0596-AD36,0596-AD43",{5},1,,0.0
9205,special visual flight rule,2120-AG94,{3},1,{3},1.0
9206,specialized equipment,2125-AE94,{3},1,{3},1.0
9207,specialty board,3150-AH19,{6},1,{6},1.0
9208,specialty care,0720-AB42,{1},1,{1},1.0
9209,specialty crop,"0524-AA47,0551-AA63,0581-AD67",{9},1,{9},1.0
9210,specialty hospital,0938-AM35,{1},1,{1},1.0
9211,specialty metal,"0750-AB86,0750-AF66,0750-AF94,0750-AF95,0750-AH78",{2},1,{2},1.0
9212,specific exemption,"3133-AB76,3150-AD83","{6, 7}",2,"{6, 7}",2.0
9213,specific export,0694-AC47,{8},1,{8},1.0
9214,specific information,3235-AD94,{8},1,{8},1.0
9215,specific license,3150-AG13,{6},1,{6},1.0
9216,specific licensee,3150-AG64,{6},1,{6},1.0
9217,specific pollutant,2060-AH20,{5},1,{5},1.0
9218,specific population,0937-AA09,{1},1,{1},1.0
9219,specific position,"3206-AK86,3206-AL67",,0,,0.0
9220,specific product,0910-AF20,{1},1,{1},1.0
9221,specific provision,0938-AP33,{1},1,{1},1.0
9222,specific requirement,"0910-AA25,1902-AD58,1902-AD69,1902-AE77","{1, 6}",2,"{1, 6}",2.0
9223,specific risk,1557-AC34,{7},1,{7},1.0
9224,specific service,2125-AF02,{3},1,{3},1.0
9225,specific training,1902-AF45,{6},1,{6},1.0
9226,specify activity,"0648-AX27,0648-AX86,0648-AY99,0648-BA73,0648-BC52,0648-BC53,0648-BC82,0648-BD69,0648-BD80,0648-BG37,0648-BI62,1018-AD21,1018-AF02,1018-AF54,1018-AH86,1018-AH92,1018-AT82,1018-AU41,1018-AY67,1018-BA99,1018-BD62,1018-BD63",{5},1,{5},1.0
9227,specify area,"0648-AI09,2120-AK72,2120-AL27,2120-AL39,2120-AL44,2120-AL49","{3, 5}",2,"{3, 5}",2.0
9228,specify period,"1115-AE20,2900-AL86","{2, 13}",2,"{2, 13}",2.0
9229,specify risk material,0583-AC88,{1},1,{1},1.0
9230,spectrum band,3060-AK44,{11},1,{11},1.0
9231,speculative position limit,3038-AC93,{7},1,{7},1.0
9232,speech language pathologist,0938-AH37,{1},1,{1},1.0
9233,speech pathology,0938-AG70,{1},1,{1},1.0
9234,speech therapy,"0720-AB36,0720-AB71",{1},1,{1},1.0
9235,speed increase,2120-AH74,{3},1,{3},1.0
9236,speed limit,"1625-AA23,2115-AF04,2115-AF81",{2},1,{3},1.0
9237,spend fuel,"3150-AE64,3150-AF30,3150-AH95,3150-AI47",{6},1,{6},1.0
9238,spend nuclear fuel,"1901-AA49,3150-AF32,3150-AF80,3150-AJ20",{6},1,{6},1.0
9239,sperm whale,0648-BD57,{5},1,{5},1.0
9240,spill prevention,"2050-AF11,2050-AG16,2050-AG23,2050-AG36,2050-AG48,2050-AG50,2050-AG69",{5},1,{5},1.0
9241,spina bifida,"2900-AI65,2900-AI70,2900-AI72,2900-AJ51,2900-AK90,2900-AP09",{13},1,{13},1.0
9242,spinal cord injury,1820-AB67,{10},1,{10},1.0
9243,spiny lobster,"0648-AV61,0648-AY72,0648-BB44,0648-BH01,0648-BI11",{5},1,{5},1.0
9244,split dollar life insurance,1545-BA44,{7},1,{7},1.0
9245,split system,2060-AF81,{5},1,{5},1.0
9246,sponsor entity,"1545-BL96,1545-BN79",{7},1,{7},1.0
9247,sport blackout rule,3060-AH35,{11},1,{11},1.0
9248,sport fishing,"1018-AD27,1018-AD79,1018-AD80,1018-AD81,1018-AD82,1018-AD85,1018-AD86,1018-AD88,1018-AD89",{5},1,{5},1.0
9249,spot bid,0750-AC06,{2},1,{2},1.0
9250,spot market,0581-AC00,{9},1,{7},1.0
9251,spotfin chub,"1018-AF96,1018-AH44",{5},1,{5},1.0
9252,spotter aircraft,0648-AN54,{5},1,{5},1.0
9253,spouse beneficiary,0960-AD56,{13},1,{13},1.0
9254,spring turkey hunt,1024-AD88,{5},1,{5},1.0
9255,sri lanka,"1018-BB33,1018-BC82,1115-AG30,1400-AC66,1400-AD10,1400-AD95,1651-AA19","{2, 5, 14}",3,"{2, 5, 14}",3.0
9256,ssa employee,0960-AE52,{13},1,{13},1.0
9257,ssi benefit,"0960-AD39,0960-AD82,0960-AD93,0960-AE59,0960-AE71,0960-AE77",{13},1,{13},1.0
9258,ssi program,"0960-AC98,0960-AD75,0960-AD84,0960-AD87,0960-AE22",{13},1,{13},1.0
9259,stability testing,0910-AB82,{1},1,{1},1.0
9260,stack wall,2060-AP08,{5},1,{5},1.0
9261,staff assignment,2105-AC38,{3},1,{3},1.0
9262,staff requirement,0938-AH72,{1},1,{1},1.0
9263,staghorn coral,"0648-AU92,0648-AV35",{5},1,{5},1.0
9264,stakeholder input,0524-AA23,{10},1,{10},1.0
9265,standard contract,1901-AA49,{6},1,{6},1.0
9266,standard curriculum,2900-AQ00,{13},1,{13},1.0
9267,standard definition,0648-AG46,{5},1,{5},1.0
9268,standard form,"1660-AA65,9000-AJ31,9000-AJ50,9000-AJ73,9000-AL48,9000-AL72,9000-AM04,9000-AN11",{2},1,{2},1.0
9269,standard format,0651-AA99,{8},1,{8},1.0
9270,standard industry practice,9000-AJ84,,0,,0.0
9271,standard requirement,"0579-AC30,0579-AD86",{1},1,{1},1.0
9272,standard survey,0991-AA79,{1},1,{1},1.0
9273,standard term,"0412-AA72,1545-AV48","{14, 7}",2,"{14, 7}",2.0
9274,standardize testing,0580-AB00,{1},1,{1},1.0
9275,standardized approach,"1557-AD46,1557-AE44,3064-AD96,3064-AE80,7100-AD88,7100-AF22",{7},1,{7},1.0
9276,standardized definition,0950-AA08,{1},1,{1},1.0
9277,standardized framework,"3064-AD29,7100-AD23",{7},1,{7},1.0
9278,standardized option,3235-AI55,{8},1,{8},1.0
9279,standardized term,"0583-AB51,0583-AC82",{1},1,{1},1.0
9280,standby letter,"1557-AD86,2590-AA33",{7},1,{7},1.0
9281,standby mode,"1904-AB95,1904-AC44",{6},1,{6},1.0
9282,standby support,1901-AB17,{6},1,{6},1.0
9283,start up,1545-AU94,{7},1,{8},1.0
9284,state access,"1625-AA06,2115-AE19",{2},1,{2},1.0
9285,state action plan,"2130-AC05,2130-AC20",{3},1,{3},1.0
9286,state administer program,"1880-AA59,1890-AA13",{10},1,{10},1.0
9287,state administration,"1205-AB56,1810-AB05","{10, 4}",2,"{10, 4}",2.0
9288,state administrative expense,0584-AD53,{1},1,{1},1.0
9289,state agency,"0584-AB66,0584-AD05,0960-AF44,1840-AC32,2137-AB48","{1, 10, 3, 13}",4,"{1, 10, 3, 13}",4.0
9290,state agent,1120-AA53,{12},1,{12},1.0
9291,state allotment,"0938-AI39,0938-AI78,0938-AJ72,0938-AK91,0938-AL79,0938-AO04,0938-AO31,0938-AP38,0938-AQ42,0938-AR47,0938-AR78",{1},1,{1},1.0
9292,state and local government,"0348-AA83,0348-AA90,0348-AB40,0503-AA16,0790-AG49,0790-AJ30,0960-AE28,0960-AE69,0960-AI20,1190-AA64,1190-AA65,1190-AA66,1291-AA22,1545-AY88,1545-BH48,1545-BH72,1601-AA61,1880-AA63,2105-AB46,2105-AC12,2105-AC44,2700-AC16,3045-AA33,3067-AC08,3090-AH76,3090-AI32,3090-AI68,3136-AA19","{2, 3, 4, 7, 9, 10, 13}",7,"{2, 3, 4, 7, 9, 10, 13}",7.0
9293,state assessment,0581-AD63,{9},1,{9},1.0
9294,state authority,0648-AG79,{5},1,,0.0
9295,state authorization,"1840-AD20,1840-AD36,1840-AD39",{10},1,,0.0
9296,state bank,3064-AC53,{7},1,{7},1.0
9297,state banking institution,"7100-AB39,7100-AB41,7100-AB77,7100-AB85,7100-AB86,7100-AB87,7100-AB92,7100-AB93,7100-AC00,7100-AC01,7100-AC07,7100-AC13,7100-AC14,7100-AC15,7100-AC28,7100-AC29,7100-AC37,7100-AC38,7100-AC39,7100-AC59,7100-AC62,7100-AC65,7100-AC69,7100-AC73,7100-AC75,7100-AC76,7100-AC77,7100-AC80,7100-AC84,7100-AC88",{7},1,{7},1.0
9298,state certification,0910-AB98,{1},1,{1},1.0
9299,state child 's health insurance program,"0938-AI28,0938-AJ94,0938-AL00,0938-AL37,0938-AN78,0938-AO38,0938-AO86,0938-AO99,0938-AP07",{1},1,{1},1.0
9300,state child health,0938-AI65,{1},1,{1},1.0
9301,state compliance,"2040-AC55,2040-AD27,2125-AD70,2126-AB80","{3, 5}",2,"{3, 5}",2.0
9302,state criminal alien assistance program,1121-AA24,{12},1,{12},1.0
9303,state custody,"1115-AE83,1653-AA06",{2},1,{2},1.0
9304,state department,"1400-AA56,2900-AK03","{13, 14}",2,"{13, 14}",2.0
9305,state exchange,1004-AC58,{5},1,{5},1.0
9306,state flexibility,"0584-AD22,0938-AO48,0938-AP72",{1},1,{1},1.0
9307,state framework,1018-AU42,{5},1,{5},1.0
9308,state grant,"1004-AC71,1293-AA17","{4, 5}",2,"{4, 5}",2.0
9309,state highway safety agency,2127-AH00,{3},1,{3},1.0
9310,state home,"2900-AE87,2900-AJ74,2900-AM97,2900-AN63,2900-AN82,2900-AO60,2900-AO88",{13},1,{13},1.0
9311,state housing agency,2502-AH41,{13},1,{13},1.0
9312,state implementation,2060-AR68,{5},1,{5},1.0
9313,state incentive,2127-AH39,{3},1,{3},1.0
9314,state income taxis,1545-AP86,{7},1,{7},1.0
9315,state innovation,"0938-AQ75,0950-AA10,1505-AC30","{1, 7}",2,"{1, 7}",2.0
9316,state inspection program,2126-AB84,{3},1,{3},1.0
9317,state jurisdiction,"0648-AM81,0648-AN56",{5},1,{5},1.0
9318,state law,"0960-AD97,0960-AE30,0970-AB69,2105-AD67","{1, 3, 13}",3,"{1, 3, 13}",3.0
9319,state legislator,1545-BG92,{7},1,,0.0
9320,state licensing board,2900-AI78,{13},1,{13},1.0
9321,state marketing order,0560-AC23,{9},1,{9},1.0
9322,state matching,2127-AG09,{3},1,{3},1.0
9323,state monitoring,0970-AC66,{1},1,{1},1.0
9324,state nonmember bank,"3064-AD14,3064-AE24",{7},1,{7},1.0
9325,state nursing home,"2900-AJ34,2900-AO02",{13},1,{13},1.0
9326,state official,1545-BI29,{7},1,,0.0
9327,state operating permit,2060-AH46,{5},1,{5},1.0
9328,state opt out,3060-AK52,{11},1,{11},1.0
9329,state option,"0938-AO45,0938-AQ48",{1},1,{1},1.0
9330,state or local law enforcement,1105-AB21,{12},1,,0.0
9331,state permit program,"2050-AD03,2050-AE73",{5},1,{5},1.0
9332,state petition,0596-AC10,{5},1,{5},1.0
9333,state plan,"0584-AD94,1218-AB91,1218-AC76,1810-AB27,2060-AO08,2060-AS55,2060-AU01,2060-AU49","{1, 10, 4, 5}",4,"{1, 10, 4, 5}",4.0
9334,state postsecondary review program,1880-AA59,{10},1,{10},1.0
9335,state program,"2040-AD40,2060-AG60,2060-AG61,2506-AB54,3067-AC64","{13, 2, 5}",3,"{13, 2, 5}",3.0
9336,state regulation,3235-AH14,{8},1,,0.0
9337,state requirement,0938-AR07,{1},1,,0.0
9338,state responsibility,2132-AA39,{3},1,{3},1.0
9339,state safety oversight,"2132-AA57,2132-AA69,2132-AA76,2132-AA98,2132-AB19",{3},1,{3},1.0
9340,state seat belt,2127-AH38,{3},1,{3},1.0
9341,state sponsor,"0694-AD81,0694-AE45,0694-AG60,0750-AI34,0750-AI67,0750-AJ68,0938-AL30,3235-AJ98","{8, 1, 2}",3,"{8, 1, 2}",3.0
9342,state victim,0720-AA42,{1},1,{1},1.0
9343,state water,"1010-AC56,2009-AA04,2115-AF50,2137-AD42","{2, 3, 5}",3,"{2, 3, 5}",3.0
9344,stationary diesel engine,2060-AO73,{5},1,{5},1.0
9345,stationary source,"2060-AF02,2060-AH23,2060-AH84,2060-AJ88,2060-AO58,2060-AO74,2060-AQ23,2060-AQ51,2060-AQ91,2060-AS91,2060-AT09,2060-AT15",{5},1,{5},1.0
9346,statistical agency,0348-AB81,,0,,0.0
9347,statistical information,0348-AB38,,0,,0.0
9348,status report,0910-AC04,{1},1,{1},1.0
9349,status review,0648-AP33,{5},1,{5},1.0
9350,statutory amendment,"1513-AB72,1513-AC31,2900-AL78,3245-AH02","{8, 1, 13}",3,"{8, 1, 13}",3.0
9351,statutory authority,1400-AD61,{14},1,,0.0
9352,statutory cap,1810-AB05,{10},1,{10},1.0
9353,statutory change,"0648-AJ24,1105-AB15,1105-AB46,1210-AA55,1513-AA06,1660-AA19,2502-AH31,2577-AC67,3067-AD26","{1, 2, 4, 5, 12, 13}",6,"{1, 2, 4, 5, 12, 13}",6.0
9354,statutory disqualification,3235-AE39,{8},1,{8},1.0
9355,statutory exemption,"1210-AA99,1210-AB13,1210-AB17,1210-AB35",{4},1,{4},1.0
9356,statutory jurisdiction,2140-AA38,{3},1,{3},1.0
9357,statutory obligation,0991-AA86,{1},1,{1},1.0
9358,statutory period,2900-AO09,{13},1,{13},1.0
9359,statutory prohibition,3206-AH71,,0,,0.0
9360,statutory provision,"0563-AC45,1120-AB21","{9, 12}",2,"{9, 12}",2.0
9361,statutory requirement,"1545-BN25,1545-BN26,2127-AJ83","{3, 7}",2,"{3, 7}",2.0
9362,statutory review,3211-AA10,{11},1,{11},1.0
9363,statutory revision,"0938-AK36,2577-AC37","{1, 13}",2,"{1, 13}",2.0
9364,steel erection,1218-AA65,{4},1,{4},1.0
9365,steller sea lion,"0648-AM08,0648-AY39,0648-BB41,1018-AE10",{5},1,{5},1.0
9366,stem degree,"1653-AA56,1653-AA72",{2},1,{2},1.0
9367,stephen 's kangaroo rat,1018-AG74,{5},1,{5},1.0
9368,stephens kangaroo rat,1018-BE64,{5},1,{5},1.0
9369,sterility requirement,"0910-AA88,0910-AG25",{1},1,{1},1.0
9370,stock appreciation right,1215-AB31,{4},1,{4},1.0
9371,stock basis,1545-BC28,{7},1,{7},1.0
9372,stock conversion,1557-AE21,{7},1,{7},1.0
9373,stock drop,1545-AU73,{7},1,{7},1.0
9374,stock issuance,3052-AB91,{7},1,{7},1.0
9375,stock life subsidiary,1545-AW70,{7},1,{7},1.0
9376,stock option,1215-AB31,{4},1,{7},1.0
9377,stock ownership,1545-BL00,{7},1,{7},1.0
9378,stock redemption,"1545-AH85,1545-BH87",{7},1,{7},1.0
9379,stock transfer rule,"1545-AX63,1545-AX64,1545-AX65,1545-AY53",{7},1,{7},1.0
9380,stockholder vote,3052-AC00,{7},1,{7},1.0
9381,stop violence,"1105-AB07,1105-AB07,1121-AA67,1121-AA67",{12},1,{12},1.0
9382,storage credit,1006-AA40,{5},1,{5},1.0
9383,storage requirement,0560-AH52,{9},1,{9},1.0
9384,storage standard,3095-AA90,{10},1,{10},1.0
9385,storage system,3150-AK35,{6},1,{6},1.0
9386,storage vessel,"2060-AP83,2060-AS49",{5},1,{5},1.0
9387,store pesticide,"2020-AA29,2070-AC08",{5},1,{5},1.0
9388,store value card,3064-AC80,{7},1,{7},1.0
9389,storm water discharge,"2040-AC60,2040-AE81",{5},1,{5},1.0
9390,stormwater discharge,2040-AF42,{5},1,{5},1.0
9391,stormwater regulation,2040-AF42,{5},1,{5},1.0
9392,straddle rule,"1545-AT46,1545-BC83",{7},1,{7},1.0
9393,strand cost,"1902-AB56,1902-AB65",{6},1,{6},1.0
9394,strategic growth,"1018-AT73,1018-AZ89",{5},1,{5},1.0
9395,strategic national stockpile,0910-AF90,{1},1,{1},1.0
9396,strategic petroleum reserve,1901-AB16,{6},1,{6},1.0
9397,stratospheric ozone,"2060-AE52,2060-AE70,2060-AE92,2060-AF36,2060-AF37,2060-AF80,2060-AF97,2060-AG12,2060-AG19,2060-AG20,2060-AG35,2060-AG48,2060-AH26,2060-AH29,2060-AH44,2060-AH54,2060-AH67,2060-AH99,2060-AI07,2060-AI24,2060-AI26,2060-AI40,2060-AI41,2060-AI42,2060-AI46,2060-AJ27,2060-AJ58,2060-AJ63,2060-AJ74,2060-AJ81,2060-AK26,2060-AK30,2060-AK44,2060-AK45,2060-AK48,2060-AK67,2060-AL77,2060-AL90,2060-AL94,2060-AL95,2060-AM01,2060-AM05,2060-AM09,2060-AM15,2060-AM46,2060-AM49,2060-AM50,2060-AM51,2060-AM54,2060-AM55,2060-AM56,2060-AM65,2060-AN11,2060-AN13,2060-AN18,2060-AN29,2060-AN30,2060-AN48,2060-AN54,2060-AN58,2060-AN81,2060-AN87,2060-AO10,2060-AO28,2060-AO29,2060-AO30,2060-AO32,2060-AO44,2060-AO68,2060-AO75,2060-AO76,2060-AO77,2060-AO78,2060-AP11,2060-AP18,2060-AP54,2060-AP59,2060-AP62,2060-AP92,2060-AQ39,2060-AQ82,2060-AQ83,2060-AQ84,2060-AQ98,2060-AR04,2060-AR20,2060-AR41,2060-AR80,2060-AR89,2060-AS04,2060-AS18,2060-AS38,2060-AS44,2060-AS51,2060-AS68,2060-AS80,2060-AT43,2060-AT53,2060-AT78,2060-AT81,2060-AT88,2060-AU11,2060-AU26",{5},1,{5},1.0
9398,stream protection rule,1029-AC63,{5},1,{5},1.0
9399,streamline change,2506-AB90,{13},1,{13},1.0
9400,streamline procedure,2040-AC57,{5},1,{5},1.0
9401,streamline rule,"2050-AG40,2501-AC09","{13, 5}",2,"{13, 5}",2.0
9402,strengthen enforcement,2501-AC95,{13},1,{13},1.0
9403,strengthen management oversight,0575-AD08,{9},1,{9},1.0
9404,stress test rule,7100-AF02,{7},1,{7},1.0
9405,stress testing,"2590-AA74,2590-AB05,3052-AD15,3133-AE27,3133-AE44,3133-AE80,3235-AL63,7100-AF39","{8, 7}",2,"{8, 7}",2.0
9406,stripe bass fishing,0648-BI07,{5},1,{5},1.0
9407,stripe bass regulation,0648-AH57,{5},1,{5},1.0
9408,striped bass,0648-AW47,{5},1,{5},1.0
9409,stripper wells,1004-AE04,{5},1,{5},1.0
9410,strong sensitizer,3041-AB88,{1},1,{1},1.0
9411,structural alteration,2900-AO17,{13},1,{13},1.0
9412,structural change,3235-AI48,{8},1,{8},1.0
9413,structural damage,1660-AA68,{2},1,{2},1.0
9414,structural measure,2115-AF27,{2},1,{2},1.0
9415,structured settlement,1105-AA82,{12},1,{12},1.0
9416,student access,1840-AD38,{10},1,{10},1.0
9417,student child,0960-AF60,{13},1,{13},1.0
9418,student eligibility,"0584-AA90,0584-AE41,1840-AB84,1845-AA07","{1, 10}",2,"{1, 10}",2.0
9419,student intern,1400-AC35,{14},1,{14},1.0
9420,student loan,"3206-AE51,3206-AJ12,3206-AJ33,3206-AK37,3206-AK51",,0,,0.0
9421,student program,3206-AK59,,0,,0.0
9422,student right,"1855-AA03,1875-AA09,1880-AA66",{10},1,{10},1.0
9423,student support service,1840-AC24,{10},1,{10},1.0
9424,student worker,1215-AB10,{4},1,{4},1.0
9425,sturgeon caviar,1018-AV70,{5},1,{5},1.0
9426,sub penny,3235-AI23,{8},1,{8},1.0
9427,subcontracting plan,"0348-AB30,0348-AB31,0750-AC24,3090-AI12",{2},1,{2},1.0
9428,submarine cable,3060-AK39,{11},1,{11},1.0
9429,subminimum wage,1820-AB70,{10},1,{10},1.0
9430,submission requirement,"0694-AD52,1660-AA77","{8, 2}",2,"{8, 2}",2.0
9431,submit fingerprint,"1115-AG07,1615-AB01",{2},1,{2},1.0
9432,suborbital reusable launch vehicle,2120-AI56,{3},1,{3},1.0
9433,subordinated debt,"1557-AD73,3038-AB12,3133-AE66",{7},1,{7},1.0
9434,subpoena authority,2900-AH00,{13},1,{13},1.0
9435,subsequent season,"1018-AC70,1018-AD63,1018-AF23",{5},1,{5},1.0
9436,subsidiary company,3235-AF79,{8},1,{8},1.0
9437,subsidiary corporation,"1515-AD14,1651-AA43",{2},1,{2},1.0
9438,subsidiary stock,"1545-BB61,1545-BI32,1545-BJ28",{7},1,{7},1.0
9439,subsistence allowance,2900-AO10,{13},1,{13},1.0
9440,subsistence fishery,"0648-AQ09,0648-AX53",{5},1,{5},1.0
9441,subsistence fishing,"0648-AT44,0648-AW36",{5},1,{5},1.0
9442,subsistence hunter,1018-BA88,{5},1,{5},1.0
9443,subsistence hunting,"1018-AF74,1018-AG03,1018-AG55",{5},1,{5},1.0
9444,subsonic jet,2120-AI01,{3},1,{3},1.0
9445,substance abuse,"0930-AA01,0930-AA03,0930-AA09,0930-AA11,0930-AA17,0930-AA23",{1},1,{1},1.0
9446,substance dependence,0720-AB54,{1},1,{1},1.0
9447,substandard care,0938-AH69,{1},1,{1},1.0
9448,substantial assistance,"1545-BI23,1545-BI24",{7},1,{7},1.0
9449,substantial equivalence,"0910-AG96,0910-AH89",{1},1,{1},1.0
9450,substantial evidence,0910-AB08,{1},1,{1},1.0
9451,substantial gainful activity,"0938-AK94,0960-AE98","{1, 13}",2,"{1, 13}",2.0
9452,substantial product hazard,3041-AC39,{1},1,{1},1.0
9453,substantial rehabilitation,2501-AD75,{13},1,{13},1.0
9454,substantial risk,1545-BJ15,{7},1,{7},1.0
9455,substantially similar rule,2060-AN94,{5},1,{5},1.0
9456,substantive amendment,2125-AD72,{3},1,{3},1.0
9457,substantive change,0607-AA50,{8},1,{8},1.0
9458,substantive requirement,0651-AB36,{8},1,{8},1.0
9459,substitute dividend payment,1545-BB56,{7},1,{7},1.0
9460,successor entity,"0750-AH32,9000-AM11",{2},1,{2},1.0
9461,such determination,3220-AB06,{13},1,{13},1.0
9462,such fish,0583-AD36,{1},1,{1},1.0
9463,such monitoring,2060-AM63,{5},1,{5},1.0
9464,such vessel,2133-AB46,{3},1,{3},1.0
9465,sufficient resource,2900-AO99,{13},1,{13},1.0
9466,sugar beet,"0560-AG95,0563-AB55",{9},1,{9},1.0
9467,sugar program,"0560-AG73,0560-AI15",{9},1,{9},1.0
9468,suggestion program,0938-AJ30,{1},1,{1},1.0
9469,suicide prevention program,1120-AB06,{12},1,{12},1.0
9470,sulfite agent,"0910-AA03,0910-AD69,0910-AD70,0910-AD71,0910-AD72,0910-AD73,0910-AD74,0910-AD75",{1},1,{1},1.0
9471,sulfur dioxide,"2060-AA61,2060-AD04,2060-AO48,2060-AS15",{5},1,{5},1.0
9472,sulfur oxide,2060-AT68,{5},1,{5},1.0
9473,summary datum,1250-AA03,{4},1,{4},1.0
9474,summer employment,3206-AG21,,0,,0.0
9475,summer flounder,"0648-AH06,0648-AJ42,0648-AJ53,0648-AK44,0648-AK78,0648-AM46,0648-AM48,0648-AN12,0648-AN70,0648-AN71,0648-AO54,0648-AO55,0648-AO56,0648-AO91,0648-AO92,0648-AP06,0648-AP56,0648-AP65,0648-AQ30,0648-AQ32,0648-AQ80,0648-AQ82,0648-AR43,0648-AR50,0648-AR51,0648-AR62,0648-AS21,0648-AS22,0648-AT26,0648-AT27,0648-AT28,0648-AT60,0648-AU35,0648-AU36,0648-AV21,0648-AV43,0648-BC07,0648-BE60,0648-BE89,0648-BH80,0648-BI48,0648-BI93,0648-BJ18",{5},1,{5},1.0
9476,summer food service,0584-AC21,{1},1,{1},1.0
9477,sunday work,3206-AM08,,0,,0.0
9478,sunlamp product,"0910-AG30,0910-AH14",{1},1,{1},1.0
9479,sunscreen product,0910-AC68,{1},1,{1},1.0
9480,sunset date,"0938-AN80,0938-AO36,0938-AO83,0960-AH05,0960-AH56,0960-AH76,0960-AH83,0960-AI06,0960-AI26,0960-AI36,2127-AL64,9000-AM08,9000-AM26","{1, 3, 13}",3,"{1, 3, 13}",3.0
9481,sunset provision,9000-AJ53,,0,,0.0
9482,sunset review,"0581-AD17,0581-AD22",{9},1,{9},1.0
9483,sunshine act,"3045-AA21,3052-AC58,3147-AA08,3480-AA00,3480-AA01","{3, 13, 7}",3,"{3, 13, 7}",3.0
9484,supersonic aircraft,"2120-AL29,2120-AL30",{3},1,{3},1.0
9485,supervised institution,7100-AE53,{7},1,{7},1.0
9486,supervisory authority,3170-AA24,{7},1,{7},1.0
9487,supervisory review,0910-AH37,{1},1,{1},1.0
9488,supplemental application,"0910-AA35,0910-AG94",{1},1,{1},1.0
9489,supplemental appropriation,"1512-AB83,1512-AB93",{1},1,{1},1.0
9490,supplemental coverage,0750-AI89,{2},1,{2},1.0
9491,supplemental insurance plan,0720-AA01,{1},1,{1},1.0
9492,supplemental leverage ratio,1557-AE60,{7},1,{7},1.0
9493,supplemental nutrition assistance program,"0584-AD88,0584-AD89,0584-AD91,0584-AE02,0584-AE07,0584-AE22,0584-AE35,0584-AE37,0584-AE39,0584-AE40,0584-AE41,0584-AE43,0584-AE45,0584-AE46,0584-AE47,0584-AE48,0584-AE51,0584-AE56,0584-AE57,0584-AE61,0584-AE62,0584-AE68,0584-AE69,0584-AE70,0584-AE71,0584-AE76,0584-AE77",{1},1,{1},1.0
9494,supplemental oxygen,2120-AI65,{3},1,{3},1.0
9495,supplemental proposal,1557-AD70,{7},1,{7},1.0
9496,supplemental regulation,3203-AA08,{7},1,{7},1.0
9497,supplemental rule,"1545-AX63,1545-AX64,2060-AE52,2060-AE92,2060-AF36,2060-AF93","{5, 7}",2,"{5, 7}",2.0
9498,supplemental security income,"0960-AD11,0960-AD36,0960-AD90,0960-AD91,0960-AE08,0960-AE13,0960-AE17,0960-AE56,0960-AE59,0960-AE71,0960-AE96,0960-AF18,0960-AF63",{13},1,{13},1.0
9499,supplemental statement,"2900-AK33,2900-AL42,2900-AM49",{13},1,{13},1.0
9500,supplemental tax,1545-AT56,{7},1,{7},1.0
9501,supplemental use,3060-AH53,{11},1,{11},1.0
9502,supplementary information,3038-AC80,{7},1,{7},1.0
9503,supplementary leverage ratio,"3064-AE12,7100-AE16,7100-AF46",{7},1,{7},1.0
9504,supply chain risk,0750-AH96,{2},1,{2},1.0
9505,supply service,3245-AE17,{8},1,{8},1.0
9506,support act,1117-AB55,{1},1,{1},1.0
9507,support activity,"3245-AF29,3245-AG44,7100-AD50","{8, 7}",2,"{8, 7}",2.0
9508,support anti terrorism,1601-AA15,{2},1,{2},1.0
9509,support document,"0694-AH11,2126-AB20","{8, 3}",2,"{8, 3}",2.0
9510,support evidence,2900-AN33,{13},1,{13},1.0
9511,support receipt,3090-AF88,,0,,0.0
9512,support reform,0750-AC50,{2},1,{2},1.0
9513,support service,1515-AE21,{8},1,,0.0
9514,support standard,0938-AR36,{1},1,{1},1.0
9515,support test,1545-BD01,{7},1,{7},1.0
9516,support use,"0648-BC78,0648-BF73",{5},1,{5},1.0
9517,supportive housing,"2501-AD37,2502-AF86,2502-AF87,2502-AG51,2502-AH21,2502-AH36,2502-AH83,2502-AI67,2502-AJ10",{13},1,{13},1.0
9518,supportive service,"2125-AB15,2577-AC07,2900-AN53,2900-AO50,2900-AP61","{3, 13}",2,"{3, 13}",2.0
9519,surety bond,"0750-AA41,0938-AS65,2125-AD94,2126-AA24","{1, 2, 3}",3,"{1, 2, 3}",3.0
9520,surety company,"1510-AA49,1510-AB08,1510-AB27,1530-AA00",{7},1,{7},1.0
9521,surf clam,"0648-AQ31,0648-AQ79,0648-AR52",{5},1,{5},1.0
9522,surface coal mine,1219-AB15,{4},1,{4},1.0
9523,surface coating,"2060-AG00,2060-AG54,2060-AG55,2060-AG56,2060-AG57,2060-AG96,2060-AG99,2060-AH02,2060-AK20,2060-AM28,2060-AN10,2060-AQ42,2060-AT49,2060-AT51,2060-AT51,2060-AT71,2060-AT72,2060-AT72",{5},1,{5},1.0
9524,surface impoundment,2060-AG44,{5},1,{5},1.0
9525,surface mining control and reclamation act,2050-AG45,{5},1,{5},1.0
9526,surface mining operation,1029-AB91,{5},1,{5},1.0
9527,surface stone,1219-AB17,{4},1,{4},1.0
9528,surface transportation,0702-AA98,{2},1,{3},1.0
9529,surface use,1004-AE02,{5},1,{5},1.0
9530,surface vessel,0694-AF42,{8},1,{8},1.0
9531,surgeon 's glove,0910-AH02,{1},1,{1},1.0
9532,surplus fund,3064-AB92,{7},1,{7},1.0
9533,surplus real property,"0701-AA35,3090-AG60,3090-AG67",{2},1,{2},1.0
9534,surveillance service,9000-AN83,,0,,0.0
9535,survey result,"3206-AH07,3206-AI38",,0,,0.0
9536,survive spouse,"1545-BI58,1545-BK74,1545-BK90,2900-AI36,2900-AM24,2900-AO38","{13, 7}",2,"{13, 7}",2.0
9537,suspect crime,3052-AB33,{7},1,{7},1.0
9538,suspend regulation,0917-AA13,{1},1,{1},1.0
9539,suspension procedure,3245-AG40,{8},1,{8},1.0
9540,suspension regulation,1090-AB12,{5},1,{5},1.0
9541,suspicious activity,1557-AB19,{7},1,,0.0
9542,suspicious order,1117-AB47,{1},1,{1},1.0
9543,suspicious transaction,"1506-AA13,1506-AA34,1506-AA36,1506-AA87",{7},1,{7},1.0
9544,sustainable future,2070-AD60,{5},1,{5},1.0
9545,sustainable growth rate,0938-AI16,{1},1,{1},1.0
9546,sustained homeownership,2502-AI79,{13},1,{13},1.0
9547,swap agreement,3133-AC72,{7},1,{7},1.0
9548,swap datum repository,"3038-AD20,3038-AD24,3038-AD83,3038-AE14,3038-AE30",{7},1,{7},1.0
9549,swap dealer,"1557-AD43,3038-AC95,3038-AC97,3038-AD06,3038-AD25,3038-AD40,3038-AD41,3038-AD42,3038-AD43,3038-AD44,3038-AD45,3038-AD54,3038-AD66,3038-AE00,3038-AE07,3038-AE18,3038-AE35,3038-AE49,3038-AE54,3038-AE56,3038-AE71,3038-AE84,3038-AE85",{7},1,{7},1.0
9550,swap exclusion,1545-BK22,{7},1,{7},1.0
9551,swap execution,3038-AD37,{7},1,{7},1.0
9552,swap transaction,"3038-AD08,3038-AD68",{7},1,{7},1.0
9553,sweet spirit,0910-AC87,{1},1,{1},1.0
9554,swimming pool,1190-AA68,{13},1,{13},1.0
9555,syndicate exclusivity,3060-AH35,{11},1,{11},1.0
9556,synthetic fiber,2040-AD45,{5},1,{5},1.0
9557,system approach,"0579-AC82,0579-AD37,0579-AD38",{1},1,{1},1.0
9558,system approval,0584-AD72,{1},1,{1},1.0
9559,system condition,1902-AE79,{6},1,{6},1.0
9560,system institution,3052-AB86,{7},1,{7},1.0
9561,systematic review,"0694-AE32,0694-AE33,0694-AE56",{8},1,{8},1.0
9562,systemic condition,2900-AE95,{13},1,{13},1.0
9563,systemically important insurance company,7100-AE54,{7},1,{7},1.0
9564,t-1 report,"1215-AB75,1245-AA02",{4},1,{4},1.0
9565,table egg,0579-AC47,{1},1,{1},1.0
9566,table grape,0579-AC13,{1},1,{1},1.0
9567,table saw,3041-AC31,{1},1,{1},1.0
9568,table see,3041-AC19,{1},1,{1},1.0
9569,tail intact,0648-AF32,{5},1,{5},1.0
9570,tanf program,"0970-AB65,0970-AB75,0970-AC06",{1},1,{1},1.0
9571,tangible net equity,0570-AA49,{9},1,{9},1.0
9572,tangible personal property,1545-BL64,{7},1,{7},1.0
9573,tangible property,1545-BE18,{7},1,{7},1.0
9574,tank barge,2115-AF65,{2},1,{2},1.0
9575,tank car,"2137-AB89,2137-AC24,2137-AC85,2137-AD57",{3},1,{3},1.0
9576,tank level,"1625-AA94,2115-AD69,2115-AG10",{2},1,{2},1.0
9577,tanner crab,"0648-AN55,0648-AO98,0648-AW97",{5},1,{5},1.0
9578,tar sand,1004-AD76,{5},1,{5},1.0
9579,target area,2127-AK81,{3},1,{3},1.0
9580,target asset,1545-AU73,{7},1,{7},1.0
9581,target case management,0938-AL87,{1},1,{1},1.0
9582,target housing,"2070-AC65,2070-AC75,2070-AD64,2070-AD65,2501-AD45,2501-AD84","{13, 5}",2,"{13, 5}",2.0
9583,target population,"0970-AC35,0970-AC36,1545-BE89","{1, 7}",2,"{1, 7}",2.0
9584,tariff filing requirement,2140-AA22,{3},1,{3},1.0
9585,tariff regulation,"2140-AA04,3120-AB83",{3},1,{3},1.0
9586,tariff system,3072-AC14,{3},1,{3},1.0
9587,tariff treatment,1505-AB41,{7},1,{7},1.0
9588,tarmac delay regulation,2105-AE48,{3},1,{3},1.0
9589,task force,"0694-AE71,3235-AG75,3235-AG80",{8},1,,0.0
9590,task order,"0750-AD81,0750-AK40,9000-AI72",{2},1,{2},1.0
9591,tax adjustment,3090-AH03,,0,,0.0
9592,tax avoidance transaction,"1545-BH22,1545-BH55",{7},1,{7},1.0
9593,tax classification,1513-AB34,{1},1,{1},1.0
9594,tax consequence,1545-AN71,{7},1,{7},1.0
9595,tax credit,"1545-BJ76,1545-BJ77,1545-BL55",{7},1,{7},1.0
9596,tax cut,"1545-BO62,1545-BP21",{7},1,{7},1.0
9597,tax delinquency,9000-AK73,,0,,0.0
9598,tax equity and fiscal responsibility act,"1545-BH22,1545-BH55",{7},1,{7},1.0
9599,tax exempt bond,"1545-AS49,1545-AU39,1545-AY88,1545-BC40,1545-BG41,1545-BG91,1545-BH48,1545-BI22,1545-BL75,1545-BM46,1545-BO77",{7},1,{7},1.0
9600,tax exempt entity,"1545-AN21,1545-BH72",{7},1,{7},1.0
9601,tax exempt organization,"1545-AV13,1545-AW10,1545-BG60,1545-BI29,1545-BL81",{7},1,{7},1.0
9602,tax exempt trust,1545-BJ42,{7},1,{7},1.0
9603,tax exemption,"0750-AD46,1545-BK63,1545-BK64,2502-AG64","{2, 13, 7}",3,"{2, 13, 7}",3.0
9604,tax free transfer,1545-BK73,{7},1,{7},1.0
9605,tax identification number,0648-AV76,{5},1,{5},1.0
9606,tax information,2140-AA98,{3},1,{3},1.0
9607,tax item,1545-BI62,{7},1,{7},1.0
9608,tax liability,"1545-AU97,1545-AY13,1545-BH19",{7},1,{7},1.0
9609,tax matter partner,"1545-AQ47,1545-AS09",{7},1,{7},1.0
9610,tax problem,0750-AE19,{2},1,{2},1.0
9611,tax procedure,0750-AE18,{2},1,{2},1.0
9612,tax program,0938-AI30,{1},1,{1},1.0
9613,tax reform,1545-BP02,{7},1,{7},1.0
9614,tax refund,"0991-AB17,1212-AA72,1510-AA65,1510-AA66","{1, 13, 7}",3,"{1, 13, 7}",3.0
9615,tax relief,"0660-AA29,0750-AK13,1205-AB64,3060-AJ74,3060-AJ84,3060-AJ86","{2, 11, 4}",3,"{2, 11, 4}",3.0
9616,tax reporting purpose,1545-BH05,{7},1,{7},1.0
9617,tax return,"1545-AU47,1545-BH12",{7},1,{7},1.0
9618,tax shelter,1545-BA04,{7},1,{7},1.0
9619,tax treatment,"1545-AU61,1545-AV43,1545-AY23,1545-AY67",{7},1,{7},1.0
9620,taxable fuel,"1545-BC08,1545-BD29",{7},1,{7},1.0
9621,taxable income,"1545-BB26,1545-BC95,1545-BC96,1545-BI46,1545-BI47",{7},1,{7},1.0
9622,taxable year,"1545-AO22,1545-AY30,1545-BB27",{7},1,{7},1.0
9623,taxpayer bill,"1545-AU63,1545-AU64,1545-AV42,1545-AV57",{7},1,{7},1.0
9624,taxpayer identification number,"0750-AC66,0750-AF58,1545-AV08,1545-AV09,1545-BB88,1545-BJ16,1545-BM40,1660-AA04,3067-AC76,9000-AK33","{2, 7}",2,"{2, 7}",2.0
9625,taxpayer relief act,"1545-AV94,1545-AV95",{7},1,{7},1.0
9626,taxpayer right,1545-BA31,{7},1,{7},1.0
9627,teacher preparation,"1840-AD07,1840-AD24",{10},1,{10},1.0
9628,teacher program,0790-AK74,{2},1,{2},1.0
9629,teacher quality,"1855-AA04,1855-AA15",{10},1,{10},1.0
9630,teaching activity,0551-AA83,{9},1,{9},1.0
9631,teaching facility,0906-AA39,{1},1,{1},1.0
9632,teaching hospital,0938-AO35,{1},1,{1},1.0
9633,team meeting,1120-AA64,{12},1,,0.0
9634,technical amendment,"0412-AA53,0570-AA96,0583-AC40,0605-AA17,0625-AA49,0648-AR02,0648-AR71,0648-AS20,0648-AX26,0648-BB25,0648-BE73,0648-BF13,0648-BG49,0648-BH09,0648-BH50,0648-BI40,0694-AD54,0694-AD90,0694-AE93,0694-AF23,0694-AG23,0694-AG70,0694-AH34,0750-AC70,0906-AA38,0906-AA47,0920-AA74,0938-AH53,0938-AL02,0938-AL38,0938-AR77,0960-AG24,0960-AG46,0960-AG68,0960-AH55,1010-AC87,1010-AD26,1018-BA56,1024-AD98,1029-AC62,1076-AE11,1076-AE31,1076-AF21,1105-AB02,1117-AA91,1140-AA32,1140-AA50,1210-AB56,1215-AB16,1215-AB22,1240-AA05,1400-AD92,1400-AE06,1506-AB32,1512-AB47,1512-AB56,1512-AB82,1512-AB91,1512-AC00,1512-AC15,1512-AC37,1513-AA30,1513-AB32,1530-AA09,1535-AA02,1545-BL50,1545-BM64,1545-BN98,1550-AB91,1550-AC05,1550-AC45,1557-AC79,1557-AD19,1557-AD29,1557-AD32,1557-AD45,1557-AD76,1557-AD86,1557-AE51,1601-AA51,1625-AB07,1625-AB98,1652-AA20,1652-AA46,1653-AA20,1660-AA64,1660-AA65,1890-AA12,1901-AA88,1901-AB22,1904-AB07,1990-AA35,1991-AB34,1991-AB40,1991-AB41,1991-AB51,1991-AB62,1991-AB79,1992-AA47,1992-AA50,2025-AA23,2030-AA82,2050-AE95,2060-AF49,2060-AF58,2060-AG44,2060-AG47,2060-AH33,2060-AH96,2060-AI71,2060-AJ44,2060-AM28,2060-AM32,2060-AN47,2060-AN78,2060-AN95,2060-AO09,2060-AO36,2060-AO71,2060-AP13,2060-AP85,2060-AQ05,2060-AQ18,2060-AQ22,2060-AS15,2060-AS86,2060-AT84,2070-AJ42,2070-AK00,2070-AK41,2080-AA11,2105-AD02,2105-AE13,2105-AE54,2115-AF21,2115-AF33,2115-AF34,2115-AG44,2125-AD00,2125-AD54,2125-AD71,2125-AD90,2125-AE12,2125-AE23,2125-AE61,2126-AA45,2126-AB25,2126-AB50,2127-AF93,2127-AG28,2127-AH45,2127-AK63,2132-AA59,2133-AB59,2137-AD77,2137-AE29,2139-AA03,2140-AA47,2140-AA63,2501-AC32,2501-AC38,2501-AC43,2502-AG98,2502-AI40,2577-AB64,2577-AB70,2577-AC10,2590-AA79,2700-AC99,2900-AH59,3041-AC21,3041-AD74,3052-AC05,3064-AC30,3064-AC52,3064-AD76,3069-AA63,3069-AA67,3069-AA68,3069-AA73,3069-AA91,3069-AA93,3069-AA95,3090-AJ54,3095-AA85,3095-AB15,3112-AA02,3133-AC53,3133-AD36,3133-AE12,3133-AE13,3133-AE20,3133-AE33,3133-AE42,3133-AE61,3134-AA01,3137-AA05,3137-AA06,3137-AA21,3137-AA25,3137-AA26,3141-AA24,3145-AA42,3235-AH59,3235-AI04,3235-AI53","{1, 2, 3, 4, 5, 6, 7, 8, 9, 10, 12, 13, 14}",13,"{1, 2, 3, 4, 5, 6, 7, 8, 9, 10, 12, 13, 14}",13.0
9635,technical assistance,"0551-AA62,0551-AA63,0551-AA71,0551-AA98,0570-AA12,0572-AB15,0575-AC25,0790-AG14,2050-AE33,3052-AB43","{9, 2, 5, 7}",4,"{9, 2, 5, 7}",4.0
9636,technical change,"0560-AG99,0580-AA93,0596-AC81,0599-AA11,0960-AD89,0960-AG43,1010-AD50,1010-AD55,1010-AD57,1115-AF21,1120-AB54,1120-AB63,1120-AB66,1557-AE21,1840-AC46,1840-AC47,2060-AH90,2105-AD58,2506-AC02,2900-AO69,3052-AB83,3052-AC63","{1, 2, 3, 5, 7, 9, 10, 12, 13}",9,"{1, 2, 3, 5, 7, 9, 10, 12, 13}",9.0
9637,technical clarification,3245-AG67,{8},1,{8},1.0
9638,technical correction,"0560-AD72,0560-AE29,0583-AC28,0648-AX34,0651-AC83,0660-AA20,0694-AD32,0694-AD46,0694-AD88,0694-AE07,0694-AE32,0694-AE49,0694-AE69,0694-AG95,0694-AH31,0720-AA77,0906-AA97,0938-AH32,0938-AQ32,0960-AH33,1014-AA15,1018-AX28,1018-AX31,1018-AX98,1018-AY31,1018-AZ90,1018-BA89,1018-BB21,1018-BB28,1018-BC54,1018-BC64,1018-BD73,1018-BE37,1018-BE47,1117-AB02,1120-AB29,1205-AB62,1218-AD12,1400-AD61,1505-AB58,1513-AB69,1513-AB93,1515-AB84,1515-AE04,1515-AE17,1515-AE22,1515-AE28,1545-AR49,1545-AW39,1545-BO28,1557-AD38,1651-AB25,1902-AC55,1902-AE10,2040-AD54,2040-AF91,2060-AF24,2060-AF47,2060-AG95,2060-AK82,2060-AN32,2060-AQ34,2060-AQ53,2060-AR45,2060-AR53,2060-AS89,2105-AE78,2125-AD55,2125-AE08,2125-AE47,2125-AF77,2125-AF81,2126-AB13,2127-AL87,2127-AM10,2900-AO93,2900-AP33,2900-AP65,3038-AE74,3069-AB12,3090-AG17,3090-AG87,3095-AB28,3133-AD15,3133-AD35,3170-AA64,3170-AA74,3206-AG83,3245-AH02","{1, 2, 3, 4, 5, 6, 7, 8, 9, 10, 11, 12, 13, 14}",14,"{1, 2, 3, 4, 5, 6, 7, 8, 9, 10, 11, 12, 13, 14}",14.0
9639,technical data,"0750-AA16,0750-AG95,0750-AI91,0750-AI95,0750-AK79,1400-AC59,1400-AD70,1400-AE66","{2, 14}",2,"{2, 14}",2.0
9640,technical error,1512-AC63,{1},1,{1},1.0
9641,technical information,0703-AB11,{2},1,,0.0
9642,technical issue,"2070-AK47,2127-AJ96,3150-AJ15","{3, 5, 6}",3,"{3, 5, 6}",3.0
9643,technical management,0660-AA11,{11},1,{11},1.0
9644,technical revision,"0648-AQ74,0648-AS94,0960-AE79,0960-AE99,0960-AG02,0960-AG66,0970-AC00,0991-AB31,1018-AX46,1545-BJ28,1991-AB49,2060-AR09,2060-AU35,2900-AN52,2900-AN85,2900-AO02,2900-AO54,3147-AA06,3235-AH12","{1, 3, 5, 6, 7, 8, 13}",7,"{1, 3, 5, 6, 7, 8, 13}",7.0
9645,technical rule,3060-AG81,{11},1,,0.0
9646,technical service,3245-AG07,{8},1,{8},1.0
9647,technical specification,"3150-AF06,3150-AI41,3170-AA87","{6, 7}",2,"{6, 7}",2.0
9648,technical standards,"2050-AE57,2137-AE41,2137-AE85,3141-AA29","{3, 5}",2,"{3, 5}",2.0
9649,technical training,2060-AI40,{5},1,{5},1.0
9650,technical update,1076-AF15,,0,,0.0
9651,technician training,2060-AH44,{5},1,{5},1.0
9652,technique program,1830-AA30,{10},1,{10},1.0
9653,technological solution,3060-AK06,{11},1,,0.0
9654,technology innovation,0693-AB62,{8},1,{8},1.0
9655,technology review,"2060-AO92,2060-AQ60,2060-AT03,2060-AT05,2060-AT07,2060-AT08,2060-AT12,2060-AT49,2060-AT51,2060-AT66,2060-AT70,2060-AT71,2060-AT72,2060-AT74,2060-AU16,2060-AU17,2060-AU19,2060-AU37,2060-AU55",{5},1,{5},1.0
9656,technology transfer,1991-AA63,{6},1,,0.0
9657,technology transition,3060-AK32,{11},1,{11},1.0
9658,telecom act,3060-AG58,{11},1,{11},1.0
9659,telecommunication act,"3060-AG35,3060-AG36,3060-AG42,3060-AG46,3060-AG47,3060-AG50,3060-AG59,3060-AG62,3060-AG64,3060-AG75",{11},1,{11},1.0
9660,telecommunication management,3090-AG03,,0,,0.0
9661,telecommunication policy,0572-AA45,{9},1,{11},1.0
9662,telecommunication relay service,"3060-AG75,3060-AG76,3060-AH08,3060-AI15,3060-AJ11,3060-AK01",{11},1,{11},1.0
9663,telecommunication service,"0750-AB95,0750-AE63,0750-AE67,0750-AE69,3060-AG58","{2, 11}",2,"{2, 11}",2.0
9664,telecommunications equipment,"0750-AJ84,3014-AA19,3060-AG58","{11, 2, 3}",3,"{11, 2, 3}",3.0
9665,telemarketing rule,3084-AA59,{8},1,{8},1.0
9666,telephone company provision,3060-AF83,{11},1,{11},1.0
9667,telephone consumer protection act,3060-AI14,{11},1,{11},1.0
9668,telephone disclosure and dispute resolution act,3084-AA78,{8},1,{8},1.0
9669,telephone network,3060-AG40,{11},1,{11},1.0
9670,telephone number,"0694-AD48,3150-AF34,3150-AF71","{8, 6}",2,"{8, 6}",2.0
9671,telephone operator consumer service improvement act,3060-AI29,{11},1,{11},1.0
9672,telephone regulation,"1120-AA39,1120-AA49",{12},1,{11},1.0
9673,telephone request,0938-AG48,{1},1,{1},1.0
9674,telephone service,2130-AC12,{3},1,{11},1.0
9675,television channel,3060-AH89,{11},1,{11},1.0
9676,television production,"1024-AD30,1024-AD43,1093-AA10",{5},1,{5},1.0
9677,television programming,3060-AG59,{11},1,{11},1.0
9678,television receiver,"2125-AD76,2126-AA19",{3},1,{3},1.0
9679,television set,1904-AA79,{6},1,,0.0
9680,temperature requirement,0579-AA74,{1},1,{1},1.0
9681,temporary action,0648-BC59,{5},1,{5},1.0
9682,temporary adjustment,1615-AB60,{2},1,{2},1.0
9683,temporary admission,1651-AA71,{2},1,{2},1.0
9684,temporary appointment,"3206-AN35,3206-AN91",,0,,0.0
9685,temporary approval,"1018-AE09,1018-AE35,1018-AE66,1018-AH67",{5},1,{5},1.0
9686,temporary assignment,"3206-AG61,3206-AH79,3206-AJ94",,0,,0.0
9687,temporary assistance,"0970-AB64,0970-AB66,0970-AB77,0970-AC12,0970-AC15,0970-AC56,2501-AC77","{1, 13}",2,"{1, 13}",2.0
9688,temporary authority,0750-AK86,{2},1,{2},1.0
9689,temporary authorization,0960-AG97,{13},1,{13},1.0
9690,temporary cease and desist order,3170-AA29,{7},1,{7},1.0
9691,temporary change,"3090-AG44,3090-AJ18",,0,,0.0
9692,temporary closure,"0648-AM26,1024-AD79",{5},1,{5},1.0
9693,temporary duty,"3090-AI95,3090-AJ54,3090-AJ62",,0,,0.0
9694,temporary employee,1115-AA25,{2},1,{2},1.0
9695,temporary employment,"1205-AB19,1205-AB23,1205-AB24,1205-AB30,1205-AB54,1205-AB58,1205-AB93",{4},1,{4},1.0
9696,temporary exception,"0938-AS88,7100-AE62","{1, 7}",2,"{1, 7}",2.0
9697,temporary exemption,"1117-AA42,1117-AA46,2127-AH44,2127-AH51,2127-AM11,3235-AF57,3235-AH02,3235-AK24,3235-AK26","{8, 1, 3}",3,"{8, 1, 3}",3.0
9698,temporary export,"0607-AA53,0694-AE20,0694-AG97",{8},1,{8},1.0
9699,temporary extension,"0750-AI82,0750-AJ00,2120-AH51","{2, 3}",2,"{2, 3}",2.0
9700,temporary flight restriction,"2120-AH13,2120-AI33,2120-AK66",{3},1,{3},1.0
9701,temporary general license,0694-AH86,{8},1,{8},1.0
9702,temporary housing assistance,"3067-AC39,3067-AC82",{2},1,{2},1.0
9703,temporary import,"1400-AC88,1400-AD24",{14},1,{8},1.0
9704,temporary increase,"0960-AD84,3064-AD36","{13, 7}",2,"{13, 7}",2.0
9705,temporary liquidity guarantee program,"3064-AD37,3064-AE34",{7},1,{7},1.0
9706,temporary listing,1117-AB26,{1},1,{1},1.0
9707,temporary measure,0648-BH10,{5},1,{5},1.0
9708,temporary moratoria,0938-AQ20,{1},1,{1},1.0
9709,temporary payroll tax cut continuation act,0938-AR39,{1},1,{1},1.0
9710,temporary protect status,"1115-AC30,1115-AE26,1125-AA76,1615-AB06,1615-AB16,1615-AB31,1615-AB89",{2},1,{2},1.0
9711,temporary provision,"1505-AC60,1505-AC61",{7},1,{7},1.0
9712,temporary reduction,2137-AE95,{3},1,{3},1.0
9713,temporary regulation,"1545-AO89,1545-AR76,1545-AV19,1545-AV36,1545-AV37,1545-AX70,1545-BB70",{7},1,{7},1.0
9714,temporary removal,"1115-AD83,1115-AF91,1615-AA40",{2},1,{2},1.0
9715,temporary requirement,"1625-AA49,2115-AG24,2115-AG47",{2},1,{2},1.0
9716,temporary resident status,1115-AB74,{2},1,{2},1.0
9717,temporary rule,"0648-AT36,0648-AY23,0648-AY52,0648-BB98,0648-BC04,0648-BC32,0648-BD87,0648-BJ19,1545-AX61,3235-AJ96,3235-AL28,3235-AL56","{8, 5, 7}",3,"{8, 5, 7}",3.0
9718,temporary sojourn,0694-AH87,{8},1,{8},1.0
9719,temporary storage,3150-AI47,{6},1,{6},1.0
9720,temporary suspension,"0596-AB68,0607-AA49,0607-AA57,0648-AV25,0910-AD98,1625-AB49,1652-AA29,2050-AE68,2050-AG63","{8, 1, 2, 5}",4,"{8, 1, 2, 5}",4.0
9721,temporary traffic signal,2125-AD45,{3},1,{3},1.0
9722,temporary visitor,"1400-AA99,1400-AE95,1651-AA99","{2, 14}",2,"{2, 14}",2.0
9723,temporary waiver,1010-AD27,{5},1,{5},1.0
9724,ten specie,1018-BD72,{5},1,{5},1.0
9725,tenant base rental assistance,2577-AC75,{13},1,{13},1.0
9726,tender offer,3235-AH53,{8},1,{8},1.0
9727,tennessee purple coneflower,1018-AW26,{5},1,{5},1.0
9728,tennessee river system,3316-AA19,{6},1,{6},1.0
9729,term contract,2140-AA86,{3},1,{3},1.0
9730,term employment,"3206-AH47,3206-AN92",,0,,0.0
9731,term fiduciary,1210-AB79,{4},1,{4},1.0
9732,term reserve,1512-AB25,{1},1,{1},1.0
9733,term transfer,0694-AD59,{8},1,{8},1.0
9734,terminal area,2120-AG45,{3},1,{3},1.0
9735,terminal equipment,3060-AG40,{11},1,{11},1.0
9736,terrestrial system,3060-AH17,{11},1,{11},1.0
9737,territorial limit,0648-AY46,{5},1,{5},1.0
9738,territorial sea,"1625-AA30,2115-AG13",{2},1,{2},1.0
9739,territorial water,1115-AE85,{2},1,{2},1.0
9740,terrorism designation,0694-AG60,{8},1,{8},1.0
9741,terrorism risk insurance program,"1505-AA96,1505-AA98,1505-AA99,1505-AB07,1505-AB08,1505-AB09,1505-AB10,1505-AB66,1505-AB67,1505-AB92,1505-AC24,1505-AC53,1505-AC62",{7},1,{7},1.0
9742,terrorist activity,"1506-AA27,1506-AB04",{7},1,{7},1.0
9743,terrorist country,"0750-AA27,0750-AB47,0750-AE54,0750-AF47,0750-AG18,0750-AG22",{2},1,{2},1.0
9744,terrorist inmate,1120-AB35,{12},1,{12},1.0
9745,test dummy,"2127-AF02,2127-AG37,2127-AG44",{3},1,{3},1.0
9746,test guideline,2070-AJ80,{5},1,{5},1.0
9747,test method,"2050-AE14,2060-AE33,2060-AF23,2060-AH97,2060-AO53,2060-AP08,2060-AQ01,2060-AS34,2060-AU39,3041-AC05","{1, 5}",2,"{1, 5}",2.0
9748,test procedure,"0910-AC32,1904-AA45,1904-AA46,1904-AA52,1904-AA61,1904-AA71,1904-AA82,1904-AA85,1904-AA88,1904-AA93,1904-AA95,1904-AA96,1904-AA97,1904-AB02,1904-AB04,1904-AB10,1904-AB12,1904-AB43,1904-AB53,1904-AB55,1904-AB60,1904-AB71,1904-AB72,1904-AB75,1904-AB76,1904-AB77,1904-AB78,1904-AB85,1904-AB87,1904-AB88,1904-AB89,1904-AB92,1904-AB94,1904-AB95,1904-AB99,1904-AC01,1904-AC02,1904-AC03,1904-AC05,1904-AC08,1904-AC09,1904-AC21,1904-AC25,1904-AC26,1904-AC27,1904-AC29,1904-AC37,1904-AC44,1904-AC45,1904-AC46,1904-AC48,1904-AC50,1904-AC53,1904-AC58,1904-AC63,1904-AC65,1904-AC67,1904-AC71,1904-AC72,1904-AC73,1904-AC74,1904-AC76,1904-AC79,1904-AC80,1904-AC89,1904-AC91,1904-AC93,1904-AC94,1904-AC96,1904-AC97,1904-AC99,1904-AD07,1904-AD10,1904-AD16,1904-AD17,1904-AD18,1904-AD19,1904-AD22,1904-AD36,1904-AD44,1904-AD45,1904-AD46,1904-AD47,1904-AD50,1904-AD54,1904-AD57,1904-AD58,1904-AD60,1904-AD64,1904-AD66,1904-AD67,1904-AD68,1904-AD70,1904-AD71,1904-AD72,1904-AD74,1904-AD75,1904-AD77,1904-AD78,1904-AD81,1904-AD83,1904-AD84,1904-AD85,1904-AD86,1904-AD88,1904-AD93,1904-AD94,1904-AD95,1904-AD96,1904-AE01,1904-AE03,1904-AE04,1904-AE05,1904-AE06,1904-AE15,1904-AE16,1904-AE17,1904-AE18,1904-AE19,1904-AE20,1904-AE28,1904-AE30,1904-AE36,1904-AE37,1904-AE43,1904-AE45,1904-AE46,1904-AE49,1904-AE51,1904-AE53,1904-AE55,1904-AE57,1904-AE60,1904-AE62,1904-AE65,1904-AE67,1904-AE69,1904-AE73,1904-AE75,1904-AE77,2040-AC49,2040-AC64,2040-AC75,2040-AC76,2040-AC92,2040-AC92,2040-AC93,2040-AC95,2040-AD07,2040-AD08,2040-AD09,2040-AD12,2040-AD34,2040-AD52,2040-AD53,2040-AD59,2040-AD71,2040-AD72,2040-AD73,2040-AD74,2040-AE68,2040-AF09,2060-AF50,2060-AH84,2060-AM35,2060-AO74,2060-AQ51,2060-AT26,2127-AE99,3041-AC20,3041-AD26,3084-AA64,3084-AB06,3084-AB48","{1, 3, 5, 6, 8}",5,"{1, 3, 5, 6, 8}",5.0
9749,test program,"0750-AH60,0750-AI82,0750-AJ00,1515-AB47,9000-AK11",{2},1,{2},1.0
9750,test protocol,3041-AA22,{1},1,{1},1.0
9751,test report,0938-AQ38,{1},1,{1},1.0
9752,test rule,"2070-AB07,2070-AB30,2070-AB79,2070-AD10,2070-AD42,2070-AD44,2070-AJ08,2070-AJ34,2070-AJ47,2070-AK19",{5},1,{5},1.0
9753,test strip,0938-AI85,{1},1,{1},1.0
9754,test subject,2070-AD57,{5},1,{5},1.0
9755,testamentary trust,1545-AY76,{7},1,{7},1.0
9756,testing agreement,"2070-AD28,2070-AJ06,2070-AJ07",{5},1,{5},1.0
9757,testing and certification requirement,0579-AD22,{1},1,{1},1.0
9758,testing procedure,2132-AB01,{3},1,{3},1.0
9759,testing program,"2105-AD35,2105-AD84,2105-AE03,2105-AE13,2105-AE24",{3},1,{3},1.0
9760,testing regulation,"2060-AQ01,2060-AS34,2060-AS95",{5},1,{5},1.0
9761,testing requirement,2070-AJ57,{5},1,{5},1.0
9762,texas high plains,1512-AE44,{1},1,{1},1.0
9763,texas parks,0648-BG44,{5},1,{5},1.0
9764,textile apparel,3084-AB28,{8},1,{8},1.0
9765,textile product,"1515-AB43,1515-AC00,1515-AC49",{2},1,{2},1.0
9766,textile trade agreement,"1505-AB13,1515-AB54","{2, 7}",2,"{2, 7}",2.0
9767,that greenhouse gas emission,2060-AS31,{5},1,{5},1.0
9768,theft datum,"2127-AF56,2127-AF57,2127-AG33,2127-AH04,2127-AH35,2127-AH76,2127-AI06,2127-AI75,2127-AJ00,2127-AJ27,2127-AJ53",{3},1,{3},1.0
9769,theft prevention,"2127-AL42,2127-AL63",{3},1,{3},1.0
9770,theft protection,"2127-AK38,2127-AK88",{3},1,{3},1.0
9771,thermal processing,0583-AC19,{1},1,{1},1.0
9772,third class airman medical certificate,2120-AG30,{3},1,{3},1.0
9773,third party,"0750-AA05,0938-AH01,0938-AM24,0960-AH84,1076-AF14,1545-AS22,1545-AX04,1545-AX99,1545-BL27,2900-AN15,7100-AC52","{1, 2, 13, 7}",4,"{1, 2, 13, 7}",4.0
9774,those security,"3235-AH46,3235-AH68,3235-AH76",{8},1,,0.0
9775,threat assessment,"1652-AA12,1652-AA15",{2},1,{2},1.0
9776,threaten and endanger specie,1018-AF42,{5},1,{5},1.0
9777,threaten fish,0648-AG38,{5},1,{5},1.0
9778,threaten specie,"0648-AL59,0648-BI87,1018-AD24,1018-AH68,1018-AX49,1018-BE27",{5},1,{5},1.0
9779,threaten status,"0648-AN58,0648-AO86,0648-AS95,1018-AE25,1018-AE28,1018-AE37,1018-AE43,1018-AE53,1018-AF79,1018-AF82,1018-AH55,1018-AH55,1018-AH73,1018-AI02,1018-AV73,1018-AZ82",{5},1,{5},1.0
9780,threaten wildlife,1018-BC97,{5},1,{5},1.0
9781,three month stay,2060-AT65,{5},1,{5},1.0
9782,three parrot,1018-AX50,{5},1,{5},1.0
9783,three plant,"1018-AD37,1018-AD49,1018-AG09",{5},1,{5},1.0
9784,three specie,1018-AH21,{5},1,{5},1.0
9785,three stock,0648-BE79,{5},1,{5},1.0
9786,three year extension,0938-AU01,{1},1,{1},1.0
9787,threshold increase,7100-AF31,{7},1,{7},1.0
9788,threshold level,2105-AC74,{3},1,{3},1.0
9789,threshold requirement,2105-AC89,{3},1,{3},1.0
9790,threshold value,0596-AD40,{5},1,{5},1.0
9791,thrift supervision regulation,"3064-AE22,3064-AE23",{7},1,{7},1.0
9792,ticket agent,2105-AE57,{3},1,{3},1.0
9793,ticketless travel,2105-AC36,{3},1,{3},1.0
9794,tidewater goby,"1018-AF67,1018-AF73,1018-AU81,1018-AX39,1018-AY03",{5},1,{5},1.0
9795,tiered structure,1545-AX71,{7},1,{7},1.0
9796,tiger salamander,1018-AF81,{5},1,{5},1.0
9797,timber export,"0596-AB75,1004-AD37",{5},1,{5},1.0
9798,timber purchaser,0596-AB55,{5},1,{5},1.0
9799,timber sale,3245-AG14,{8},1,{8},1.0
9800,time capture,2127-AM12,{3},1,{3},1.0
9801,time limit,"0625-AA91,0625-AA94,0625-AA95,0651-AB44,0694-AF59,1115-AF99,1651-AA60,2900-AF62,2900-AH13,2900-AI19,2900-AI85,2900-AK17,2900-AK17,2900-AK97,3046-AA97","{8, 2, 4, 13}",4,"{8, 2, 4, 13}",4.0
9802,time limitation,"0938-AM20,0938-AN01,0938-AN55,1515-AC64,2120-AJ58","{1, 2, 3}",3,"{1, 2, 3}",3.0
9803,time performance,2140-AB22,{3},1,{3},1.0
9804,time restriction,2502-AI99,{13},1,{13},1.0
9805,time zone boundary,2105-AD53,{3},1,{3},1.0
9806,timely filing,1545-BA99,{7},1,{7},1.0
9807,tip regulation,1235-AA21,{4},1,{4},1.0
9808,tire pressure monitoring system,"2127-AI33,2127-AI90,2127-AJ22,2127-AJ23,2127-AJ70,2127-AJ90",{3},1,{3},1.0
9809,tissue collection,0579-AB13,{1},1,{1},1.0
9810,title change,"2501-AD46,2900-AJ57,2900-AK46,2900-AL15",{13},1,{13},1.0
9811,title company,9000-AK71,,0,,0.0
9812,title document,"1076-AD43,1076-AE70",,0,,0.0
9813,title ii,"0938-AN06,0960-AD22,0960-AD23,0960-AF49,0960-AG40,1190-AA59,1830-AA22,1830-AA31,3046-AA58,3064-AD87,3064-AE39,3206-AJ93,3206-AK38,3206-AK55,3235-AL51","{1, 4, 7, 8, 10, 13}",6,"{1, 4, 7, 8, 10, 13}",6.0
9814,title iii,"1190-AA59,1840-AD41","{10, 13}",2,"{10, 13}",2.0
9815,title iv,"0584-AD37,1212-AB19,1840-AB84,1840-AC93,1840-AD14,1840-AD17,1840-AD48,2060-AF43,2060-AF47,2060-AF96,2060-AG05,2060-AH60","{1, 10, 5, 13}",4,"{1, 10, 5, 13}",4.0
9816,title ix,"0412-AA46,0960-AE63,1190-AA28,1291-AA32,1400-AB34,3067-AC71,3090-AH34,3135-AA15,3136-AA14,3137-AA10,3245-AE19,3316-AA21","{2, 4, 6, 8, 10, 13, 14}",7,"{2, 4, 6, 8, 10, 13, 14}",7.0
9817,title update,2900-AI62,{13},1,{13},1.0
9818,title v,"0625-AA58,0625-AA67,2060-AE96,2060-AN77,2060-AP86,2060-AR10,2060-AS61,2060-AU71,3235-AL40","{8, 5}",2,"{8, 5}",2.0
9819,title vi,"0960-AE63,1190-AA31,1190-AA32,1291-AA31,1400-AE69,2501-AB82,3095-AB09,3135-AA10,3235-AL40,3316-AA20","{4, 6, 8, 10, 13, 14}",6,"{4, 6, 8, 10, 13, 14}",6.0
9820,title vii,"3046-AA62,3046-AA63,3046-AA83,3046-AB07,3235-AK65","{8, 4}",2,"{8, 4}",2.0
9821,title viii,3038-AD02,{7},1,{7},1.0
9822,title xiv,1810-AA82,{10},1,{10},1.0
9823,tobacco auction,0560-AF26,{9},1,{9},1.0
9824,tobacco export,0551-AA32,{9},1,{9},1.0
9825,tobacco fee,"0581-AB86,0581-AB87",{9},1,{9},1.0
9826,tobacco manufacturer,0560-AH31,{9},1,{9},1.0
9827,tobacco pesticide,0581-AC36,{9},1,{9},1.0
9828,tobacco product,"0910-AG43,0910-AG43,0910-AG60,0910-AG81,0910-AG89,0910-AH59,0910-AI05,1512-AB03,1512-AB52,1512-AB88,1512-AB95,1512-AC14,1512-AC24,1512-AC32,1512-AC39,1512-AC41,1512-AC42,1512-AC46,1512-AC47,1512-AC57,1512-AC64,1512-AC75,1512-AC90,1512-AC95,1513-AA14,1513-AA17,1513-AA20,1513-AA27,1513-AA31,1513-AA38,1513-AA49,1513-AA52,1513-AA99,1513-AB37,1513-AB38,1513-AB71,1513-AC15,1513-AC16,1513-AC49,2900-AJ59","{1, 13}",2,"{1, 13}",2.0
9829,tobacco provision,0930-AA03,{1},1,{1},1.0
9830,tobacco regulation,"0560-AE41,0930-AA20","{9, 1}",2,"{9, 1}",2.0
9831,tobacco transition payment program,"0560-AH30,0560-AH79,0560-AI12",{9},1,{9},1.0
9832,tobacco use,2900-AH58,{13},1,{1},1.0
9833,tobacco vend,3090-AF90,,0,,0.0
9834,today 's marketplace,0580-AA73,{1},1,{1},1.0
9835,toddler product,"3041-AC53,3041-AD68",{1},1,{1},1.0
9836,toll free number,0910-AC35,{1},1,{1},1.0
9837,toluene diisocyanate,2070-AJ91,{5},1,{5},1.0
9838,tomorrow 's teacher,"1840-AC81,1840-AD33",{10},1,{10},1.0
9839,tongass national forest,"0596-AC04,0596-AC43",{5},1,{5},1.0
9840,tool kit,0750-AH62,{2},1,{2},1.0
9841,top fund,"1810-AB07,1810-AB09",{10},1,{10},1.0
9842,top heavy rule,1545-BO37,{7},1,{7},1.0
9843,topical product,"0910-AD01,0910-AD58",{1},1,{1},1.0
9844,total allowable catch,"0648-AU13,0648-AU52,0648-BA04,0648-BA54,0648-BB22",{5},1,{5},1.0
9845,total asset,"3064-AD59,3064-AF05",{7},1,{7},1.0
9846,total carbon,1219-AB55,{4},1,{4},1.0
9847,total consolidated asset,"7100-AD95,7100-AE02",{7},1,{7},1.0
9848,total loss,7100-AE37,{7},1,{7},1.0
9849,total maximum daily load,"2040-AD22,2040-AD36,2040-AD79,2040-AD82",{5},1,{5},1.0
9850,total quality management,0790-AB33,{2},1,{2},1.0
9851,total subsidy,0575-AC81,{9},1,{9},1.0
9852,touhy regulation,"0790-AK11,1660-AA54,3037-AA09","{2, 13}",2,"{2, 13}",2.0
9853,tour operator,3245-AE98,{8},1,{8},1.0
9854,tow vessel,"1625-AA15,1625-AA60,1625-AB06,1625-AC25,1625-AC43,2115-AE91,2115-AF23,2115-AF46,2115-AF53,2115-AF66",{2},1,{2},1.0
9855,toxic chemical,"2025-AA00,2025-AA17,2025-AA19,2070-AD09,2070-AK34,2070-AK58,2070-AK59,2070-AK60,2070-AK61",{5},1,{5},1.0
9856,toxic gas,1029-AC71,{5},1,{5},1.0
9857,toxic release inventory,"2025-AA10,2070-AC00,2070-AD19,2070-AK26",{5},1,{5},1.0
9858,toxic substance,"0910-AC05,0920-AA73",{1},1,{1},1.0
9859,toxics release inventory,"2025-AA11,2025-AA16,2025-AA24,2025-AA28,2025-AA33,2025-AA34,2025-AA35,2025-AA36,2025-AA37,2070-AK15,2070-AK16,2070-AK32,2070-AK42,2070-AK51,2070-AK53",{5},1,{5},1.0
9860,toxin list,"0579-AC53,0579-AD09,0579-AE08,0579-AE52",{1},1,{1},1.0
9861,trace metal,2040-AC75,{5},1,{5},1.0
9862,trace quantity,0694-AB46,{8},1,{8},1.0
9863,track charge,2127-AK06,{3},1,{3},1.0
9864,track safety standard,"2130-AA75,2130-AB71,2130-AB90,2130-AC01,2130-AC28,2130-AC35",{3},1,{3},1.0
9865,trade act,"0610-AA57,1205-AB32","{8, 4}",2,"{8, 4}",2.0
9866,trade adjustment assistance,"0551-AA66,0551-AA80,0560-AH16,0610-AA64,0610-AA65,1205-AB05,1205-AB07,1205-AB32,1205-AB44,1205-AB57,1205-AB78","{8, 9, 4}",3,"{8, 9, 4}",3.0
9867,trade agreement,"0750-AF89,0750-AG31,0750-AI17,0750-AI49,9000-AK89",{2},1,{8},1.0
9868,trade benefit,"1505-AB38,1505-AB40,1515-AD20,1515-AD22,1515-AD50,1515-AD51","{8, 2, 7}",3,"{8, 2, 7}",3.0
9869,trade facilitation,0694-AC89,{8},1,{8},1.0
9870,trade measure,0648-AO94,{5},1,{5},1.0
9871,trade option,"3038-AB23,3038-AB43,3038-AB61,3038-AE26",{7},1,{7},1.0
9872,trade practice regulation,1512-AB10,{1},1,{1},1.0
9873,trade regulation rule,"3084-AA60,3084-AA61,3084-AA62,3084-AA63,3084-AA76,3084-AA80,3084-AA81,3084-AA82,3084-AB09,3084-AB10,3084-AB37,3084-AB40,3084-AB55",{8},1,{8},1.0
9874,trade rule,3038-AE53,{7},1,{7},1.0
9875,trade secret disclosure,2050-AF10,{5},1,{5},1.0
9876,trademark application,"0651-AA73,0651-AA78,0651-AC17,0651-AC94",{8},1,{8},1.0
9877,trademark case,"0651-AC05,0651-AC26,0651-AD07,0651-AD09",{8},1,{8},1.0
9878,trademark fee,"0651-AA74,0651-AA82,0651-AA92,0651-AA96,0651-AB01,0651-AB49,0651-AB51,0651-AB60,0651-AB70,0651-AD03",{8},1,{8},1.0
9879,trademark office,"0651-AB38,0651-AB39,0651-AB55,0651-AB64,0651-AB86,0651-AC11,0651-AC27,0651-AC81",{8},1,{8},1.0
9880,trademark registration,"0651-AB67,0651-AB83",{8},1,{8},1.0
9881,trademark trial and appeal board,0651-AC35,{8},1,{8},1.0
9882,trading book,"1557-AE62,3064-AF01",{7},1,{7},1.0
9883,trading facility,3038-AB63,{7},1,{7},1.0
9884,trading future contract,"3235-AH46,3235-AH68,3235-AH76",{8},1,{8},1.0
9885,trading provision,2060-AH31,{5},1,{5},1.0
9886,trading restriction,2133-AB55,{3},1,{3},1.0
9887,trading stamp,"1545-BI49,1545-BO65",{7},1,{7},1.0
9888,traditional ceremony,1117-AA97,{1},1,{1},1.0
9889,traffic alert and collision avoidance system,2120-AG90,{3},1,{3},1.0
9890,traffic control,"2125-AE25,2125-AE50,2125-AE58,2125-AE66,2125-AE66",{3},1,{3},1.0
9891,traffic law,0790-AJ69,{2},1,{3},1.0
9892,traffic management,1901-AB33,{6},1,,0.0
9893,traffic restriction,2105-AC70,{3},1,{3},1.0
9894,traffic safety,"1024-AC69,1024-AD72",{5},1,{3},1.0
9895,traffic separation scheme,"1625-AB55,2115-AF42,2115-AF84,2115-AF99,2115-AG20,2115-AG45",{2},1,{2},1.0
9896,traffic sign,2125-AE39,{3},1,{3},1.0
9897,train accident,2130-AB50,{3},1,{3},1.0
9898,training act,2900-AI85,{13},1,{13},1.0
9899,training and qualification requirement,2120-AF08,{3},1,{3},1.0
9900,training center,2120-AA83,{3},1,,0.0
9901,training exercise,"0648-AT83,0648-BE67",{5},1,{5},1.0
9902,training fund,1205-AB56,{4},1,{4},1.0
9903,training grant,"0570-AA12,0572-AB15,0575-AD02,0925-AA03,0925-AA05,0925-AA28,0925-AA46","{9, 1}",2,"{9, 1}",2.0
9904,training instructor,2125-AC92,{3},1,{3},1.0
9905,training operation,0648-AX86,{5},1,{5},1.0
9906,training opportunity,1653-AA72,{2},1,{2},1.0
9907,training plan,"1210-AB62,2130-AC70","{3, 4}",2,"{3, 4}",2.0
9908,training program,"1076-AD75,1218-AB27,1840-AC29,2070-AJ40,2120-AL14,2900-AK45","{3, 4, 5, 10, 13}",5,"{3, 4, 5, 10, 13}",5.0
9909,training provision,2070-AC69,{5},1,{5},1.0
9910,training range,0648-BH21,{5},1,{5},1.0
9911,training requirement,2120-AL23,{3},1,,0.0
9912,training standard,"1219-AB35,2130-AC06","{3, 4}",2,"{3, 4}",2.0
9913,trans fatty acid,"0910-AB66,0910-AC50",{1},1,{1},1.0
9914,transaction fee,"3235-AE52,3235-AH10,3235-AI36",{8},1,{8},1.0
9915,transfer agent,"3235-AH42,3235-AH61,3235-AH74,3235-AI88,3235-AL55",{8},1,{8},1.0
9916,transfer employee,3206-AM81,,0,,0.0
9917,transfer office,"3064-AE22,3064-AE23",{7},1,{7},1.0
9918,transfer operation,2060-AP83,{5},1,{5},1.0
9919,transfer option,3095-AB03,{10},1,{10},1.0
9920,transfer pricing rule,"1545-BM72,1545-BO45",{7},1,{7},1.0
9921,transfer tax,1545-BB54,{7},1,{7},1.0
9922,transfusion recipient,0910-AB76,{1},1,{1},1.0
9923,transgenic organism,2070-AD53,{5},1,{5},1.0
9924,transit area,0648-BE24,{5},1,{5},1.0
9925,transit operation,"2132-AA52,2132-AA53,2132-AA56,2132-AA56,2132-AA71",{3},1,{3},1.0
9926,transit operator,2132-AB30,{3},1,{3},1.0
9927,transit stop,"1512-AC95,1513-AA52",{1},1,{1},1.0
9928,transition assistance,0790-AH89,{2},1,{2},1.0
9929,transition period,0920-AA60,{1},1,{1},1.0
9930,transition plan,3235-AL62,{8},1,{8},1.0
9931,transition procedure,2127-AG68,{3},1,{3},1.0
9932,transition rule,"1545-AY53,1545-BL62,3235-AH60","{8, 7}",2,"{8, 7}",2.0
9933,transitional housing,2900-AN41,{13},1,{13},1.0
9934,transitional program,0651-AC75,{8},1,{8},1.0
9935,transitional relief,1545-AY92,{7},1,{7},1.0
9936,transitional rule,1545-BD12,{7},1,{7},1.0
9937,transitional yield,0563-AB23,{9},1,{9},1.0
9938,transmission facility,2040-AE81,{5},1,{5},1.0
9939,transmission grid,1902-AC39,{6},1,{6},1.0
9940,transmission investment,"1902-AC95,1902-AE40",{6},1,{6},1.0
9941,transmission operation,1902-AE20,{6},1,{6},1.0
9942,transmission own,1902-AE03,{6},1,{6},1.0
9943,transmission planning,1902-AE03,{6},1,{6},1.0
9944,transmission provider,"1902-AC07,1902-AD22,1902-AD25",{6},1,{6},1.0
9945,transmission rate,"1901-AA64,1901-AA84",{6},1,{6},1.0
9946,transmission service,"1902-AB54,1902-AD02",{6},1,{6},1.0
9947,transmission system,"1902-AF04,1902-AF52",{6},1,{6},1.0
9948,transmit information,"1506-AA86,7100-AD03",{7},1,{7},1.0
9949,transnuclear inc,"3150-AJ10,3150-AJ28,3150-AJ30,3150-AJ31,3150-AK20",{6},1,{6},1.0
9950,transparency provision,1902-AD32,{6},1,{6},1.0
9951,transparency report,0938-AR33,{1},1,{1},1.0
9952,transparency reporting,0950-AA07,{1},1,{1},1.0
9953,transplant center,0938-AH17,{1},1,{1},1.0
9954,transplant hospital,0938-AI95,{1},1,{1},1.0
9955,transplant procedure,2900-AQ65,{13},1,{13},1.0
9956,transport airplane,"2120-AF70,2120-AH71",{3},1,{3},1.0
9957,transport rule,2060-AQ57,{5},1,{5},1.0
9958,transport vehicle,2137-AD44,{3},1,{3},1.0
9959,transportation amendment,3090-AJ08,,0,,0.0
9960,transportation assistance,1660-AA53,{2},1,{2},1.0
9961,transportation charge,3090-AI14,,0,,0.0
9962,transportation equipment,2060-AT06,{5},1,{5},1.0
9963,transportation equity act,1215-AB25,{4},1,{4},1.0
9964,transportation expense,"3090-AI10,3090-AI13",,0,,0.0
9965,transportation line,"1115-AC17,1115-AD85,1115-AE36,1115-AE41,1115-AE64,1115-AF46,1651-AA10",{2},1,{2},1.0
9966,transportation management,"3090-AH16,3090-AH43,3090-AI11,3090-AJ03,3090-AJ97",,0,,0.0
9967,transportation network company,3090-AJ89,,0,,0.0
9968,transportation package,3150-AH95,{6},1,{6},1.0
9969,transportation planning,"2125-AE95,2132-AA66,2132-AA75",{3},1,{3},1.0
9970,transportation program,"2105-AC88,2105-AC91,3090-AI16",{3},1,{3},1.0
9971,transportation regulation,"2137-AB60,3150-AC41","{3, 6}",2,"{3, 6}",2.0
9972,transportation service,"2105-AD05,2105-AE29",{3},1,{3},1.0
9973,transportation vehicle,"3014-AA23,3014-AA38,3014-AA42",{3},1,{3},1.0
9974,transportation worker identification credential,1625-AB21,{2},1,{2},1.0
9975,traumatic brain injury,"0960-AC74,2900-AM75,2900-AN89,2900-AO16,2900-AP23",{13},1,{13},1.0
9976,travel agency,"1506-AA49,1506-AA69,3245-AE93,3245-AE95","{8, 7}",2,"{8, 7}",2.0
9977,travel agent,1506-AA38,{7},1,,0.0
9978,travel cost,"9000-AG00,9000-AG27,9000-AK86",,0,,0.0
9979,travel document,1115-AD46,{2},1,{2},1.0
9980,travel expense,"1545-AT84,1545-BG92,1990-AA15,3090-AE19","{6, 7}",2,"{6, 7}",2.0
9981,travel management,"0596-AC11,0596-AC39",{5},1,{5},1.0
9982,travel reimbursement,"0991-AB45,9000-AH76",{1},1,{1},1.0
9983,travel time,2900-AH86,{13},1,{13},1.0
9984,travel trailer,2127-AJ57,{3},1,{3},1.0
9985,trawl gear,"0648-AS60,0648-BF80",{5},1,{5},1.0
9986,treasury check,1510-AA51,{7},1,{7},1.0
9987,treasury inflation,3133-AE06,{7},1,{7},1.0
9988,treasury regulation,1545-BN56,{7},1,{7},1.0
9989,treasury tax,"1510-AA37,1510-AA46",{7},1,{7},1.0
9990,treatment information,0910-AB23,{1},1,{1},1.0
9991,treatment operation,2040-AE81,{5},1,{5},1.0
9992,treatment purpose,2900-AH41,{13},1,{13},1.0
9993,treatment schedule,0579-AC94,{1},1,{1},1.0
9994,treatment standard,"2050-AE05,2050-AE65,2050-AG19,2050-AG65",{5},1,{5},1.0
9995,treatment use,"0910-AA92,0910-AF14",{1},1,{1},1.0
9996,treble damage,2501-AC66,{13},1,{13},1.0
9997,tree removal,0581-AC03,{9},1,{9},1.0
9998,trial proceeding,"0651-AD11,0651-AD16,0651-AD34,0651-AD40",{8},1,{8},1.0
9999,triangular reorganization,"1545-AB21,1545-BM19",{7},1,{7},1.0
10000,tribal activity,0596-AC93,{5},1,{5},1.0
10001,tribal fishery,0648-BA95,{5},1,{5},1.0
10002,tribal gaming operation,3141-AA11,,0,,0.0
10003,tribal member,1545-AT11,{7},1,{7},1.0
10004,tribal organization,"2900-AP51,2900-AP52,3206-AM41",{13},1,{13},1.0
10005,tribal plan,0648-AG15,{5},1,{5},1.0
10006,tribal program,0970-AB78,{1},1,{1},1.0
10007,tribal self governance,1076-AD20,,0,,0.0
10008,tricare program,"0720-AA21,0720-AA52,0720-AA75,0720-AA76,0720-AA88,0720-AA98,0720-AB05,0720-AB09,0720-AB11,0720-AB17,0720-AB77,3206-AJ36",{1},1,{1},1.0
10009,trim system,"2120-AH40,2120-AI35",{3},1,{3},1.0
10010,trip limit,"0648-AI92,0648-AR89,0648-AS97",{5},1,{5},1.0
10011,trisodium phosphate,"0583-AB65,0583-AB80",{1},1,{1},1.0
10012,tropical bird,1018-AC77,{5},1,{5},1.0
10013,tropical crop,0560-AH19,{9},1,{9},1.0
10014,tropical disease,0910-AG37,{1},1,{1},1.0
10015,troubled asset relief program,1505-AC22,{7},1,{7},1.0
10016,troubled condition,"3133-AC03,3133-AC95,3133-AD97",{7},1,{7},1.0
10017,troubled financial institution,1545-AN71,{7},1,{7},1.0
10018,truck length,2125-AC30,{3},1,{3},1.0
10019,truck size,"2125-AD53,2125-AE04,2125-AE08,2125-AE20,2125-AE36,2125-AE43,2125-AE47,2125-AE96,2125-AE99,2125-AF81",{3},1,{3},1.0
10020,truck tractor,"2127-AG47,2127-AJ37",{3},1,{3},1.0
10021,truck trailer,"1545-AT63,2127-AI15","{3, 7}",2,"{3, 7}",2.0
10022,trust company,"3069-AA33,3069-AA63",{7},1,{7},1.0
10023,trust fund,"1076-AE22,1076-AE56,3064-AB40",{7},1,{7},1.0
10024,trust income,1545-AU47,{7},1,{7},1.0
10025,trust land,1076-AE81,,0,,0.0
10026,trust power,3064-AE23,{7},1,{7},1.0
10027,trust prefer security,"1557-AD79,3064-AE11,3235-AL52,7100-AC96","{8, 7}",2,"{8, 7}",2.0
10028,trust provision,0581-AB47,{9},1,{9},1.0
10029,truthful statement,3060-AH86,{11},1,{11},1.0
10030,ttb regulation,"1513-AA06,1513-AB69",{1},1,{1},1.0
10031,tuition assistance,2900-AK79,{13},1,{13},1.0
10032,tuna fishery,"0648-AX85,0648-BE78",{5},1,{5},1.0
10033,tuna fishing operation,0648-AH04,{5},1,{5},1.0
10034,tuna product,"0648-BC78,0648-BF73",{5},1,{5},1.0
10035,tungsten bronze,1018-AU13,{5},1,{5},1.0
10036,turtle excluder device,0648-BC10,{5},1,{5},1.0
10037,tv channel,3060-AG69,{11},1,{11},1.0
10038,tv receiver,3060-AF38,{11},1,{11},1.0
10039,two plant,1018-AC65,{5},1,{5},1.0
10040,two state rule,3245-AD55,{8},1,{8},1.0
10041,two steroid,1117-AB31,{1},1,{1},1.0
10042,type certificate,"2120-AE41,2120-AI02",{3},1,{3},1.0
10043,type design,2120-AF10,{3},1,{3},1.0
10044,type iii support organization,"1545-BG31,1545-BJ53,1545-BL38,1545-BL44",{7},1,{7},1.0
10045,u.s advanced pressurize water reactor,3150-AI83,{6},1,{6},1.0
10046,u.s affiliate,"0691-AA33,0691-AA45,0691-AA70",{8},1,{8},1.0
10047,u.s agency,"0412-AA66,0412-AA95",{14},1,,0.0
10048,u.s agent,1545-BI05,{7},1,{7},1.0
10049,u.s agricultural export,0551-AA62,{9},1,{9},1.0
10050,u.s armed force,"0750-AF25,1615-AB78,1615-AB85",{2},1,{2},1.0
10051,u.s army corps,0710-AA72,{5},1,{5},1.0
10052,u.s branch,"1550-AC11,1557-AD02,1557-AE02,3064-AD17,3064-AE42,3235-AL73,3235-AL73,7100-AE45","{8, 7}",2,"{8, 7}",2.0
10053,u.s business,1545-BF77,{7},1,{7},1.0
10054,u.s citizen,"0412-AA31,0648-AH04,0648-AX52,1115-AE04,1115-AF94,1400-AA72,1400-AB25,1615-AA03,1615-AA42,1651-AB22","{2, 5, 14}",3,"{2, 5, 14}",3.0
10055,u.s citizenship,"1400-AC54,1615-AC14,2700-AD56","{2, 10, 14}",3,"{2, 10, 14}",3.0
10056,u.s coast guard,1625-AB54,{2},1,{2},1.0
10057,u.s corporation,1545-AU22,{7},1,{7},1.0
10058,u.s court,2900-AL78,{13},1,{13},1.0
10059,u.s currency,1505-AA69,{7},1,{7},1.0
10060,u.s custom,"0625-AB10,1651-AB26","{8, 2}",2,"{8, 2}",2.0
10061,u.s customs service,"1115-AE10,1515-AC48,1545-AS52","{2, 7}",2,"{2, 7}",2.0
10062,u.s department,"1205-AB74,1513-AB71,3245-AG87","{8, 1, 4}",3,"{8, 1, 4}",3.0
10063,u.s direct investment,"0691-AA25,0691-AA40,0691-AA58,0691-AA63,0691-AA66,0691-AA71,0691-AA74,0691-AA75,0691-AA83,0691-AA89",{8},1,{8},1.0
10064,u.s endangered species act,0648-AQ74,{5},1,{5},1.0
10065,u.s firm,0750-AB60,{2},1,{2},1.0
10066,u.s fish,"1018-AX35,1018-AX66,1018-AX67,1018-AY13,1018-AZ88,1018-AZ89",{5},1,{5},1.0
10067,u.s flag,2900-AK56,{13},1,{13},1.0
10068,u.s gaap,3235-AJ90,{8},1,{8},1.0
10069,u.s government,"0648-AI31,1400-AC88","{5, 14}",2,"{5, 14}",2.0
10070,u.s homeland security,0694-AE64,{8},1,{8},1.0
10071,u.s housing act,"2501-AB68,2501-AD19,2577-AC65",{13},1,{13},1.0
10072,u.s import,0607-AA21,{8},1,{8},1.0
10073,u.s institution,1400-AB40,{14},1,{14},1.0
10074,u.s insurance company,"0691-AA42,0691-AA53,0691-AA69,0691-AA88",{8},1,{8},1.0
10075,u.s international trade commission,1515-AC43,{2},1,{2},1.0
10076,u.s issuer,3235-AJ93,{8},1,{8},1.0
10077,u.s item,"0790-AI45,0790-AK24",{2},1,{2},1.0
10078,u.s land border,1651-AB14,{2},1,{2},1.0
10079,u.s marine mammal protection act,0648-AY15,{5},1,{5},1.0
10080,u.s maritime administration,2070-AJ05,{5},1,{5},1.0
10081,u.s municipality,"2126-AA33,2126-AA34",{3},1,{3},1.0
10082,u.s munition list,"0694-AA52,0694-AB09,0694-AC74,1400-AA64,1400-AA65,1400-AB54,1400-AB55,1400-AB56,1400-AB59,1400-AB60","{8, 14}",2,"{8, 14}",2.0
10083,u.s national,1400-AA34,{14},1,{14},1.0
10084,u.s navy,"0648-AQ61,0648-BG32,0648-BI42",{5},1,{5},1.0
10085,u.s nuclear regulatory commission,1117-AB38,{1},1,{1},1.0
10086,u.s patent,"0651-AB38,0651-AB39,0651-AB55",{8},1,{8},1.0
10087,u.s person,"0694-AD37,1400-AD79,1545-AP81,1545-BK91","{8, 14, 7}",3,"{8, 14, 7}",3.0
10088,u.s population,1018-AD12,{5},1,{5},1.0
10089,u.s port,"1205-AB03,1215-AA90,1625-AA49,1625-AA82,1625-AA93,1625-AA96,1651-AB20,2115-AG24,2115-AG47","{2, 4}",2,"{2, 4}",2.0
10090,u.s possession,"1545-BC86,1545-BE22,1545-BF85,1545-BG02,1545-BK18",{7},1,{7},1.0
10091,u.s producer,0551-AA60,{9},1,{9},1.0
10092,u.s proposal,"1018-AF09,1018-AF69,1018-AI91",{5},1,{5},1.0
10093,u.s provider,3060-AI42,{11},1,{11},1.0
10094,u.s reporter,"0691-AA37,0691-AA57",{8},1,{8},1.0
10095,u.s resident,1505-AC16,{7},1,{7},1.0
10096,u.s standards,"0580-AA42,0648-AA46,0648-AD92,0648-AE69,0648-AE70,0648-AE71","{1, 5}",2,"{1, 5}",2.0
10097,u.s supplement,2115-AF11,{2},1,{2},1.0
10098,u.s tax purpose,1545-BO21,{7},1,{7},1.0
10099,u.s technology,0694-AE27,{8},1,{8},1.0
10100,u.s territory,"0579-AC70,0579-AD82,0648-BF41,0938-AR79,2060-AK02,2060-AN66,2070-AD46,2900-AP42","{1, 13, 5}",3,"{1, 13, 5}",3.0
10101,u.s treasury,"1510-AA45,1510-AA99",{7},1,{7},1.0
10102,u.s trustee,1105-AB17,{12},1,{12},1.0
10103,u.s vessel,0648-AG85,{5},1,{5},1.0
10104,u.s water,"0648-AS15,0648-BE46,0648-BE93,0648-BF77,0648-BG82,0648-BI96,1625-AA25,1625-AA32,1625-AA52,2115-AF97,2115-AG21,2115-AG52","{2, 5}",2,"{2, 5}",2.0
10105,u.s.-flag vessel,"0750-AI38,2133-AA95,2133-AB37,2133-AB38,2133-AB45,9000-AI39,9000-AI97","{2, 3}",2,"{2, 3}",2.0
10106,u.s.-mexico border,"2126-AA33,2126-AA34",{3},1,{3},1.0
10107,uc program,1205-AB18,{4},1,{4},1.0
10108,ultra low sulfur diesel,2060-AO71,{5},1,{5},1.0
10109,ultrafiltered milk,0910-AI42,{1},1,{1},1.0
10110,ultrasonic product,0910-AH65,{1},1,{1},1.0
10111,un sanctions,0694-AC86,{8},1,{8},1.0
10112,unaccompanied child,0970-AC61,{1},1,{1},1.0
10113,unallowable cost,"9000-AJ65,9000-AJ77,9000-AK06",,0,,0.0
10114,unapproved new animal drug,0910-AF78,{1},1,{1},1.0
10115,unapproved source,0910-AC20,{1},1,{1},1.0
10116,unapproved use,0910-AB23,{1},1,{1},1.0
10117,unauthorized access,"1550-AB97,1557-AC92,3064-AC87,3133-AC83",{7},1,{7},1.0
10118,unauthorized alien,1653-AA55,{2},1,{2},1.0
10119,unauthorized assistance,0560-AH34,{9},1,{9},1.0
10120,unauthorized charge,3060-AJ72,{11},1,,0.0
10121,unauthorized employment,1115-AD65,{2},1,{2},1.0
10122,unauthorized entry,1625-AA86,{2},1,{2},1.0
10123,unauthorized loan,0575-AC02,{9},1,{9},1.0
10124,unauthorized use,3150-AF44,{6},1,,0.0
10125,unblockable drain,3041-AC96,{1},1,{1},1.0
10126,unborn child,0938-AL37,{1},1,{1},1.0
10127,unbundled network element,3060-AI00,{11},1,{11},1.0
10128,unclaimed money,1076-AE55,,0,,0.0
10129,unclaimed property,1024-AD52,{5},1,{5},1.0
10130,unclassified control technical information,0750-AG47,{2},1,{2},1.0
10131,unclassified information,9000-AL85,,0,,0.0
10132,uncleared swap,"3038-AC97,3038-AD28,3038-AE71,3038-AE77,3038-AE85",{7},1,{7},1.0
10133,uncompensated cost,0938-AS92,{1},1,{1},1.0
10134,uncompensated overtime,"0750-AC19,2700-AB40","{2, 10}",2,"{2, 10}",2.0
10135,uncontrollable circumstance,0938-AT16,{1},1,{1},1.0
10136,uncontrolled hazardous waste site,2050-AD75,{5},1,{5},1.0
10137,underfunded pension plan,1545-BG72,{7},1,{7},1.0
10138,undergraduate program,"1840-AC59,1840-AC82,1840-AD01",{10},1,{10},1.0
10139,underground coal mine,"1219-AA27,1219-AA75,1219-AB00,1219-AB27,1219-AB34,1219-AB40,1219-AB58,1219-AB65,1219-AB75,1219-AB76,1219-AB79,1219-AB84,1219-AB85,2060-AQ03","{4, 5}",2,"{4, 5}",2.0
10140,underground injection control,2040-AD40,{5},1,{5},1.0
10141,underground mine,"1219-AB35,1219-AB78",{4},1,{4},1.0
10142,underground miner,1219-AB86,{4},1,{4},1.0
10143,underground storage facility,2137-AF22,{3},1,{3},1.0
10144,underground storage tank,"2050-AC15,2050-AD67,2050-AD69,2050-AE57",{5},1,{5},1.0
10145,underlie security,3235-AH56,{8},1,{8},1.0
10146,underserved market,2590-AA27,{7},1,{7},1.0
10147,underwater survey,"1625-AA57,2115-AF95",{2},1,{2},1.0
10148,underwriting syndicate,3235-AG61,{8},1,{8},1.0
10149,undiagnosed illness,"2900-AN68,2900-AO09",{13},1,{13},1.0
10150,undocumented alien,"0938-AI78,0960-AE26","{1, 13}",2,"{1, 13}",2.0
10151,undue discrimination,"1902-AC18,1902-AD02",{6},1,{6},1.0
10152,unearned fee,2502-AH56,{13},1,{13},1.0
10153,unemployed parent,0938-AH98,{1},1,{1},1.0
10154,unemployment compensation,"0970-AB67,1205-AB21","{1, 4}",2,"{1, 4}",2.0
10155,unemployment datum,0570-AA91,{9},1,{9},1.0
10156,unemployment insurance system,1205-AB97,{4},1,{4},1.0
10157,unequal access,9000-AL82,,0,,0.0
10158,unescorted access,"3150-AI25,3150-AI56",{6},1,{6},1.0
10159,unfair competition,3211-AA01,{11},1,{11},1.0
10160,unfair or deceptive act,"1550-AC17,1550-AC38,3133-AD47,3133-AD62",{7},1,{7},1.0
10161,unfair or deceptive practice,2105-AE72,{3},1,{3},1.0
10162,unfair practice,0580-AB27,{1},1,{1},1.0
10163,unfunded program,0572-AC38,{9},1,{9},1.0
10164,unguaranteed portion,3245-AD84,{8},1,{8},1.0
10165,uniform capitalization rule,1545-AQ94,{7},1,{7},1.0
10166,uniform disclosure,0938-AQ73,{1},1,{1},1.0
10167,uniform financial reporting standard,"2501-AC49,2501-AC80",{13},1,{13},1.0
10168,uniform guideline,2127-AE90,{3},1,{3},1.0
10169,uniform procedure,"0503-AA19,0599-AA10,2125-AD79,2127-AG69,2127-AH01,2127-AH53,2127-AL30,2127-AL71","{9, 3}",2,"{9, 3}",2.0
10170,uniform requirement,"1505-AC48,2501-AD05,3135-AA32,3137-AA24","{10, 13, 7}",3,"{10, 13, 7}",3.0
10171,uniform rule,"1550-AA79,1550-AA80,1557-AB43,3064-AB49,3064-AB52,3064-AE85,3064-AF10,3133-AB79",{7},1,{7},1.0
10172,uniform standard,3133-AB20,{7},1,{7},1.0
10173,uniform system,1902-AB64,{6},1,,0.0
10174,uniform tire quality grading,"2127-AF17,2127-AK06",{3},1,{3},1.0
10175,uniform traffic control device,"2125-AD57,2125-AE25,2125-AE38,2125-AE50,2125-AE58,2125-AE71,2125-AE78,2125-AE83,2125-AE87,2125-AE93,2125-AE98,2125-AF02,2125-AF22,2125-AF41,2125-AF43,2125-AF85",{3},1,{3},1.0
10176,uniform use,"0750-AK78,9000-AM73",{2},1,{2},1.0
10177,uniformed service,"0720-AA01,0720-AA04,0720-AA06,0720-AA07,0720-AA19,0720-AA20,0720-AA21,0720-AA23,0720-AA26,0720-AA27,0720-AA29,0720-AA30,0720-AA32,0720-AA33,0720-AA35,0720-AA36,0720-AA37,0720-AA38,0720-AA39,0720-AA40,0720-AA41,0720-AA42,0720-AA43,0720-AA44,0720-AA46,0720-AA48,0720-AA49,0720-AA50,0720-AA51,0720-AA52,0720-AA53,0720-AA54,0720-AA55,0720-AA56,0720-AA57,0720-AA58,0720-AA59,0720-AA60,0720-AA61,0720-AA65,0720-AA66,0720-AA69,0720-AA70,0720-AA99,0720-AB15,0720-AB27,0720-AB45,0720-AB48,0790-AG52,0790-AI61,0790-AJ00,0790-AJ37,0960-AG73,1400-AE22,1625-AC42,3206-AH15,3206-AJ85,3206-AL21","{1, 2, 13, 14}",4,"{1, 2, 13, 14}",4.0
10178,uniformed services university,"0790-AJ91,0790-AK36,0790-AK37,0790-AK61",{2},1,{2},1.0
10179,unify rule,"1545-BI32,1545-BJ28",{7},1,{7},1.0
10180,uninspected vessel,"1625-AB83,2115-AA08,2115-AC69",{2},1,{2},1.0
10181,uninsured financial institution,1557-AB59,{7},1,{7},1.0
10182,unintended loophole,0960-AH93,{13},1,{13},1.0
10183,uninterruptible power supply,"1904-AD68,1904-AD69",{6},1,{6},1.0
10184,union due,"0970-AC80,1215-AB33,9000-AK04,9000-AL47","{1, 4}",2,"{1, 4}",2.0
10185,union office,1294-AA09,{4},1,{4},1.0
10186,union official,1215-AB52,{4},1,{4},1.0
10187,union organization,1215-AB50,{4},1,{4},1.0
10188,unique identification,9000-AN00,,0,,0.0
10189,unit division,0563-AB52,{9},1,{9},1.0
10190,unit investment trust,"3235-AA47,3235-AG63,3235-AK60",{8},1,{8},1.0
10191,unit month,2577-AB49,{13},1,{13},1.0
10192,united mine worker,1029-AC60,{5},1,{5},1.0
10193,universal child seat,2127-AH56,{3},1,{3},1.0
10194,universal proxy,3235-AL84,{8},1,{8},1.0
10195,university student,1400-AC35,{14},1,{10},1.0
10196,unlawful discrimination,0790-AJ04,{2},1,{2},1.0
10197,unlawful internet gambling,"1505-AB78,7100-AD15",{7},1,{7},1.0
10198,unlawful presence,"1115-AG36,1615-AA64",{2},1,{2},1.0
10199,unlicensed device,3060-AI16,{11},1,{11},1.0
10200,unlicensed operation,"3060-AI50,3060-AI52",{11},1,{11},1.0
10201,unlicensed person,3150-AF35,{6},1,{6},1.0
10202,unlicensed use,"3060-AK31,3060-AK43",{11},1,{11},1.0
10203,unlimited coverage,"3064-AD65,3064-AD72",{7},1,{7},1.0
10204,unlimited deposit insurance coverage,3064-AE34,{7},1,{7},1.0
10205,unlisted trading privilege,"3235-AG28,3235-AH85",{8},1,{8},1.0
10206,unmanned aircraft,2120-AL52,{3},1,{3},1.0
10207,unmarked grave,2900-AQ28,{13},1,{13},1.0
10208,unmarried child,1115-AD59,{2},1,{2},1.0
10209,unnecessary burden,2137-AF47,{3},1,,0.0
10210,unnecessary delay,0560-AF13,{9},1,,0.0
10211,unnecessary provision,2900-AI15,{13},1,{13},1.0
10212,unnecessary regulation,"0648-AI59,0651-AD25","{8, 5}",2,"{8, 5}",2.0
10213,unnecessary regulatory burden,3245-AG98,{8},1,{8},1.0
10214,unnecessary requirement,0583-AD68,{1},1,{1},1.0
10215,unofficial use,0703-AA91,{2},1,{2},1.0
10216,unpaid benefit,2900-AL37,{13},1,{13},1.0
10217,unpaid taxis,1545-AI24,{7},1,{7},1.0
10218,unproven drug,"0720-AA88,0720-AB23",{1},1,{1},1.0
10219,unpublished information,"1550-AA66,3069-AA79",{7},1,{7},1.0
10220,unregistered investment company,"1506-AA57,1506-AA77",{7},1,{7},1.0
10221,unrelated business income tax,1545-BH02,{7},1,{7},1.0
10222,unreported fishing,0648-BG11,{5},1,{5},1.0
10223,unrestricted use,3150-AG56,{6},1,{6},1.0
10224,unroasted coffee,0579-AB96,{1},1,{1},1.0
10225,unruly passenger,2120-AH09,{3},1,{3},1.0
10226,unsafe and unsound banking practice,3064-AD50,{7},1,{7},1.0
10227,unsafe condition,2130-AC50,{3},1,,0.0
10228,unsatisfactory performance,0790-AK28,{2},1,{2},1.0
10229,unsatisfactory safety rating,"2125-AE56,2126-AA42,2126-AB50,2126-AB55",{3},1,{3},1.0
10230,unsolicited proposal,9000-AJ66,,0,,0.0
10231,update amendment,3209-AA22,,0,,0.0
10232,update definition,0581-AD26,{9},1,{9},1.0
10233,update description,0750-AI49,{2},1,{2},1.0
10234,update list,"0694-AF08,1400-AB73","{8, 14}",2,"{8, 14}",2.0
10235,update procedure,2030-AA53,{5},1,{5},1.0
10236,update regulation,"0575-AC27,0910-AH96,1018-AX09,1545-BJ22","{9, 5, 1, 7}",4,"{9, 5, 1, 7}",4.0
10237,update safety standard,2137-AD80,{3},1,{3},1.0
10238,update section,1545-BJ71,{7},1,{7},1.0
10239,update standard,0910-AG09,{1},1,{1},1.0
10240,update statement,"0694-AE12,0694-AE19,0694-AE72,0694-AE76,0694-AF00,0694-AF05,0694-AF34,0694-AF44,0694-AF55,0694-AF78,0694-AG01,0694-AG07,0694-AG26,0694-AG39,0694-AG48,0694-AG62,0694-AG71,0694-AG75,0694-AG78,0694-AG99,0694-AH09,0694-AH15,0694-AH22,0694-AH38,0694-AH59",{8},1,{8},1.0
10241,upholstered furniture,"3041-AB35,3041-AB81",{1},1,{1},1.0
10242,upland cotton,"0560-AF25,0560-AF79,0560-AH81",{9},1,{9},1.0
10243,upper limit,0938-AP67,{1},1,{1},1.0
10244,upper mississippi river national wildlife,1018-AV43,{5},1,{5},1.0
10245,urban area,3090-AF94,,0,,0.0
10246,urban development,"2501-AD55,2501-AD61",{13},1,{13},1.0
10247,urban empowerment zone,2506-AB96,{13},1,{13},1.0
10248,urgent care,2900-AQ47,{13},1,{1},1.0
10249,uruguay round,0750-AA72,{2},1,{2},1.0
10250,us apwr,3150-AI83,{6},1,{6},1.0
10251,us corporation,1545-AU23,{7},1,{7},1.0
10252,usa patriot act,1105-AA78,{12},1,{12},1.0
10253,usda 's decision,0584-AC59,{1},1,{1},1.0
10254,usda inspection,0581-AB59,{9},1,{9},1.0
10255,usda program,"0503-AA27,0510-AA08",{9},1,{9},1.0
10256,use authorization,"2070-AJ38,2070-AK12",{5},1,{5},1.0
10257,use criterion,2137-AD78,{3},1,{3},1.0
10258,use instruction,0910-AA14,{1},1,{1},1.0
10259,use motor vehicle,1515-AC19,{2},1,{2},1.0
10260,use testing,2060-AO69,{5},1,{5},1.0
10261,useful life,0572-AB80,{9},1,{9},1.0
10262,user charge,0790-AH93,{2},1,{2},1.0
10263,user fee,"0579-AA68,0579-AA70,0579-AA81,0579-AB05,0579-AB88,0579-AC22,0579-AC44,0579-AC99,0579-AD77,0581-AB15,0581-AB44,0581-AB57,0581-AB72,0581-AB94,0581-AC04,0581-AC17,0581-AC34,0581-AC43,0581-AC58,0581-AC68,0581-AC80,0581-AC99,0581-AD23,0581-AD30,0581-AD35,0790-AK45,0910-AG81,0910-AH23,0920-AA11,0920-AA47,0930-AA17,0938-AI35,0938-AI46,1105-AB01,1110-AA19,1215-AB06,1505-AB30,1515-AC81,1545-AV34,1545-BA54,1545-BF68,1545-BF69,1545-BG88,1545-BI71,1545-BJ65,1545-BO38,1625-AC55,2050-AG80,2060-AF40,2060-AG18,2060-AG64,2115-AE18,2115-AF49,3090-AG79,3245-AB44","{1, 2, 4, 5, 7, 8, 9, 12}",8,"{1, 2, 4, 5, 7, 8, 9, 12}",8.0
10264,utah prairie dog,"1018-AW02,1018-BD70",{5},1,{5},1.0
10265,ute indian tribe,"1076-AD37,1076-AE78",,0,,0.0
10266,utility allowance,"0584-AE69,1545-BI91,1545-BM28","{1, 7}",2,"{1, 7}",2.0
10267,utility operation,3038-AE19,{7},1,{7},1.0
10268,utility rate,0750-AE64,{2},1,{6},1.0
10269,utility relocation,2125-AD31,{3},1,{3},1.0
10270,utility service,"0750-AE65,2900-AQ38,3090-AI85,3090-AJ76","{2, 13}",2,"{2, 13}",2.0
10271,utilization facility,3150-AJ48,{6},1,{6},1.0
10272,va claim,2900-AQ26,{13},1,{13},1.0
10273,va facility,"2900-AD48,2900-AN42",{13},1,{13},1.0
10274,va form,2900-AL91,{13},1,{13},1.0
10275,va guarantee loan,2900-AH23,{13},1,{13},1.0
10276,va health care system,"2900-AN23,2900-AN66",{13},1,{13},1.0
10277,va issue,2900-AI57,{13},1,{13},1.0
10278,va pay,2900-AP89,{13},1,{13},1.0
10279,va property,2900-AO39,{13},1,{13},1.0
10280,vacant channel,3060-AK43,{11},1,{11},1.0
10281,vacant position,3206-AH95,,0,,0.0
10282,vacant unit,2577-AC48,{13},1,{13},1.0
10283,vaccination clinic,0920-AA11,{1},1,{1},1.0
10284,vaccine injury,0906-AA75,{1},1,{1},1.0
10285,valid exist right,1029-AB42,{5},1,{5},1.0
10286,valuation assumption,"1212-AA55,1212-AB42",{13},1,{13},1.0
10287,value engineering,"2030-AA49,2125-AD33,2125-AF40,2125-AF64,9000-AH12","{3, 5}",2,"{3, 5}",2.0
10288,vandenberg air force base,"0648-AK42,0648-AP47,0648-AX08,0648-BD62",{5},1,{5},1.0
10289,vapor control system,2115-AF78,{2},1,{2},1.0
10290,vapor pressure,2137-AF24,{3},1,{3},1.0
10291,variable annuity,"1545-BG65,3235-AI39","{8, 7}",2,"{8, 7}",2.0
10292,variable cost,2140-AA62,{3},1,{3},1.0
10293,variable life insurance contract,3235-AG37,{8},1,{8},1.0
10294,various application,1115-AD67,{2},1,{2},1.0
10295,various crop,0563-AA80,{9},1,{9},1.0
10296,various device,0910-AH38,{1},1,{1},1.0
10297,various medium,2060-AF00,{5},1,{5},1.0
10298,various product,3041-AD49,{1},1,{1},1.0
10299,various program,1840-AC85,{10},1,,0.0
10300,various provision,1545-BO46,{7},1,{7},1.0
10301,various regulation,"1117-AA33,1545-BB47","{1, 7}",2,"{1, 7}",2.0
10302,various rule,3060-AI30,{11},1,,0.0
10303,various state government,"0910-AB03,0910-AB19",{1},1,{1},1.0
10304,various statute,0581-AD58,{9},1,{9},1.0
10305,vegetable glycerin,0910-AI06,{1},1,{1},1.0
10306,vegetable oil,2060-AK32,{5},1,{5},1.0
10307,vegetation management,0596-AD36,{5},1,{5},1.0
10308,vehicle sale,"1506-AA60,1506-AA80",{7},1,{7},1.0
10309,vehicle standard,2060-AR83,{5},1,{5},1.0
10310,vehicle test procedure,2060-AU62,{5},1,{5},1.0
10311,vehicle title,"3170-AA40,3170-AA80,3170-AA95",{7},1,{7},1.0
10312,vend machine,"0910-AG56,0910-AH42,1904-AB14","{1, 6}",2,"{1, 6}",2.0
10313,vendor allowance,1545-BI57,{7},1,{7},1.0
10314,venomous snake,1018-AV41,{5},1,{5},1.0
10315,vent gas,1010-AB96,{5},1,{5},1.0
10316,ventilation equipment,1904-AC31,{6},1,{6},1.0
10317,ventura marsh milk vetch,1018-AF61,{5},1,{5},1.0
10318,venture capital company,3245-AF15,{8},1,{8},1.0
10319,venture capital fund,3235-AK81,{8},1,{8},1.0
10320,verbal order,0938-AM88,{1},1,{1},1.0
10321,verification procedure,0584-AC89,{1},1,{1},1.0
10322,verification requirement,"0584-AE59,1545-BL96","{1, 7}",2,"{1, 7}",2.0
10323,vernal pool,1018-AC96,{5},1,{5},1.0
10324,very light jet,2120-AI84,{3},1,{3},1.0
10325,vessel carry oil,"1625-AA02,2115-AD66",{2},1,{2},1.0
10326,vessel list,0648-AU78,{5},1,{5},1.0
10327,vessel movement,0648-BI45,{5},1,{5},1.0
10328,vessel operate,"1625-AA25,2115-AF97",{2},1,{2},1.0
10329,vessel ownership,2115-AF88,{2},1,{2},1.0
10330,vessel sewage,2040-AC61,{5},1,{5},1.0
10331,vessel subject,0648-BH88,{5},1,{5},1.0
10332,vessel tracking system,0648-AL35,{5},1,{5},1.0
10333,vessel traffic service,"1625-AA58,1625-AB81,1625-AB81,2115-AF75,2115-AF92",{2},1,{2},1.0
10334,veteran affair,2900-AK14,{13},1,{13},1.0
10335,veteran appeal,"2900-AI98,2900-AJ15,2900-AJ85,2900-AK71,2900-AK91,2900-AL08,2900-AL15,2900-AL25,2900-AL77,2900-AL97,2900-AM30,2900-AM31,2900-AM77,2900-AO06,2900-AO43,2900-AO80,2900-AP56,2900-AP71",{13},1,{13},1.0
10336,veteran education,"2900-AG04,2900-AG22,2900-AG23,2900-AG63,2900-AI90",{13},1,{13},1.0
10337,veteran employment,"9000-AI46,9000-AN14",,0,,0.0
10338,veteran own small business,"2900-AM92,3245-AH18","{8, 13}",2,"{8, 13}",2.0
10339,veteran preference,"3206-AL00,3206-AM03,3206-AM79,3206-AN47",,0,,0.0
10340,veteran program,3245-AC95,{8},1,{8},1.0
10341,veteran training,"2900-AG56,2900-AI74,2900-AI85",{13},1,{13},1.0
10342,veterans affairs,"0720-AA86,0720-AA87,2126-AB97,2900-AI03,2900-AK03,2900-AK89,2900-AL48,2900-AM22,2900-AM23,2900-AM43,2900-AM44,2900-AM99,2900-AN07,2900-AN38,2900-AN95,2900-AP02,3245-AG87","{8, 1, 3, 13}",4,"{8, 1, 3, 13}",4.0
10343,veterans benefits,2900-AK68,{13},1,{13},1.0
10344,veterans cemetery,2900-AO98,{13},1,{13},1.0
10345,veterans health administration,2900-AK52,{13},1,{13},1.0
10346,veterinary diagnostic,0579-AA70,{1},1,{1},1.0
10347,veterinary drug,0910-AB93,{1},1,{1},1.0
10348,via telehealth,2900-AQ59,{13},1,{13},1.0
10349,victim assistance program,1121-AA69,{12},1,{12},1.0
10350,victim notification,1105-AA73,{12},1,{12},1.0
10351,video conference,3142-AA10,{4},1,,0.0
10352,video description,"3060-AJ56,3060-AJ85",{11},1,{11},1.0
10353,video dialtone,3060-AF83,{11},1,{11},1.0
10354,video programming,3060-AI72,{11},1,{11},1.0
10355,video service,3060-AI94,{11},1,{11},1.0
10356,video teleconference,0960-AH81,{13},1,{13},1.0
10357,vietnam era,"1215-AA62,1215-AB24,1215-AB27",{4},1,{4},1.0
10358,vietnam veteran,"0750-AA96,2900-AI70,2900-AJ51,2900-AK67,2900-AK88,2900-AK90","{2, 13}",2,"{2, 13}",2.0
10359,viral hemorrhagic septicemia,0579-AC74,{1},1,{1},1.0
10360,virginia graeme baker pool,3041-AD75,{1},1,{1},1.0
10361,virginia north carolina border,0648-BF45,{5},1,{5},1.0
10362,virginia state water,0648-AO33,{5},1,{5},1.0
10363,virtual currency,3038-AE62,{7},1,{7},1.0
10364,visa application,1400-AE81,{14},1,{14},1.0
10365,visa fee,1400-AA92,{14},1,{14},1.0
10366,visa petition,"1115-AG00,1615-AA46",{2},1,{2},1.0
10367,visa revocation,1653-AA40,{2},1,{2},1.0
10368,visa waiver program,"1115-AB93,1115-AG25,1115-AG73,1400-AA75,1400-AB21,1601-AA54,1601-AA67,1601-AA70,1601-AA94,1651-AA00,1651-AA17,1651-AA25,1651-AA72,1651-AA81","{2, 14}",2,"{2, 14}",2.0
10369,visa worker,1125-AA40,{2},1,{2},1.0
10370,visible emission,2060-AF83,{5},1,{5},1.0
10371,vision impairment,2900-AP12,{13},1,{13},1.0
10372,vision insurance,"3206-AM55,3206-AM97,3206-AN44",,0,,0.0
10373,visitation right,0938-AQ06,{1},1,{1},1.0
10374,visitor service,"0596-AB57,1004-AC42,1018-AC02,1018-AS85,1024-AC19",{5},1,{5},1.0
10375,visual distress signal,2115-AC69,{2},1,{2},1.0
10376,visual inspection,2127-AL88,{3},1,{3},1.0
10377,vital record,3095-AA51,{10},1,{10},1.0
10378,viticultural area,"1512-AC53,1513-AA75,1513-AA77,1513-AC02,1513-AC41,1513-AC52,1513-AC55",{1},1,{1},1.0
10379,vitro diagnostic device,0910-AH98,{1},1,{1},1.0
10380,vitro fertilization,"0925-AA14,0940-AA02",{1},1,{1},1.0
10381,vitro test,0579-AA66,{1},1,{1},1.0
10382,voc content,2060-AN42,{5},1,{5},1.0
10383,voc emission,"2060-AE24,2060-AF02,2060-AO51",{5},1,{5},1.0
10384,voc regulation,"2060-AE55,2060-AP09",{5},1,{5},1.0
10385,vocational and technical education,1830-AA24,{10},1,{10},1.0
10386,vocational education,1830-AA15,{10},1,{10},1.0
10387,vocational expert,0960-AF37,{13},1,{13},1.0
10388,vocational factor,"0960-AE96,0960-AG83,0960-AH74,0960-AI40",{13},1,{13},1.0
10389,vocational rehabilitation,"2900-AH44,2900-AI29,2900-AM69,2900-AM84,2900-AN31",{13},1,{13},1.0
10390,vocational training,"2900-AI72,2900-AK90",{13},1,{13},1.0
10391,volatile organic,"2040-AC95,2040-AD12",{5},1,{5},1.0
10392,volcker rule,"3038-AD05,3038-AE72,3064-AE67,7100-AE75",{7},1,{7},1.0
10393,voluntarily abandon,3090-AH11,,0,,0.0
10394,voluntarily submit information,2120-AG36,{3},1,{3},1.0
10395,voluntary agreement,1660-AA56,{2},1,,0.0
10396,voluntary child 's chemical evaluation program,2070-AC27,{5},1,{5},1.0
10397,voluntary consensus standard,0348-AB37,,0,,0.0
10398,voluntary conversion,2577-AC02,{13},1,{13},1.0
10399,voluntary departure,"1115-AE44,1125-AA60",{2},1,{2},1.0
10400,voluntary early retirement,3206-AJ82,,0,,0.0
10401,voluntary education program,"0790-AI50,0790-AJ06,0790-AJ95",{2},1,{2},1.0
10402,voluntary egg,"0581-AB73,0581-AC10",{9},1,{9},1.0
10403,voluntary employee beneficiary association,"1545-BJ92,1545-BP33",{7},1,{7},1.0
10404,voluntary grading,"0581-AB88,0581-AC02",{9},1,{9},1.0
10405,voluntary guideline,0910-AE13,{1},1,,0.0
10406,voluntary labeling program,"0503-AA28,0503-AA35,0599-AA22",{9},1,{9},1.0
10407,voluntary licensing,"2120-AK16,2120-AK16",{3},1,{3},1.0
10408,voluntary liquidation,"3052-AC16,3052-AC26,3052-AC38,3052-AC64,3133-AD70,3133-AE30",{7},1,{7},1.0
10409,voluntary merger,"2590-AA37,3133-AE73",{7},1,{7},1.0
10410,voluntary nutrition labeling program,0583-AC55,{1},1,{1},1.0
10411,voluntary program,"1653-AA55,2070-AJ03","{2, 5}",2,"{2, 5}",2.0
10412,voluntary reduction,0938-AI27,{1},1,{1},1.0
10413,voluntary surrender,"1117-AB27,1120-AA45","{1, 12}",2,"{1, 12}",2.0
10414,voluntary suspension,"0960-AH07,0960-AH93",{13},1,{13},1.0
10415,voluntary termination,"3133-AB70,3133-AB96,3133-AC82,3133-AD28,3133-AD85",{7},1,{7},1.0
10416,voluntary unemployment,0970-AC81,{1},1,{1},1.0
10417,voluntary waiver,"1512-AC64,1513-AA31",{1},1,{1},1.0
10418,voluntary withholding,1545-BL93,{7},1,{7},1.0
10419,volunteer service,3206-AN89,,0,,0.0
10420,volunteer work,1205-AB60,{4},1,{4},1.0
10421,voting right,1215-AB50,{4},1,,0.0
10422,voting rights act,"1190-AA35,1190-AA39,1190-AA51,1190-AA58",{13},1,{13},1.0
10423,vulnerability assessment,"1652-AA58,1652-AA60",{2},1,{2},1.0
10424,wage area,"3206-AG52,3206-AJ60",,0,,0.0
10425,wage determination,"0750-AF59,9000-AK47",{2},1,{2},1.0
10426,wage index,0938-AG93,{1},1,{1},1.0
10427,wage order,1215-AB00,{4},1,{4},1.0
10428,wage rate,1215-AA94,{4},1,{4},1.0
10429,wage report,"0960-AF38,0960-AG96",{13},1,{13},1.0
10430,wait period,0938-AH33,{1},1,{1},1.0
10431,waive test,0938-AG99,{1},1,{1},1.0
10432,waiver authority,"0584-AB99,0584-AC83,0750-AC32","{1, 2}",2,"{1, 2}",2.0
10433,waiver procedure,"0790-AG91,2120-AK76,2132-AA90","{2, 3}",2,"{2, 3}",2.0
10434,waiver program,0938-AP06,{1},1,{1},1.0
10435,wanton waste,1018-AY74,{5},1,{5},1.0
10436,war program,0750-AF82,{2},1,{2},1.0
10437,war risk insurance,2133-AB23,{3},1,{3},1.0
10438,warehouse regulation,0560-AD92,{9},1,{9},1.0
10439,warehouse system,0584-AC79,{1},1,{1},1.0
10440,warfare agent,0694-AA69,{8},1,{8},1.0
10441,warm blooded animal,0579-AC41,{1},1,{1},1.0
10442,warn reporting,2127-AJ94,{3},1,{3},1.0
10443,warning device,2127-AF77,{3},1,{3},1.0
10444,warning label,2127-AH02,{3},1,{3},1.0
10445,warning requirement,2501-AB58,{13},1,{13},1.0
10446,warning sign,2125-AE58,{3},1,{3},1.0
10447,warning system,2120-AG46,{3},1,{3},1.0
10448,warranty clause,"2125-AD61,3090-AF45",{3},1,{3},1.0
10449,warranty requirement,2502-AJ40,{13},1,{13},1.0
10450,washing system,2127-AF88,{3},1,{3},1.0
10451,washington dulles international airport,2120-AK69,{3},1,{3},1.0
10452,washington monument,1024-AE59,{5},1,{5},1.0
10453,wassenaar arrangement,"0694-AB35,0694-AB40,0694-AB48,0694-AB72,0694-AG05,0694-AG49,0694-AG85,0694-AH44,0694-AH49,0694-AH69",{8},1,{8},1.0
10454,waste incinerator,2060-AF82,{5},1,{5},1.0
10455,waste isolation pilot plant,"2060-AG74,2060-AG85,2060-AK39,2060-AK79,2060-AM60,2060-AM73",{5},1,{5},1.0
10456,waste loan,0572-AB23,{9},1,{9},1.0
10457,waste management,"1901-AA65,3245-AG27,3245-AG91","{8, 6}",2,"{8, 6}",2.0
10458,waste prevention,"1004-AE14,1004-AE53,1004-AE54",{5},1,{5},1.0
10459,waste storage,2060-AS99,{5},1,{5},1.0
10460,waste treatment system,2090-AA30,{5},1,{5},1.0
10461,wastewater treatment sludge,2050-AG15,{5},1,{5},1.0
10462,watch movement,"0625-AA57,0625-AA63,0625-AA65,0625-AA68,0625-AA72,0625-AA78,0625-AA80",{8},1,{8},1.0
10463,water and waste disposal regulation,0572-AB21,{9},1,{9},1.0
10464,water bank,0578-AA24,{5},1,{5},1.0
10465,water base coating,2060-AF72,{5},1,{5},1.0
10466,water body,1006-AA51,{5},1,{5},1.0
10467,water carrier,"2140-AA33,2140-AA34,2140-AA35,2140-AA53",{3},1,{3},1.0
10468,water closet,"1904-AC65,1904-AE03",{6},1,{6},1.0
10469,water conservation,1006-AA32,{5},1,{5},1.0
10470,water content,2060-AG00,{5},1,{5},1.0
10471,water cool power reactor,"3150-AA86,3150-AF00",{6},1,{6},1.0
10472,water development project,0710-AA45,{5},1,{5},1.0
10473,water diversion,0648-AF80,{5},1,{5},1.0
10474,water facility,0596-AD14,{5},1,{5},1.0
10475,water heater,"1904-AA76,1904-AA88,1904-AA90,1904-AB37",{6},1,{6},1.0
10476,water heating,1904-AD12,{6},1,{6},1.0
10477,water infrastructure project,"2040-AF63,2040-AF98",{5},1,{5},1.0
10478,water pollution,"1625-AA98,2115-AD76",{2},1,{5},1.0
10479,water product,1904-AE09,{6},1,{6},1.0
10480,water provision,3235-AM23,{8},1,{8},1.0
10481,water quality certification,2040-AF86,{5},1,{5},1.0
10482,water quality management,0596-AC71,{5},1,{5},1.0
10483,water quality standard,"2040-AC37,2040-AC55,2040-AC78,2040-AD25,2040-AD27,2040-AD35,2040-AD46,2040-AE63,2040-AF11,2040-AF21,2040-AF36,2040-AF39,2040-AF41,2040-AF61",{5},1,{5},1.0
10484,water resource,0710-AA86,{5},1,{5},1.0
10485,water right,0596-AD14,{5},1,{5},1.0
10486,water skiing,1625-AA40,{2},1,{2},1.0
10487,water supply,"1006-AA34,2900-AP66","{13, 5}",2,"{13, 5}",2.0
10488,water system,0572-AC28,{9},1,{9},1.0
10489,water use,3084-AB11,{8},1,,0.0
10490,waterfowl hunting,"1018-AT32,1018-AT67,1018-AW46,1018-AY59,1018-AY61,1018-AY66,1018-AZ81,1018-BB06",{5},1,{5},1.0
10491,waterfront construction,0648-BG32,{5},1,{5},1.0
10492,waterfront facility,"1625-AA07,1625-AB67,1625-AC52,2115-AE22",{2},1,{2},1.0
10493,watershed rule,2040-AD82,{5},1,{5},1.0
10494,weakfish regulation,"0648-AH58,0648-AJ15",{5},1,{5},1.0
10495,weapon system,0694-AE40,{8},1,{8},1.0
10496,weatherization assistance,1904-AC16,{6},1,{6},1.0
10497,web address,0625-AB03,{8},1,{8},1.0
10498,web information,"1190-AA61,1190-AA65",{13},1,{13},1.0
10499,web portal,0938-AR90,{1},1,{1},1.0
10500,website post,3235-AI26,{8},1,{8},1.0
10501,weight average,0584-AD63,{1},1,{1},1.0
10502,weight control product,"0910-AC93,0910-AF45",{1},1,{1},1.0
10503,weight guideline,"0750-AB99,0750-AC65",{2},1,{2},1.0
10504,weight loss,0960-AG28,{13},1,{1},1.0
10505,welfare benefit,1215-AB56,{4},1,{4},1.0
10506,welfare plan,"1210-AB34,1210-AB37",{4},1,{4},1.0
10507,welfare reform,"0938-AH76,0938-AH92",{1},1,{1},1.0
10508,well control,"1010-AC78,1014-AA11",{5},1,{5},1.0
10509,well drill,1218-AB83,{4},1,{4},1.0
10510,well know seasoned issuer,3235-AK29,{8},1,{8},1.0
10511,well log,3150-AG14,{6},1,{6},1.0
10512,wellness program,1545-BL07,{7},1,{7},1.0
10513,western and central pacific fisheries commission,"0648-AX59,0648-AX60,0648-BH59",{5},1,{5},1.0
10514,western and central pacific ocean,0648-AW41,{5},1,{5},1.0
10515,western gulf,0648-BD01,{5},1,{5},1.0
10516,western pacific,"0648-AI19,0648-AJ81,0648-AK11,0648-AK23,0648-AO66,0648-AP53,0648-AS27,0648-AS71,0648-AS96,0648-AT38,0648-AT47,0648-AU11,0648-AU41,0648-AU99,0648-AV26,0648-AV28,0648-AV29,0648-AV30,0648-AV49,0648-AV55,0648-AV56,0648-AW35,0648-AW49,0648-AW52,0648-AW60,0648-AW98,0648-AX00,0648-AX19,0648-AX22,0648-AX38,0648-AX76,0648-AX81,0648-AY06,0648-AY24,0648-AY27,0648-AY36,0648-AY92,0648-AY93,0648-BA58,0648-BA98,0648-BB45,0648-BC89,0648-BH64,0648-BH65,0648-BI24",{5},1,{5},1.0
10517,western snowy plover,"1018-AD10,1018-AT17,1018-AT89,1018-AU11",{5},1,{5},1.0
10518,wetland conservation,"0560-AC86,0578-AA17,0578-AA58,0578-AA65","{9, 5}",2,"{9, 5}",2.0
10519,wetland regulation,"0560-AC92,1660-AA85","{9, 2}",2,"{9, 2}",2.0
10520,wetland reserve program,"0578-AA16,0578-AA33,0578-AA47",{5},1,{5},1.0
10521,whale regulation,0648-AI81,{5},1,{5},1.0
10522,whale shark,"0648-BD44,0648-BD53",{5},1,{5},1.0
10523,wheelchair lift,2127-AG16,{3},1,{3},1.0
10524,whistle ban,2130-AA71,{3},1,{3},1.0
10525,whistle blower,"1625-AA50,1625-AB33",{2},1,{2},1.0
10526,whistleblower procedure,2700-AE07,{10},1,{10},1.0
10527,whistleblower program,2127-AL85,{3},1,{3},1.0
10528,whistleblower protection,"0750-AG09,1105-AA60,1110-AA06,1601-AA72,9000-AG16,9000-AN32","{2, 12}",2,"{2, 12}",2.0
10529,whistleblower provision,"1400-AE59,3235-AK78","{8, 14}",2,"{8, 14}",2.0
10530,white abalone,0648-AM90,{5},1,{5},1.0
10531,white phosphorus,1117-AA57,{1},1,{1},1.0
10532,whole grain,0584-AE53,{1},1,{1},1.0
10533,wholesale competition,"1902-AB65,1902-AD39",{6},1,{6},1.0
10534,wholesale contract,0572-AA41,{9},1,{9},1.0
10535,wholesale drug distributor,0910-AH11,{1},1,{1},1.0
10536,wholesale electric power,1902-AE32,{6},1,{6},1.0
10537,wholesale electricity market,1902-AC76,{6},1,{6},1.0
10538,wholesale power,1901-AA64,{6},1,{6},1.0
10539,wholesale sale,"1902-AC29,1902-AC51,1902-AE85",{6},1,{6},1.0
10540,wholesale trade,"3245-AG49,3245-AG51,3245-AH09,3245-AH10",{8},1,{8},1.0
10541,whooping crane,"1018-AH46,1018-AX23",{5},1,{5},1.0
10542,wic program,0584-AC32,{1},1,{1},1.0
10543,wide area,0750-AI83,{2},1,{2},1.0
10544,widespread use,2060-AQ97,{5},1,,0.0
10545,wild and scenic river,"1004-AC87,1093-AA08",{5},1,{5},1.0
10546,wild bird conservation act,"1018-AC51,1018-AG64,1018-AG69,1018-AT30,1018-AW83",{5},1,{5},1.0
10547,wild fauna,"1018-AC78,1018-AD61,1018-AF58,1018-AF66,1018-AH63,1018-AI08,1018-AI90,1018-AV70,1018-AV71,1018-AW82,1018-AZ53,1018-AZ73,1018-BC71",{5},1,{5},1.0
10548,wild horse,"1004-AD28,1004-AE65",{5},1,{5},1.0
10549,wild mammal,1018-AJ24,{5},1,{5},1.0
10550,wilderness management,"0596-AC36,1004-AD46,1004-AD54,1018-AG19",{5},1,{5},1.0
10551,wildfire risk,1004-AE69,{5},1,{5},1.0
10552,wildlife dependent recreation,"1018-AG20,1018-AU25",{5},1,{5},1.0
10553,wildlife management,1004-AD02,{5},1,{5},1.0
10554,wildlife observation,"1018-AG51,1018-AU25",{5},1,{5},1.0
10555,wildlife regulation,"1018-AI06,1018-AI62,1018-AT98,1018-AU15,1018-AU95,1018-BA39,1018-BD11",{5},1,{5},1.0
10556,wildlife service,"1018-AX35,1018-AX66,1018-AX67,1018-AY13,1018-AZ88",{5},1,{5},1.0
10557,willful misconduct,2900-AI26,{13},1,{13},1.0
10558,wind energy,"1902-AC65,1902-AC76",{6},1,{6},1.0
10559,wind turbine,1018-AX45,{5},1,{5},1.0
10560,window retention,"2127-AJ47,2127-AK20",{3},1,{3},1.0
10561,windshield wipe,2127-AF88,{3},1,{3},1.0
10562,wine bottle,0910-AD84,{1},1,{1},1.0
10563,wine label,"1512-AB25,1512-AB70,1513-AB24,1513-AC13",{1},1,{1},1.0
10564,wine premise,1513-AC47,{1},1,{1},1.0
10565,wing net,0648-BC10,{5},1,{5},1.0
10566,winter flounder,0648-AJ92,{5},1,{5},1.0
10567,winter run chinook salmon,0648-BH85,{5},1,{5},1.0
10568,winter use,"1024-AD82,1024-AD92,1024-AE10",{5},1,{5},1.0
10569,winter visitation,1024-AD74,{5},1,{5},1.0
10570,wire flooring,0579-AA78,{1},1,{1},1.0
10571,wireless communication device,2126-AB22,{3},1,{3},1.0
10572,wireless communication service,3060-AG56,{11},1,{11},1.0
10573,wireless coverage,3060-AJ87,{11},1,{11},1.0
10574,wireless device,3060-AK38,{11},1,{11},1.0
10575,wireless emergency alert,3060-AK54,{11},1,{11},1.0
10576,wireless handset,3060-AK48,{11},1,{11},1.0
10577,wireless telecommunication service,3060-AI32,{11},1,{11},1.0
10578,wireline telephone,3060-AK48,{11},1,{11},1.0
10579,witness testimony,0790-AK11,{2},1,{2},1.0
10580,woman 's business enterprise,"2020-AA39,2090-AA38",{5},1,{5},1.0
10581,woman own small business,"3245-AG75,9000-AM59,9000-AN13",{8},1,{8},1.0
10582,wood furniture,2060-AG59,{5},1,{5},1.0
10583,wood packaging material,"0579-AC32,0579-AC43,0579-AD01,0579-AD28",{1},1,{1},1.0
10584,wood preserving,2060-AN44,{5},1,{5},1.0
10585,wood stork,1018-AX60,{5},1,{5},1.0
10586,wood treatment,2060-AF11,{5},1,{5},1.0
10587,work activity,"0960-AE93,0960-AG07",{13},1,{13},1.0
10588,work area,1219-AB75,{4},1,{4},1.0
10589,work contract,0938-AG32,{1},1,{1},1.0
10590,work evaluation,1120-AA74,{12},1,,0.0
10591,work experience,"0960-AH74,2900-AJ01",{13},1,{13},1.0
10592,work family,0970-AC53,{1},1,{1},1.0
10593,work history,0960-AF64,{13},1,{13},1.0
10594,work place,"1219-AB87,1219-AB92",{4},1,{4},1.0
10595,work program,0960-AH34,{13},1,{13},1.0
10596,work provision,0584-AC45,{1},1,{1},1.0
10597,work regulation,1205-AB98,{4},1,{4},1.0
10598,work relate musculoskeletal disorder,1218-AB94,{4},1,{4},1.0
10599,work stoppage,0750-AC73,{2},1,{2},1.0
10600,work study,"1840-AC20,2900-AJ68,2900-AN11,2900-AO07","{10, 13}",2,"{10, 13}",2.0
10601,work surface,"1218-AB04,1218-AB80,1218-AD28",{4},1,{4},1.0
10602,work training program,1400-AB02,{14},1,{14},1.0
10603,work truck,2127-AL52,{3},1,{3},1.0
10604,worker 's compensation,1215-AB42,{4},1,{4},1.0
10605,worker compensation law,0938-AS03,{1},1,{1},1.0
10606,worker protection standard,2070-AC82,{5},1,{5},1.0
10607,worker request,"1901-AA90,1901-AB13",{6},1,{6},1.0
10608,worker safety,1901-AA99,{6},1,{4},1.0
10609,workforce innovation and opportunity act,"0985-AA10,1205-AB73,1291-AA36,1291-AA37,1820-AB69,1820-AB71,1830-AA21,1830-AA22,1830-AA31","{1, 10, 4}",3,"{1, 10, 4}",3.0
10610,workforce investment act,"1205-AB20,1291-AA29",{4},1,{4},1.0
10611,workout agreement,0575-AC57,{9},1,{9},1.0
10612,workplace injury,"1218-AC49,1218-AD16,1218-AD17",{4},1,{4},1.0
10613,workplace violence,1218-AD08,{4},1,{4},1.0
10614,wound veteran,3206-AL57,,0,,0.0
10615,wrangell st,"1024-AC83,1024-AE14",{5},1,{5},1.0
10616,write acknowledgment,3038-AE48,{7},1,{7},1.0
10617,write advice,1545-BF96,{7},1,{7},1.0
10618,write agreement,"0563-AB07,0563-AC07",{9},1,,0.0
10619,write argument,0625-AB05,{8},1,{8},1.0
10620,write assurance,"0750-AE45,0910-AH77,0910-AI23,0910-AI24","{1, 2}",2,"{1, 2}",2.0
10621,write comment,1105-AA40,{12},1,,0.0
10622,write consent,2900-AQ64,{13},1,{13},1.0
10623,write contract,"1545-BN96,1545-BN97",{7},1,{7},1.0
10624,write determination,"1545-AX40,1545-BD09,1545-BG60",{7},1,{7},1.0
10625,write guarantee,2060-AG41,{5},1,{5},1.0
10626,write notification,"0581-AD50,0581-AD71,1512-AB68","{9, 1}",2,"{9, 1}",2.0
10627,write order,0938-AQ21,{1},1,{1},1.0
10628,write statement,"0960-AG58,1210-AB28,1210-AB78","{4, 13}",2,"{4, 13}",2.0
10629,x ray device,1120-AB62,{12},1,{12},1.0
10630,yacare caiman,1018-AD67,{5},1,{5},1.0
10631,yard movement,2130-AC32,{3},1,{3},1.0
10632,year 2000 compliance,"0572-AB43,9000-AH51",{9},1,{9},1.0
10633,year 2000 standard,"1550-AB36,1557-AB67,1557-AB73,3064-AC18,3064-AC39,7100-AC72",{7},1,{7},1.0
10634,yelloweye rockfish,"0648-AY94,0648-BA00,0648-BC76",{5},1,{5},1.0
10635,yellowfin tuna,0648-BB73,{5},1,{5},1.0
10636,yellowstone area,1018-AV39,{5},1,{5},1.0
10637,yellowstone grizzly,1018-AT38,{5},1,{5},1.0
10638,yellowstone national park,"1024-AC18,1024-AD06,1024-AD29,1024-AD73,1024-AD92,1024-AE10",{5},1,{5},1.0
10639,yellowtail flounder,0648-AW13,{5},1,{5},1.0
10640,yogurt product,0910-AI40,{1},1,{1},1.0
10641,youth sport,2577-AA98,{13},1,{13},1.0
10642,zebra mussel,1018-AF88,{5},1,{5},1.0
10643,zero bedroom dwelling,2501-AD84,{13},1,{13},1.0
10644,zero coupon bond,0938-AH11,{1},1,{1},1.0
